ISO-10303-21;
HEADER;
/* Generated by software containing ST-Developer
 * from STEP Tools, Inc. (www.steptools.com) 
 */
/* OPTION: using custom renumber hook */

FILE_DESCRIPTION(
/* description */ ('STEP AP242 Edition 2',
'CAx-IF Rec.Pracs.---Representation and Presentation of Product Manufa
cturing Information (PMI)---4.0---2014-10-13',
'CAx-IF Rec.Pracs.---3D Tessellated Geometry---0.4---2014-09-14','2;1',
'CAx-IF Rec.Pracs.---User Defined Attributes---1.5---2016-08-15'),
/* implementation_level */ '2;1');

FILE_NAME(
/* name */ 'Knob - Knob',
/* time_stamp */ '2026-09-19T19:58:20Z',
/* author */ (''),
/* organization */ (''),
/* preprocessor_version */ 'ST-DEVELOPER v20',
/* originating_system */ 'ONSHAPE BY PTC INC, 1.221',
/* authorisation */ '  ');

FILE_SCHEMA (('AP242_MANAGED_MODEL_BASED_3D_ENGINEERING_MIM_LF { 1 0 10303 442 3 1 4 }'));
ENDSEC;

DATA;
#10=SHAPE_REPRESENTATION_RELATIONSHIP('','',#1752,#11);
#11=ADVANCED_BREP_SHAPE_REPRESENTATION('',(#1750),#3404);
#12=ELLIPSE('',#1922,0.00424264068711928,0.003);
#13=CONICAL_SURFACE('',#1868,0.009,0.785398163397448);
#14=CONICAL_SURFACE('',#1869,0.009,0.785398163397448);
#15=CONICAL_SURFACE('',#1870,0.008,0.785398163397448);
#16=CONICAL_SURFACE('',#1872,0.008,0.785398163397448);
#17=CONICAL_SURFACE('',#1874,0.009,0.785398163397448);
#18=CONICAL_SURFACE('',#1875,0.008,0.785398163397448);
#19=CONICAL_SURFACE('',#1877,0.009,0.785398163397448);
#20=CONICAL_SURFACE('',#1878,0.008,0.785398163397448);
#21=CONICAL_SURFACE('',#1880,0.009,0.785398163397448);
#22=CONICAL_SURFACE('',#1881,0.008,0.785398163397448);
#23=CONICAL_SURFACE('',#1883,0.009,0.785398163397448);
#24=CONICAL_SURFACE('',#1884,0.008,0.785398163397448);
#25=CONICAL_SURFACE('',#1886,0.009,0.785398163397448);
#26=CONICAL_SURFACE('',#1887,0.008,0.785398163397448);
#27=CONICAL_SURFACE('',#1889,0.009,0.785398163397448);
#28=CONICAL_SURFACE('',#1890,0.008,0.785398163397448);
#29=CONICAL_SURFACE('',#1892,0.009,0.785398163397448);
#30=CONICAL_SURFACE('',#1893,0.008,0.785398163397448);
#31=CONICAL_SURFACE('',#1895,0.009,0.785398163397448);
#32=CONICAL_SURFACE('',#1896,0.008,0.785398163397448);
#33=CONICAL_SURFACE('',#1898,0.009,0.785398163397448);
#34=CONICAL_SURFACE('',#1899,0.008,0.785398163397448);
#35=CONICAL_SURFACE('',#1901,0.009,0.785398163397448);
#36=CONICAL_SURFACE('',#1902,0.008,0.785398163397448);
#37=CONICAL_SURFACE('',#1904,0.009,0.785398163397448);
#38=CONICAL_SURFACE('',#1905,0.008,0.785398163397448);
#39=CONICAL_SURFACE('',#1907,0.009,0.785398163397448);
#40=CONICAL_SURFACE('',#1908,0.008,0.785398163397448);
#41=CONICAL_SURFACE('',#1910,0.009,0.785398163397448);
#42=CONICAL_SURFACE('',#1911,0.008,0.785398163397448);
#43=CONICAL_SURFACE('',#1913,0.009,0.785398163397448);
#44=CONICAL_SURFACE('',#1914,0.008,0.785398163397448);
#45=CONICAL_SURFACE('',#1924,0.006,0.785398163397448);
#46=B_SPLINE_CURVE_WITH_KNOTS('',3,(#2386,#2387,#2388,#2389,#2390),
 .UNSPECIFIED.,.F.,.F.,(4,1,4),(3.76130963308433E-7,0.000671311335970994,
0.00134224654097868),.UNSPECIFIED.);
#47=B_SPLINE_CURVE_WITH_KNOTS('',3,(#2392,#2393,#2394,#2395,#2396),
 .UNSPECIFIED.,.F.,.F.,(4,1,4),(0.00134224654097868,0.00201180708553353,
0.00268136763008837),.UNSPECIFIED.);
#48=B_SPLINE_CURVE_WITH_KNOTS('',3,(#2400,#2401,#2402,#2403,#2404),
 .UNSPECIFIED.,.F.,.F.,(4,1,4),(2.7308520229702E-7,0.000671207121485662,
0.00134214115776903),.UNSPECIFIED.);
#49=B_SPLINE_CURVE_WITH_KNOTS('',3,(#2405,#2406,#2407,#2408,#2409),
 .UNSPECIFIED.,.F.,.F.,(4,1,4),(0.00134214115776903,0.00201170139213694,
0.00268126162650486),.UNSPECIFIED.);
#50=B_SPLINE_CURVE_WITH_KNOTS('',3,(#2411,#2412,#2413,#2414,#2415),
 .UNSPECIFIED.,.F.,.F.,(4,1,4),(2.01983956224786E-7,0.000381967604159911,
0.000763733224363597),.UNSPECIFIED.);
#51=B_SPLINE_CURVE_WITH_KNOTS('',3,(#2419,#2420,#2421,#2422,#2423),
 .UNSPECIFIED.,.F.,.F.,(4,1,4),(2.73183278559767E-7,0.000381130034983814,
0.000761986886689069),.UNSPECIFIED.);
#52=B_SPLINE_CURVE_WITH_KNOTS('',3,(#2428,#2429,#2430,#2431,#2432),
 .UNSPECIFIED.,.F.,.F.,(4,1,4),(2.31337109366886E-7,0.000381997072188083,
0.000763762807266799),.UNSPECIFIED.);
#53=B_SPLINE_CURVE_WITH_KNOTS('',3,(#2433,#2434,#2435,#2436,#2437),
 .UNSPECIFIED.,.F.,.F.,(4,1,4),(3.76320076868176E-7,0.000381233924731698,
0.000762091529386529),.UNSPECIFIED.);
#54=B_SPLINE_CURVE_WITH_KNOTS('',3,(#2442,#2443,#2444,#2445,#2446),
 .UNSPECIFIED.,.F.,.F.,(4,1,4),(2.92338988562347E-7,0.000671226593710974,
0.00134216084843339),.UNSPECIFIED.);
#55=B_SPLINE_CURVE_WITH_KNOTS('',3,(#2448,#2449,#2450,#2451,#2452),
 .UNSPECIFIED.,.F.,.F.,(4,1,4),(0.00134216084843339,0.00201172071837455,
0.00268128058831572),.UNSPECIFIED.);
#56=B_SPLINE_CURVE_WITH_KNOTS('',3,(#2456,#2457,#2458,#2459,#2460),
 .UNSPECIFIED.,.F.,.F.,(4,1,4),(2.92338988566742E-7,0.000671226593710972,
0.00134216084843338),.UNSPECIFIED.);
#57=B_SPLINE_CURVE_WITH_KNOTS('',3,(#2461,#2462,#2463,#2464,#2465),
 .UNSPECIFIED.,.F.,.F.,(4,1,4),(0.00134216084843338,0.00201172071837454,
0.0026812805883157),.UNSPECIFIED.);
#58=B_SPLINE_CURVE_WITH_KNOTS('',3,(#2467,#2468,#2469,#2470,#2471),
 .UNSPECIFIED.,.F.,.F.,(4,1,4),(2.42175692174497E-7,0.000382007894716695,
0.000763773613741215),.UNSPECIFIED.);
#59=B_SPLINE_CURVE_WITH_KNOTS('',3,(#2475,#2476,#2477,#2478,#2479),
 .UNSPECIFIED.,.F.,.F.,(4,1,4),(2.92457326074921E-7,0.000381149487332585,
0.000762006517339094),.UNSPECIFIED.);
#60=B_SPLINE_CURVE_WITH_KNOTS('',3,(#2484,#2485,#2486,#2487,#2488),
 .UNSPECIFIED.,.F.,.F.,(4,1,4),(2.42175692174497E-7,0.000382007894716686,
0.000763773613741199),.UNSPECIFIED.);
#61=B_SPLINE_CURVE_WITH_KNOTS('',3,(#2489,#2490,#2491,#2492,#2493),
 .UNSPECIFIED.,.F.,.F.,(4,1,4),(2.92457326073594E-7,0.000381149487332584,
0.000762006517339094),.UNSPECIFIED.);
#62=B_SPLINE_CURVE_WITH_KNOTS('',3,(#2501,#2502,#2503,#2504,#2505),
 .UNSPECIFIED.,.F.,.F.,(4,1,4),(2.73085202298725E-7,0.000671207121485659,
0.00134214115776902),.UNSPECIFIED.);
#63=B_SPLINE_CURVE_WITH_KNOTS('',3,(#2507,#2508,#2509,#2510,#2511),
 .UNSPECIFIED.,.F.,.F.,(4,1,4),(0.00134214115776902,0.00201170139213693,
0.00268126162650483),.UNSPECIFIED.);
#64=B_SPLINE_CURVE_WITH_KNOTS('',3,(#2515,#2516,#2517,#2518,#2519),
 .UNSPECIFIED.,.F.,.F.,(4,1,4),(3.76130963312713E-7,0.000671311335971001,
0.00134224654097869),.UNSPECIFIED.);
#65=B_SPLINE_CURVE_WITH_KNOTS('',3,(#2520,#2521,#2522,#2523,#2524),
 .UNSPECIFIED.,.F.,.F.,(4,1,4),(0.00134224654097869,0.00201180708553354,
0.00268136763008839),.UNSPECIFIED.);
#66=B_SPLINE_CURVE_WITH_KNOTS('',3,(#2526,#2527,#2528,#2529,#2530),
 .UNSPECIFIED.,.F.,.F.,(4,1,4),(2.313371093547E-7,0.000381997072188075,
0.000763762807266796),.UNSPECIFIED.);
#67=B_SPLINE_CURVE_WITH_KNOTS('',3,(#2534,#2535,#2536,#2537,#2538),
 .UNSPECIFIED.,.F.,.F.,(4,1,4),(3.76320076867539E-7,0.000381233924731699,
0.000762091529386531),.UNSPECIFIED.);
#68=B_SPLINE_CURVE_WITH_KNOTS('',3,(#2543,#2544,#2545,#2546,#2547),
 .UNSPECIFIED.,.F.,.F.,(4,1,4),(2.0198395622942E-7,0.000381967604159913,
0.000763733224363597),.UNSPECIFIED.);
#69=B_SPLINE_CURVE_WITH_KNOTS('',3,(#2548,#2549,#2550,#2551,#2552),
 .UNSPECIFIED.,.F.,.F.,(4,1,4),(2.73183278559909E-7,0.000381130034983813,
0.000761986886689066),.UNSPECIFIED.);
#70=B_SPLINE_CURVE_WITH_KNOTS('',3,(#2560,#2561,#2562,#2563,#2564),
 .UNSPECIFIED.,.F.,.F.,(4,1,4),(2.98905588607848E-7,0.00067123323480376,
0.00134216756401891),.UNSPECIFIED.);
#71=B_SPLINE_CURVE_WITH_KNOTS('',3,(#2566,#2567,#2568,#2569,#2570),
 .UNSPECIFIED.,.F.,.F.,(4,1,4),(0.00134216756401891,0.00201172753969294,
0.00268128751536696),.UNSPECIFIED.);
#72=B_SPLINE_CURVE_WITH_KNOTS('',3,(#2574,#2575,#2576,#2577,#2578),
 .UNSPECIFIED.,.F.,.F.,(4,1,4),(2.98905588612521E-7,0.000671233234803761,
0.00134216756401891),.UNSPECIFIED.);
#73=B_SPLINE_CURVE_WITH_KNOTS('',3,(#2579,#2580,#2581,#2582,#2583),
 .UNSPECIFIED.,.F.,.F.,(4,1,4),(0.00134216756401891,0.00201172753969293,
0.00268128751536695),.UNSPECIFIED.);
#74=B_SPLINE_CURVE_WITH_KNOTS('',3,(#2585,#2586,#2587,#2588,#2589),
 .UNSPECIFIED.,.F.,.F.,(4,1,4),(1.99246996665164E-7,0.000381964873431876,
0.000763730499867088),.UNSPECIFIED.);
#75=B_SPLINE_CURVE_WITH_KNOTS('',3,(#2593,#2594,#2595,#2596,#2597),
 .UNSPECIFIED.,.F.,.F.,(4,1,4),(2.98999908636382E-7,0.000381156029243108,
0.000762013058577579),.UNSPECIFIED.);
#76=B_SPLINE_CURVE_WITH_KNOTS('',3,(#2602,#2603,#2604,#2605,#2606),
 .UNSPECIFIED.,.F.,.F.,(4,1,4),(1.992469966671E-7,0.000381964873431872,
0.000763730499867077),.UNSPECIFIED.);
#77=B_SPLINE_CURVE_WITH_KNOTS('',3,(#2607,#2608,#2609,#2610,#2611),
 .UNSPECIFIED.,.F.,.F.,(4,1,4),(2.98999908636382E-7,0.000381156029243107,
0.000762013058577578),.UNSPECIFIED.);
#78=B_SPLINE_CURVE_WITH_KNOTS('',3,(#2619,#2620,#2621,#2622,#2623),
 .UNSPECIFIED.,.F.,.F.,(4,1,4),(3.76130963308433E-7,0.000671311335970994,
0.00134224654097868),.UNSPECIFIED.);
#79=B_SPLINE_CURVE_WITH_KNOTS('',3,(#2625,#2626,#2627,#2628,#2629),
 .UNSPECIFIED.,.F.,.F.,(4,1,4),(0.00134224654097868,0.00201180708553353,
0.00268136763008838),.UNSPECIFIED.);
#80=B_SPLINE_CURVE_WITH_KNOTS('',3,(#2633,#2634,#2635,#2636,#2637),
 .UNSPECIFIED.,.F.,.F.,(4,1,4),(2.7308520229702E-7,0.000671207121485664,
0.00134214115776903),.UNSPECIFIED.);
#81=B_SPLINE_CURVE_WITH_KNOTS('',3,(#2638,#2639,#2640,#2641,#2642),
 .UNSPECIFIED.,.F.,.F.,(4,1,4),(0.00134214115776903,0.00201170139213695,
0.00268126162650487),.UNSPECIFIED.);
#82=B_SPLINE_CURVE_WITH_KNOTS('',3,(#2644,#2645,#2646,#2647,#2648),
 .UNSPECIFIED.,.F.,.F.,(4,1,4),(2.01983956224786E-7,0.000381967604159911,
0.000763733224363597),.UNSPECIFIED.);
#83=B_SPLINE_CURVE_WITH_KNOTS('',3,(#2652,#2653,#2654,#2655,#2656),
 .UNSPECIFIED.,.F.,.F.,(4,1,4),(2.73183278559767E-7,0.000381130034983814,
0.000761986886689068),.UNSPECIFIED.);
#84=B_SPLINE_CURVE_WITH_KNOTS('',3,(#2661,#2662,#2663,#2664,#2665),
 .UNSPECIFIED.,.F.,.F.,(4,1,4),(2.31337109366886E-7,0.000381997072188082,
0.000763762807266797),.UNSPECIFIED.);
#85=B_SPLINE_CURVE_WITH_KNOTS('',3,(#2666,#2667,#2668,#2669,#2670),
 .UNSPECIFIED.,.F.,.F.,(4,1,4),(3.76320076868176E-7,0.000381233924731698,
0.000762091529386529),.UNSPECIFIED.);
#86=B_SPLINE_CURVE_WITH_KNOTS('',3,(#2678,#2679,#2680,#2681,#2682),
 .UNSPECIFIED.,.F.,.F.,(4,1,4),(2.92338988562347E-7,0.000671226593710972,
0.00134216084843338),.UNSPECIFIED.);
#87=B_SPLINE_CURVE_WITH_KNOTS('',3,(#2684,#2685,#2686,#2687,#2688),
 .UNSPECIFIED.,.F.,.F.,(4,1,4),(0.00134216084843338,0.00201172071837455,
0.00268128058831572),.UNSPECIFIED.);
#88=B_SPLINE_CURVE_WITH_KNOTS('',3,(#2692,#2693,#2694,#2695,#2696),
 .UNSPECIFIED.,.F.,.F.,(4,1,4),(2.92338988566742E-7,0.000671226593710972,
0.00134216084843338),.UNSPECIFIED.);
#89=B_SPLINE_CURVE_WITH_KNOTS('',3,(#2697,#2698,#2699,#2700,#2701),
 .UNSPECIFIED.,.F.,.F.,(4,1,4),(0.00134216084843338,0.00201172071837454,
0.00268128058831571),.UNSPECIFIED.);
#90=B_SPLINE_CURVE_WITH_KNOTS('',3,(#2703,#2704,#2705,#2706,#2707),
 .UNSPECIFIED.,.F.,.F.,(4,1,4),(2.42175692174497E-7,0.000382007894716689,
0.000763773613741203),.UNSPECIFIED.);
#91=B_SPLINE_CURVE_WITH_KNOTS('',3,(#2711,#2712,#2713,#2714,#2715),
 .UNSPECIFIED.,.F.,.F.,(4,1,4),(2.92457326072594E-7,0.000381149487332583,
0.000762006517339093),.UNSPECIFIED.);
#92=B_SPLINE_CURVE_WITH_KNOTS('',3,(#2720,#2721,#2722,#2723,#2724),
 .UNSPECIFIED.,.F.,.F.,(4,1,4),(2.42175692174497E-7,0.000382007894716689,
0.000763773613741203),.UNSPECIFIED.);
#93=B_SPLINE_CURVE_WITH_KNOTS('',3,(#2725,#2726,#2727,#2728,#2729),
 .UNSPECIFIED.,.F.,.F.,(4,1,4),(2.92457326073594E-7,0.000381149487332584,
0.000762006517339093),.UNSPECIFIED.);
#94=B_SPLINE_CURVE_WITH_KNOTS('',3,(#2737,#2738,#2739,#2740,#2741),
 .UNSPECIFIED.,.F.,.F.,(4,1,4),(2.73085202287427E-7,0.000671207121485654,
0.00134214115776902),.UNSPECIFIED.);
#95=B_SPLINE_CURVE_WITH_KNOTS('',3,(#2743,#2744,#2745,#2746,#2747),
 .UNSPECIFIED.,.F.,.F.,(4,1,4),(0.00134214115776902,0.00201170139213694,
0.00268126162650487),.UNSPECIFIED.);
#96=B_SPLINE_CURVE_WITH_KNOTS('',3,(#2751,#2752,#2753,#2754,#2755),
 .UNSPECIFIED.,.F.,.F.,(4,1,4),(3.76130963313763E-7,0.000671311335971001,
0.00134224654097869),.UNSPECIFIED.);
#97=B_SPLINE_CURVE_WITH_KNOTS('',3,(#2756,#2757,#2758,#2759,#2760),
 .UNSPECIFIED.,.F.,.F.,(4,1,4),(0.00134224654097869,0.00201180708553353,
0.00268136763008837),.UNSPECIFIED.);
#98=B_SPLINE_CURVE_WITH_KNOTS('',3,(#2762,#2763,#2764,#2765,#2766),
 .UNSPECIFIED.,.F.,.F.,(4,1,4),(2.31337109363392E-7,0.000381997072188073,
0.000763762807266783),.UNSPECIFIED.);
#99=B_SPLINE_CURVE_WITH_KNOTS('',3,(#2770,#2771,#2772,#2773,#2774),
 .UNSPECIFIED.,.F.,.F.,(4,1,4),(3.76320076868176E-7,0.000381233924731697,
0.000762091529386526),.UNSPECIFIED.);
#100=B_SPLINE_CURVE_WITH_KNOTS('',3,(#2779,#2780,#2781,#2782,#2783),
 .UNSPECIFIED.,.F.,.F.,(4,1,4),(2.0198395622942E-7,0.000381967604159907,
0.000763733224363585),.UNSPECIFIED.);
#101=B_SPLINE_CURVE_WITH_KNOTS('',3,(#2784,#2785,#2786,#2787,#2788),
 .UNSPECIFIED.,.F.,.F.,(4,1,4),(2.73183278560123E-7,0.000381130034983812,
0.000761986886689064),.UNSPECIFIED.);
#102=B_SPLINE_CURVE_WITH_KNOTS('',3,(#2796,#2797,#2798,#2799,#2800),
 .UNSPECIFIED.,.F.,.F.,(4,1,4),(2.98905588619084E-7,0.000671233234803765,
0.00134216756401891),.UNSPECIFIED.);
#103=B_SPLINE_CURVE_WITH_KNOTS('',3,(#2802,#2803,#2804,#2805,#2806),
 .UNSPECIFIED.,.F.,.F.,(4,1,4),(0.00134216756401891,0.00201172753969294,
0.00268128751536696),.UNSPECIFIED.);
#104=B_SPLINE_CURVE_WITH_KNOTS('',3,(#2810,#2811,#2812,#2813,#2814),
 .UNSPECIFIED.,.F.,.F.,(4,1,4),(2.98905588613324E-7,0.000671233234803762,
0.00134216756401891),.UNSPECIFIED.);
#105=B_SPLINE_CURVE_WITH_KNOTS('',3,(#2815,#2816,#2817,#2818,#2819),
 .UNSPECIFIED.,.F.,.F.,(4,1,4),(0.00134216756401891,0.00201172753969293,
0.00268128751536695),.UNSPECIFIED.);
#106=B_SPLINE_CURVE_WITH_KNOTS('',3,(#2821,#2822,#2823,#2824,#2825),
 .UNSPECIFIED.,.F.,.F.,(4,1,4),(1.99246996665164E-7,0.000381964873431876,
0.000763730499867088),.UNSPECIFIED.);
#107=B_SPLINE_CURVE_WITH_KNOTS('',3,(#2829,#2830,#2831,#2832,#2833),
 .UNSPECIFIED.,.F.,.F.,(4,1,4),(2.98999908636239E-7,0.000381156029243108,
0.000762013058577579),.UNSPECIFIED.);
#108=B_SPLINE_CURVE_WITH_KNOTS('',3,(#2838,#2839,#2840,#2841,#2842),
 .UNSPECIFIED.,.F.,.F.,(4,1,4),(1.992469966671E-7,0.00038196487343188,0.000763730499867093),
 .UNSPECIFIED.);
#109=B_SPLINE_CURVE_WITH_KNOTS('',3,(#2843,#2844,#2845,#2846,#2847),
 .UNSPECIFIED.,.F.,.F.,(4,1,4),(2.9899990863612E-7,0.000381156029243107,
0.000762013058577577),.UNSPECIFIED.);
#110=B_SPLINE_CURVE_WITH_KNOTS('',3,(#2855,#2856,#2857,#2858,#2859),
 .UNSPECIFIED.,.F.,.F.,(4,1,4),(3.76130963316566E-7,0.000671311335971004,
0.00134224654097869),.UNSPECIFIED.);
#111=B_SPLINE_CURVE_WITH_KNOTS('',3,(#2861,#2862,#2863,#2864,#2865),
 .UNSPECIFIED.,.F.,.F.,(4,1,4),(0.00134224654097869,0.00201180708553354,
0.00268136763008839),.UNSPECIFIED.);
#112=B_SPLINE_CURVE_WITH_KNOTS('',3,(#2869,#2870,#2871,#2872,#2873),
 .UNSPECIFIED.,.F.,.F.,(4,1,4),(2.7308520229702E-7,0.000671207121485662,
0.00134214115776903),.UNSPECIFIED.);
#113=B_SPLINE_CURVE_WITH_KNOTS('',3,(#2874,#2875,#2876,#2877,#2878),
 .UNSPECIFIED.,.F.,.F.,(4,1,4),(0.00134214115776903,0.00201170139213694,
0.00268126162650486),.UNSPECIFIED.);
#114=B_SPLINE_CURVE_WITH_KNOTS('',3,(#2880,#2881,#2882,#2883,#2884),
 .UNSPECIFIED.,.F.,.F.,(4,1,4),(2.0198395622942E-7,0.000381967604159906,
0.000763733224363583),.UNSPECIFIED.);
#115=B_SPLINE_CURVE_WITH_KNOTS('',3,(#2888,#2889,#2890,#2891,#2892),
 .UNSPECIFIED.,.F.,.F.,(4,1,4),(2.73183278561754E-7,0.000381130034983814,
0.000761986886689065),.UNSPECIFIED.);
#116=B_SPLINE_CURVE_WITH_KNOTS('',3,(#2897,#2898,#2899,#2900,#2901),
 .UNSPECIFIED.,.F.,.F.,(4,1,4),(2.313371093547E-7,0.000381997072188069,
0.000763762807266783),.UNSPECIFIED.);
#117=B_SPLINE_CURVE_WITH_KNOTS('',3,(#2902,#2903,#2904,#2905,#2906),
 .UNSPECIFIED.,.F.,.F.,(4,1,4),(3.76320076868176E-7,0.0003812339247317,
0.000762091529386531),.UNSPECIFIED.);
#118=B_SPLINE_CURVE_WITH_KNOTS('',3,(#2914,#2915,#2916,#2917,#2918),
 .UNSPECIFIED.,.F.,.F.,(4,1,4),(2.92338988562347E-7,0.000671226593710972,
0.00134216084843338),.UNSPECIFIED.);
#119=B_SPLINE_CURVE_WITH_KNOTS('',3,(#2920,#2921,#2922,#2923,#2924),
 .UNSPECIFIED.,.F.,.F.,(4,1,4),(0.00134216084843338,0.00201172071837455,
0.00268128058831572),.UNSPECIFIED.);
#120=B_SPLINE_CURVE_WITH_KNOTS('',3,(#2928,#2929,#2930,#2931,#2932),
 .UNSPECIFIED.,.F.,.F.,(4,1,4),(2.92338988566742E-7,0.000671226593710974,
0.00134216084843338),.UNSPECIFIED.);
#121=B_SPLINE_CURVE_WITH_KNOTS('',3,(#2933,#2934,#2935,#2936,#2937),
 .UNSPECIFIED.,.F.,.F.,(4,1,4),(0.00134216084843338,0.00201172071837455,
0.00268128058831572),.UNSPECIFIED.);
#122=B_SPLINE_CURVE_WITH_KNOTS('',3,(#2939,#2940,#2941,#2942,#2943),
 .UNSPECIFIED.,.F.,.F.,(4,1,4),(2.42175692174497E-7,0.000382007894716689,
0.000763773613741203),.UNSPECIFIED.);
#123=B_SPLINE_CURVE_WITH_KNOTS('',3,(#2947,#2948,#2949,#2950,#2951),
 .UNSPECIFIED.,.F.,.F.,(4,1,4),(2.9245732607388E-7,0.000381149487332584,
0.000762006517339094),.UNSPECIFIED.);
#124=B_SPLINE_CURVE_WITH_KNOTS('',3,(#2956,#2957,#2958,#2959,#2960),
 .UNSPECIFIED.,.F.,.F.,(4,1,4),(2.42175692174497E-7,0.000382007894716689,
0.000763773613741203),.UNSPECIFIED.);
#125=B_SPLINE_CURVE_WITH_KNOTS('',3,(#2961,#2962,#2963,#2964,#2965),
 .UNSPECIFIED.,.F.,.F.,(4,1,4),(2.9245732607388E-7,0.000381149487332584,
0.000762006517339094),.UNSPECIFIED.);
#126=B_SPLINE_CURVE_WITH_KNOTS('',3,(#2973,#2974,#2975,#2976,#2977),
 .UNSPECIFIED.,.F.,.F.,(4,1,4),(2.73085202287427E-7,0.000671207121485654,
0.00134214115776902),.UNSPECIFIED.);
#127=B_SPLINE_CURVE_WITH_KNOTS('',3,(#2979,#2980,#2981,#2982,#2983),
 .UNSPECIFIED.,.F.,.F.,(4,1,4),(0.00134214115776902,0.00201170139213694,
0.00268126162650486),.UNSPECIFIED.);
#128=B_SPLINE_CURVE_WITH_KNOTS('',3,(#2987,#2988,#2989,#2990,#2991),
 .UNSPECIFIED.,.F.,.F.,(4,1,4),(3.76130963312926E-7,0.000671311335970998,
0.00134224654097868),.UNSPECIFIED.);
#129=B_SPLINE_CURVE_WITH_KNOTS('',3,(#2992,#2993,#2994,#2995,#2996),
 .UNSPECIFIED.,.F.,.F.,(4,1,4),(0.00134224654097868,0.00201180708553353,
0.00268136763008837),.UNSPECIFIED.);
#130=B_SPLINE_CURVE_WITH_KNOTS('',3,(#2998,#2999,#3000,#3001,#3002),
 .UNSPECIFIED.,.F.,.F.,(4,1,4),(2.31337109363392E-7,0.000381997072188073,
0.000763762807266782),.UNSPECIFIED.);
#131=B_SPLINE_CURVE_WITH_KNOTS('',3,(#3006,#3007,#3008,#3009,#3010),
 .UNSPECIFIED.,.F.,.F.,(4,1,4),(3.76320076866989E-7,0.000381233924731697,
0.000762091529386526),.UNSPECIFIED.);
#132=B_SPLINE_CURVE_WITH_KNOTS('',3,(#3015,#3016,#3017,#3018,#3019),
 .UNSPECIFIED.,.F.,.F.,(4,1,4),(2.01983956227812E-7,0.000381967604159913,
0.000763733224363598),.UNSPECIFIED.);
#133=B_SPLINE_CURVE_WITH_KNOTS('',3,(#3020,#3021,#3022,#3023,#3024),
 .UNSPECIFIED.,.F.,.F.,(4,1,4),(2.73183278560123E-7,0.000381130034983814,
0.000761986886689068),.UNSPECIFIED.);
#134=B_SPLINE_CURVE_WITH_KNOTS('',3,(#3032,#3033,#3034,#3035,#3036),
 .UNSPECIFIED.,.F.,.F.,(4,1,4),(2.98905588621341E-7,0.000671233234803766,
0.00134216756401891),.UNSPECIFIED.);
#135=B_SPLINE_CURVE_WITH_KNOTS('',3,(#3038,#3039,#3040,#3041,#3042),
 .UNSPECIFIED.,.F.,.F.,(4,1,4),(0.00134216756401891,0.00201172753969294,
0.00268128751536696),.UNSPECIFIED.);
#136=B_SPLINE_CURVE_WITH_KNOTS('',3,(#3046,#3047,#3048,#3049,#3050),
 .UNSPECIFIED.,.F.,.F.,(4,1,4),(2.98905588613324E-7,0.000671233234803762,
0.00134216756401891),.UNSPECIFIED.);
#137=B_SPLINE_CURVE_WITH_KNOTS('',3,(#3051,#3052,#3053,#3054,#3055),
 .UNSPECIFIED.,.F.,.F.,(4,1,4),(0.00134216756401891,0.00201172753969293,
0.00268128751536696),.UNSPECIFIED.);
#138=B_SPLINE_CURVE_WITH_KNOTS('',3,(#3057,#3058,#3059,#3060,#3061),
 .UNSPECIFIED.,.F.,.F.,(4,1,4),(1.99246996663229E-7,0.000381964873431875,
0.000763730499867087),.UNSPECIFIED.);
#139=B_SPLINE_CURVE_WITH_KNOTS('',3,(#3065,#3066,#3067,#3068,#3069),
 .UNSPECIFIED.,.F.,.F.,(4,1,4),(2.98999908636239E-7,0.000381156029243108,
0.000762013058577579),.UNSPECIFIED.);
#140=B_SPLINE_CURVE_WITH_KNOTS('',3,(#3074,#3075,#3076,#3077,#3078),
 .UNSPECIFIED.,.F.,.F.,(4,1,4),(1.992469966671E-7,0.00038196487343188,0.000763730499867092),
 .UNSPECIFIED.);
#141=B_SPLINE_CURVE_WITH_KNOTS('',3,(#3079,#3080,#3081,#3082,#3083),
 .UNSPECIFIED.,.F.,.F.,(4,1,4),(2.9899990863612E-7,0.000381156029243107,
0.000762013058577578),.UNSPECIFIED.);
#142=B_SPLINE_CURVE_WITH_KNOTS('',3,(#3091,#3092,#3093,#3094,#3095),
 .UNSPECIFIED.,.F.,.F.,(4,1,4),(3.76130963302893E-7,0.000671311335970993,
0.00134224654097868),.UNSPECIFIED.);
#143=B_SPLINE_CURVE_WITH_KNOTS('',3,(#3097,#3098,#3099,#3100,#3101),
 .UNSPECIFIED.,.F.,.F.,(4,1,4),(0.00134224654097868,0.00201180708553353,
0.00268136763008838),.UNSPECIFIED.);
#144=B_SPLINE_CURVE_WITH_KNOTS('',3,(#3105,#3106,#3107,#3108,#3109),
 .UNSPECIFIED.,.F.,.F.,(4,1,4),(2.7308520229702E-7,0.00067120712148566,
0.00134214115776902),.UNSPECIFIED.);
#145=B_SPLINE_CURVE_WITH_KNOTS('',3,(#3110,#3111,#3112,#3113,#3114),
 .UNSPECIFIED.,.F.,.F.,(4,1,4),(0.00134214115776902,0.00201170139213694,
0.00268126162650486),.UNSPECIFIED.);
#146=B_SPLINE_CURVE_WITH_KNOTS('',3,(#3116,#3117,#3118,#3119,#3120),
 .UNSPECIFIED.,.F.,.F.,(4,1,4),(2.01983956224786E-7,0.000381967604159904,
0.000763733224363583),.UNSPECIFIED.);
#147=B_SPLINE_CURVE_WITH_KNOTS('',3,(#3124,#3125,#3126,#3127,#3128),
 .UNSPECIFIED.,.F.,.F.,(4,1,4),(2.73183278561754E-7,0.000381130034983814,
0.000761986886689067),.UNSPECIFIED.);
#148=B_SPLINE_CURVE_WITH_KNOTS('',3,(#3133,#3134,#3135,#3136,#3137),
 .UNSPECIFIED.,.F.,.F.,(4,1,4),(2.313371093547E-7,0.000381997072188069,
0.000763762807266783),.UNSPECIFIED.);
#149=B_SPLINE_CURVE_WITH_KNOTS('',3,(#3138,#3139,#3140,#3141,#3142),
 .UNSPECIFIED.,.F.,.F.,(4,1,4),(3.76320076868462E-7,0.0003812339247317,
0.000762091529386531),.UNSPECIFIED.);
#150=B_SPLINE_CURVE_WITH_KNOTS('',3,(#3150,#3151,#3152,#3153,#3154),
 .UNSPECIFIED.,.F.,.F.,(4,1,4),(2.92338988574712E-7,0.00067122659371098,
0.00134216084843339),.UNSPECIFIED.);
#151=B_SPLINE_CURVE_WITH_KNOTS('',3,(#3156,#3157,#3158,#3159,#3160),
 .UNSPECIFIED.,.F.,.F.,(4,1,4),(0.00134216084843339,0.00201172071837455,
0.00268128058831572),.UNSPECIFIED.);
#152=B_SPLINE_CURVE_WITH_KNOTS('',3,(#3164,#3165,#3166,#3167,#3168),
 .UNSPECIFIED.,.F.,.F.,(4,1,4),(2.92338988566742E-7,0.000671226593710975,
0.00134216084843338),.UNSPECIFIED.);
#153=B_SPLINE_CURVE_WITH_KNOTS('',3,(#3169,#3170,#3171,#3172,#3173),
 .UNSPECIFIED.,.F.,.F.,(4,1,4),(0.00134216084843338,0.00201172071837455,
0.00268128058831571),.UNSPECIFIED.);
#154=B_SPLINE_CURVE_WITH_KNOTS('',3,(#3175,#3176,#3177,#3178,#3179),
 .UNSPECIFIED.,.F.,.F.,(4,1,4),(2.42175692174497E-7,0.000382007894716695,
0.000763773613741215),.UNSPECIFIED.);
#155=B_SPLINE_CURVE_WITH_KNOTS('',3,(#3183,#3184,#3185,#3186,#3187),
 .UNSPECIFIED.,.F.,.F.,(4,1,4),(2.92457326073594E-7,0.000381149487332584,
0.000762006517339094),.UNSPECIFIED.);
#156=B_SPLINE_CURVE_WITH_KNOTS('',3,(#3192,#3193,#3194,#3195,#3196),
 .UNSPECIFIED.,.F.,.F.,(4,1,4),(2.42175692174497E-7,0.000382007894716695,
0.000763773613741215),.UNSPECIFIED.);
#157=B_SPLINE_CURVE_WITH_KNOTS('',3,(#3197,#3198,#3199,#3200,#3201),
 .UNSPECIFIED.,.F.,.F.,(4,1,4),(2.92457326072666E-7,0.000381149487332583,
0.000762006517339094),.UNSPECIFIED.);
#158=B_SPLINE_CURVE_WITH_KNOTS('',3,(#3209,#3210,#3211,#3212,#3213),
 .UNSPECIFIED.,.F.,.F.,(4,1,4),(2.73085202287427E-7,0.000671207121485652,
0.00134214115776902),.UNSPECIFIED.);
#159=B_SPLINE_CURVE_WITH_KNOTS('',3,(#3215,#3216,#3217,#3218,#3219),
 .UNSPECIFIED.,.F.,.F.,(4,1,4),(0.00134214115776902,0.00201170139213693,
0.00268126162650485),.UNSPECIFIED.);
#160=B_SPLINE_CURVE_WITH_KNOTS('',3,(#3223,#3224,#3225,#3226,#3227),
 .UNSPECIFIED.,.F.,.F.,(4,1,4),(3.76130963310885E-7,0.000671311335971,0.00134224654097869),
 .UNSPECIFIED.);
#161=B_SPLINE_CURVE_WITH_KNOTS('',3,(#3228,#3229,#3230,#3231,#3232),
 .UNSPECIFIED.,.F.,.F.,(4,1,4),(0.00134224654097869,0.00201180708553354,
0.00268136763008838),.UNSPECIFIED.);
#162=B_SPLINE_CURVE_WITH_KNOTS('',3,(#3234,#3235,#3236,#3237,#3238),
 .UNSPECIFIED.,.F.,.F.,(4,1,4),(2.313371093547E-7,0.000381997072188075,
0.000763762807266795),.UNSPECIFIED.);
#163=B_SPLINE_CURVE_WITH_KNOTS('',3,(#3242,#3243,#3244,#3245,#3246),
 .UNSPECIFIED.,.F.,.F.,(4,1,4),(3.76320076868176E-7,0.000381233924731701,
0.000762091529386534),.UNSPECIFIED.);
#164=B_SPLINE_CURVE_WITH_KNOTS('',3,(#3251,#3252,#3253,#3254,#3255),
 .UNSPECIFIED.,.F.,.F.,(4,1,4),(2.01983956224786E-7,0.000381967604159904,
0.000763733224363583),.UNSPECIFIED.);
#165=B_SPLINE_CURVE_WITH_KNOTS('',3,(#3256,#3257,#3258,#3259,#3260),
 .UNSPECIFIED.,.F.,.F.,(4,1,4),(2.73183278560123E-7,0.000381130034983812,
0.000761986886689064),.UNSPECIFIED.);
#166=B_SPLINE_CURVE_WITH_KNOTS('',3,(#3268,#3269,#3270,#3271,#3272),
 .UNSPECIFIED.,.F.,.F.,(4,1,4),(2.98905588619084E-7,0.000671233234803765,
0.00134216756401891),.UNSPECIFIED.);
#167=B_SPLINE_CURVE_WITH_KNOTS('',3,(#3274,#3275,#3276,#3277,#3278),
 .UNSPECIFIED.,.F.,.F.,(4,1,4),(0.00134216756401891,0.00201172753969294,
0.00268128751536696),.UNSPECIFIED.);
#168=B_SPLINE_CURVE_WITH_KNOTS('',3,(#3282,#3283,#3284,#3285,#3286),
 .UNSPECIFIED.,.F.,.F.,(4,1,4),(2.98905588613324E-7,0.000671233234803762,
0.00134216756401891),.UNSPECIFIED.);
#169=B_SPLINE_CURVE_WITH_KNOTS('',3,(#3287,#3288,#3289,#3290,#3291),
 .UNSPECIFIED.,.F.,.F.,(4,1,4),(0.00134216756401891,0.00201172753969293,
0.00268128751536695),.UNSPECIFIED.);
#170=B_SPLINE_CURVE_WITH_KNOTS('',3,(#3293,#3294,#3295,#3296,#3297),
 .UNSPECIFIED.,.F.,.F.,(4,1,4),(1.99246996663229E-7,0.000381964873431876,
0.000763730499867088),.UNSPECIFIED.);
#171=B_SPLINE_CURVE_WITH_KNOTS('',3,(#3301,#3302,#3303,#3304,#3305),
 .UNSPECIFIED.,.F.,.F.,(4,1,4),(2.98999908636239E-7,0.000381156029243107,
0.000762013058577579),.UNSPECIFIED.);
#172=B_SPLINE_CURVE_WITH_KNOTS('',3,(#3310,#3311,#3312,#3313,#3314),
 .UNSPECIFIED.,.F.,.F.,(4,1,4),(1.99246996666885E-7,0.000381964873431878,
0.00076373049986709),.UNSPECIFIED.);
#173=B_SPLINE_CURVE_WITH_KNOTS('',3,(#3315,#3316,#3317,#3318,#3319),
 .UNSPECIFIED.,.F.,.F.,(4,1,4),(2.98999908636382E-7,0.000381156029243107,
0.000762013058577577),.UNSPECIFIED.);
#174=B_SPLINE_CURVE_WITH_KNOTS('',3,(#3393,#3394,#3395,#3396),
 .UNSPECIFIED.,.F.,.F.,(4,4),(0.,0.00445866590396271),.UNSPECIFIED.);
#175=B_SPLINE_CURVE_WITH_KNOTS('',3,(#3397,#3398,#3399,#3400),
 .UNSPECIFIED.,.F.,.F.,(4,4),(0.,0.00445852098488935),.UNSPECIFIED.);
#176=CYLINDRICAL_SURFACE('',#1772,0.001);
#177=CYLINDRICAL_SURFACE('',#1773,0.0005);
#178=CYLINDRICAL_SURFACE('',#1774,0.0005);
#179=CYLINDRICAL_SURFACE('',#1775,0.001);
#180=CYLINDRICAL_SURFACE('',#1776,0.0005);
#181=CYLINDRICAL_SURFACE('',#1777,0.0005);
#182=CYLINDRICAL_SURFACE('',#1778,0.00899999999999798);
#183=CYLINDRICAL_SURFACE('',#1781,0.001);
#184=CYLINDRICAL_SURFACE('',#1782,0.0005);
#185=CYLINDRICAL_SURFACE('',#1783,0.0005);
#186=CYLINDRICAL_SURFACE('',#1784,0.00899999999999798);
#187=CYLINDRICAL_SURFACE('',#1787,0.001);
#188=CYLINDRICAL_SURFACE('',#1788,0.0005);
#189=CYLINDRICAL_SURFACE('',#1789,0.0005);
#190=CYLINDRICAL_SURFACE('',#1790,0.00899999999999798);
#191=CYLINDRICAL_SURFACE('',#1793,0.001);
#192=CYLINDRICAL_SURFACE('',#1794,0.0005);
#193=CYLINDRICAL_SURFACE('',#1795,0.0005);
#194=CYLINDRICAL_SURFACE('',#1796,0.00899999999999798);
#195=CYLINDRICAL_SURFACE('',#1799,0.001);
#196=CYLINDRICAL_SURFACE('',#1800,0.0005);
#197=CYLINDRICAL_SURFACE('',#1801,0.0005);
#198=CYLINDRICAL_SURFACE('',#1802,0.00899999999999798);
#199=CYLINDRICAL_SURFACE('',#1805,0.001);
#200=CYLINDRICAL_SURFACE('',#1806,0.0005);
#201=CYLINDRICAL_SURFACE('',#1807,0.0005);
#202=CYLINDRICAL_SURFACE('',#1808,0.00899999999999798);
#203=CYLINDRICAL_SURFACE('',#1811,0.001);
#204=CYLINDRICAL_SURFACE('',#1812,0.0005);
#205=CYLINDRICAL_SURFACE('',#1813,0.0005);
#206=CYLINDRICAL_SURFACE('',#1814,0.00899999999999798);
#207=CYLINDRICAL_SURFACE('',#1817,0.001);
#208=CYLINDRICAL_SURFACE('',#1818,0.0005);
#209=CYLINDRICAL_SURFACE('',#1819,0.0005);
#210=CYLINDRICAL_SURFACE('',#1820,0.00899999999999798);
#211=CYLINDRICAL_SURFACE('',#1823,0.001);
#212=CYLINDRICAL_SURFACE('',#1824,0.0005);
#213=CYLINDRICAL_SURFACE('',#1825,0.0005);
#214=CYLINDRICAL_SURFACE('',#1826,0.00899999999999798);
#215=CYLINDRICAL_SURFACE('',#1829,0.001);
#216=CYLINDRICAL_SURFACE('',#1830,0.0005);
#217=CYLINDRICAL_SURFACE('',#1831,0.0005);
#218=CYLINDRICAL_SURFACE('',#1832,0.00899999999999798);
#219=CYLINDRICAL_SURFACE('',#1835,0.001);
#220=CYLINDRICAL_SURFACE('',#1836,0.0005);
#221=CYLINDRICAL_SURFACE('',#1837,0.0005);
#222=CYLINDRICAL_SURFACE('',#1838,0.00899999999999798);
#223=CYLINDRICAL_SURFACE('',#1841,0.001);
#224=CYLINDRICAL_SURFACE('',#1842,0.0005);
#225=CYLINDRICAL_SURFACE('',#1843,0.0005);
#226=CYLINDRICAL_SURFACE('',#1844,0.00899999999999798);
#227=CYLINDRICAL_SURFACE('',#1847,0.001);
#228=CYLINDRICAL_SURFACE('',#1848,0.0005);
#229=CYLINDRICAL_SURFACE('',#1849,0.0005);
#230=CYLINDRICAL_SURFACE('',#1850,0.00899999999999798);
#231=CYLINDRICAL_SURFACE('',#1853,0.001);
#232=CYLINDRICAL_SURFACE('',#1854,0.0005);
#233=CYLINDRICAL_SURFACE('',#1855,0.0005);
#234=CYLINDRICAL_SURFACE('',#1856,0.00899999999999798);
#235=CYLINDRICAL_SURFACE('',#1859,0.001);
#236=CYLINDRICAL_SURFACE('',#1860,0.0005);
#237=CYLINDRICAL_SURFACE('',#1861,0.0005);
#238=CYLINDRICAL_SURFACE('',#1862,0.00899999999999798);
#239=CYLINDRICAL_SURFACE('',#1865,0.00899999999999811);
#240=CYLINDRICAL_SURFACE('',#1918,0.003);
#241=LINE('',#2349,#310);
#242=LINE('',#2383,#311);
#243=LINE('',#2398,#312);
#244=LINE('',#2417,#313);
#245=LINE('',#2425,#314);
#246=LINE('',#2439,#315);
#247=LINE('',#2454,#316);
#248=LINE('',#2473,#317);
#249=LINE('',#2481,#318);
#250=LINE('',#2498,#319);
#251=LINE('',#2513,#320);
#252=LINE('',#2532,#321);
#253=LINE('',#2540,#322);
#254=LINE('',#2557,#323);
#255=LINE('',#2572,#324);
#256=LINE('',#2591,#325);
#257=LINE('',#2599,#326);
#258=LINE('',#2616,#327);
#259=LINE('',#2631,#328);
#260=LINE('',#2650,#329);
#261=LINE('',#2658,#330);
#262=LINE('',#2675,#331);
#263=LINE('',#2690,#332);
#264=LINE('',#2709,#333);
#265=LINE('',#2717,#334);
#266=LINE('',#2734,#335);
#267=LINE('',#2749,#336);
#268=LINE('',#2768,#337);
#269=LINE('',#2776,#338);
#270=LINE('',#2793,#339);
#271=LINE('',#2808,#340);
#272=LINE('',#2827,#341);
#273=LINE('',#2835,#342);
#274=LINE('',#2852,#343);
#275=LINE('',#2867,#344);
#276=LINE('',#2886,#345);
#277=LINE('',#2894,#346);
#278=LINE('',#2911,#347);
#279=LINE('',#2926,#348);
#280=LINE('',#2945,#349);
#281=LINE('',#2953,#350);
#282=LINE('',#2970,#351);
#283=LINE('',#2985,#352);
#284=LINE('',#3004,#353);
#285=LINE('',#3012,#354);
#286=LINE('',#3029,#355);
#287=LINE('',#3044,#356);
#288=LINE('',#3063,#357);
#289=LINE('',#3071,#358);
#290=LINE('',#3088,#359);
#291=LINE('',#3103,#360);
#292=LINE('',#3122,#361);
#293=LINE('',#3130,#362);
#294=LINE('',#3147,#363);
#295=LINE('',#3162,#364);
#296=LINE('',#3181,#365);
#297=LINE('',#3189,#366);
#298=LINE('',#3206,#367);
#299=LINE('',#3221,#368);
#300=LINE('',#3240,#369);
#301=LINE('',#3248,#370);
#302=LINE('',#3265,#371);
#303=LINE('',#3280,#372);
#304=LINE('',#3299,#373);
#305=LINE('',#3307,#374);
#306=LINE('',#3376,#375);
#307=LINE('',#3379,#376);
#308=LINE('',#3381,#377);
#309=LINE('',#3383,#378);
#310=VECTOR('',#1933,1.);
#311=VECTOR('',#1968,1.);
#312=VECTOR('',#1969,1.);
#313=VECTOR('',#1972,1.);
#314=VECTOR('',#1975,1.);
#315=VECTOR('',#1978,1.);
#316=VECTOR('',#1979,1.);
#317=VECTOR('',#1982,1.);
#318=VECTOR('',#1985,1.);
#319=VECTOR('',#1994,1.);
#320=VECTOR('',#1995,1.);
#321=VECTOR('',#1998,1.);
#322=VECTOR('',#2001,1.);
#323=VECTOR('',#2010,1.);
#324=VECTOR('',#2011,1.);
#325=VECTOR('',#2014,1.);
#326=VECTOR('',#2017,1.);
#327=VECTOR('',#2026,1.);
#328=VECTOR('',#2027,1.);
#329=VECTOR('',#2030,1.);
#330=VECTOR('',#2033,1.);
#331=VECTOR('',#2042,1.);
#332=VECTOR('',#2043,1.);
#333=VECTOR('',#2046,1.);
#334=VECTOR('',#2049,1.);
#335=VECTOR('',#2058,1.);
#336=VECTOR('',#2059,1.);
#337=VECTOR('',#2062,1.);
#338=VECTOR('',#2065,1.);
#339=VECTOR('',#2074,1.);
#340=VECTOR('',#2075,1.);
#341=VECTOR('',#2078,1.);
#342=VECTOR('',#2081,1.);
#343=VECTOR('',#2090,1.);
#344=VECTOR('',#2091,1.);
#345=VECTOR('',#2094,1.);
#346=VECTOR('',#2097,1.);
#347=VECTOR('',#2106,1.);
#348=VECTOR('',#2107,1.);
#349=VECTOR('',#2110,1.);
#350=VECTOR('',#2113,1.);
#351=VECTOR('',#2122,1.);
#352=VECTOR('',#2123,1.);
#353=VECTOR('',#2126,1.);
#354=VECTOR('',#2129,1.);
#355=VECTOR('',#2138,1.);
#356=VECTOR('',#2139,1.);
#357=VECTOR('',#2142,1.);
#358=VECTOR('',#2145,1.);
#359=VECTOR('',#2154,1.);
#360=VECTOR('',#2155,1.);
#361=VECTOR('',#2158,1.);
#362=VECTOR('',#2161,1.);
#363=VECTOR('',#2170,1.);
#364=VECTOR('',#2171,1.);
#365=VECTOR('',#2174,1.);
#366=VECTOR('',#2177,1.);
#367=VECTOR('',#2186,1.);
#368=VECTOR('',#2187,1.);
#369=VECTOR('',#2190,1.);
#370=VECTOR('',#2193,1.);
#371=VECTOR('',#2202,1.);
#372=VECTOR('',#2203,1.);
#373=VECTOR('',#2206,1.);
#374=VECTOR('',#2209,1.);
#375=VECTOR('',#2322,1.);
#376=VECTOR('',#2323,1.);
#377=VECTOR('',#2324,1.);
#378=VECTOR('',#2325,1.);
#379=ORIENTED_EDGE('',*,*,#915,.T.);
#380=ORIENTED_EDGE('',*,*,#916,.T.);
#381=ORIENTED_EDGE('',*,*,#917,.T.);
#382=ORIENTED_EDGE('',*,*,#918,.T.);
#383=ORIENTED_EDGE('',*,*,#919,.T.);
#384=ORIENTED_EDGE('',*,*,#920,.T.);
#385=ORIENTED_EDGE('',*,*,#921,.T.);
#386=ORIENTED_EDGE('',*,*,#922,.T.);
#387=ORIENTED_EDGE('',*,*,#923,.T.);
#388=ORIENTED_EDGE('',*,*,#924,.T.);
#389=ORIENTED_EDGE('',*,*,#925,.T.);
#390=ORIENTED_EDGE('',*,*,#926,.T.);
#391=ORIENTED_EDGE('',*,*,#927,.T.);
#392=ORIENTED_EDGE('',*,*,#928,.T.);
#393=ORIENTED_EDGE('',*,*,#929,.T.);
#394=ORIENTED_EDGE('',*,*,#930,.T.);
#395=ORIENTED_EDGE('',*,*,#931,.T.);
#396=ORIENTED_EDGE('',*,*,#932,.T.);
#397=ORIENTED_EDGE('',*,*,#933,.F.);
#398=ORIENTED_EDGE('',*,*,#934,.T.);
#399=ORIENTED_EDGE('',*,*,#935,.T.);
#400=ORIENTED_EDGE('',*,*,#936,.T.);
#401=ORIENTED_EDGE('',*,*,#937,.T.);
#402=ORIENTED_EDGE('',*,*,#938,.T.);
#403=ORIENTED_EDGE('',*,*,#939,.F.);
#404=ORIENTED_EDGE('',*,*,#940,.T.);
#405=ORIENTED_EDGE('',*,*,#941,.F.);
#406=ORIENTED_EDGE('',*,*,#936,.F.);
#407=ORIENTED_EDGE('',*,*,#942,.F.);
#408=ORIENTED_EDGE('',*,*,#943,.T.);
#409=ORIENTED_EDGE('',*,*,#933,.T.);
#410=ORIENTED_EDGE('',*,*,#944,.T.);
#411=ORIENTED_EDGE('',*,*,#945,.F.);
#412=ORIENTED_EDGE('',*,*,#946,.T.);
#413=ORIENTED_EDGE('',*,*,#947,.T.);
#414=ORIENTED_EDGE('',*,*,#948,.T.);
#415=ORIENTED_EDGE('',*,*,#949,.T.);
#416=ORIENTED_EDGE('',*,*,#950,.T.);
#417=ORIENTED_EDGE('',*,*,#951,.F.);
#418=ORIENTED_EDGE('',*,*,#952,.T.);
#419=ORIENTED_EDGE('',*,*,#953,.F.);
#420=ORIENTED_EDGE('',*,*,#948,.F.);
#421=ORIENTED_EDGE('',*,*,#954,.F.);
#422=ORIENTED_EDGE('',*,*,#955,.T.);
#423=ORIENTED_EDGE('',*,*,#945,.T.);
#424=ORIENTED_EDGE('',*,*,#956,.T.);
#425=ORIENTED_EDGE('',*,*,#952,.F.);
#426=ORIENTED_EDGE('',*,*,#957,.T.);
#427=ORIENTED_EDGE('',*,*,#942,.T.);
#428=ORIENTED_EDGE('',*,*,#958,.T.);
#429=ORIENTED_EDGE('',*,*,#959,.F.);
#430=ORIENTED_EDGE('',*,*,#960,.T.);
#431=ORIENTED_EDGE('',*,*,#961,.T.);
#432=ORIENTED_EDGE('',*,*,#962,.T.);
#433=ORIENTED_EDGE('',*,*,#963,.T.);
#434=ORIENTED_EDGE('',*,*,#964,.T.);
#435=ORIENTED_EDGE('',*,*,#965,.F.);
#436=ORIENTED_EDGE('',*,*,#966,.T.);
#437=ORIENTED_EDGE('',*,*,#967,.F.);
#438=ORIENTED_EDGE('',*,*,#962,.F.);
#439=ORIENTED_EDGE('',*,*,#968,.F.);
#440=ORIENTED_EDGE('',*,*,#969,.T.);
#441=ORIENTED_EDGE('',*,*,#959,.T.);
#442=ORIENTED_EDGE('',*,*,#970,.T.);
#443=ORIENTED_EDGE('',*,*,#966,.F.);
#444=ORIENTED_EDGE('',*,*,#971,.T.);
#445=ORIENTED_EDGE('',*,*,#954,.T.);
#446=ORIENTED_EDGE('',*,*,#972,.T.);
#447=ORIENTED_EDGE('',*,*,#973,.F.);
#448=ORIENTED_EDGE('',*,*,#974,.T.);
#449=ORIENTED_EDGE('',*,*,#975,.T.);
#450=ORIENTED_EDGE('',*,*,#976,.T.);
#451=ORIENTED_EDGE('',*,*,#977,.T.);
#452=ORIENTED_EDGE('',*,*,#978,.T.);
#453=ORIENTED_EDGE('',*,*,#979,.F.);
#454=ORIENTED_EDGE('',*,*,#980,.T.);
#455=ORIENTED_EDGE('',*,*,#981,.F.);
#456=ORIENTED_EDGE('',*,*,#976,.F.);
#457=ORIENTED_EDGE('',*,*,#982,.F.);
#458=ORIENTED_EDGE('',*,*,#983,.T.);
#459=ORIENTED_EDGE('',*,*,#973,.T.);
#460=ORIENTED_EDGE('',*,*,#984,.T.);
#461=ORIENTED_EDGE('',*,*,#980,.F.);
#462=ORIENTED_EDGE('',*,*,#985,.T.);
#463=ORIENTED_EDGE('',*,*,#968,.T.);
#464=ORIENTED_EDGE('',*,*,#986,.T.);
#465=ORIENTED_EDGE('',*,*,#987,.F.);
#466=ORIENTED_EDGE('',*,*,#988,.T.);
#467=ORIENTED_EDGE('',*,*,#989,.T.);
#468=ORIENTED_EDGE('',*,*,#990,.T.);
#469=ORIENTED_EDGE('',*,*,#991,.T.);
#470=ORIENTED_EDGE('',*,*,#992,.T.);
#471=ORIENTED_EDGE('',*,*,#993,.F.);
#472=ORIENTED_EDGE('',*,*,#994,.T.);
#473=ORIENTED_EDGE('',*,*,#995,.F.);
#474=ORIENTED_EDGE('',*,*,#990,.F.);
#475=ORIENTED_EDGE('',*,*,#996,.F.);
#476=ORIENTED_EDGE('',*,*,#997,.T.);
#477=ORIENTED_EDGE('',*,*,#987,.T.);
#478=ORIENTED_EDGE('',*,*,#998,.T.);
#479=ORIENTED_EDGE('',*,*,#994,.F.);
#480=ORIENTED_EDGE('',*,*,#999,.T.);
#481=ORIENTED_EDGE('',*,*,#982,.T.);
#482=ORIENTED_EDGE('',*,*,#1000,.T.);
#483=ORIENTED_EDGE('',*,*,#1001,.F.);
#484=ORIENTED_EDGE('',*,*,#1002,.T.);
#485=ORIENTED_EDGE('',*,*,#1003,.T.);
#486=ORIENTED_EDGE('',*,*,#1004,.T.);
#487=ORIENTED_EDGE('',*,*,#1005,.T.);
#488=ORIENTED_EDGE('',*,*,#1006,.T.);
#489=ORIENTED_EDGE('',*,*,#1007,.F.);
#490=ORIENTED_EDGE('',*,*,#1008,.T.);
#491=ORIENTED_EDGE('',*,*,#1009,.F.);
#492=ORIENTED_EDGE('',*,*,#1004,.F.);
#493=ORIENTED_EDGE('',*,*,#1010,.F.);
#494=ORIENTED_EDGE('',*,*,#1011,.T.);
#495=ORIENTED_EDGE('',*,*,#1001,.T.);
#496=ORIENTED_EDGE('',*,*,#1012,.T.);
#497=ORIENTED_EDGE('',*,*,#1008,.F.);
#498=ORIENTED_EDGE('',*,*,#1013,.T.);
#499=ORIENTED_EDGE('',*,*,#996,.T.);
#500=ORIENTED_EDGE('',*,*,#1014,.T.);
#501=ORIENTED_EDGE('',*,*,#1015,.F.);
#502=ORIENTED_EDGE('',*,*,#1016,.T.);
#503=ORIENTED_EDGE('',*,*,#1017,.T.);
#504=ORIENTED_EDGE('',*,*,#1018,.T.);
#505=ORIENTED_EDGE('',*,*,#1019,.T.);
#506=ORIENTED_EDGE('',*,*,#1020,.T.);
#507=ORIENTED_EDGE('',*,*,#1021,.F.);
#508=ORIENTED_EDGE('',*,*,#1022,.T.);
#509=ORIENTED_EDGE('',*,*,#1023,.F.);
#510=ORIENTED_EDGE('',*,*,#1018,.F.);
#511=ORIENTED_EDGE('',*,*,#1024,.F.);
#512=ORIENTED_EDGE('',*,*,#1025,.T.);
#513=ORIENTED_EDGE('',*,*,#1015,.T.);
#514=ORIENTED_EDGE('',*,*,#1026,.T.);
#515=ORIENTED_EDGE('',*,*,#1022,.F.);
#516=ORIENTED_EDGE('',*,*,#1027,.T.);
#517=ORIENTED_EDGE('',*,*,#1010,.T.);
#518=ORIENTED_EDGE('',*,*,#1028,.T.);
#519=ORIENTED_EDGE('',*,*,#1029,.F.);
#520=ORIENTED_EDGE('',*,*,#1030,.T.);
#521=ORIENTED_EDGE('',*,*,#1031,.T.);
#522=ORIENTED_EDGE('',*,*,#1032,.T.);
#523=ORIENTED_EDGE('',*,*,#1033,.T.);
#524=ORIENTED_EDGE('',*,*,#1034,.T.);
#525=ORIENTED_EDGE('',*,*,#1035,.F.);
#526=ORIENTED_EDGE('',*,*,#1036,.T.);
#527=ORIENTED_EDGE('',*,*,#1037,.F.);
#528=ORIENTED_EDGE('',*,*,#1032,.F.);
#529=ORIENTED_EDGE('',*,*,#1038,.F.);
#530=ORIENTED_EDGE('',*,*,#1039,.T.);
#531=ORIENTED_EDGE('',*,*,#1029,.T.);
#532=ORIENTED_EDGE('',*,*,#1040,.T.);
#533=ORIENTED_EDGE('',*,*,#1036,.F.);
#534=ORIENTED_EDGE('',*,*,#1041,.T.);
#535=ORIENTED_EDGE('',*,*,#1024,.T.);
#536=ORIENTED_EDGE('',*,*,#1042,.T.);
#537=ORIENTED_EDGE('',*,*,#1043,.F.);
#538=ORIENTED_EDGE('',*,*,#1044,.T.);
#539=ORIENTED_EDGE('',*,*,#1045,.T.);
#540=ORIENTED_EDGE('',*,*,#1046,.T.);
#541=ORIENTED_EDGE('',*,*,#1047,.T.);
#542=ORIENTED_EDGE('',*,*,#1048,.T.);
#543=ORIENTED_EDGE('',*,*,#1049,.F.);
#544=ORIENTED_EDGE('',*,*,#1050,.T.);
#545=ORIENTED_EDGE('',*,*,#1051,.F.);
#546=ORIENTED_EDGE('',*,*,#1046,.F.);
#547=ORIENTED_EDGE('',*,*,#1052,.F.);
#548=ORIENTED_EDGE('',*,*,#1053,.T.);
#549=ORIENTED_EDGE('',*,*,#1043,.T.);
#550=ORIENTED_EDGE('',*,*,#1054,.T.);
#551=ORIENTED_EDGE('',*,*,#1050,.F.);
#552=ORIENTED_EDGE('',*,*,#1055,.T.);
#553=ORIENTED_EDGE('',*,*,#1038,.T.);
#554=ORIENTED_EDGE('',*,*,#1056,.T.);
#555=ORIENTED_EDGE('',*,*,#1057,.F.);
#556=ORIENTED_EDGE('',*,*,#1058,.T.);
#557=ORIENTED_EDGE('',*,*,#1059,.T.);
#558=ORIENTED_EDGE('',*,*,#1060,.T.);
#559=ORIENTED_EDGE('',*,*,#1061,.T.);
#560=ORIENTED_EDGE('',*,*,#1062,.T.);
#561=ORIENTED_EDGE('',*,*,#1063,.F.);
#562=ORIENTED_EDGE('',*,*,#1064,.T.);
#563=ORIENTED_EDGE('',*,*,#1065,.F.);
#564=ORIENTED_EDGE('',*,*,#1060,.F.);
#565=ORIENTED_EDGE('',*,*,#1066,.F.);
#566=ORIENTED_EDGE('',*,*,#1067,.T.);
#567=ORIENTED_EDGE('',*,*,#1057,.T.);
#568=ORIENTED_EDGE('',*,*,#1068,.T.);
#569=ORIENTED_EDGE('',*,*,#1064,.F.);
#570=ORIENTED_EDGE('',*,*,#1069,.T.);
#571=ORIENTED_EDGE('',*,*,#1052,.T.);
#572=ORIENTED_EDGE('',*,*,#1070,.T.);
#573=ORIENTED_EDGE('',*,*,#1071,.F.);
#574=ORIENTED_EDGE('',*,*,#1072,.T.);
#575=ORIENTED_EDGE('',*,*,#1073,.T.);
#576=ORIENTED_EDGE('',*,*,#1074,.T.);
#577=ORIENTED_EDGE('',*,*,#1075,.T.);
#578=ORIENTED_EDGE('',*,*,#1076,.T.);
#579=ORIENTED_EDGE('',*,*,#1077,.F.);
#580=ORIENTED_EDGE('',*,*,#1078,.T.);
#581=ORIENTED_EDGE('',*,*,#1079,.F.);
#582=ORIENTED_EDGE('',*,*,#1074,.F.);
#583=ORIENTED_EDGE('',*,*,#1080,.F.);
#584=ORIENTED_EDGE('',*,*,#1081,.T.);
#585=ORIENTED_EDGE('',*,*,#1071,.T.);
#586=ORIENTED_EDGE('',*,*,#1082,.T.);
#587=ORIENTED_EDGE('',*,*,#1078,.F.);
#588=ORIENTED_EDGE('',*,*,#1083,.T.);
#589=ORIENTED_EDGE('',*,*,#1066,.T.);
#590=ORIENTED_EDGE('',*,*,#1084,.T.);
#591=ORIENTED_EDGE('',*,*,#1085,.F.);
#592=ORIENTED_EDGE('',*,*,#1086,.T.);
#593=ORIENTED_EDGE('',*,*,#1087,.T.);
#594=ORIENTED_EDGE('',*,*,#1088,.T.);
#595=ORIENTED_EDGE('',*,*,#1089,.T.);
#596=ORIENTED_EDGE('',*,*,#1090,.T.);
#597=ORIENTED_EDGE('',*,*,#1091,.F.);
#598=ORIENTED_EDGE('',*,*,#1092,.T.);
#599=ORIENTED_EDGE('',*,*,#1093,.F.);
#600=ORIENTED_EDGE('',*,*,#1088,.F.);
#601=ORIENTED_EDGE('',*,*,#1094,.F.);
#602=ORIENTED_EDGE('',*,*,#1095,.T.);
#603=ORIENTED_EDGE('',*,*,#1085,.T.);
#604=ORIENTED_EDGE('',*,*,#1096,.T.);
#605=ORIENTED_EDGE('',*,*,#1092,.F.);
#606=ORIENTED_EDGE('',*,*,#1097,.T.);
#607=ORIENTED_EDGE('',*,*,#1080,.T.);
#608=ORIENTED_EDGE('',*,*,#1098,.T.);
#609=ORIENTED_EDGE('',*,*,#1099,.F.);
#610=ORIENTED_EDGE('',*,*,#1100,.T.);
#611=ORIENTED_EDGE('',*,*,#1101,.T.);
#612=ORIENTED_EDGE('',*,*,#1102,.T.);
#613=ORIENTED_EDGE('',*,*,#1103,.T.);
#614=ORIENTED_EDGE('',*,*,#1104,.T.);
#615=ORIENTED_EDGE('',*,*,#1105,.F.);
#616=ORIENTED_EDGE('',*,*,#1106,.T.);
#617=ORIENTED_EDGE('',*,*,#1107,.F.);
#618=ORIENTED_EDGE('',*,*,#1102,.F.);
#619=ORIENTED_EDGE('',*,*,#1108,.F.);
#620=ORIENTED_EDGE('',*,*,#1109,.T.);
#621=ORIENTED_EDGE('',*,*,#1099,.T.);
#622=ORIENTED_EDGE('',*,*,#1110,.T.);
#623=ORIENTED_EDGE('',*,*,#1106,.F.);
#624=ORIENTED_EDGE('',*,*,#1111,.T.);
#625=ORIENTED_EDGE('',*,*,#1094,.T.);
#626=ORIENTED_EDGE('',*,*,#1112,.T.);
#627=ORIENTED_EDGE('',*,*,#1113,.F.);
#628=ORIENTED_EDGE('',*,*,#1114,.T.);
#629=ORIENTED_EDGE('',*,*,#1115,.T.);
#630=ORIENTED_EDGE('',*,*,#1116,.T.);
#631=ORIENTED_EDGE('',*,*,#1117,.T.);
#632=ORIENTED_EDGE('',*,*,#1118,.T.);
#633=ORIENTED_EDGE('',*,*,#1119,.F.);
#634=ORIENTED_EDGE('',*,*,#1120,.T.);
#635=ORIENTED_EDGE('',*,*,#1121,.F.);
#636=ORIENTED_EDGE('',*,*,#1116,.F.);
#637=ORIENTED_EDGE('',*,*,#1122,.F.);
#638=ORIENTED_EDGE('',*,*,#1123,.T.);
#639=ORIENTED_EDGE('',*,*,#1113,.T.);
#640=ORIENTED_EDGE('',*,*,#1124,.T.);
#641=ORIENTED_EDGE('',*,*,#1120,.F.);
#642=ORIENTED_EDGE('',*,*,#1125,.T.);
#643=ORIENTED_EDGE('',*,*,#1108,.T.);
#644=ORIENTED_EDGE('',*,*,#1126,.T.);
#645=ORIENTED_EDGE('',*,*,#1127,.F.);
#646=ORIENTED_EDGE('',*,*,#1128,.T.);
#647=ORIENTED_EDGE('',*,*,#1129,.T.);
#648=ORIENTED_EDGE('',*,*,#1130,.T.);
#649=ORIENTED_EDGE('',*,*,#1131,.T.);
#650=ORIENTED_EDGE('',*,*,#1132,.T.);
#651=ORIENTED_EDGE('',*,*,#1133,.F.);
#652=ORIENTED_EDGE('',*,*,#1134,.T.);
#653=ORIENTED_EDGE('',*,*,#1135,.F.);
#654=ORIENTED_EDGE('',*,*,#1130,.F.);
#655=ORIENTED_EDGE('',*,*,#1136,.F.);
#656=ORIENTED_EDGE('',*,*,#1137,.T.);
#657=ORIENTED_EDGE('',*,*,#1127,.T.);
#658=ORIENTED_EDGE('',*,*,#1138,.T.);
#659=ORIENTED_EDGE('',*,*,#1134,.F.);
#660=ORIENTED_EDGE('',*,*,#1139,.T.);
#661=ORIENTED_EDGE('',*,*,#1122,.T.);
#662=ORIENTED_EDGE('',*,*,#1140,.T.);
#663=ORIENTED_EDGE('',*,*,#1141,.F.);
#664=ORIENTED_EDGE('',*,*,#1142,.T.);
#665=ORIENTED_EDGE('',*,*,#1143,.T.);
#666=ORIENTED_EDGE('',*,*,#1144,.T.);
#667=ORIENTED_EDGE('',*,*,#1145,.T.);
#668=ORIENTED_EDGE('',*,*,#1146,.T.);
#669=ORIENTED_EDGE('',*,*,#1147,.F.);
#670=ORIENTED_EDGE('',*,*,#1148,.T.);
#671=ORIENTED_EDGE('',*,*,#1149,.F.);
#672=ORIENTED_EDGE('',*,*,#1144,.F.);
#673=ORIENTED_EDGE('',*,*,#1150,.F.);
#674=ORIENTED_EDGE('',*,*,#1151,.T.);
#675=ORIENTED_EDGE('',*,*,#1141,.T.);
#676=ORIENTED_EDGE('',*,*,#1152,.T.);
#677=ORIENTED_EDGE('',*,*,#1148,.F.);
#678=ORIENTED_EDGE('',*,*,#1153,.T.);
#679=ORIENTED_EDGE('',*,*,#1136,.T.);
#680=ORIENTED_EDGE('',*,*,#1154,.T.);
#681=ORIENTED_EDGE('',*,*,#940,.F.);
#682=ORIENTED_EDGE('',*,*,#1155,.T.);
#683=ORIENTED_EDGE('',*,*,#1150,.T.);
#684=ORIENTED_EDGE('',*,*,#1156,.T.);
#685=ORIENTED_EDGE('',*,*,#949,.F.);
#686=ORIENTED_EDGE('',*,*,#953,.T.);
#687=ORIENTED_EDGE('',*,*,#958,.F.);
#688=ORIENTED_EDGE('',*,*,#944,.F.);
#689=ORIENTED_EDGE('',*,*,#938,.F.);
#690=ORIENTED_EDGE('',*,*,#928,.F.);
#691=ORIENTED_EDGE('',*,*,#1152,.F.);
#692=ORIENTED_EDGE('',*,*,#1146,.F.);
#693=ORIENTED_EDGE('',*,*,#929,.F.);
#694=ORIENTED_EDGE('',*,*,#937,.F.);
#695=ORIENTED_EDGE('',*,*,#941,.T.);
#696=ORIENTED_EDGE('',*,*,#1156,.F.);
#697=ORIENTED_EDGE('',*,*,#1151,.F.);
#698=ORIENTED_EDGE('',*,*,#1155,.F.);
#699=ORIENTED_EDGE('',*,*,#939,.T.);
#700=ORIENTED_EDGE('',*,*,#935,.F.);
#701=ORIENTED_EDGE('',*,*,#1157,.F.);
#702=ORIENTED_EDGE('',*,*,#1142,.F.);
#703=ORIENTED_EDGE('',*,*,#957,.F.);
#704=ORIENTED_EDGE('',*,*,#951,.T.);
#705=ORIENTED_EDGE('',*,*,#947,.F.);
#706=ORIENTED_EDGE('',*,*,#1158,.F.);
#707=ORIENTED_EDGE('',*,*,#934,.F.);
#708=ORIENTED_EDGE('',*,*,#943,.F.);
#709=ORIENTED_EDGE('',*,*,#963,.F.);
#710=ORIENTED_EDGE('',*,*,#967,.T.);
#711=ORIENTED_EDGE('',*,*,#972,.F.);
#712=ORIENTED_EDGE('',*,*,#956,.F.);
#713=ORIENTED_EDGE('',*,*,#950,.F.);
#714=ORIENTED_EDGE('',*,*,#927,.F.);
#715=ORIENTED_EDGE('',*,*,#971,.F.);
#716=ORIENTED_EDGE('',*,*,#965,.T.);
#717=ORIENTED_EDGE('',*,*,#961,.F.);
#718=ORIENTED_EDGE('',*,*,#1159,.F.);
#719=ORIENTED_EDGE('',*,*,#946,.F.);
#720=ORIENTED_EDGE('',*,*,#955,.F.);
#721=ORIENTED_EDGE('',*,*,#977,.F.);
#722=ORIENTED_EDGE('',*,*,#981,.T.);
#723=ORIENTED_EDGE('',*,*,#986,.F.);
#724=ORIENTED_EDGE('',*,*,#970,.F.);
#725=ORIENTED_EDGE('',*,*,#964,.F.);
#726=ORIENTED_EDGE('',*,*,#926,.F.);
#727=ORIENTED_EDGE('',*,*,#985,.F.);
#728=ORIENTED_EDGE('',*,*,#979,.T.);
#729=ORIENTED_EDGE('',*,*,#975,.F.);
#730=ORIENTED_EDGE('',*,*,#1160,.F.);
#731=ORIENTED_EDGE('',*,*,#960,.F.);
#732=ORIENTED_EDGE('',*,*,#969,.F.);
#733=ORIENTED_EDGE('',*,*,#991,.F.);
#734=ORIENTED_EDGE('',*,*,#995,.T.);
#735=ORIENTED_EDGE('',*,*,#1000,.F.);
#736=ORIENTED_EDGE('',*,*,#984,.F.);
#737=ORIENTED_EDGE('',*,*,#978,.F.);
#738=ORIENTED_EDGE('',*,*,#925,.F.);
#739=ORIENTED_EDGE('',*,*,#999,.F.);
#740=ORIENTED_EDGE('',*,*,#993,.T.);
#741=ORIENTED_EDGE('',*,*,#989,.F.);
#742=ORIENTED_EDGE('',*,*,#1161,.F.);
#743=ORIENTED_EDGE('',*,*,#974,.F.);
#744=ORIENTED_EDGE('',*,*,#983,.F.);
#745=ORIENTED_EDGE('',*,*,#1005,.F.);
#746=ORIENTED_EDGE('',*,*,#1009,.T.);
#747=ORIENTED_EDGE('',*,*,#1014,.F.);
#748=ORIENTED_EDGE('',*,*,#998,.F.);
#749=ORIENTED_EDGE('',*,*,#992,.F.);
#750=ORIENTED_EDGE('',*,*,#924,.F.);
#751=ORIENTED_EDGE('',*,*,#1013,.F.);
#752=ORIENTED_EDGE('',*,*,#1007,.T.);
#753=ORIENTED_EDGE('',*,*,#1003,.F.);
#754=ORIENTED_EDGE('',*,*,#1162,.F.);
#755=ORIENTED_EDGE('',*,*,#988,.F.);
#756=ORIENTED_EDGE('',*,*,#997,.F.);
#757=ORIENTED_EDGE('',*,*,#1019,.F.);
#758=ORIENTED_EDGE('',*,*,#1023,.T.);
#759=ORIENTED_EDGE('',*,*,#1028,.F.);
#760=ORIENTED_EDGE('',*,*,#1012,.F.);
#761=ORIENTED_EDGE('',*,*,#1006,.F.);
#762=ORIENTED_EDGE('',*,*,#923,.F.);
#763=ORIENTED_EDGE('',*,*,#1027,.F.);
#764=ORIENTED_EDGE('',*,*,#1021,.T.);
#765=ORIENTED_EDGE('',*,*,#1017,.F.);
#766=ORIENTED_EDGE('',*,*,#1163,.F.);
#767=ORIENTED_EDGE('',*,*,#1002,.F.);
#768=ORIENTED_EDGE('',*,*,#1011,.F.);
#769=ORIENTED_EDGE('',*,*,#1033,.F.);
#770=ORIENTED_EDGE('',*,*,#1037,.T.);
#771=ORIENTED_EDGE('',*,*,#1042,.F.);
#772=ORIENTED_EDGE('',*,*,#1026,.F.);
#773=ORIENTED_EDGE('',*,*,#1020,.F.);
#774=ORIENTED_EDGE('',*,*,#922,.F.);
#775=ORIENTED_EDGE('',*,*,#1041,.F.);
#776=ORIENTED_EDGE('',*,*,#1035,.T.);
#777=ORIENTED_EDGE('',*,*,#1031,.F.);
#778=ORIENTED_EDGE('',*,*,#1164,.F.);
#779=ORIENTED_EDGE('',*,*,#1016,.F.);
#780=ORIENTED_EDGE('',*,*,#1025,.F.);
#781=ORIENTED_EDGE('',*,*,#1047,.F.);
#782=ORIENTED_EDGE('',*,*,#1051,.T.);
#783=ORIENTED_EDGE('',*,*,#1056,.F.);
#784=ORIENTED_EDGE('',*,*,#1040,.F.);
#785=ORIENTED_EDGE('',*,*,#1034,.F.);
#786=ORIENTED_EDGE('',*,*,#921,.F.);
#787=ORIENTED_EDGE('',*,*,#1055,.F.);
#788=ORIENTED_EDGE('',*,*,#1049,.T.);
#789=ORIENTED_EDGE('',*,*,#1045,.F.);
#790=ORIENTED_EDGE('',*,*,#1165,.F.);
#791=ORIENTED_EDGE('',*,*,#1030,.F.);
#792=ORIENTED_EDGE('',*,*,#1039,.F.);
#793=ORIENTED_EDGE('',*,*,#1061,.F.);
#794=ORIENTED_EDGE('',*,*,#1065,.T.);
#795=ORIENTED_EDGE('',*,*,#1070,.F.);
#796=ORIENTED_EDGE('',*,*,#1054,.F.);
#797=ORIENTED_EDGE('',*,*,#1048,.F.);
#798=ORIENTED_EDGE('',*,*,#920,.F.);
#799=ORIENTED_EDGE('',*,*,#1069,.F.);
#800=ORIENTED_EDGE('',*,*,#1063,.T.);
#801=ORIENTED_EDGE('',*,*,#1059,.F.);
#802=ORIENTED_EDGE('',*,*,#1166,.F.);
#803=ORIENTED_EDGE('',*,*,#1044,.F.);
#804=ORIENTED_EDGE('',*,*,#1053,.F.);
#805=ORIENTED_EDGE('',*,*,#1075,.F.);
#806=ORIENTED_EDGE('',*,*,#1079,.T.);
#807=ORIENTED_EDGE('',*,*,#1084,.F.);
#808=ORIENTED_EDGE('',*,*,#1068,.F.);
#809=ORIENTED_EDGE('',*,*,#1062,.F.);
#810=ORIENTED_EDGE('',*,*,#919,.F.);
#811=ORIENTED_EDGE('',*,*,#1083,.F.);
#812=ORIENTED_EDGE('',*,*,#1077,.T.);
#813=ORIENTED_EDGE('',*,*,#1073,.F.);
#814=ORIENTED_EDGE('',*,*,#1167,.F.);
#815=ORIENTED_EDGE('',*,*,#1058,.F.);
#816=ORIENTED_EDGE('',*,*,#1067,.F.);
#817=ORIENTED_EDGE('',*,*,#1089,.F.);
#818=ORIENTED_EDGE('',*,*,#1093,.T.);
#819=ORIENTED_EDGE('',*,*,#1098,.F.);
#820=ORIENTED_EDGE('',*,*,#1082,.F.);
#821=ORIENTED_EDGE('',*,*,#1076,.F.);
#822=ORIENTED_EDGE('',*,*,#918,.F.);
#823=ORIENTED_EDGE('',*,*,#1097,.F.);
#824=ORIENTED_EDGE('',*,*,#1091,.T.);
#825=ORIENTED_EDGE('',*,*,#1087,.F.);
#826=ORIENTED_EDGE('',*,*,#1168,.F.);
#827=ORIENTED_EDGE('',*,*,#1072,.F.);
#828=ORIENTED_EDGE('',*,*,#1081,.F.);
#829=ORIENTED_EDGE('',*,*,#1103,.F.);
#830=ORIENTED_EDGE('',*,*,#1107,.T.);
#831=ORIENTED_EDGE('',*,*,#1112,.F.);
#832=ORIENTED_EDGE('',*,*,#1096,.F.);
#833=ORIENTED_EDGE('',*,*,#1090,.F.);
#834=ORIENTED_EDGE('',*,*,#917,.F.);
#835=ORIENTED_EDGE('',*,*,#1111,.F.);
#836=ORIENTED_EDGE('',*,*,#1105,.T.);
#837=ORIENTED_EDGE('',*,*,#1101,.F.);
#838=ORIENTED_EDGE('',*,*,#1169,.F.);
#839=ORIENTED_EDGE('',*,*,#1086,.F.);
#840=ORIENTED_EDGE('',*,*,#1095,.F.);
#841=ORIENTED_EDGE('',*,*,#1117,.F.);
#842=ORIENTED_EDGE('',*,*,#1121,.T.);
#843=ORIENTED_EDGE('',*,*,#1126,.F.);
#844=ORIENTED_EDGE('',*,*,#1110,.F.);
#845=ORIENTED_EDGE('',*,*,#1104,.F.);
#846=ORIENTED_EDGE('',*,*,#932,.F.);
#847=ORIENTED_EDGE('',*,*,#1125,.F.);
#848=ORIENTED_EDGE('',*,*,#1119,.T.);
#849=ORIENTED_EDGE('',*,*,#1115,.F.);
#850=ORIENTED_EDGE('',*,*,#1170,.F.);
#851=ORIENTED_EDGE('',*,*,#1100,.F.);
#852=ORIENTED_EDGE('',*,*,#1109,.F.);
#853=ORIENTED_EDGE('',*,*,#1131,.F.);
#854=ORIENTED_EDGE('',*,*,#1135,.T.);
#855=ORIENTED_EDGE('',*,*,#1140,.F.);
#856=ORIENTED_EDGE('',*,*,#1124,.F.);
#857=ORIENTED_EDGE('',*,*,#1118,.F.);
#858=ORIENTED_EDGE('',*,*,#931,.F.);
#859=ORIENTED_EDGE('',*,*,#1139,.F.);
#860=ORIENTED_EDGE('',*,*,#1133,.T.);
#861=ORIENTED_EDGE('',*,*,#1129,.F.);
#862=ORIENTED_EDGE('',*,*,#1171,.F.);
#863=ORIENTED_EDGE('',*,*,#1114,.F.);
#864=ORIENTED_EDGE('',*,*,#1123,.F.);
#865=ORIENTED_EDGE('',*,*,#1145,.F.);
#866=ORIENTED_EDGE('',*,*,#1149,.T.);
#867=ORIENTED_EDGE('',*,*,#1154,.F.);
#868=ORIENTED_EDGE('',*,*,#1138,.F.);
#869=ORIENTED_EDGE('',*,*,#1132,.F.);
#870=ORIENTED_EDGE('',*,*,#930,.F.);
#871=ORIENTED_EDGE('',*,*,#1153,.F.);
#872=ORIENTED_EDGE('',*,*,#1147,.T.);
#873=ORIENTED_EDGE('',*,*,#1143,.F.);
#874=ORIENTED_EDGE('',*,*,#1172,.F.);
#875=ORIENTED_EDGE('',*,*,#1128,.F.);
#876=ORIENTED_EDGE('',*,*,#1137,.F.);
#877=ORIENTED_EDGE('',*,*,#1168,.T.);
#878=ORIENTED_EDGE('',*,*,#1169,.T.);
#879=ORIENTED_EDGE('',*,*,#1170,.T.);
#880=ORIENTED_EDGE('',*,*,#1171,.T.);
#881=ORIENTED_EDGE('',*,*,#1172,.T.);
#882=ORIENTED_EDGE('',*,*,#1157,.T.);
#883=ORIENTED_EDGE('',*,*,#1158,.T.);
#884=ORIENTED_EDGE('',*,*,#1159,.T.);
#885=ORIENTED_EDGE('',*,*,#1160,.T.);
#886=ORIENTED_EDGE('',*,*,#1161,.T.);
#887=ORIENTED_EDGE('',*,*,#1162,.T.);
#888=ORIENTED_EDGE('',*,*,#1163,.T.);
#889=ORIENTED_EDGE('',*,*,#1164,.T.);
#890=ORIENTED_EDGE('',*,*,#1165,.T.);
#891=ORIENTED_EDGE('',*,*,#1166,.T.);
#892=ORIENTED_EDGE('',*,*,#1167,.T.);
#893=ORIENTED_EDGE('',*,*,#1173,.F.);
#894=ORIENTED_EDGE('',*,*,#1174,.T.);
#895=ORIENTED_EDGE('',*,*,#1175,.F.);
#896=ORIENTED_EDGE('',*,*,#1176,.F.);
#897=ORIENTED_EDGE('',*,*,#1174,.F.);
#898=ORIENTED_EDGE('',*,*,#1177,.T.);
#899=ORIENTED_EDGE('',*,*,#1176,.T.);
#900=ORIENTED_EDGE('',*,*,#1178,.T.);
#901=ORIENTED_EDGE('',*,*,#1179,.T.);
#902=ORIENTED_EDGE('',*,*,#1180,.T.);
#903=ORIENTED_EDGE('',*,*,#1175,.T.);
#904=ORIENTED_EDGE('',*,*,#1178,.F.);
#905=ORIENTED_EDGE('',*,*,#1181,.F.);
#906=ORIENTED_EDGE('',*,*,#915,.F.);
#907=ORIENTED_EDGE('',*,*,#1182,.F.);
#908=ORIENTED_EDGE('',*,*,#1179,.F.);
#909=ORIENTED_EDGE('',*,*,#1180,.F.);
#910=ORIENTED_EDGE('',*,*,#1182,.T.);
#911=ORIENTED_EDGE('',*,*,#916,.F.);
#912=ORIENTED_EDGE('',*,*,#1181,.T.);
#913=ORIENTED_EDGE('',*,*,#1173,.T.);
#914=ORIENTED_EDGE('',*,*,#1177,.F.);
#915=EDGE_CURVE('',#1183,#1184,#1351,.T.);
#916=EDGE_CURVE('',#1184,#1183,#241,.T.);
#917=EDGE_CURVE('',#1185,#1186,#1352,.F.);
#918=EDGE_CURVE('',#1186,#1187,#1353,.F.);
#919=EDGE_CURVE('',#1187,#1188,#1354,.F.);
#920=EDGE_CURVE('',#1188,#1189,#1355,.F.);
#921=EDGE_CURVE('',#1189,#1190,#1356,.F.);
#922=EDGE_CURVE('',#1190,#1191,#1357,.F.);
#923=EDGE_CURVE('',#1191,#1192,#1358,.F.);
#924=EDGE_CURVE('',#1192,#1193,#1359,.F.);
#925=EDGE_CURVE('',#1193,#1194,#1360,.F.);
#926=EDGE_CURVE('',#1194,#1195,#1361,.F.);
#927=EDGE_CURVE('',#1195,#1196,#1362,.F.);
#928=EDGE_CURVE('',#1196,#1197,#1363,.F.);
#929=EDGE_CURVE('',#1197,#1198,#1364,.F.);
#930=EDGE_CURVE('',#1198,#1199,#1365,.F.);
#931=EDGE_CURVE('',#1199,#1200,#1366,.F.);
#932=EDGE_CURVE('',#1200,#1185,#1367,.F.);
#933=EDGE_CURVE('',#1201,#1202,#242,.T.);
#934=EDGE_CURVE('',#1201,#1203,#46,.T.);
#935=EDGE_CURVE('',#1203,#1204,#47,.T.);
#936=EDGE_CURVE('',#1204,#1205,#243,.T.);
#937=EDGE_CURVE('',#1205,#1197,#48,.T.);
#938=EDGE_CURVE('',#1197,#1202,#49,.T.);
#939=EDGE_CURVE('',#1206,#1204,#50,.T.);
#940=EDGE_CURVE('',#1206,#1207,#244,.T.);
#941=EDGE_CURVE('',#1205,#1207,#51,.T.);
#942=EDGE_CURVE('',#1208,#1209,#245,.T.);
#943=EDGE_CURVE('',#1208,#1201,#52,.T.);
#944=EDGE_CURVE('',#1202,#1209,#53,.T.);
#945=EDGE_CURVE('',#1210,#1211,#246,.T.);
#946=EDGE_CURVE('',#1210,#1212,#54,.T.);
#947=EDGE_CURVE('',#1212,#1213,#55,.T.);
#948=EDGE_CURVE('',#1213,#1214,#247,.T.);
#949=EDGE_CURVE('',#1214,#1196,#56,.T.);
#950=EDGE_CURVE('',#1196,#1211,#57,.T.);
#951=EDGE_CURVE('',#1215,#1213,#58,.T.);
#952=EDGE_CURVE('',#1215,#1216,#248,.T.);
#953=EDGE_CURVE('',#1214,#1216,#59,.T.);
#954=EDGE_CURVE('',#1217,#1218,#249,.T.);
#955=EDGE_CURVE('',#1217,#1210,#60,.T.);
#956=EDGE_CURVE('',#1211,#1218,#61,.T.);
#957=EDGE_CURVE('',#1215,#1208,#1368,.F.);
#958=EDGE_CURVE('',#1209,#1216,#1369,.T.);
#959=EDGE_CURVE('',#1219,#1220,#250,.T.);
#960=EDGE_CURVE('',#1219,#1221,#62,.T.);
#961=EDGE_CURVE('',#1221,#1222,#63,.T.);
#962=EDGE_CURVE('',#1222,#1223,#251,.T.);
#963=EDGE_CURVE('',#1223,#1195,#64,.T.);
#964=EDGE_CURVE('',#1195,#1220,#65,.T.);
#965=EDGE_CURVE('',#1224,#1222,#66,.T.);
#966=EDGE_CURVE('',#1224,#1225,#252,.T.);
#967=EDGE_CURVE('',#1223,#1225,#67,.T.);
#968=EDGE_CURVE('',#1226,#1227,#253,.T.);
#969=EDGE_CURVE('',#1226,#1219,#68,.T.);
#970=EDGE_CURVE('',#1220,#1227,#69,.T.);
#971=EDGE_CURVE('',#1224,#1217,#1370,.F.);
#972=EDGE_CURVE('',#1218,#1225,#1371,.T.);
#973=EDGE_CURVE('',#1228,#1229,#254,.T.);
#974=EDGE_CURVE('',#1228,#1230,#70,.T.);
#975=EDGE_CURVE('',#1230,#1231,#71,.T.);
#976=EDGE_CURVE('',#1231,#1232,#255,.T.);
#977=EDGE_CURVE('',#1232,#1194,#72,.T.);
#978=EDGE_CURVE('',#1194,#1229,#73,.T.);
#979=EDGE_CURVE('',#1233,#1231,#74,.T.);
#980=EDGE_CURVE('',#1233,#1234,#256,.T.);
#981=EDGE_CURVE('',#1232,#1234,#75,.T.);
#982=EDGE_CURVE('',#1235,#1236,#257,.T.);
#983=EDGE_CURVE('',#1235,#1228,#76,.T.);
#984=EDGE_CURVE('',#1229,#1236,#77,.T.);
#985=EDGE_CURVE('',#1233,#1226,#1372,.F.);
#986=EDGE_CURVE('',#1227,#1234,#1373,.T.);
#987=EDGE_CURVE('',#1237,#1238,#258,.T.);
#988=EDGE_CURVE('',#1237,#1239,#78,.T.);
#989=EDGE_CURVE('',#1239,#1240,#79,.T.);
#990=EDGE_CURVE('',#1240,#1241,#259,.T.);
#991=EDGE_CURVE('',#1241,#1193,#80,.T.);
#992=EDGE_CURVE('',#1193,#1238,#81,.T.);
#993=EDGE_CURVE('',#1242,#1240,#82,.T.);
#994=EDGE_CURVE('',#1242,#1243,#260,.T.);
#995=EDGE_CURVE('',#1241,#1243,#83,.T.);
#996=EDGE_CURVE('',#1244,#1245,#261,.T.);
#997=EDGE_CURVE('',#1244,#1237,#84,.T.);
#998=EDGE_CURVE('',#1238,#1245,#85,.T.);
#999=EDGE_CURVE('',#1242,#1235,#1374,.F.);
#1000=EDGE_CURVE('',#1236,#1243,#1375,.T.);
#1001=EDGE_CURVE('',#1246,#1247,#262,.T.);
#1002=EDGE_CURVE('',#1246,#1248,#86,.T.);
#1003=EDGE_CURVE('',#1248,#1249,#87,.T.);
#1004=EDGE_CURVE('',#1249,#1250,#263,.T.);
#1005=EDGE_CURVE('',#1250,#1192,#88,.T.);
#1006=EDGE_CURVE('',#1192,#1247,#89,.T.);
#1007=EDGE_CURVE('',#1251,#1249,#90,.T.);
#1008=EDGE_CURVE('',#1251,#1252,#264,.T.);
#1009=EDGE_CURVE('',#1250,#1252,#91,.T.);
#1010=EDGE_CURVE('',#1253,#1254,#265,.T.);
#1011=EDGE_CURVE('',#1253,#1246,#92,.T.);
#1012=EDGE_CURVE('',#1247,#1254,#93,.T.);
#1013=EDGE_CURVE('',#1251,#1244,#1376,.F.);
#1014=EDGE_CURVE('',#1245,#1252,#1377,.T.);
#1015=EDGE_CURVE('',#1255,#1256,#266,.T.);
#1016=EDGE_CURVE('',#1255,#1257,#94,.T.);
#1017=EDGE_CURVE('',#1257,#1258,#95,.T.);
#1018=EDGE_CURVE('',#1258,#1259,#267,.T.);
#1019=EDGE_CURVE('',#1259,#1191,#96,.T.);
#1020=EDGE_CURVE('',#1191,#1256,#97,.T.);
#1021=EDGE_CURVE('',#1260,#1258,#98,.T.);
#1022=EDGE_CURVE('',#1260,#1261,#268,.T.);
#1023=EDGE_CURVE('',#1259,#1261,#99,.T.);
#1024=EDGE_CURVE('',#1262,#1263,#269,.T.);
#1025=EDGE_CURVE('',#1262,#1255,#100,.T.);
#1026=EDGE_CURVE('',#1256,#1263,#101,.T.);
#1027=EDGE_CURVE('',#1260,#1253,#1378,.F.);
#1028=EDGE_CURVE('',#1254,#1261,#1379,.T.);
#1029=EDGE_CURVE('',#1264,#1265,#270,.T.);
#1030=EDGE_CURVE('',#1264,#1266,#102,.T.);
#1031=EDGE_CURVE('',#1266,#1267,#103,.T.);
#1032=EDGE_CURVE('',#1267,#1268,#271,.T.);
#1033=EDGE_CURVE('',#1268,#1190,#104,.T.);
#1034=EDGE_CURVE('',#1190,#1265,#105,.T.);
#1035=EDGE_CURVE('',#1269,#1267,#106,.T.);
#1036=EDGE_CURVE('',#1269,#1270,#272,.T.);
#1037=EDGE_CURVE('',#1268,#1270,#107,.T.);
#1038=EDGE_CURVE('',#1271,#1272,#273,.T.);
#1039=EDGE_CURVE('',#1271,#1264,#108,.T.);
#1040=EDGE_CURVE('',#1265,#1272,#109,.T.);
#1041=EDGE_CURVE('',#1269,#1262,#1380,.F.);
#1042=EDGE_CURVE('',#1263,#1270,#1381,.T.);
#1043=EDGE_CURVE('',#1273,#1274,#274,.T.);
#1044=EDGE_CURVE('',#1273,#1275,#110,.T.);
#1045=EDGE_CURVE('',#1275,#1276,#111,.T.);
#1046=EDGE_CURVE('',#1276,#1277,#275,.T.);
#1047=EDGE_CURVE('',#1277,#1189,#112,.T.);
#1048=EDGE_CURVE('',#1189,#1274,#113,.T.);
#1049=EDGE_CURVE('',#1278,#1276,#114,.T.);
#1050=EDGE_CURVE('',#1278,#1279,#276,.T.);
#1051=EDGE_CURVE('',#1277,#1279,#115,.T.);
#1052=EDGE_CURVE('',#1280,#1281,#277,.T.);
#1053=EDGE_CURVE('',#1280,#1273,#116,.T.);
#1054=EDGE_CURVE('',#1274,#1281,#117,.T.);
#1055=EDGE_CURVE('',#1278,#1271,#1382,.F.);
#1056=EDGE_CURVE('',#1272,#1279,#1383,.T.);
#1057=EDGE_CURVE('',#1282,#1283,#278,.T.);
#1058=EDGE_CURVE('',#1282,#1284,#118,.T.);
#1059=EDGE_CURVE('',#1284,#1285,#119,.T.);
#1060=EDGE_CURVE('',#1285,#1286,#279,.T.);
#1061=EDGE_CURVE('',#1286,#1188,#120,.T.);
#1062=EDGE_CURVE('',#1188,#1283,#121,.T.);
#1063=EDGE_CURVE('',#1287,#1285,#122,.T.);
#1064=EDGE_CURVE('',#1287,#1288,#280,.T.);
#1065=EDGE_CURVE('',#1286,#1288,#123,.T.);
#1066=EDGE_CURVE('',#1289,#1290,#281,.T.);
#1067=EDGE_CURVE('',#1289,#1282,#124,.T.);
#1068=EDGE_CURVE('',#1283,#1290,#125,.T.);
#1069=EDGE_CURVE('',#1287,#1280,#1384,.F.);
#1070=EDGE_CURVE('',#1281,#1288,#1385,.T.);
#1071=EDGE_CURVE('',#1291,#1292,#282,.T.);
#1072=EDGE_CURVE('',#1291,#1293,#126,.T.);
#1073=EDGE_CURVE('',#1293,#1294,#127,.T.);
#1074=EDGE_CURVE('',#1294,#1295,#283,.T.);
#1075=EDGE_CURVE('',#1295,#1187,#128,.T.);
#1076=EDGE_CURVE('',#1187,#1292,#129,.T.);
#1077=EDGE_CURVE('',#1296,#1294,#130,.T.);
#1078=EDGE_CURVE('',#1296,#1297,#284,.T.);
#1079=EDGE_CURVE('',#1295,#1297,#131,.T.);
#1080=EDGE_CURVE('',#1298,#1299,#285,.T.);
#1081=EDGE_CURVE('',#1298,#1291,#132,.T.);
#1082=EDGE_CURVE('',#1292,#1299,#133,.T.);
#1083=EDGE_CURVE('',#1296,#1289,#1386,.F.);
#1084=EDGE_CURVE('',#1290,#1297,#1387,.T.);
#1085=EDGE_CURVE('',#1300,#1301,#286,.T.);
#1086=EDGE_CURVE('',#1300,#1302,#134,.T.);
#1087=EDGE_CURVE('',#1302,#1303,#135,.T.);
#1088=EDGE_CURVE('',#1303,#1304,#287,.T.);
#1089=EDGE_CURVE('',#1304,#1186,#136,.T.);
#1090=EDGE_CURVE('',#1186,#1301,#137,.T.);
#1091=EDGE_CURVE('',#1305,#1303,#138,.T.);
#1092=EDGE_CURVE('',#1305,#1306,#288,.T.);
#1093=EDGE_CURVE('',#1304,#1306,#139,.T.);
#1094=EDGE_CURVE('',#1307,#1308,#289,.T.);
#1095=EDGE_CURVE('',#1307,#1300,#140,.T.);
#1096=EDGE_CURVE('',#1301,#1308,#141,.T.);
#1097=EDGE_CURVE('',#1305,#1298,#1388,.F.);
#1098=EDGE_CURVE('',#1299,#1306,#1389,.T.);
#1099=EDGE_CURVE('',#1309,#1310,#290,.T.);
#1100=EDGE_CURVE('',#1309,#1311,#142,.T.);
#1101=EDGE_CURVE('',#1311,#1312,#143,.T.);
#1102=EDGE_CURVE('',#1312,#1313,#291,.T.);
#1103=EDGE_CURVE('',#1313,#1185,#144,.T.);
#1104=EDGE_CURVE('',#1185,#1310,#145,.T.);
#1105=EDGE_CURVE('',#1314,#1312,#146,.T.);
#1106=EDGE_CURVE('',#1314,#1315,#292,.T.);
#1107=EDGE_CURVE('',#1313,#1315,#147,.T.);
#1108=EDGE_CURVE('',#1316,#1317,#293,.T.);
#1109=EDGE_CURVE('',#1316,#1309,#148,.T.);
#1110=EDGE_CURVE('',#1310,#1317,#149,.T.);
#1111=EDGE_CURVE('',#1314,#1307,#1390,.F.);
#1112=EDGE_CURVE('',#1308,#1315,#1391,.T.);
#1113=EDGE_CURVE('',#1318,#1319,#294,.T.);
#1114=EDGE_CURVE('',#1318,#1320,#150,.T.);
#1115=EDGE_CURVE('',#1320,#1321,#151,.T.);
#1116=EDGE_CURVE('',#1321,#1322,#295,.T.);
#1117=EDGE_CURVE('',#1322,#1200,#152,.T.);
#1118=EDGE_CURVE('',#1200,#1319,#153,.T.);
#1119=EDGE_CURVE('',#1323,#1321,#154,.T.);
#1120=EDGE_CURVE('',#1323,#1324,#296,.T.);
#1121=EDGE_CURVE('',#1322,#1324,#155,.T.);
#1122=EDGE_CURVE('',#1325,#1326,#297,.T.);
#1123=EDGE_CURVE('',#1325,#1318,#156,.T.);
#1124=EDGE_CURVE('',#1319,#1326,#157,.T.);
#1125=EDGE_CURVE('',#1323,#1316,#1392,.F.);
#1126=EDGE_CURVE('',#1317,#1324,#1393,.T.);
#1127=EDGE_CURVE('',#1327,#1328,#298,.T.);
#1128=EDGE_CURVE('',#1327,#1329,#158,.T.);
#1129=EDGE_CURVE('',#1329,#1330,#159,.T.);
#1130=EDGE_CURVE('',#1330,#1331,#299,.T.);
#1131=EDGE_CURVE('',#1331,#1199,#160,.T.);
#1132=EDGE_CURVE('',#1199,#1328,#161,.T.);
#1133=EDGE_CURVE('',#1332,#1330,#162,.T.);
#1134=EDGE_CURVE('',#1332,#1333,#300,.T.);
#1135=EDGE_CURVE('',#1331,#1333,#163,.T.);
#1136=EDGE_CURVE('',#1334,#1335,#301,.T.);
#1137=EDGE_CURVE('',#1334,#1327,#164,.T.);
#1138=EDGE_CURVE('',#1328,#1335,#165,.T.);
#1139=EDGE_CURVE('',#1332,#1325,#1394,.F.);
#1140=EDGE_CURVE('',#1326,#1333,#1395,.T.);
#1141=EDGE_CURVE('',#1336,#1337,#302,.T.);
#1142=EDGE_CURVE('',#1336,#1338,#166,.T.);
#1143=EDGE_CURVE('',#1338,#1339,#167,.T.);
#1144=EDGE_CURVE('',#1339,#1340,#303,.T.);
#1145=EDGE_CURVE('',#1340,#1198,#168,.T.);
#1146=EDGE_CURVE('',#1198,#1337,#169,.T.);
#1147=EDGE_CURVE('',#1341,#1339,#170,.T.);
#1148=EDGE_CURVE('',#1341,#1342,#304,.T.);
#1149=EDGE_CURVE('',#1340,#1342,#171,.T.);
#1150=EDGE_CURVE('',#1343,#1344,#305,.T.);
#1151=EDGE_CURVE('',#1343,#1336,#172,.T.);
#1152=EDGE_CURVE('',#1337,#1344,#173,.T.);
#1153=EDGE_CURVE('',#1341,#1334,#1396,.F.);
#1154=EDGE_CURVE('',#1335,#1342,#1397,.T.);
#1155=EDGE_CURVE('',#1206,#1343,#1398,.F.);
#1156=EDGE_CURVE('',#1344,#1207,#1399,.T.);
#1157=EDGE_CURVE('',#1338,#1203,#1400,.T.);
#1158=EDGE_CURVE('',#1203,#1212,#1401,.T.);
#1159=EDGE_CURVE('',#1212,#1221,#1402,.T.);
#1160=EDGE_CURVE('',#1221,#1230,#1403,.T.);
#1161=EDGE_CURVE('',#1230,#1239,#1404,.T.);
#1162=EDGE_CURVE('',#1239,#1248,#1405,.T.);
#1163=EDGE_CURVE('',#1248,#1257,#1406,.T.);
#1164=EDGE_CURVE('',#1257,#1266,#1407,.T.);
#1165=EDGE_CURVE('',#1266,#1275,#1408,.T.);
#1166=EDGE_CURVE('',#1275,#1284,#1409,.T.);
#1167=EDGE_CURVE('',#1284,#1293,#1410,.T.);
#1168=EDGE_CURVE('',#1293,#1302,#1411,.T.);
#1169=EDGE_CURVE('',#1302,#1311,#1412,.T.);
#1170=EDGE_CURVE('',#1311,#1320,#1413,.T.);
#1171=EDGE_CURVE('',#1320,#1329,#1414,.T.);
#1172=EDGE_CURVE('',#1329,#1338,#1415,.T.);
#1173=EDGE_CURVE('',#1345,#1346,#306,.T.);
#1174=EDGE_CURVE('',#1345,#1347,#307,.T.);
#1175=EDGE_CURVE('',#1348,#1347,#308,.T.);
#1176=EDGE_CURVE('',#1346,#1348,#309,.T.);
#1177=EDGE_CURVE('',#1345,#1346,#1416,.T.);
#1178=EDGE_CURVE('',#1348,#1347,#1417,.T.);
#1179=EDGE_CURVE('',#1349,#1350,#1418,.F.);
#1180=EDGE_CURVE('',#1350,#1349,#12,.T.);
#1181=EDGE_CURVE('',#1184,#1349,#174,.F.);
#1182=EDGE_CURVE('',#1350,#1183,#175,.F.);
#1183=VERTEX_POINT('',#2347);
#1184=VERTEX_POINT('',#2348);
#1185=VERTEX_POINT('',#2351);
#1186=VERTEX_POINT('',#2352);
#1187=VERTEX_POINT('',#2354);
#1188=VERTEX_POINT('',#2356);
#1189=VERTEX_POINT('',#2358);
#1190=VERTEX_POINT('',#2360);
#1191=VERTEX_POINT('',#2362);
#1192=VERTEX_POINT('',#2364);
#1193=VERTEX_POINT('',#2366);
#1194=VERTEX_POINT('',#2368);
#1195=VERTEX_POINT('',#2370);
#1196=VERTEX_POINT('',#2372);
#1197=VERTEX_POINT('',#2374);
#1198=VERTEX_POINT('',#2376);
#1199=VERTEX_POINT('',#2378);
#1200=VERTEX_POINT('',#2380);
#1201=VERTEX_POINT('',#2384);
#1202=VERTEX_POINT('',#2385);
#1203=VERTEX_POINT('',#2391);
#1204=VERTEX_POINT('',#2397);
#1205=VERTEX_POINT('',#2399);
#1206=VERTEX_POINT('',#2416);
#1207=VERTEX_POINT('',#2418);
#1208=VERTEX_POINT('',#2426);
#1209=VERTEX_POINT('',#2427);
#1210=VERTEX_POINT('',#2440);
#1211=VERTEX_POINT('',#2441);
#1212=VERTEX_POINT('',#2447);
#1213=VERTEX_POINT('',#2453);
#1214=VERTEX_POINT('',#2455);
#1215=VERTEX_POINT('',#2472);
#1216=VERTEX_POINT('',#2474);
#1217=VERTEX_POINT('',#2482);
#1218=VERTEX_POINT('',#2483);
#1219=VERTEX_POINT('',#2499);
#1220=VERTEX_POINT('',#2500);
#1221=VERTEX_POINT('',#2506);
#1222=VERTEX_POINT('',#2512);
#1223=VERTEX_POINT('',#2514);
#1224=VERTEX_POINT('',#2531);
#1225=VERTEX_POINT('',#2533);
#1226=VERTEX_POINT('',#2541);
#1227=VERTEX_POINT('',#2542);
#1228=VERTEX_POINT('',#2558);
#1229=VERTEX_POINT('',#2559);
#1230=VERTEX_POINT('',#2565);
#1231=VERTEX_POINT('',#2571);
#1232=VERTEX_POINT('',#2573);
#1233=VERTEX_POINT('',#2590);
#1234=VERTEX_POINT('',#2592);
#1235=VERTEX_POINT('',#2600);
#1236=VERTEX_POINT('',#2601);
#1237=VERTEX_POINT('',#2617);
#1238=VERTEX_POINT('',#2618);
#1239=VERTEX_POINT('',#2624);
#1240=VERTEX_POINT('',#2630);
#1241=VERTEX_POINT('',#2632);
#1242=VERTEX_POINT('',#2649);
#1243=VERTEX_POINT('',#2651);
#1244=VERTEX_POINT('',#2659);
#1245=VERTEX_POINT('',#2660);
#1246=VERTEX_POINT('',#2676);
#1247=VERTEX_POINT('',#2677);
#1248=VERTEX_POINT('',#2683);
#1249=VERTEX_POINT('',#2689);
#1250=VERTEX_POINT('',#2691);
#1251=VERTEX_POINT('',#2708);
#1252=VERTEX_POINT('',#2710);
#1253=VERTEX_POINT('',#2718);
#1254=VERTEX_POINT('',#2719);
#1255=VERTEX_POINT('',#2735);
#1256=VERTEX_POINT('',#2736);
#1257=VERTEX_POINT('',#2742);
#1258=VERTEX_POINT('',#2748);
#1259=VERTEX_POINT('',#2750);
#1260=VERTEX_POINT('',#2767);
#1261=VERTEX_POINT('',#2769);
#1262=VERTEX_POINT('',#2777);
#1263=VERTEX_POINT('',#2778);
#1264=VERTEX_POINT('',#2794);
#1265=VERTEX_POINT('',#2795);
#1266=VERTEX_POINT('',#2801);
#1267=VERTEX_POINT('',#2807);
#1268=VERTEX_POINT('',#2809);
#1269=VERTEX_POINT('',#2826);
#1270=VERTEX_POINT('',#2828);
#1271=VERTEX_POINT('',#2836);
#1272=VERTEX_POINT('',#2837);
#1273=VERTEX_POINT('',#2853);
#1274=VERTEX_POINT('',#2854);
#1275=VERTEX_POINT('',#2860);
#1276=VERTEX_POINT('',#2866);
#1277=VERTEX_POINT('',#2868);
#1278=VERTEX_POINT('',#2885);
#1279=VERTEX_POINT('',#2887);
#1280=VERTEX_POINT('',#2895);
#1281=VERTEX_POINT('',#2896);
#1282=VERTEX_POINT('',#2912);
#1283=VERTEX_POINT('',#2913);
#1284=VERTEX_POINT('',#2919);
#1285=VERTEX_POINT('',#2925);
#1286=VERTEX_POINT('',#2927);
#1287=VERTEX_POINT('',#2944);
#1288=VERTEX_POINT('',#2946);
#1289=VERTEX_POINT('',#2954);
#1290=VERTEX_POINT('',#2955);
#1291=VERTEX_POINT('',#2971);
#1292=VERTEX_POINT('',#2972);
#1293=VERTEX_POINT('',#2978);
#1294=VERTEX_POINT('',#2984);
#1295=VERTEX_POINT('',#2986);
#1296=VERTEX_POINT('',#3003);
#1297=VERTEX_POINT('',#3005);
#1298=VERTEX_POINT('',#3013);
#1299=VERTEX_POINT('',#3014);
#1300=VERTEX_POINT('',#3030);
#1301=VERTEX_POINT('',#3031);
#1302=VERTEX_POINT('',#3037);
#1303=VERTEX_POINT('',#3043);
#1304=VERTEX_POINT('',#3045);
#1305=VERTEX_POINT('',#3062);
#1306=VERTEX_POINT('',#3064);
#1307=VERTEX_POINT('',#3072);
#1308=VERTEX_POINT('',#3073);
#1309=VERTEX_POINT('',#3089);
#1310=VERTEX_POINT('',#3090);
#1311=VERTEX_POINT('',#3096);
#1312=VERTEX_POINT('',#3102);
#1313=VERTEX_POINT('',#3104);
#1314=VERTEX_POINT('',#3121);
#1315=VERTEX_POINT('',#3123);
#1316=VERTEX_POINT('',#3131);
#1317=VERTEX_POINT('',#3132);
#1318=VERTEX_POINT('',#3148);
#1319=VERTEX_POINT('',#3149);
#1320=VERTEX_POINT('',#3155);
#1321=VERTEX_POINT('',#3161);
#1322=VERTEX_POINT('',#3163);
#1323=VERTEX_POINT('',#3180);
#1324=VERTEX_POINT('',#3182);
#1325=VERTEX_POINT('',#3190);
#1326=VERTEX_POINT('',#3191);
#1327=VERTEX_POINT('',#3207);
#1328=VERTEX_POINT('',#3208);
#1329=VERTEX_POINT('',#3214);
#1330=VERTEX_POINT('',#3220);
#1331=VERTEX_POINT('',#3222);
#1332=VERTEX_POINT('',#3239);
#1333=VERTEX_POINT('',#3241);
#1334=VERTEX_POINT('',#3249);
#1335=VERTEX_POINT('',#3250);
#1336=VERTEX_POINT('',#3266);
#1337=VERTEX_POINT('',#3267);
#1338=VERTEX_POINT('',#3273);
#1339=VERTEX_POINT('',#3279);
#1340=VERTEX_POINT('',#3281);
#1341=VERTEX_POINT('',#3298);
#1342=VERTEX_POINT('',#3300);
#1343=VERTEX_POINT('',#3308);
#1344=VERTEX_POINT('',#3309);
#1345=VERTEX_POINT('',#3377);
#1346=VERTEX_POINT('',#3378);
#1347=VERTEX_POINT('',#3380);
#1348=VERTEX_POINT('',#3382);
#1349=VERTEX_POINT('',#3388);
#1350=VERTEX_POINT('',#3389);
#1351=CIRCLE('',#1755,0.006);
#1352=CIRCLE('',#1756,0.008);
#1353=CIRCLE('',#1757,0.008);
#1354=CIRCLE('',#1758,0.008);
#1355=CIRCLE('',#1759,0.008);
#1356=CIRCLE('',#1760,0.008);
#1357=CIRCLE('',#1761,0.008);
#1358=CIRCLE('',#1762,0.008);
#1359=CIRCLE('',#1763,0.008);
#1360=CIRCLE('',#1764,0.008);
#1361=CIRCLE('',#1765,0.008);
#1362=CIRCLE('',#1766,0.008);
#1363=CIRCLE('',#1767,0.008);
#1364=CIRCLE('',#1768,0.008);
#1365=CIRCLE('',#1769,0.008);
#1366=CIRCLE('',#1770,0.008);
#1367=CIRCLE('',#1771,0.008);
#1368=CIRCLE('',#1779,0.009);
#1369=CIRCLE('',#1780,0.009);
#1370=CIRCLE('',#1785,0.009);
#1371=CIRCLE('',#1786,0.009);
#1372=CIRCLE('',#1791,0.009);
#1373=CIRCLE('',#1792,0.009);
#1374=CIRCLE('',#1797,0.009);
#1375=CIRCLE('',#1798,0.009);
#1376=CIRCLE('',#1803,0.009);
#1377=CIRCLE('',#1804,0.009);
#1378=CIRCLE('',#1809,0.009);
#1379=CIRCLE('',#1810,0.009);
#1380=CIRCLE('',#1815,0.009);
#1381=CIRCLE('',#1816,0.009);
#1382=CIRCLE('',#1821,0.009);
#1383=CIRCLE('',#1822,0.009);
#1384=CIRCLE('',#1827,0.009);
#1385=CIRCLE('',#1828,0.009);
#1386=CIRCLE('',#1833,0.009);
#1387=CIRCLE('',#1834,0.009);
#1388=CIRCLE('',#1839,0.009);
#1389=CIRCLE('',#1840,0.009);
#1390=CIRCLE('',#1845,0.009);
#1391=CIRCLE('',#1846,0.009);
#1392=CIRCLE('',#1851,0.009);
#1393=CIRCLE('',#1852,0.009);
#1394=CIRCLE('',#1857,0.009);
#1395=CIRCLE('',#1858,0.009);
#1396=CIRCLE('',#1863,0.009);
#1397=CIRCLE('',#1864,0.009);
#1398=CIRCLE('',#1866,0.009);
#1399=CIRCLE('',#1867,0.009);
#1400=CIRCLE('',#1871,0.008);
#1401=CIRCLE('',#1873,0.008);
#1402=CIRCLE('',#1876,0.008);
#1403=CIRCLE('',#1879,0.008);
#1404=CIRCLE('',#1882,0.008);
#1405=CIRCLE('',#1885,0.008);
#1406=CIRCLE('',#1888,0.008);
#1407=CIRCLE('',#1891,0.008);
#1408=CIRCLE('',#1894,0.008);
#1409=CIRCLE('',#1897,0.008);
#1410=CIRCLE('',#1900,0.008);
#1411=CIRCLE('',#1903,0.008);
#1412=CIRCLE('',#1906,0.008);
#1413=CIRCLE('',#1909,0.008);
#1414=CIRCLE('',#1912,0.008);
#1415=CIRCLE('',#1915,0.008);
#1416=CIRCLE('',#1919,0.003);
#1417=CIRCLE('',#1920,0.003);
#1418=CIRCLE('',#1921,0.003);
#1419=EDGE_LOOP('',(#379,#380));
#1420=EDGE_LOOP('',(#381,#382,#383,#384,#385,#386,#387,#388,#389,#390,#391,
#392,#393,#394,#395,#396));
#1421=EDGE_LOOP('',(#397,#398,#399,#400,#401,#402));
#1422=EDGE_LOOP('',(#403,#404,#405,#406));
#1423=EDGE_LOOP('',(#407,#408,#409,#410));
#1424=EDGE_LOOP('',(#411,#412,#413,#414,#415,#416));
#1425=EDGE_LOOP('',(#417,#418,#419,#420));
#1426=EDGE_LOOP('',(#421,#422,#423,#424));
#1427=EDGE_LOOP('',(#425,#426,#427,#428));
#1428=EDGE_LOOP('',(#429,#430,#431,#432,#433,#434));
#1429=EDGE_LOOP('',(#435,#436,#437,#438));
#1430=EDGE_LOOP('',(#439,#440,#441,#442));
#1431=EDGE_LOOP('',(#443,#444,#445,#446));
#1432=EDGE_LOOP('',(#447,#448,#449,#450,#451,#452));
#1433=EDGE_LOOP('',(#453,#454,#455,#456));
#1434=EDGE_LOOP('',(#457,#458,#459,#460));
#1435=EDGE_LOOP('',(#461,#462,#463,#464));
#1436=EDGE_LOOP('',(#465,#466,#467,#468,#469,#470));
#1437=EDGE_LOOP('',(#471,#472,#473,#474));
#1438=EDGE_LOOP('',(#475,#476,#477,#478));
#1439=EDGE_LOOP('',(#479,#480,#481,#482));
#1440=EDGE_LOOP('',(#483,#484,#485,#486,#487,#488));
#1441=EDGE_LOOP('',(#489,#490,#491,#492));
#1442=EDGE_LOOP('',(#493,#494,#495,#496));
#1443=EDGE_LOOP('',(#497,#498,#499,#500));
#1444=EDGE_LOOP('',(#501,#502,#503,#504,#505,#506));
#1445=EDGE_LOOP('',(#507,#508,#509,#510));
#1446=EDGE_LOOP('',(#511,#512,#513,#514));
#1447=EDGE_LOOP('',(#515,#516,#517,#518));
#1448=EDGE_LOOP('',(#519,#520,#521,#522,#523,#524));
#1449=EDGE_LOOP('',(#525,#526,#527,#528));
#1450=EDGE_LOOP('',(#529,#530,#531,#532));
#1451=EDGE_LOOP('',(#533,#534,#535,#536));
#1452=EDGE_LOOP('',(#537,#538,#539,#540,#541,#542));
#1453=EDGE_LOOP('',(#543,#544,#545,#546));
#1454=EDGE_LOOP('',(#547,#548,#549,#550));
#1455=EDGE_LOOP('',(#551,#552,#553,#554));
#1456=EDGE_LOOP('',(#555,#556,#557,#558,#559,#560));
#1457=EDGE_LOOP('',(#561,#562,#563,#564));
#1458=EDGE_LOOP('',(#565,#566,#567,#568));
#1459=EDGE_LOOP('',(#569,#570,#571,#572));
#1460=EDGE_LOOP('',(#573,#574,#575,#576,#577,#578));
#1461=EDGE_LOOP('',(#579,#580,#581,#582));
#1462=EDGE_LOOP('',(#583,#584,#585,#586));
#1463=EDGE_LOOP('',(#587,#588,#589,#590));
#1464=EDGE_LOOP('',(#591,#592,#593,#594,#595,#596));
#1465=EDGE_LOOP('',(#597,#598,#599,#600));
#1466=EDGE_LOOP('',(#601,#602,#603,#604));
#1467=EDGE_LOOP('',(#605,#606,#607,#608));
#1468=EDGE_LOOP('',(#609,#610,#611,#612,#613,#614));
#1469=EDGE_LOOP('',(#615,#616,#617,#618));
#1470=EDGE_LOOP('',(#619,#620,#621,#622));
#1471=EDGE_LOOP('',(#623,#624,#625,#626));
#1472=EDGE_LOOP('',(#627,#628,#629,#630,#631,#632));
#1473=EDGE_LOOP('',(#633,#634,#635,#636));
#1474=EDGE_LOOP('',(#637,#638,#639,#640));
#1475=EDGE_LOOP('',(#641,#642,#643,#644));
#1476=EDGE_LOOP('',(#645,#646,#647,#648,#649,#650));
#1477=EDGE_LOOP('',(#651,#652,#653,#654));
#1478=EDGE_LOOP('',(#655,#656,#657,#658));
#1479=EDGE_LOOP('',(#659,#660,#661,#662));
#1480=EDGE_LOOP('',(#663,#664,#665,#666,#667,#668));
#1481=EDGE_LOOP('',(#669,#670,#671,#672));
#1482=EDGE_LOOP('',(#673,#674,#675,#676));
#1483=EDGE_LOOP('',(#677,#678,#679,#680));
#1484=EDGE_LOOP('',(#681,#682,#683,#684));
#1485=EDGE_LOOP('',(#685,#686,#687,#688,#689,#690));
#1486=EDGE_LOOP('',(#691,#692,#693,#694,#695,#696));
#1487=EDGE_LOOP('',(#697,#698,#699,#700,#701,#702));
#1488=EDGE_LOOP('',(#703,#704,#705,#706,#707,#708));
#1489=EDGE_LOOP('',(#709,#710,#711,#712,#713,#714));
#1490=EDGE_LOOP('',(#715,#716,#717,#718,#719,#720));
#1491=EDGE_LOOP('',(#721,#722,#723,#724,#725,#726));
#1492=EDGE_LOOP('',(#727,#728,#729,#730,#731,#732));
#1493=EDGE_LOOP('',(#733,#734,#735,#736,#737,#738));
#1494=EDGE_LOOP('',(#739,#740,#741,#742,#743,#744));
#1495=EDGE_LOOP('',(#745,#746,#747,#748,#749,#750));
#1496=EDGE_LOOP('',(#751,#752,#753,#754,#755,#756));
#1497=EDGE_LOOP('',(#757,#758,#759,#760,#761,#762));
#1498=EDGE_LOOP('',(#763,#764,#765,#766,#767,#768));
#1499=EDGE_LOOP('',(#769,#770,#771,#772,#773,#774));
#1500=EDGE_LOOP('',(#775,#776,#777,#778,#779,#780));
#1501=EDGE_LOOP('',(#781,#782,#783,#784,#785,#786));
#1502=EDGE_LOOP('',(#787,#788,#789,#790,#791,#792));
#1503=EDGE_LOOP('',(#793,#794,#795,#796,#797,#798));
#1504=EDGE_LOOP('',(#799,#800,#801,#802,#803,#804));
#1505=EDGE_LOOP('',(#805,#806,#807,#808,#809,#810));
#1506=EDGE_LOOP('',(#811,#812,#813,#814,#815,#816));
#1507=EDGE_LOOP('',(#817,#818,#819,#820,#821,#822));
#1508=EDGE_LOOP('',(#823,#824,#825,#826,#827,#828));
#1509=EDGE_LOOP('',(#829,#830,#831,#832,#833,#834));
#1510=EDGE_LOOP('',(#835,#836,#837,#838,#839,#840));
#1511=EDGE_LOOP('',(#841,#842,#843,#844,#845,#846));
#1512=EDGE_LOOP('',(#847,#848,#849,#850,#851,#852));
#1513=EDGE_LOOP('',(#853,#854,#855,#856,#857,#858));
#1514=EDGE_LOOP('',(#859,#860,#861,#862,#863,#864));
#1515=EDGE_LOOP('',(#865,#866,#867,#868,#869,#870));
#1516=EDGE_LOOP('',(#871,#872,#873,#874,#875,#876));
#1517=EDGE_LOOP('',(#877,#878,#879,#880,#881,#882,#883,#884,#885,#886,#887,
#888,#889,#890,#891,#892));
#1518=EDGE_LOOP('',(#893,#894,#895,#896));
#1519=EDGE_LOOP('',(#897,#898,#899,#900));
#1520=EDGE_LOOP('',(#901,#902));
#1521=EDGE_LOOP('',(#903,#904));
#1522=EDGE_LOOP('',(#905,#906,#907,#908));
#1523=EDGE_LOOP('',(#909,#910,#911,#912));
#1524=EDGE_LOOP('',(#913,#914));
#1525=FACE_BOUND('',#1419,.T.);
#1526=FACE_BOUND('',#1420,.T.);
#1527=FACE_BOUND('',#1421,.T.);
#1528=FACE_BOUND('',#1422,.T.);
#1529=FACE_BOUND('',#1423,.T.);
#1530=FACE_BOUND('',#1424,.T.);
#1531=FACE_BOUND('',#1425,.T.);
#1532=FACE_BOUND('',#1426,.T.);
#1533=FACE_BOUND('',#1427,.T.);
#1534=FACE_BOUND('',#1428,.T.);
#1535=FACE_BOUND('',#1429,.T.);
#1536=FACE_BOUND('',#1430,.T.);
#1537=FACE_BOUND('',#1431,.T.);
#1538=FACE_BOUND('',#1432,.T.);
#1539=FACE_BOUND('',#1433,.T.);
#1540=FACE_BOUND('',#1434,.T.);
#1541=FACE_BOUND('',#1435,.T.);
#1542=FACE_BOUND('',#1436,.T.);
#1543=FACE_BOUND('',#1437,.T.);
#1544=FACE_BOUND('',#1438,.T.);
#1545=FACE_BOUND('',#1439,.T.);
#1546=FACE_BOUND('',#1440,.T.);
#1547=FACE_BOUND('',#1441,.T.);
#1548=FACE_BOUND('',#1442,.T.);
#1549=FACE_BOUND('',#1443,.T.);
#1550=FACE_BOUND('',#1444,.T.);
#1551=FACE_BOUND('',#1445,.T.);
#1552=FACE_BOUND('',#1446,.T.);
#1553=FACE_BOUND('',#1447,.T.);
#1554=FACE_BOUND('',#1448,.T.);
#1555=FACE_BOUND('',#1449,.T.);
#1556=FACE_BOUND('',#1450,.T.);
#1557=FACE_BOUND('',#1451,.T.);
#1558=FACE_BOUND('',#1452,.T.);
#1559=FACE_BOUND('',#1453,.T.);
#1560=FACE_BOUND('',#1454,.T.);
#1561=FACE_BOUND('',#1455,.T.);
#1562=FACE_BOUND('',#1456,.T.);
#1563=FACE_BOUND('',#1457,.T.);
#1564=FACE_BOUND('',#1458,.T.);
#1565=FACE_BOUND('',#1459,.T.);
#1566=FACE_BOUND('',#1460,.T.);
#1567=FACE_BOUND('',#1461,.T.);
#1568=FACE_BOUND('',#1462,.T.);
#1569=FACE_BOUND('',#1463,.T.);
#1570=FACE_BOUND('',#1464,.T.);
#1571=FACE_BOUND('',#1465,.T.);
#1572=FACE_BOUND('',#1466,.T.);
#1573=FACE_BOUND('',#1467,.T.);
#1574=FACE_BOUND('',#1468,.T.);
#1575=FACE_BOUND('',#1469,.T.);
#1576=FACE_BOUND('',#1470,.T.);
#1577=FACE_BOUND('',#1471,.T.);
#1578=FACE_BOUND('',#1472,.T.);
#1579=FACE_BOUND('',#1473,.T.);
#1580=FACE_BOUND('',#1474,.T.);
#1581=FACE_BOUND('',#1475,.T.);
#1582=FACE_BOUND('',#1476,.T.);
#1583=FACE_BOUND('',#1477,.T.);
#1584=FACE_BOUND('',#1478,.T.);
#1585=FACE_BOUND('',#1479,.T.);
#1586=FACE_BOUND('',#1480,.T.);
#1587=FACE_BOUND('',#1481,.T.);
#1588=FACE_BOUND('',#1482,.T.);
#1589=FACE_BOUND('',#1483,.T.);
#1590=FACE_BOUND('',#1484,.T.);
#1591=FACE_BOUND('',#1485,.T.);
#1592=FACE_BOUND('',#1486,.T.);
#1593=FACE_BOUND('',#1487,.T.);
#1594=FACE_BOUND('',#1488,.T.);
#1595=FACE_BOUND('',#1489,.T.);
#1596=FACE_BOUND('',#1490,.T.);
#1597=FACE_BOUND('',#1491,.T.);
#1598=FACE_BOUND('',#1492,.T.);
#1599=FACE_BOUND('',#1493,.T.);
#1600=FACE_BOUND('',#1494,.T.);
#1601=FACE_BOUND('',#1495,.T.);
#1602=FACE_BOUND('',#1496,.T.);
#1603=FACE_BOUND('',#1497,.T.);
#1604=FACE_BOUND('',#1498,.T.);
#1605=FACE_BOUND('',#1499,.T.);
#1606=FACE_BOUND('',#1500,.T.);
#1607=FACE_BOUND('',#1501,.T.);
#1608=FACE_BOUND('',#1502,.T.);
#1609=FACE_BOUND('',#1503,.T.);
#1610=FACE_BOUND('',#1504,.T.);
#1611=FACE_BOUND('',#1505,.T.);
#1612=FACE_BOUND('',#1506,.T.);
#1613=FACE_BOUND('',#1507,.T.);
#1614=FACE_BOUND('',#1508,.T.);
#1615=FACE_BOUND('',#1509,.T.);
#1616=FACE_BOUND('',#1510,.T.);
#1617=FACE_BOUND('',#1511,.T.);
#1618=FACE_BOUND('',#1512,.T.);
#1619=FACE_BOUND('',#1513,.T.);
#1620=FACE_BOUND('',#1514,.T.);
#1621=FACE_BOUND('',#1515,.T.);
#1622=FACE_BOUND('',#1516,.T.);
#1623=FACE_BOUND('',#1517,.T.);
#1624=FACE_BOUND('',#1518,.T.);
#1625=FACE_BOUND('',#1519,.T.);
#1626=FACE_BOUND('',#1520,.T.);
#1627=FACE_BOUND('',#1521,.T.);
#1628=FACE_BOUND('',#1522,.T.);
#1629=FACE_BOUND('',#1523,.T.);
#1630=FACE_BOUND('',#1524,.T.);
#1631=PLANE('',#1754);
#1632=PLANE('',#1916);
#1633=PLANE('',#1917);
#1634=PLANE('',#1923);
#1635=PLANE('',#1925);
#1636=PLANE('',#1926);
#1637=ADVANCED_FACE('',(#1525,#1526),#1631,.F.);
#1638=ADVANCED_FACE('',(#1527),#176,.F.);
#1639=ADVANCED_FACE('',(#1528),#177,.T.);
#1640=ADVANCED_FACE('',(#1529),#178,.T.);
#1641=ADVANCED_FACE('',(#1530),#179,.F.);
#1642=ADVANCED_FACE('',(#1531),#180,.T.);
#1643=ADVANCED_FACE('',(#1532),#181,.T.);
#1644=ADVANCED_FACE('',(#1533),#182,.T.);
#1645=ADVANCED_FACE('',(#1534),#183,.F.);
#1646=ADVANCED_FACE('',(#1535),#184,.T.);
#1647=ADVANCED_FACE('',(#1536),#185,.T.);
#1648=ADVANCED_FACE('',(#1537),#186,.T.);
#1649=ADVANCED_FACE('',(#1538),#187,.F.);
#1650=ADVANCED_FACE('',(#1539),#188,.T.);
#1651=ADVANCED_FACE('',(#1540),#189,.T.);
#1652=ADVANCED_FACE('',(#1541),#190,.T.);
#1653=ADVANCED_FACE('',(#1542),#191,.F.);
#1654=ADVANCED_FACE('',(#1543),#192,.T.);
#1655=ADVANCED_FACE('',(#1544),#193,.T.);
#1656=ADVANCED_FACE('',(#1545),#194,.T.);
#1657=ADVANCED_FACE('',(#1546),#195,.F.);
#1658=ADVANCED_FACE('',(#1547),#196,.T.);
#1659=ADVANCED_FACE('',(#1548),#197,.T.);
#1660=ADVANCED_FACE('',(#1549),#198,.T.);
#1661=ADVANCED_FACE('',(#1550),#199,.F.);
#1662=ADVANCED_FACE('',(#1551),#200,.T.);
#1663=ADVANCED_FACE('',(#1552),#201,.T.);
#1664=ADVANCED_FACE('',(#1553),#202,.T.);
#1665=ADVANCED_FACE('',(#1554),#203,.F.);
#1666=ADVANCED_FACE('',(#1555),#204,.T.);
#1667=ADVANCED_FACE('',(#1556),#205,.T.);
#1668=ADVANCED_FACE('',(#1557),#206,.T.);
#1669=ADVANCED_FACE('',(#1558),#207,.F.);
#1670=ADVANCED_FACE('',(#1559),#208,.T.);
#1671=ADVANCED_FACE('',(#1560),#209,.T.);
#1672=ADVANCED_FACE('',(#1561),#210,.T.);
#1673=ADVANCED_FACE('',(#1562),#211,.F.);
#1674=ADVANCED_FACE('',(#1563),#212,.T.);
#1675=ADVANCED_FACE('',(#1564),#213,.T.);
#1676=ADVANCED_FACE('',(#1565),#214,.T.);
#1677=ADVANCED_FACE('',(#1566),#215,.F.);
#1678=ADVANCED_FACE('',(#1567),#216,.T.);
#1679=ADVANCED_FACE('',(#1568),#217,.T.);
#1680=ADVANCED_FACE('',(#1569),#218,.T.);
#1681=ADVANCED_FACE('',(#1570),#219,.F.);
#1682=ADVANCED_FACE('',(#1571),#220,.T.);
#1683=ADVANCED_FACE('',(#1572),#221,.T.);
#1684=ADVANCED_FACE('',(#1573),#222,.T.);
#1685=ADVANCED_FACE('',(#1574),#223,.F.);
#1686=ADVANCED_FACE('',(#1575),#224,.T.);
#1687=ADVANCED_FACE('',(#1576),#225,.T.);
#1688=ADVANCED_FACE('',(#1577),#226,.T.);
#1689=ADVANCED_FACE('',(#1578),#227,.F.);
#1690=ADVANCED_FACE('',(#1579),#228,.T.);
#1691=ADVANCED_FACE('',(#1580),#229,.T.);
#1692=ADVANCED_FACE('',(#1581),#230,.T.);
#1693=ADVANCED_FACE('',(#1582),#231,.F.);
#1694=ADVANCED_FACE('',(#1583),#232,.T.);
#1695=ADVANCED_FACE('',(#1584),#233,.T.);
#1696=ADVANCED_FACE('',(#1585),#234,.T.);
#1697=ADVANCED_FACE('',(#1586),#235,.F.);
#1698=ADVANCED_FACE('',(#1587),#236,.T.);
#1699=ADVANCED_FACE('',(#1588),#237,.T.);
#1700=ADVANCED_FACE('',(#1589),#238,.T.);
#1701=ADVANCED_FACE('',(#1590),#239,.T.);
#1702=ADVANCED_FACE('',(#1591),#13,.T.);
#1703=ADVANCED_FACE('',(#1592),#14,.T.);
#1704=ADVANCED_FACE('',(#1593),#15,.T.);
#1705=ADVANCED_FACE('',(#1594),#16,.T.);
#1706=ADVANCED_FACE('',(#1595),#17,.T.);
#1707=ADVANCED_FACE('',(#1596),#18,.T.);
#1708=ADVANCED_FACE('',(#1597),#19,.T.);
#1709=ADVANCED_FACE('',(#1598),#20,.T.);
#1710=ADVANCED_FACE('',(#1599),#21,.T.);
#1711=ADVANCED_FACE('',(#1600),#22,.T.);
#1712=ADVANCED_FACE('',(#1601),#23,.T.);
#1713=ADVANCED_FACE('',(#1602),#24,.T.);
#1714=ADVANCED_FACE('',(#1603),#25,.T.);
#1715=ADVANCED_FACE('',(#1604),#26,.T.);
#1716=ADVANCED_FACE('',(#1605),#27,.T.);
#1717=ADVANCED_FACE('',(#1606),#28,.T.);
#1718=ADVANCED_FACE('',(#1607),#29,.T.);
#1719=ADVANCED_FACE('',(#1608),#30,.T.);
#1720=ADVANCED_FACE('',(#1609),#31,.T.);
#1721=ADVANCED_FACE('',(#1610),#32,.T.);
#1722=ADVANCED_FACE('',(#1611),#33,.T.);
#1723=ADVANCED_FACE('',(#1612),#34,.T.);
#1724=ADVANCED_FACE('',(#1613),#35,.T.);
#1725=ADVANCED_FACE('',(#1614),#36,.T.);
#1726=ADVANCED_FACE('',(#1615),#37,.T.);
#1727=ADVANCED_FACE('',(#1616),#38,.T.);
#1728=ADVANCED_FACE('',(#1617),#39,.T.);
#1729=ADVANCED_FACE('',(#1618),#40,.T.);
#1730=ADVANCED_FACE('',(#1619),#41,.T.);
#1731=ADVANCED_FACE('',(#1620),#42,.T.);
#1732=ADVANCED_FACE('',(#1621),#43,.T.);
#1733=ADVANCED_FACE('',(#1622),#44,.T.);
#1734=ADVANCED_FACE('',(#1623),#1632,.T.);
#1735=ADVANCED_FACE('',(#1624),#1633,.T.);
#1736=ADVANCED_FACE('',(#1625,#1626),#240,.F.);
#1737=ADVANCED_FACE('',(#1627),#1634,.F.);
#1738=ADVANCED_FACE('',(#1628),#45,.F.);
#1739=ADVANCED_FACE('',(#1629),#1635,.T.);
#1740=ADVANCED_FACE('',(#1630),#1636,.F.);
#1741=CLOSED_SHELL('',(#1637,#1638,#1639,#1640,#1641,#1642,#1643,#1644,
#1645,#1646,#1647,#1648,#1649,#1650,#1651,#1652,#1653,#1654,#1655,#1656,
#1657,#1658,#1659,#1660,#1661,#1662,#1663,#1664,#1665,#1666,#1667,#1668,
#1669,#1670,#1671,#1672,#1673,#1674,#1675,#1676,#1677,#1678,#1679,#1680,
#1681,#1682,#1683,#1684,#1685,#1686,#1687,#1688,#1689,#1690,#1691,#1692,
#1693,#1694,#1695,#1696,#1697,#1698,#1699,#1700,#1701,#1702,#1703,#1704,
#1705,#1706,#1707,#1708,#1709,#1710,#1711,#1712,#1713,#1714,#1715,#1716,
#1717,#1718,#1719,#1720,#1721,#1722,#1723,#1724,#1725,#1726,#1727,#1728,
#1729,#1730,#1731,#1732,#1733,#1734,#1735,#1736,#1737,#1738,#1739,#1740));
#1742=STYLED_ITEM('',(#1743),#1750);
#1743=PRESENTATION_STYLE_ASSIGNMENT((#1744));
#1744=SURFACE_STYLE_USAGE(.BOTH.,#1745);
#1745=SURFACE_SIDE_STYLE('',(#1746));
#1746=SURFACE_STYLE_FILL_AREA(#1747);
#1747=FILL_AREA_STYLE('',(#1748));
#1748=FILL_AREA_STYLE_COLOUR('',#1749);
#1749=COLOUR_RGB('',0.282352941176471,0.549019607843137,0.16078431372549);
#1750=MANIFOLD_SOLID_BREP('Knob',#1741);
#1751=SHAPE_DEFINITION_REPRESENTATION(#3409,#1752);
#1752=SHAPE_REPRESENTATION('Knob',(#1753),#3404);
#1753=AXIS2_PLACEMENT_3D('',#2344,#1927,#1928);
#1754=AXIS2_PLACEMENT_3D('',#2345,#1929,#1930);
#1755=AXIS2_PLACEMENT_3D('',#2346,#1931,#1932);
#1756=AXIS2_PLACEMENT_3D('',#2350,#1934,#1935);
#1757=AXIS2_PLACEMENT_3D('',#2353,#1936,#1937);
#1758=AXIS2_PLACEMENT_3D('',#2355,#1938,#1939);
#1759=AXIS2_PLACEMENT_3D('',#2357,#1940,#1941);
#1760=AXIS2_PLACEMENT_3D('',#2359,#1942,#1943);
#1761=AXIS2_PLACEMENT_3D('',#2361,#1944,#1945);
#1762=AXIS2_PLACEMENT_3D('',#2363,#1946,#1947);
#1763=AXIS2_PLACEMENT_3D('',#2365,#1948,#1949);
#1764=AXIS2_PLACEMENT_3D('',#2367,#1950,#1951);
#1765=AXIS2_PLACEMENT_3D('',#2369,#1952,#1953);
#1766=AXIS2_PLACEMENT_3D('',#2371,#1954,#1955);
#1767=AXIS2_PLACEMENT_3D('',#2373,#1956,#1957);
#1768=AXIS2_PLACEMENT_3D('',#2375,#1958,#1959);
#1769=AXIS2_PLACEMENT_3D('',#2377,#1960,#1961);
#1770=AXIS2_PLACEMENT_3D('',#2379,#1962,#1963);
#1771=AXIS2_PLACEMENT_3D('',#2381,#1964,#1965);
#1772=AXIS2_PLACEMENT_3D('',#2382,#1966,#1967);
#1773=AXIS2_PLACEMENT_3D('',#2410,#1970,#1971);
#1774=AXIS2_PLACEMENT_3D('',#2424,#1973,#1974);
#1775=AXIS2_PLACEMENT_3D('',#2438,#1976,#1977);
#1776=AXIS2_PLACEMENT_3D('',#2466,#1980,#1981);
#1777=AXIS2_PLACEMENT_3D('',#2480,#1983,#1984);
#1778=AXIS2_PLACEMENT_3D('',#2494,#1986,#1987);
#1779=AXIS2_PLACEMENT_3D('',#2495,#1988,#1989);
#1780=AXIS2_PLACEMENT_3D('',#2496,#1990,#1991);
#1781=AXIS2_PLACEMENT_3D('',#2497,#1992,#1993);
#1782=AXIS2_PLACEMENT_3D('',#2525,#1996,#1997);
#1783=AXIS2_PLACEMENT_3D('',#2539,#1999,#2000);
#1784=AXIS2_PLACEMENT_3D('',#2553,#2002,#2003);
#1785=AXIS2_PLACEMENT_3D('',#2554,#2004,#2005);
#1786=AXIS2_PLACEMENT_3D('',#2555,#2006,#2007);
#1787=AXIS2_PLACEMENT_3D('',#2556,#2008,#2009);
#1788=AXIS2_PLACEMENT_3D('',#2584,#2012,#2013);
#1789=AXIS2_PLACEMENT_3D('',#2598,#2015,#2016);
#1790=AXIS2_PLACEMENT_3D('',#2612,#2018,#2019);
#1791=AXIS2_PLACEMENT_3D('',#2613,#2020,#2021);
#1792=AXIS2_PLACEMENT_3D('',#2614,#2022,#2023);
#1793=AXIS2_PLACEMENT_3D('',#2615,#2024,#2025);
#1794=AXIS2_PLACEMENT_3D('',#2643,#2028,#2029);
#1795=AXIS2_PLACEMENT_3D('',#2657,#2031,#2032);
#1796=AXIS2_PLACEMENT_3D('',#2671,#2034,#2035);
#1797=AXIS2_PLACEMENT_3D('',#2672,#2036,#2037);
#1798=AXIS2_PLACEMENT_3D('',#2673,#2038,#2039);
#1799=AXIS2_PLACEMENT_3D('',#2674,#2040,#2041);
#1800=AXIS2_PLACEMENT_3D('',#2702,#2044,#2045);
#1801=AXIS2_PLACEMENT_3D('',#2716,#2047,#2048);
#1802=AXIS2_PLACEMENT_3D('',#2730,#2050,#2051);
#1803=AXIS2_PLACEMENT_3D('',#2731,#2052,#2053);
#1804=AXIS2_PLACEMENT_3D('',#2732,#2054,#2055);
#1805=AXIS2_PLACEMENT_3D('',#2733,#2056,#2057);
#1806=AXIS2_PLACEMENT_3D('',#2761,#2060,#2061);
#1807=AXIS2_PLACEMENT_3D('',#2775,#2063,#2064);
#1808=AXIS2_PLACEMENT_3D('',#2789,#2066,#2067);
#1809=AXIS2_PLACEMENT_3D('',#2790,#2068,#2069);
#1810=AXIS2_PLACEMENT_3D('',#2791,#2070,#2071);
#1811=AXIS2_PLACEMENT_3D('',#2792,#2072,#2073);
#1812=AXIS2_PLACEMENT_3D('',#2820,#2076,#2077);
#1813=AXIS2_PLACEMENT_3D('',#2834,#2079,#2080);
#1814=AXIS2_PLACEMENT_3D('',#2848,#2082,#2083);
#1815=AXIS2_PLACEMENT_3D('',#2849,#2084,#2085);
#1816=AXIS2_PLACEMENT_3D('',#2850,#2086,#2087);
#1817=AXIS2_PLACEMENT_3D('',#2851,#2088,#2089);
#1818=AXIS2_PLACEMENT_3D('',#2879,#2092,#2093);
#1819=AXIS2_PLACEMENT_3D('',#2893,#2095,#2096);
#1820=AXIS2_PLACEMENT_3D('',#2907,#2098,#2099);
#1821=AXIS2_PLACEMENT_3D('',#2908,#2100,#2101);
#1822=AXIS2_PLACEMENT_3D('',#2909,#2102,#2103);
#1823=AXIS2_PLACEMENT_3D('',#2910,#2104,#2105);
#1824=AXIS2_PLACEMENT_3D('',#2938,#2108,#2109);
#1825=AXIS2_PLACEMENT_3D('',#2952,#2111,#2112);
#1826=AXIS2_PLACEMENT_3D('',#2966,#2114,#2115);
#1827=AXIS2_PLACEMENT_3D('',#2967,#2116,#2117);
#1828=AXIS2_PLACEMENT_3D('',#2968,#2118,#2119);
#1829=AXIS2_PLACEMENT_3D('',#2969,#2120,#2121);
#1830=AXIS2_PLACEMENT_3D('',#2997,#2124,#2125);
#1831=AXIS2_PLACEMENT_3D('',#3011,#2127,#2128);
#1832=AXIS2_PLACEMENT_3D('',#3025,#2130,#2131);
#1833=AXIS2_PLACEMENT_3D('',#3026,#2132,#2133);
#1834=AXIS2_PLACEMENT_3D('',#3027,#2134,#2135);
#1835=AXIS2_PLACEMENT_3D('',#3028,#2136,#2137);
#1836=AXIS2_PLACEMENT_3D('',#3056,#2140,#2141);
#1837=AXIS2_PLACEMENT_3D('',#3070,#2143,#2144);
#1838=AXIS2_PLACEMENT_3D('',#3084,#2146,#2147);
#1839=AXIS2_PLACEMENT_3D('',#3085,#2148,#2149);
#1840=AXIS2_PLACEMENT_3D('',#3086,#2150,#2151);
#1841=AXIS2_PLACEMENT_3D('',#3087,#2152,#2153);
#1842=AXIS2_PLACEMENT_3D('',#3115,#2156,#2157);
#1843=AXIS2_PLACEMENT_3D('',#3129,#2159,#2160);
#1844=AXIS2_PLACEMENT_3D('',#3143,#2162,#2163);
#1845=AXIS2_PLACEMENT_3D('',#3144,#2164,#2165);
#1846=AXIS2_PLACEMENT_3D('',#3145,#2166,#2167);
#1847=AXIS2_PLACEMENT_3D('',#3146,#2168,#2169);
#1848=AXIS2_PLACEMENT_3D('',#3174,#2172,#2173);
#1849=AXIS2_PLACEMENT_3D('',#3188,#2175,#2176);
#1850=AXIS2_PLACEMENT_3D('',#3202,#2178,#2179);
#1851=AXIS2_PLACEMENT_3D('',#3203,#2180,#2181);
#1852=AXIS2_PLACEMENT_3D('',#3204,#2182,#2183);
#1853=AXIS2_PLACEMENT_3D('',#3205,#2184,#2185);
#1854=AXIS2_PLACEMENT_3D('',#3233,#2188,#2189);
#1855=AXIS2_PLACEMENT_3D('',#3247,#2191,#2192);
#1856=AXIS2_PLACEMENT_3D('',#3261,#2194,#2195);
#1857=AXIS2_PLACEMENT_3D('',#3262,#2196,#2197);
#1858=AXIS2_PLACEMENT_3D('',#3263,#2198,#2199);
#1859=AXIS2_PLACEMENT_3D('',#3264,#2200,#2201);
#1860=AXIS2_PLACEMENT_3D('',#3292,#2204,#2205);
#1861=AXIS2_PLACEMENT_3D('',#3306,#2207,#2208);
#1862=AXIS2_PLACEMENT_3D('',#3320,#2210,#2211);
#1863=AXIS2_PLACEMENT_3D('',#3321,#2212,#2213);
#1864=AXIS2_PLACEMENT_3D('',#3322,#2214,#2215);
#1865=AXIS2_PLACEMENT_3D('',#3323,#2216,#2217);
#1866=AXIS2_PLACEMENT_3D('',#3324,#2218,#2219);
#1867=AXIS2_PLACEMENT_3D('',#3325,#2220,#2221);
#1868=AXIS2_PLACEMENT_3D('',#3326,#2222,#2223);
#1869=AXIS2_PLACEMENT_3D('',#3327,#2224,#2225);
#1870=AXIS2_PLACEMENT_3D('',#3328,#2226,#2227);
#1871=AXIS2_PLACEMENT_3D('',#3329,#2228,#2229);
#1872=AXIS2_PLACEMENT_3D('',#3330,#2230,#2231);
#1873=AXIS2_PLACEMENT_3D('',#3331,#2232,#2233);
#1874=AXIS2_PLACEMENT_3D('',#3332,#2234,#2235);
#1875=AXIS2_PLACEMENT_3D('',#3333,#2236,#2237);
#1876=AXIS2_PLACEMENT_3D('',#3334,#2238,#2239);
#1877=AXIS2_PLACEMENT_3D('',#3335,#2240,#2241);
#1878=AXIS2_PLACEMENT_3D('',#3336,#2242,#2243);
#1879=AXIS2_PLACEMENT_3D('',#3337,#2244,#2245);
#1880=AXIS2_PLACEMENT_3D('',#3338,#2246,#2247);
#1881=AXIS2_PLACEMENT_3D('',#3339,#2248,#2249);
#1882=AXIS2_PLACEMENT_3D('',#3340,#2250,#2251);
#1883=AXIS2_PLACEMENT_3D('',#3341,#2252,#2253);
#1884=AXIS2_PLACEMENT_3D('',#3342,#2254,#2255);
#1885=AXIS2_PLACEMENT_3D('',#3343,#2256,#2257);
#1886=AXIS2_PLACEMENT_3D('',#3344,#2258,#2259);
#1887=AXIS2_PLACEMENT_3D('',#3345,#2260,#2261);
#1888=AXIS2_PLACEMENT_3D('',#3346,#2262,#2263);
#1889=AXIS2_PLACEMENT_3D('',#3347,#2264,#2265);
#1890=AXIS2_PLACEMENT_3D('',#3348,#2266,#2267);
#1891=AXIS2_PLACEMENT_3D('',#3349,#2268,#2269);
#1892=AXIS2_PLACEMENT_3D('',#3350,#2270,#2271);
#1893=AXIS2_PLACEMENT_3D('',#3351,#2272,#2273);
#1894=AXIS2_PLACEMENT_3D('',#3352,#2274,#2275);
#1895=AXIS2_PLACEMENT_3D('',#3353,#2276,#2277);
#1896=AXIS2_PLACEMENT_3D('',#3354,#2278,#2279);
#1897=AXIS2_PLACEMENT_3D('',#3355,#2280,#2281);
#1898=AXIS2_PLACEMENT_3D('',#3356,#2282,#2283);
#1899=AXIS2_PLACEMENT_3D('',#3357,#2284,#2285);
#1900=AXIS2_PLACEMENT_3D('',#3358,#2286,#2287);
#1901=AXIS2_PLACEMENT_3D('',#3359,#2288,#2289);
#1902=AXIS2_PLACEMENT_3D('',#3360,#2290,#2291);
#1903=AXIS2_PLACEMENT_3D('',#3361,#2292,#2293);
#1904=AXIS2_PLACEMENT_3D('',#3362,#2294,#2295);
#1905=AXIS2_PLACEMENT_3D('',#3363,#2296,#2297);
#1906=AXIS2_PLACEMENT_3D('',#3364,#2298,#2299);
#1907=AXIS2_PLACEMENT_3D('',#3365,#2300,#2301);
#1908=AXIS2_PLACEMENT_3D('',#3366,#2302,#2303);
#1909=AXIS2_PLACEMENT_3D('',#3367,#2304,#2305);
#1910=AXIS2_PLACEMENT_3D('',#3368,#2306,#2307);
#1911=AXIS2_PLACEMENT_3D('',#3369,#2308,#2309);
#1912=AXIS2_PLACEMENT_3D('',#3370,#2310,#2311);
#1913=AXIS2_PLACEMENT_3D('',#3371,#2312,#2313);
#1914=AXIS2_PLACEMENT_3D('',#3372,#2314,#2315);
#1915=AXIS2_PLACEMENT_3D('',#3373,#2316,#2317);
#1916=AXIS2_PLACEMENT_3D('',#3374,#2318,#2319);
#1917=AXIS2_PLACEMENT_3D('',#3375,#2320,#2321);
#1918=AXIS2_PLACEMENT_3D('',#3384,#2326,#2327);
#1919=AXIS2_PLACEMENT_3D('',#3385,#2328,#2329);
#1920=AXIS2_PLACEMENT_3D('',#3386,#2330,#2331);
#1921=AXIS2_PLACEMENT_3D('',#3387,#2332,#2333);
#1922=AXIS2_PLACEMENT_3D('',#3390,#2334,#2335);
#1923=AXIS2_PLACEMENT_3D('',#3391,#2336,#2337);
#1924=AXIS2_PLACEMENT_3D('',#3392,#2338,#2339);
#1925=AXIS2_PLACEMENT_3D('',#3401,#2340,#2341);
#1926=AXIS2_PLACEMENT_3D('',#3402,#2342,#2343);
#1927=DIRECTION('',(0.,0.,1.));
#1928=DIRECTION('',(1.,0.,0.));
#1929=DIRECTION('',(0.,0.,1.));
#1930=DIRECTION('',(1.,0.,0.));
#1931=DIRECTION('',(0.,0.,1.));
#1932=DIRECTION('',(1.,0.,0.));
#1933=DIRECTION('',(-8.34619221520644E-17,1.,0.));
#1934=DIRECTION('',(0.,0.,1.));
#1935=DIRECTION('',(1.,0.,0.));
#1936=DIRECTION('',(0.,0.,1.));
#1937=DIRECTION('',(1.,0.,0.));
#1938=DIRECTION('',(0.,0.,1.));
#1939=DIRECTION('',(1.,0.,0.));
#1940=DIRECTION('',(0.,0.,1.));
#1941=DIRECTION('',(1.,0.,0.));
#1942=DIRECTION('',(0.,0.,1.));
#1943=DIRECTION('',(1.,0.,0.));
#1944=DIRECTION('',(0.,0.,1.));
#1945=DIRECTION('',(1.,0.,0.));
#1946=DIRECTION('',(0.,0.,1.));
#1947=DIRECTION('',(1.,0.,0.));
#1948=DIRECTION('',(0.,0.,1.));
#1949=DIRECTION('',(1.,0.,0.));
#1950=DIRECTION('',(0.,0.,1.));
#1951=DIRECTION('',(1.,0.,0.));
#1952=DIRECTION('',(0.,0.,1.));
#1953=DIRECTION('',(1.,0.,0.));
#1954=DIRECTION('',(0.,0.,1.));
#1955=DIRECTION('',(1.,0.,0.));
#1956=DIRECTION('',(0.,0.,1.));
#1957=DIRECTION('',(1.,0.,0.));
#1958=DIRECTION('',(0.,0.,1.));
#1959=DIRECTION('',(1.,0.,0.));
#1960=DIRECTION('',(0.,0.,1.));
#1961=DIRECTION('',(1.,0.,0.));
#1962=DIRECTION('',(0.,0.,1.));
#1963=DIRECTION('',(1.,0.,0.));
#1964=DIRECTION('',(0.,0.,1.));
#1965=DIRECTION('',(1.,0.,0.));
#1966=DIRECTION('',(0.,0.,-1.));
#1967=DIRECTION('',(-0.923879532511287,-0.382683432365091,0.));
#1968=DIRECTION('',(0.,0.,-1.));
#1969=DIRECTION('',(0.,0.,-1.));
#1970=DIRECTION('',(0.,0.,-1.));
#1971=DIRECTION('',(-0.923879532511287,-0.382683432365091,0.));
#1972=DIRECTION('',(0.,0.,-1.));
#1973=DIRECTION('',(0.,0.,-1.));
#1974=DIRECTION('',(-0.923879532511287,-0.382683432365091,0.));
#1975=DIRECTION('',(0.,0.,-1.));
#1976=DIRECTION('',(0.,0.,-1.));
#1977=DIRECTION('',(-0.707106781186547,-0.707106781186548,0.));
#1978=DIRECTION('',(0.,0.,-1.));
#1979=DIRECTION('',(0.,0.,-1.));
#1980=DIRECTION('',(0.,0.,-1.));
#1981=DIRECTION('',(-0.707106781186547,-0.707106781186548,0.));
#1982=DIRECTION('',(0.,0.,-1.));
#1983=DIRECTION('',(0.,0.,-1.));
#1984=DIRECTION('',(-0.707106781186547,-0.707106781186548,0.));
#1985=DIRECTION('',(0.,0.,-1.));
#1986=DIRECTION('',(0.,0.,-1.));
#1987=DIRECTION('',(-0.707106781186547,-0.707106781186548,0.));
#1988=DIRECTION('',(0.,0.,1.));
#1989=DIRECTION('',(1.,0.,0.));
#1990=DIRECTION('',(0.,0.,1.));
#1991=DIRECTION('',(1.,0.,0.));
#1992=DIRECTION('',(0.,0.,-1.));
#1993=DIRECTION('',(-0.38268343236509,-0.923879532511287,0.));
#1994=DIRECTION('',(0.,0.,-1.));
#1995=DIRECTION('',(0.,0.,-1.));
#1996=DIRECTION('',(0.,0.,-1.));
#1997=DIRECTION('',(-0.38268343236509,-0.923879532511287,0.));
#1998=DIRECTION('',(0.,0.,-1.));
#1999=DIRECTION('',(0.,0.,-1.));
#2000=DIRECTION('',(-0.38268343236509,-0.923879532511287,0.));
#2001=DIRECTION('',(0.,0.,-1.));
#2002=DIRECTION('',(0.,0.,-1.));
#2003=DIRECTION('',(-0.38268343236509,-0.923879532511287,0.));
#2004=DIRECTION('',(0.,0.,1.));
#2005=DIRECTION('',(1.,0.,0.));
#2006=DIRECTION('',(0.,0.,1.));
#2007=DIRECTION('',(1.,0.,0.));
#2008=DIRECTION('',(0.,0.,-1.));
#2009=DIRECTION('',(1.83697019872103E-16,-1.,0.));
#2010=DIRECTION('',(0.,0.,-1.));
#2011=DIRECTION('',(0.,0.,-1.));
#2012=DIRECTION('',(0.,0.,-1.));
#2013=DIRECTION('',(1.83697019872103E-16,-1.,0.));
#2014=DIRECTION('',(0.,0.,-1.));
#2015=DIRECTION('',(0.,0.,-1.));
#2016=DIRECTION('',(1.83697019872103E-16,-1.,0.));
#2017=DIRECTION('',(0.,0.,-1.));
#2018=DIRECTION('',(0.,0.,-1.));
#2019=DIRECTION('',(1.83697019872103E-16,-1.,0.));
#2020=DIRECTION('',(0.,0.,1.));
#2021=DIRECTION('',(1.,0.,0.));
#2022=DIRECTION('',(0.,0.,1.));
#2023=DIRECTION('',(1.,0.,0.));
#2024=DIRECTION('',(0.,0.,-1.));
#2025=DIRECTION('',(0.382683432365091,-0.923879532511287,0.));
#2026=DIRECTION('',(0.,0.,-1.));
#2027=DIRECTION('',(0.,0.,-1.));
#2028=DIRECTION('',(0.,0.,-1.));
#2029=DIRECTION('',(0.382683432365091,-0.923879532511287,0.));
#2030=DIRECTION('',(0.,0.,-1.));
#2031=DIRECTION('',(0.,0.,-1.));
#2032=DIRECTION('',(0.382683432365091,-0.923879532511287,0.));
#2033=DIRECTION('',(0.,0.,-1.));
#2034=DIRECTION('',(0.,0.,-1.));
#2035=DIRECTION('',(0.382683432365091,-0.923879532511287,0.));
#2036=DIRECTION('',(0.,0.,1.));
#2037=DIRECTION('',(1.,0.,0.));
#2038=DIRECTION('',(0.,0.,1.));
#2039=DIRECTION('',(1.,0.,0.));
#2040=DIRECTION('',(0.,0.,-1.));
#2041=DIRECTION('',(0.707106781186548,-0.707106781186548,0.));
#2042=DIRECTION('',(0.,0.,-1.));
#2043=DIRECTION('',(0.,0.,-1.));
#2044=DIRECTION('',(0.,0.,-1.));
#2045=DIRECTION('',(0.707106781186548,-0.707106781186548,0.));
#2046=DIRECTION('',(0.,0.,-1.));
#2047=DIRECTION('',(0.,0.,-1.));
#2048=DIRECTION('',(0.707106781186548,-0.707106781186548,0.));
#2049=DIRECTION('',(0.,0.,-1.));
#2050=DIRECTION('',(0.,0.,-1.));
#2051=DIRECTION('',(0.707106781186548,-0.707106781186548,0.));
#2052=DIRECTION('',(0.,0.,1.));
#2053=DIRECTION('',(1.,0.,0.));
#2054=DIRECTION('',(0.,0.,1.));
#2055=DIRECTION('',(1.,0.,0.));
#2056=DIRECTION('',(0.,0.,-1.));
#2057=DIRECTION('',(0.923879532511287,-0.38268343236509,0.));
#2058=DIRECTION('',(0.,0.,-1.));
#2059=DIRECTION('',(0.,0.,-1.));
#2060=DIRECTION('',(0.,0.,-1.));
#2061=DIRECTION('',(0.923879532511287,-0.38268343236509,0.));
#2062=DIRECTION('',(0.,0.,-1.));
#2063=DIRECTION('',(0.,0.,-1.));
#2064=DIRECTION('',(0.923879532511287,-0.38268343236509,0.));
#2065=DIRECTION('',(0.,0.,-1.));
#2066=DIRECTION('',(0.,0.,-1.));
#2067=DIRECTION('',(0.923879532511287,-0.38268343236509,0.));
#2068=DIRECTION('',(0.,0.,1.));
#2069=DIRECTION('',(1.,0.,0.));
#2070=DIRECTION('',(0.,0.,1.));
#2071=DIRECTION('',(1.,0.,0.));
#2072=DIRECTION('',(0.,0.,-1.));
#2073=DIRECTION('',(1.,1.22464679914735E-16,0.));
#2074=DIRECTION('',(0.,0.,-1.));
#2075=DIRECTION('',(0.,0.,-1.));
#2076=DIRECTION('',(0.,0.,-1.));
#2077=DIRECTION('',(1.,1.22464679914735E-16,0.));
#2078=DIRECTION('',(0.,0.,-1.));
#2079=DIRECTION('',(0.,0.,-1.));
#2080=DIRECTION('',(1.,1.22464679914735E-16,0.));
#2081=DIRECTION('',(0.,0.,-1.));
#2082=DIRECTION('',(0.,0.,-1.));
#2083=DIRECTION('',(1.,1.22464679914735E-16,0.));
#2084=DIRECTION('',(0.,0.,1.));
#2085=DIRECTION('',(1.,0.,0.));
#2086=DIRECTION('',(0.,0.,1.));
#2087=DIRECTION('',(1.,0.,0.));
#2088=DIRECTION('',(0.,0.,-1.));
#2089=DIRECTION('',(0.923879532511287,0.38268343236509,0.));
#2090=DIRECTION('',(0.,0.,-1.));
#2091=DIRECTION('',(0.,0.,-1.));
#2092=DIRECTION('',(0.,0.,-1.));
#2093=DIRECTION('',(0.923879532511287,0.38268343236509,0.));
#2094=DIRECTION('',(0.,0.,-1.));
#2095=DIRECTION('',(0.,0.,-1.));
#2096=DIRECTION('',(0.923879532511287,0.38268343236509,0.));
#2097=DIRECTION('',(0.,0.,-1.));
#2098=DIRECTION('',(0.,0.,-1.));
#2099=DIRECTION('',(0.923879532511287,0.38268343236509,0.));
#2100=DIRECTION('',(0.,0.,1.));
#2101=DIRECTION('',(1.,0.,0.));
#2102=DIRECTION('',(0.,0.,1.));
#2103=DIRECTION('',(1.,0.,0.));
#2104=DIRECTION('',(0.,0.,-1.));
#2105=DIRECTION('',(0.707106781186548,0.707106781186548,0.));
#2106=DIRECTION('',(0.,0.,-1.));
#2107=DIRECTION('',(0.,0.,-1.));
#2108=DIRECTION('',(0.,0.,-1.));
#2109=DIRECTION('',(0.707106781186548,0.707106781186548,0.));
#2110=DIRECTION('',(0.,0.,-1.));
#2111=DIRECTION('',(0.,0.,-1.));
#2112=DIRECTION('',(0.707106781186548,0.707106781186548,0.));
#2113=DIRECTION('',(0.,0.,-1.));
#2114=DIRECTION('',(0.,0.,-1.));
#2115=DIRECTION('',(0.707106781186548,0.707106781186548,0.));
#2116=DIRECTION('',(0.,0.,1.));
#2117=DIRECTION('',(1.,0.,0.));
#2118=DIRECTION('',(0.,0.,1.));
#2119=DIRECTION('',(1.,0.,0.));
#2120=DIRECTION('',(0.,0.,-1.));
#2121=DIRECTION('',(0.38268343236509,0.923879532511287,0.));
#2122=DIRECTION('',(0.,0.,-1.));
#2123=DIRECTION('',(0.,0.,-1.));
#2124=DIRECTION('',(0.,0.,-1.));
#2125=DIRECTION('',(0.38268343236509,0.923879532511287,0.));
#2126=DIRECTION('',(0.,0.,-1.));
#2127=DIRECTION('',(0.,0.,-1.));
#2128=DIRECTION('',(0.38268343236509,0.923879532511287,0.));
#2129=DIRECTION('',(0.,0.,-1.));
#2130=DIRECTION('',(0.,0.,-1.));
#2131=DIRECTION('',(0.38268343236509,0.923879532511287,0.));
#2132=DIRECTION('',(0.,0.,1.));
#2133=DIRECTION('',(1.,0.,0.));
#2134=DIRECTION('',(0.,0.,1.));
#2135=DIRECTION('',(1.,0.,0.));
#2136=DIRECTION('',(0.,0.,-1.));
#2137=DIRECTION('',(-6.12323399573677E-17,1.,0.));
#2138=DIRECTION('',(0.,0.,-1.));
#2139=DIRECTION('',(0.,0.,-1.));
#2140=DIRECTION('',(0.,0.,-1.));
#2141=DIRECTION('',(-6.12323399573677E-17,1.,0.));
#2142=DIRECTION('',(0.,0.,-1.));
#2143=DIRECTION('',(0.,0.,-1.));
#2144=DIRECTION('',(-6.12323399573677E-17,1.,0.));
#2145=DIRECTION('',(0.,0.,-1.));
#2146=DIRECTION('',(0.,0.,-1.));
#2147=DIRECTION('',(-6.12323399573677E-17,1.,0.));
#2148=DIRECTION('',(0.,0.,1.));
#2149=DIRECTION('',(1.,0.,0.));
#2150=DIRECTION('',(0.,0.,1.));
#2151=DIRECTION('',(1.,0.,0.));
#2152=DIRECTION('',(0.,0.,-1.));
#2153=DIRECTION('',(-0.38268343236509,0.923879532511287,0.));
#2154=DIRECTION('',(0.,0.,-1.));
#2155=DIRECTION('',(0.,0.,-1.));
#2156=DIRECTION('',(0.,0.,-1.));
#2157=DIRECTION('',(-0.38268343236509,0.923879532511287,0.));
#2158=DIRECTION('',(0.,0.,-1.));
#2159=DIRECTION('',(0.,0.,-1.));
#2160=DIRECTION('',(-0.38268343236509,0.923879532511287,0.));
#2161=DIRECTION('',(0.,0.,-1.));
#2162=DIRECTION('',(0.,0.,-1.));
#2163=DIRECTION('',(-0.38268343236509,0.923879532511287,0.));
#2164=DIRECTION('',(0.,0.,1.));
#2165=DIRECTION('',(1.,0.,0.));
#2166=DIRECTION('',(0.,0.,1.));
#2167=DIRECTION('',(1.,0.,0.));
#2168=DIRECTION('',(0.,0.,-1.));
#2169=DIRECTION('',(-0.707106781186548,0.707106781186548,0.));
#2170=DIRECTION('',(0.,0.,-1.));
#2171=DIRECTION('',(0.,0.,-1.));
#2172=DIRECTION('',(0.,0.,-1.));
#2173=DIRECTION('',(-0.707106781186548,0.707106781186548,0.));
#2174=DIRECTION('',(0.,0.,-1.));
#2175=DIRECTION('',(0.,0.,-1.));
#2176=DIRECTION('',(-0.707106781186548,0.707106781186548,0.));
#2177=DIRECTION('',(0.,0.,-1.));
#2178=DIRECTION('',(0.,0.,-1.));
#2179=DIRECTION('',(-0.707106781186548,0.707106781186548,0.));
#2180=DIRECTION('',(0.,0.,1.));
#2181=DIRECTION('',(1.,0.,0.));
#2182=DIRECTION('',(0.,0.,1.));
#2183=DIRECTION('',(1.,0.,0.));
#2184=DIRECTION('',(0.,0.,-1.));
#2185=DIRECTION('',(-0.923879532511287,0.38268343236509,0.));
#2186=DIRECTION('',(0.,0.,-1.));
#2187=DIRECTION('',(0.,0.,-1.));
#2188=DIRECTION('',(0.,0.,-1.));
#2189=DIRECTION('',(-0.923879532511287,0.38268343236509,0.));
#2190=DIRECTION('',(0.,0.,-1.));
#2191=DIRECTION('',(0.,0.,-1.));
#2192=DIRECTION('',(-0.923879532511287,0.38268343236509,0.));
#2193=DIRECTION('',(0.,0.,-1.));
#2194=DIRECTION('',(0.,0.,-1.));
#2195=DIRECTION('',(-0.923879532511287,0.38268343236509,0.));
#2196=DIRECTION('',(0.,0.,1.));
#2197=DIRECTION('',(1.,0.,0.));
#2198=DIRECTION('',(0.,0.,1.));
#2199=DIRECTION('',(1.,0.,0.));
#2200=DIRECTION('',(0.,0.,-1.));
#2201=DIRECTION('',(-1.,0.,0.));
#2202=DIRECTION('',(0.,0.,-1.));
#2203=DIRECTION('',(0.,0.,-1.));
#2204=DIRECTION('',(0.,0.,-1.));
#2205=DIRECTION('',(-1.,0.,0.));
#2206=DIRECTION('',(0.,0.,-1.));
#2207=DIRECTION('',(0.,0.,-1.));
#2208=DIRECTION('',(-1.,0.,0.));
#2209=DIRECTION('',(0.,0.,-1.));
#2210=DIRECTION('',(0.,0.,-1.));
#2211=DIRECTION('',(-1.,0.,0.));
#2212=DIRECTION('',(0.,0.,1.));
#2213=DIRECTION('',(1.,0.,0.));
#2214=DIRECTION('',(0.,0.,1.));
#2215=DIRECTION('',(1.,0.,0.));
#2216=DIRECTION('',(0.,0.,-1.));
#2217=DIRECTION('',(-1.,0.,0.));
#2218=DIRECTION('',(0.,0.,1.));
#2219=DIRECTION('',(1.,0.,0.));
#2220=DIRECTION('',(0.,0.,1.));
#2221=DIRECTION('',(1.,0.,0.));
#2222=DIRECTION('',(0.,0.,1.));
#2223=DIRECTION('',(1.,0.,0.));
#2224=DIRECTION('',(0.,0.,1.));
#2225=DIRECTION('',(1.,0.,0.));
#2226=DIRECTION('',(0.,0.,-1.));
#2227=DIRECTION('',(-1.,0.,0.));
#2228=DIRECTION('',(0.,0.,1.));
#2229=DIRECTION('',(1.,0.,0.));
#2230=DIRECTION('',(0.,0.,-1.));
#2231=DIRECTION('',(-1.,0.,0.));
#2232=DIRECTION('',(0.,0.,1.));
#2233=DIRECTION('',(1.,0.,0.));
#2234=DIRECTION('',(0.,0.,1.));
#2235=DIRECTION('',(1.,0.,0.));
#2236=DIRECTION('',(0.,0.,-1.));
#2237=DIRECTION('',(-1.,0.,0.));
#2238=DIRECTION('',(0.,0.,1.));
#2239=DIRECTION('',(1.,0.,0.));
#2240=DIRECTION('',(0.,0.,1.));
#2241=DIRECTION('',(1.,0.,0.));
#2242=DIRECTION('',(0.,0.,-1.));
#2243=DIRECTION('',(-1.,0.,0.));
#2244=DIRECTION('',(0.,0.,1.));
#2245=DIRECTION('',(1.,0.,0.));
#2246=DIRECTION('',(0.,0.,1.));
#2247=DIRECTION('',(1.,0.,0.));
#2248=DIRECTION('',(0.,0.,-1.));
#2249=DIRECTION('',(-1.,0.,0.));
#2250=DIRECTION('',(0.,0.,1.));
#2251=DIRECTION('',(1.,0.,0.));
#2252=DIRECTION('',(0.,0.,1.));
#2253=DIRECTION('',(1.,0.,0.));
#2254=DIRECTION('',(0.,0.,-1.));
#2255=DIRECTION('',(-1.,0.,0.));
#2256=DIRECTION('',(0.,0.,1.));
#2257=DIRECTION('',(1.,0.,0.));
#2258=DIRECTION('',(0.,0.,1.));
#2259=DIRECTION('',(1.,0.,0.));
#2260=DIRECTION('',(0.,0.,-1.));
#2261=DIRECTION('',(-1.,0.,0.));
#2262=DIRECTION('',(0.,0.,1.));
#2263=DIRECTION('',(1.,0.,0.));
#2264=DIRECTION('',(0.,0.,1.));
#2265=DIRECTION('',(1.,0.,0.));
#2266=DIRECTION('',(0.,0.,-1.));
#2267=DIRECTION('',(-1.,0.,0.));
#2268=DIRECTION('',(0.,0.,1.));
#2269=DIRECTION('',(1.,0.,0.));
#2270=DIRECTION('',(0.,0.,1.));
#2271=DIRECTION('',(1.,0.,0.));
#2272=DIRECTION('',(0.,0.,-1.));
#2273=DIRECTION('',(-1.,0.,0.));
#2274=DIRECTION('',(0.,0.,1.));
#2275=DIRECTION('',(1.,0.,0.));
#2276=DIRECTION('',(0.,0.,1.));
#2277=DIRECTION('',(1.,0.,0.));
#2278=DIRECTION('',(0.,0.,-1.));
#2279=DIRECTION('',(-1.,0.,0.));
#2280=DIRECTION('',(0.,0.,1.));
#2281=DIRECTION('',(1.,0.,0.));
#2282=DIRECTION('',(0.,0.,1.));
#2283=DIRECTION('',(1.,0.,0.));
#2284=DIRECTION('',(0.,0.,-1.));
#2285=DIRECTION('',(-1.,0.,0.));
#2286=DIRECTION('',(0.,0.,1.));
#2287=DIRECTION('',(1.,0.,0.));
#2288=DIRECTION('',(0.,0.,1.));
#2289=DIRECTION('',(1.,0.,0.));
#2290=DIRECTION('',(0.,0.,-1.));
#2291=DIRECTION('',(-1.,0.,0.));
#2292=DIRECTION('',(0.,0.,1.));
#2293=DIRECTION('',(1.,0.,0.));
#2294=DIRECTION('',(0.,0.,1.));
#2295=DIRECTION('',(1.,0.,0.));
#2296=DIRECTION('',(0.,0.,-1.));
#2297=DIRECTION('',(-1.,0.,0.));
#2298=DIRECTION('',(0.,0.,1.));
#2299=DIRECTION('',(1.,0.,0.));
#2300=DIRECTION('',(0.,0.,1.));
#2301=DIRECTION('',(1.,0.,0.));
#2302=DIRECTION('',(0.,0.,-1.));
#2303=DIRECTION('',(-1.,0.,0.));
#2304=DIRECTION('',(0.,0.,1.));
#2305=DIRECTION('',(1.,0.,0.));
#2306=DIRECTION('',(0.,0.,1.));
#2307=DIRECTION('',(1.,0.,0.));
#2308=DIRECTION('',(0.,0.,-1.));
#2309=DIRECTION('',(-1.,0.,0.));
#2310=DIRECTION('',(0.,0.,1.));
#2311=DIRECTION('',(1.,0.,0.));
#2312=DIRECTION('',(0.,0.,1.));
#2313=DIRECTION('',(1.,0.,0.));
#2314=DIRECTION('',(0.,0.,-1.));
#2315=DIRECTION('',(-1.,0.,0.));
#2316=DIRECTION('',(0.,0.,1.));
#2317=DIRECTION('',(1.,0.,0.));
#2318=DIRECTION('',(0.,0.,1.));
#2319=DIRECTION('',(1.,0.,0.));
#2320=DIRECTION('',(-1.,-8.34619221520644E-17,0.));
#2321=DIRECTION('',(8.34619221520644E-17,-1.,0.));
#2322=DIRECTION('',(-8.34619221520644E-17,1.,0.));
#2323=DIRECTION('',(0.,0.,1.));
#2324=DIRECTION('',(8.34619221520644E-17,-1.,0.));
#2325=DIRECTION('',(0.,0.,1.));
#2326=DIRECTION('',(0.,0.,1.));
#2327=DIRECTION('',(1.,0.,0.));
#2328=DIRECTION('',(0.,0.,1.));
#2329=DIRECTION('',(1.,0.,0.));
#2330=DIRECTION('',(0.,0.,1.));
#2331=DIRECTION('',(1.,0.,0.));
#2332=DIRECTION('',(0.,0.,1.));
#2333=DIRECTION('',(1.,0.,0.));
#2334=DIRECTION('',(-0.707106781186548,-5.90164911245885E-17,-0.707106781186548));
#2335=DIRECTION('',(-0.707106781186548,-5.90164911245885E-17,0.707106781186548));
#2336=DIRECTION('',(0.,0.,1.));
#2337=DIRECTION('',(1.,0.,0.));
#2338=DIRECTION('',(0.,0.,-1.));
#2339=DIRECTION('',(-1.,0.,0.));
#2340=DIRECTION('',(-0.707106781186548,-5.90164911245885E-17,-0.707106781186548));
#2341=DIRECTION('',(-8.34619221520644E-17,1.,0.));
#2342=DIRECTION('',(0.,0.,1.));
#2343=DIRECTION('',(1.,0.,0.));
#2344=CARTESIAN_POINT('',(0.,0.,0.));
#2345=CARTESIAN_POINT('',(0.,0.0005,0.));
#2346=CARTESIAN_POINT('',(0.,5.75646418201845E-19,0.));
#2347=CARTESIAN_POINT('',(0.0045,0.00396862696659689,0.));
#2348=CARTESIAN_POINT('',(0.0045,-0.00396862696659689,0.));
#2349=CARTESIAN_POINT('',(0.0045,0.00259807621135332,0.));
#2350=CARTESIAN_POINT('',(0.,5.51091059616309E-19,0.));
#2351=CARTESIAN_POINT('',(0.0073910362600903,0.00306146745892072,0.));
#2352=CARTESIAN_POINT('',(0.008,7.62540066597184E-20,0.));
#2353=CARTESIAN_POINT('',(0.,5.51091059616309E-19,0.));
#2354=CARTESIAN_POINT('',(0.00739103626009029,-0.00306146745892072,0.));
#2355=CARTESIAN_POINT('',(0.,5.51091059616309E-19,0.));
#2356=CARTESIAN_POINT('',(0.00565685424949238,-0.00565685424949238,0.));
#2357=CARTESIAN_POINT('',(0.,5.51091059616309E-19,0.));
#2358=CARTESIAN_POINT('',(0.00306146745892072,-0.00739103626009029,0.));
#2359=CARTESIAN_POINT('',(0.,5.51091059616309E-19,0.));
#2360=CARTESIAN_POINT('',(4.97849807102103E-19,-0.008,0.));
#2361=CARTESIAN_POINT('',(0.,5.51091059616309E-19,0.));
#2362=CARTESIAN_POINT('',(-0.00306146745892071,-0.00739103626009029,0.));
#2363=CARTESIAN_POINT('',(0.,5.51091059616309E-19,0.));
#2364=CARTESIAN_POINT('',(-0.00565685424949238,-0.00565685424949238,0.));
#2365=CARTESIAN_POINT('',(0.,5.51091059616309E-19,0.));
#2366=CARTESIAN_POINT('',(-0.00739103626009029,-0.00306146745892072,0.));
#2367=CARTESIAN_POINT('',(0.,5.51091059616309E-19,0.));
#2368=CARTESIAN_POINT('',(-0.008,-9.26476186803677E-19,0.));
#2369=CARTESIAN_POINT('',(0.,5.51091059616309E-19,0.));
#2370=CARTESIAN_POINT('',(-0.00739103626009029,0.00306146745892072,0.));
#2371=CARTESIAN_POINT('',(0.,5.51091059616309E-19,0.));
#2372=CARTESIAN_POINT('',(-0.00565685424949238,0.00565685424949238,0.));
#2373=CARTESIAN_POINT('',(0.,5.51091059616309E-19,0.));
#2374=CARTESIAN_POINT('',(-0.00306146745892072,0.00739103626009029,0.));
#2375=CARTESIAN_POINT('',(0.,5.51091059616309E-19,0.));
#2376=CARTESIAN_POINT('',(4.8186763221578E-19,0.008,0.));
#2377=CARTESIAN_POINT('',(0.,5.51091059616309E-19,0.));
#2378=CARTESIAN_POINT('',(0.00306146745892072,0.0073910362600903,0.));
#2379=CARTESIAN_POINT('',(0.,5.51091059616309E-19,0.));
#2380=CARTESIAN_POINT('',(0.00565685424949238,0.00565685424949238,0.));
#2381=CARTESIAN_POINT('',(0.,5.51091059616309E-19,0.));
#2382=CARTESIAN_POINT('',(-0.00344415089128582,0.00831491579260158,0.012));
#2383=CARTESIAN_POINT('',(-0.004131972593251,0.00758903611503393,0.012));
#2384=CARTESIAN_POINT('',(-0.004131972593251,0.00758903611503393,0.0113590124021229));
#2385=CARTESIAN_POINT('',(-0.004131972593251,0.00758903611503393,0.000640987597877146));
#2386=CARTESIAN_POINT('',(-0.004131972593251,0.00758903611503393,0.0113590124021229));
#2387=CARTESIAN_POINT('',(-0.00401303755055566,0.00747633685368508,0.0115148643908052));
#2388=CARTESIAN_POINT('',(-0.00371872015320471,0.00729578143854054,0.0118151576923728));
#2389=CARTESIAN_POINT('',(-0.00326990648976217,0.00730469798658786,0.012));
#2390=CARTESIAN_POINT('',(-0.00306146745892072,0.00739103626009029,0.012));
#2391=CARTESIAN_POINT('',(-0.00306146745892072,0.00739103626009029,0.012));
#2392=CARTESIAN_POINT('',(-0.00306146745892072,0.00739103626009029,0.012));
#2393=CARTESIAN_POINT('',(-0.00285345549300356,0.00747719763750907,0.012));
#2394=CARTESIAN_POINT('',(-0.00252884372644277,0.00778891872956193,0.0118148746659299));
#2395=CARTESIAN_POINT('',(-0.00244891664344507,0.00812442922237416,0.0115146601253605));
#2396=CARTESIAN_POINT('',(-0.00244451305924537,0.00828800473997485,0.0113590124021229));
#2397=CARTESIAN_POINT('',(-0.00244451305924537,0.00828800473997485,0.0113590124021229));
#2398=CARTESIAN_POINT('',(-0.00244451305924537,0.00828800473997485,0.012));
#2399=CARTESIAN_POINT('',(-0.00244451305924537,0.00828800473997485,0.000640987597877146));
#2400=CARTESIAN_POINT('',(-0.00244451305924537,0.00828800473997485,0.000640987597877149));
#2401=CARTESIAN_POINT('',(-0.00244892245752185,0.00812421325270608,0.000485134372082482));
#2402=CARTESIAN_POINT('',(-0.00252936342225661,0.00778842961776242,0.000184842772260245));
#2403=CARTESIAN_POINT('',(-0.00285303037954727,0.00747737372526821,-3.78705591718729E-18));
#2404=CARTESIAN_POINT('',(-0.00306146745892072,0.00739103626009029,-3.64536407321073E-18));
#2405=CARTESIAN_POINT('',(-0.00306146745892072,0.00739103626009029,-3.66230473215581E-18));
#2406=CARTESIAN_POINT('',(-0.00326947774334355,0.00730487557916927,-3.52090301584625E-18));
#2407=CARTESIAN_POINT('',(-0.00371943631465303,0.0072957593865044,0.000185125615779));
#2408=CARTESIAN_POINT('',(-0.00401319414579289,0.00747648523861157,0.000485340810946886));
#2409=CARTESIAN_POINT('',(-0.004131972593251,0.00758903611503393,0.000640987597877147));
#2410=CARTESIAN_POINT('',(-0.00194469414322514,0.00827454921366148,0.012));
#2411=CARTESIAN_POINT('',(-0.00205908791635604,0.00876128740270039,0.011));
#2412=CARTESIAN_POINT('',(-0.00218508049131665,0.00873167648175605,0.011));
#2413=CARTESIAN_POINT('',(-0.00238957005310873,0.00857400807597388,0.0111005025774698));
#2414=CARTESIAN_POINT('',(-0.00244200957124355,0.00838099929330531,0.0112705248905948));
#2415=CARTESIAN_POINT('',(-0.00244451305924537,0.00828800473997485,0.0113590124021229));
#2416=CARTESIAN_POINT('',(-0.00205908791635604,0.00876128740270039,0.011));
#2417=CARTESIAN_POINT('',(-0.00205908791635604,0.00876128740270039,0.012));
#2418=CARTESIAN_POINT('',(-0.00205908791635604,0.00876128740270039,0.001));
#2419=CARTESIAN_POINT('',(-0.00244451305924537,0.00828800473997485,0.000640987597877148));
#2420=CARTESIAN_POINT('',(-0.00244201095311314,0.00838094796238425,0.00072942626627074));
#2421=CARTESIAN_POINT('',(-0.00239006771393696,0.00857338265350006,0.000899024397484715));
#2422=CARTESIAN_POINT('',(-0.00218499959125909,0.00873169549498131,0.001));
#2423=CARTESIAN_POINT('',(-0.00205908791635604,0.00876128740270039,0.001));
#2424=CARTESIAN_POINT('',(-0.0044758834442336,0.0072260962762501,0.012));
#2425=CARTESIAN_POINT('',(-0.0047391707056591,0.00765116076308835,0.012));
#2426=CARTESIAN_POINT('',(-0.0047391707056591,0.00765116076308835,0.011));
#2427=CARTESIAN_POINT('',(-0.0047391707056591,0.00765116076308835,0.001));
#2428=CARTESIAN_POINT('',(-0.0047391707056591,0.00765116076308834,0.011));
#2429=CARTESIAN_POINT('',(-0.00462914412289618,0.00771931182853051,0.011));
#2430=CARTESIAN_POINT('',(-0.00437305819378504,0.0077524212204608,0.011100501873948));
#2431=CARTESIAN_POINT('',(-0.00419949968103571,0.00765302274792117,0.011270525185213));
#2432=CARTESIAN_POINT('',(-0.004131972593251,0.00758903611503393,0.0113590124021229));
#2433=CARTESIAN_POINT('',(-0.004131972593251,0.00758903611503393,0.000640987597877146));
#2434=CARTESIAN_POINT('',(-0.00419946151241745,0.00765298658048904,0.00072942479878734));
#2435=CARTESIAN_POINT('',(-0.00437226318053938,0.00775233061707146,0.000899024463404389));
#2436=CARTESIAN_POINT('',(-0.00462921358828893,0.00771926880128739,0.000999999999999997));
#2437=CARTESIAN_POINT('',(-0.0047391707056591,0.00765116076308834,0.000999999999999998));
#2438=CARTESIAN_POINT('',(-0.00636396103067893,0.00636396103067893,0.012));
#2439=CARTESIAN_POINT('',(-0.00672164329664599,0.00543011768374505,0.012));
#2440=CARTESIAN_POINT('',(-0.00672164329664599,0.00543011768374505,0.0113590124021228));
#2441=CARTESIAN_POINT('',(-0.00672164329664599,0.00543011768374505,0.000640987597877147));
#2442=CARTESIAN_POINT('',(-0.006721643296646,0.00543011768374505,0.0113590124021228));
#2443=CARTESIAN_POINT('',(-0.006568632517271,0.00537151123496119,0.011514865396722));
#2444=CARTESIAN_POINT('',(-0.00622762502909112,0.00531733016415904,0.0118151573145798));
#2445=CARTESIAN_POINT('',(-0.00581638536244705,0.00549732313653771,0.012));
#2446=CARTESIAN_POINT('',(-0.00565685424949238,0.00565685424949238,0.012));
#2447=CARTESIAN_POINT('',(-0.00565685424949238,0.00565685424949238,0.012));
#2448=CARTESIAN_POINT('',(-0.00565685424949238,0.00565685424949238,0.012));
#2449=CARTESIAN_POINT('',(-0.0054976499303066,0.00581605856867816,0.012));
#2450=CARTESIAN_POINT('',(-0.00531703646804972,0.00622827670379755,0.0118148746138116));
#2451=CARTESIAN_POINT('',(-0.00537158849769597,0.00656883423622022,0.0115146599307906));
#2452=CARTESIAN_POINT('',(-0.00543011768374505,0.00672164329664599,0.0113590124021229));
#2453=CARTESIAN_POINT('',(-0.00543011768374505,0.00672164329664599,0.0113590124021229));
#2454=CARTESIAN_POINT('',(-0.00543011768374505,0.00672164329664599,0.012));
#2455=CARTESIAN_POINT('',(-0.00543011768374505,0.00672164329664599,0.000640987597877147));
#2456=CARTESIAN_POINT('',(-0.00543011768374505,0.00672164329664599,0.000640987597877148));
#2457=CARTESIAN_POINT('',(-0.00537151123496119,0.00656863251727099,0.000485134603277997));
#2458=CARTESIAN_POINT('',(-0.00531733016415904,0.00622762502909112,0.000184842685420236));
#2459=CARTESIAN_POINT('',(-0.00549732313653771,0.00581638536244705,-3.01947673092002E-18));
#2460=CARTESIAN_POINT('',(-0.00565685424949238,0.00565685424949238,-2.8600731276483E-18));
#2461=CARTESIAN_POINT('',(-0.00565685424949238,0.00565685424949238,-2.85069062475527E-18));
#2462=CARTESIAN_POINT('',(-0.00581605856867816,0.0054976499303066,-2.97441723530114E-18));
#2463=CARTESIAN_POINT('',(-0.00622827670379755,0.00531703646804972,0.000185125386188401));
#2464=CARTESIAN_POINT('',(-0.00656883423622022,0.00537158849769597,0.000485340069209435));
#2465=CARTESIAN_POINT('',(-0.00672164329664599,0.00543011768374505,0.000640987597877147));
#2466=CARTESIAN_POINT('',(-0.00496319601027811,0.00690048442962952,0.012));
#2467=CARTESIAN_POINT('',(-0.00525514871676506,0.00730639527843126,0.011));
#2468=CARTESIAN_POINT('',(-0.00536021682473017,0.00723082469790494,0.011));
#2469=CARTESIAN_POINT('',(-0.00548880654010403,0.00700690219270177,0.011100501728843));
#2470=CARTESIAN_POINT('',(-0.00546339221863526,0.00680851705580632,0.0112705249401772));
#2471=CARTESIAN_POINT('',(-0.00543011768374505,0.00672164329664599,0.0113590124021229));
#2472=CARTESIAN_POINT('',(-0.00525514871676506,0.00730639527843126,0.011));
#2473=CARTESIAN_POINT('',(-0.00525514871676506,0.00730639527843126,0.012));
#2474=CARTESIAN_POINT('',(-0.00525514871676506,0.00730639527843126,0.001));
#2475=CARTESIAN_POINT('',(-0.00543011768374505,0.00672164329664599,0.000640987597877147));
#2476=CARTESIAN_POINT('',(-0.00546337377057784,0.00680846889128342,0.000729426000631316));
#2477=CARTESIAN_POINT('',(-0.00548902654529158,0.00700613320953782,0.000899024445569085));
#2478=CARTESIAN_POINT('',(-0.00536015095903708,0.00723087207202026,0.001));
#2479=CARTESIAN_POINT('',(-0.00525514871676506,0.00730639527843126,0.001));
#2480=CARTESIAN_POINT('',(-0.00690048442962952,0.00496319601027811,0.012));
#2481=CARTESIAN_POINT('',(-0.00730639527843126,0.00525514871676506,0.012));
#2482=CARTESIAN_POINT('',(-0.00730639527843126,0.00525514871676506,0.011));
#2483=CARTESIAN_POINT('',(-0.00730639527843126,0.00525514871676506,0.001));
#2484=CARTESIAN_POINT('',(-0.00730639527843126,0.00525514871676506,0.011));
#2485=CARTESIAN_POINT('',(-0.00723082469790494,0.00536021682473017,0.011));
#2486=CARTESIAN_POINT('',(-0.00700690219270178,0.00548880654010403,0.011100501728843));
#2487=CARTESIAN_POINT('',(-0.00680851705580633,0.00546339221863527,0.0112705249401772));
#2488=CARTESIAN_POINT('',(-0.006721643296646,0.00543011768374505,0.0113590124021228));
#2489=CARTESIAN_POINT('',(-0.00672164329664599,0.00543011768374505,0.000640987597877148));
#2490=CARTESIAN_POINT('',(-0.00680846889128342,0.00546337377057784,0.000729426000631317));
#2491=CARTESIAN_POINT('',(-0.00700613320953782,0.00548902654529158,0.000899024445569086));
#2492=CARTESIAN_POINT('',(-0.00723087207202026,0.00536015095903708,0.001));
#2493=CARTESIAN_POINT('',(-0.00730639527843126,0.00525514871676506,0.001));
#2494=CARTESIAN_POINT('',(-1.13586376307904E-15,1.67926294995163E-15,0.012));
#2495=CARTESIAN_POINT('',(0.,5.51091059616309E-19,0.011));
#2496=CARTESIAN_POINT('',(0.,5.51091059616309E-19,0.001));
#2497=CARTESIAN_POINT('',(-0.00831491579260158,0.00344415089128581,0.012));
#2498=CARTESIAN_POINT('',(-0.00828800473997485,0.00244451305924536,0.012));
#2499=CARTESIAN_POINT('',(-0.00828800473997485,0.00244451305924536,0.0113590124021229));
#2500=CARTESIAN_POINT('',(-0.00828800473997485,0.00244451305924536,0.000640987597877146));
#2501=CARTESIAN_POINT('',(-0.00828800473997485,0.00244451305924536,0.0113590124021229));
#2502=CARTESIAN_POINT('',(-0.00812421325270607,0.00244892245752184,0.0115148656279175));
#2503=CARTESIAN_POINT('',(-0.00778842961776243,0.0025293634222566,0.0118151572277398));
#2504=CARTESIAN_POINT('',(-0.00747737372526821,0.00285303037954726,0.012));
#2505=CARTESIAN_POINT('',(-0.00739103626009029,0.00306146745892072,0.012));
#2506=CARTESIAN_POINT('',(-0.00739103626009029,0.00306146745892072,0.012));
#2507=CARTESIAN_POINT('',(-0.00739103626009029,0.00306146745892072,0.012));
#2508=CARTESIAN_POINT('',(-0.00730487557916927,0.00326947774334354,0.012));
#2509=CARTESIAN_POINT('',(-0.00729575938650439,0.00371943631465302,0.011814874384221));
#2510=CARTESIAN_POINT('',(-0.00747648523861157,0.00401319414579288,0.0115146591890531));
#2511=CARTESIAN_POINT('',(-0.00758903611503393,0.00413197259325099,0.0113590124021229));
#2512=CARTESIAN_POINT('',(-0.00758903611503393,0.00413197259325099,0.0113590124021229));
#2513=CARTESIAN_POINT('',(-0.00758903611503393,0.00413197259325099,0.012));
#2514=CARTESIAN_POINT('',(-0.00758903611503393,0.00413197259325099,0.000640987597877145));
#2515=CARTESIAN_POINT('',(-0.00758903611503393,0.00413197259325099,0.000640987597877145));
#2516=CARTESIAN_POINT('',(-0.00747633685368508,0.00401303755055565,0.000485135609194836));
#2517=CARTESIAN_POINT('',(-0.00729578143854054,0.0037187201532047,0.000184842307627234));
#2518=CARTESIAN_POINT('',(-0.00730469798658786,0.00326990648976216,-4.70959178815929E-18));
#2519=CARTESIAN_POINT('',(-0.00739103626009029,0.00306146745892072,-5.31178776299691E-18));
#2520=CARTESIAN_POINT('',(-0.00739103626009029,0.00306146745892072,-5.31178776299691E-18));
#2521=CARTESIAN_POINT('',(-0.00747719763750907,0.00285345549300356,-5.91274991527568E-18));
#2522=CARTESIAN_POINT('',(-0.00778891872956193,0.00252884372644277,0.000185125334070095));
#2523=CARTESIAN_POINT('',(-0.00812442922237416,0.00244891664344507,0.000485339874639459));
#2524=CARTESIAN_POINT('',(-0.00828800473997485,0.00244451305924536,0.000640987597877148));
#2525=CARTESIAN_POINT('',(-0.00722609627625011,0.00447588344423359,0.012));
#2526=CARTESIAN_POINT('',(-0.00765116076308835,0.0047391707056591,0.011));
#2527=CARTESIAN_POINT('',(-0.00771931182853052,0.00462914412289618,0.011));
#2528=CARTESIAN_POINT('',(-0.00775242122046081,0.00437305819378503,0.0111005018739479));
#2529=CARTESIAN_POINT('',(-0.00765302274792117,0.0041994996810357,0.011270525185213));
#2530=CARTESIAN_POINT('',(-0.00758903611503393,0.00413197259325099,0.0113590124021229));
#2531=CARTESIAN_POINT('',(-0.00765116076308835,0.0047391707056591,0.011));
#2532=CARTESIAN_POINT('',(-0.00765116076308835,0.0047391707056591,0.012));
#2533=CARTESIAN_POINT('',(-0.00765116076308835,0.0047391707056591,0.001));
#2534=CARTESIAN_POINT('',(-0.00758903611503393,0.00413197259325099,0.000640987597877146));
#2535=CARTESIAN_POINT('',(-0.00765298658048904,0.00419946151241744,0.000729424798787341));
#2536=CARTESIAN_POINT('',(-0.00775233061707147,0.00437226318053936,0.000899024463404393));
#2537=CARTESIAN_POINT('',(-0.00771926880128739,0.00462921358828893,0.00100000000000001));
#2538=CARTESIAN_POINT('',(-0.00765116076308835,0.0047391707056591,0.001));
#2539=CARTESIAN_POINT('',(-0.00827454921366148,0.00194469414322514,0.012));
#2540=CARTESIAN_POINT('',(-0.00876128740270039,0.00205908791635604,0.012));
#2541=CARTESIAN_POINT('',(-0.00876128740270039,0.00205908791635604,0.011));
#2542=CARTESIAN_POINT('',(-0.00876128740270039,0.00205908791635604,0.001));
#2543=CARTESIAN_POINT('',(-0.00876128740270039,0.00205908791635604,0.011));
#2544=CARTESIAN_POINT('',(-0.00873167648175605,0.00218508049131664,0.011));
#2545=CARTESIAN_POINT('',(-0.00857400807597388,0.00238957005310872,0.0111005025774698));
#2546=CARTESIAN_POINT('',(-0.00838099929330531,0.00244200957124355,0.0112705248905948));
#2547=CARTESIAN_POINT('',(-0.00828800473997485,0.00244451305924536,0.0113590124021229));
#2548=CARTESIAN_POINT('',(-0.00828800473997485,0.00244451305924536,0.000640987597877147));
#2549=CARTESIAN_POINT('',(-0.00838094796238425,0.00244201095311313,0.000729426266270739));
#2550=CARTESIAN_POINT('',(-0.00857338265350005,0.00239006771393695,0.000899024397484712));
#2551=CARTESIAN_POINT('',(-0.00873169549498131,0.00218499959125909,0.000999999999999999));
#2552=CARTESIAN_POINT('',(-0.00876128740270039,0.00205908791635604,0.001));
#2553=CARTESIAN_POINT('',(-1.692027391961E-15,1.11676042561062E-15,0.012));
#2554=CARTESIAN_POINT('',(0.,5.51091059616309E-19,0.011));
#2555=CARTESIAN_POINT('',(0.,5.51091059616309E-19,0.001));
#2556=CARTESIAN_POINT('',(-0.009,-1.11117209260617E-18,0.012));
#2557=CARTESIAN_POINT('',(-0.00859259259259259,-0.000913246518958368,0.012));
#2558=CARTESIAN_POINT('',(-0.00859259259259259,-0.000913246518958368,0.0113590124021228));
#2559=CARTESIAN_POINT('',(-0.00859259259259259,-0.000913246518958368,0.000640987597877147));
#2560=CARTESIAN_POINT('',(-0.0085925925925926,-0.00091324651895837,0.0113590124021229));
#2561=CARTESIAN_POINT('',(-0.00844295669124606,-0.000846492610394673,0.0115148653178763));
#2562=CARTESIAN_POINT('',(-0.00816351607674309,-0.000643675599948278,0.0118151573441944));
#2563=CARTESIAN_POINT('',(-0.00799999999999999,-0.00022561119814736,0.012));
#2564=CARTESIAN_POINT('',(-0.00799999999999999,-2.73989268976063E-18,0.012));
#2565=CARTESIAN_POINT('',(-0.008,-9.26476186803677E-19,0.012));
#2566=CARTESIAN_POINT('',(-0.00799999999999999,-2.73989268976063E-18,0.012));
#2567=CARTESIAN_POINT('',(-0.00799999999999999,0.000225149052247837,0.012));
#2568=CARTESIAN_POINT('',(-0.00816376924990419,0.000644344122951912,0.0118148745957436));
#2569=CARTESIAN_POINT('',(-0.00844315393884765,0.00084658060430684,0.0115146598751079));
#2570=CARTESIAN_POINT('',(-0.00859259259259259,0.000913246518958365,0.0113590124021229));
#2571=CARTESIAN_POINT('',(-0.00859259259259259,0.000913246518958365,0.0113590124021229));
#2572=CARTESIAN_POINT('',(-0.00859259259259259,0.000913246518958365,0.012));
#2573=CARTESIAN_POINT('',(-0.00859259259259259,0.000913246518958365,0.000640987597877147));
#2574=CARTESIAN_POINT('',(-0.00859259259259259,0.000913246518958365,0.000640987597877145));
#2575=CARTESIAN_POINT('',(-0.00844295669124606,0.000846492610394668,0.000485134682123667));
#2576=CARTESIAN_POINT('',(-0.0081635160767431,0.000643675599948273,0.000184842655805614));
#2577=CARTESIAN_POINT('',(-0.00799999999999999,0.000225611198147355,-6.97753238781598E-18));
#2578=CARTESIAN_POINT('',(-0.00799999999999999,8.6039355558356E-19,-7.43106243926837E-18));
#2579=CARTESIAN_POINT('',(-0.00799999999999999,6.27687086079353E-19,-7.30229709446862E-18));
#2580=CARTESIAN_POINT('',(-0.00799999999999999,-0.000225149052247837,-7.69595528088763E-18));
#2581=CARTESIAN_POINT('',(-0.00816376924990419,-0.000644344122951915,0.000185125404256358));
#2582=CARTESIAN_POINT('',(-0.00844315393884765,-0.000846580604306843,0.000485340124892125));
#2583=CARTESIAN_POINT('',(-0.00859259259259259,-0.000913246518958367,0.000640987597877146));
#2584=CARTESIAN_POINT('',(-0.00838888888888889,0.00136986977843755,0.012));
#2585=CARTESIAN_POINT('',(-0.00888235294117647,0.00145045035363976,0.011));
#2586=CARTESIAN_POINT('',(-0.00890321131947646,0.00132271659331065,0.011));
#2587=CARTESIAN_POINT('',(-0.00883579940464897,0.0010734559931728,0.0111005026098235));
#2588=CARTESIAN_POINT('',(-0.00867755024141798,0.000951146882911418,0.0112705249658469));
#2589=CARTESIAN_POINT('',(-0.00859259259259259,0.000913246518958364,0.0113590124021229));
#2590=CARTESIAN_POINT('',(-0.00888235294117647,0.00145045035363976,0.011));
#2591=CARTESIAN_POINT('',(-0.00888235294117647,0.00145045035363976,0.012));
#2592=CARTESIAN_POINT('',(-0.00888235294117647,0.00145045035363976,0.001));
#2593=CARTESIAN_POINT('',(-0.00859259259259259,0.000913246518958365,0.000640987597877146));
#2594=CARTESIAN_POINT('',(-0.0086775030636513,0.000951125836489435,0.000729425896262864));
#2595=CARTESIAN_POINT('',(-0.00883541209808056,0.00107275671928513,0.000899024403466381));
#2596=CARTESIAN_POINT('',(-0.00890319790238023,0.00132279875771145,0.001));
#2597=CARTESIAN_POINT('',(-0.00888235294117647,0.00145045035363976,0.001));
#2598=CARTESIAN_POINT('',(-0.00838888888888889,-0.00136986977843755,0.012));
#2599=CARTESIAN_POINT('',(-0.00888235294117647,-0.00145045035363976,0.012));
#2600=CARTESIAN_POINT('',(-0.00888235294117647,-0.00145045035363976,0.011));
#2601=CARTESIAN_POINT('',(-0.00888235294117647,-0.00145045035363976,0.001));
#2602=CARTESIAN_POINT('',(-0.00888235294117647,-0.00145045035363976,0.011));
#2603=CARTESIAN_POINT('',(-0.00890321131947646,-0.00132271659331066,0.011));
#2604=CARTESIAN_POINT('',(-0.00883579940464897,-0.00107345599317281,0.0111005026098235));
#2605=CARTESIAN_POINT('',(-0.00867755024141799,-0.000951146882911425,0.0112705249658469));
#2606=CARTESIAN_POINT('',(-0.0085925925925926,-0.00091324651895837,0.0113590124021229));
#2607=CARTESIAN_POINT('',(-0.00859259259259259,-0.000913246518958367,0.000640987597877146));
#2608=CARTESIAN_POINT('',(-0.0086775030636513,-0.000951125836489437,0.000729425896262864));
#2609=CARTESIAN_POINT('',(-0.00883541209808056,-0.00107275671928513,0.000899024403466381));
#2610=CARTESIAN_POINT('',(-0.00890319790238023,-0.00132279875771145,0.001));
#2611=CARTESIAN_POINT('',(-0.00888235294117647,-0.00145045035363976,0.001));
#2612=CARTESIAN_POINT('',(-1.99059518868338E-15,3.84241249928863E-16,0.012));
#2613=CARTESIAN_POINT('',(0.,5.51091059616309E-19,0.011));
#2614=CARTESIAN_POINT('',(0.,5.51091059616309E-19,0.001));
#2615=CARTESIAN_POINT('',(-0.00831491579260158,-0.00344415089128582,0.012));
#2616=CARTESIAN_POINT('',(-0.00758903611503393,-0.004131972593251,0.012));
#2617=CARTESIAN_POINT('',(-0.00758903611503393,-0.004131972593251,0.0113590124021229));
#2618=CARTESIAN_POINT('',(-0.00758903611503393,-0.004131972593251,0.000640987597877146));
#2619=CARTESIAN_POINT('',(-0.00758903611503393,-0.004131972593251,0.0113590124021229));
#2620=CARTESIAN_POINT('',(-0.00747633685368508,-0.00401303755055565,0.0115148643908052));
#2621=CARTESIAN_POINT('',(-0.00729578143854054,-0.00371872015320471,0.0118151576923728));
#2622=CARTESIAN_POINT('',(-0.00730469798658786,-0.00326990648976217,0.012));
#2623=CARTESIAN_POINT('',(-0.00739103626009029,-0.00306146745892072,0.012));
#2624=CARTESIAN_POINT('',(-0.00739103626009029,-0.00306146745892072,0.012));
#2625=CARTESIAN_POINT('',(-0.00739103626009029,-0.00306146745892073,0.012));
#2626=CARTESIAN_POINT('',(-0.00747719763750907,-0.00285345549300356,0.012));
#2627=CARTESIAN_POINT('',(-0.00778891872956193,-0.00252884372644277,0.0118148746659299));
#2628=CARTESIAN_POINT('',(-0.00812442922237416,-0.00244891664344507,0.0115146601253605));
#2629=CARTESIAN_POINT('',(-0.00828800473997485,-0.00244451305924537,0.0113590124021229));
#2630=CARTESIAN_POINT('',(-0.00828800473997485,-0.00244451305924537,0.0113590124021229));
#2631=CARTESIAN_POINT('',(-0.00828800473997485,-0.00244451305924537,0.012));
#2632=CARTESIAN_POINT('',(-0.00828800473997485,-0.00244451305924537,0.000640987597877146));
#2633=CARTESIAN_POINT('',(-0.00828800473997485,-0.00244451305924537,0.00064098759787715));
#2634=CARTESIAN_POINT('',(-0.00812421325270607,-0.00244892245752185,0.000485134372082483));
#2635=CARTESIAN_POINT('',(-0.00778842961776242,-0.00252936342225661,0.000184842772260245));
#2636=CARTESIAN_POINT('',(-0.00747737372526821,-0.00285303037954727,-3.7608361455444E-18));
#2637=CARTESIAN_POINT('',(-0.00739103626009029,-0.00306146745892072,-3.60143282107076E-18));
#2638=CARTESIAN_POINT('',(-0.00739103626009029,-0.00306146745892072,-3.62176161180487E-18));
#2639=CARTESIAN_POINT('',(-0.00730487557916927,-0.00326947774334355,-3.46268468095661E-18));
#2640=CARTESIAN_POINT('',(-0.0072957593865044,-0.00371943631465303,0.000185125615779002));
#2641=CARTESIAN_POINT('',(-0.00747648523861157,-0.00401319414579289,0.000485340810946887));
#2642=CARTESIAN_POINT('',(-0.00758903611503393,-0.004131972593251,0.000640987597877148));
#2643=CARTESIAN_POINT('',(-0.00827454921366148,-0.00194469414322514,0.012));
#2644=CARTESIAN_POINT('',(-0.00876128740270039,-0.00205908791635604,0.011));
#2645=CARTESIAN_POINT('',(-0.00873167648175605,-0.00218508049131665,0.011));
#2646=CARTESIAN_POINT('',(-0.00857400807597388,-0.00238957005310873,0.0111005025774698));
#2647=CARTESIAN_POINT('',(-0.00838099929330531,-0.00244200957124355,0.0112705248905948));
#2648=CARTESIAN_POINT('',(-0.00828800473997485,-0.00244451305924537,0.0113590124021229));
#2649=CARTESIAN_POINT('',(-0.00876128740270039,-0.00205908791635604,0.011));
#2650=CARTESIAN_POINT('',(-0.00876128740270039,-0.00205908791635604,0.012));
#2651=CARTESIAN_POINT('',(-0.00876128740270039,-0.00205908791635604,0.001));
#2652=CARTESIAN_POINT('',(-0.00828800473997485,-0.00244451305924537,0.000640987597877148));
#2653=CARTESIAN_POINT('',(-0.00838094796238425,-0.00244201095311314,0.00072942626627074));
#2654=CARTESIAN_POINT('',(-0.00857338265350006,-0.00239006771393696,0.000899024397484713));
#2655=CARTESIAN_POINT('',(-0.00873169549498132,-0.00218499959125909,0.001));
#2656=CARTESIAN_POINT('',(-0.00876128740270039,-0.00205908791635604,0.001));
#2657=CARTESIAN_POINT('',(-0.0072260962762501,-0.0044758834442336,0.012));
#2658=CARTESIAN_POINT('',(-0.00765116076308835,-0.0047391707056591,0.012));
#2659=CARTESIAN_POINT('',(-0.00765116076308835,-0.0047391707056591,0.011));
#2660=CARTESIAN_POINT('',(-0.00765116076308835,-0.0047391707056591,0.001));
#2661=CARTESIAN_POINT('',(-0.00765116076308834,-0.0047391707056591,0.011));
#2662=CARTESIAN_POINT('',(-0.00771931182853051,-0.00462914412289618,0.011));
#2663=CARTESIAN_POINT('',(-0.0077524212204608,-0.00437305819378504,0.011100501873948));
#2664=CARTESIAN_POINT('',(-0.00765302274792117,-0.00419949968103571,0.011270525185213));
#2665=CARTESIAN_POINT('',(-0.00758903611503392,-0.004131972593251,0.0113590124021229));
#2666=CARTESIAN_POINT('',(-0.00758903611503393,-0.004131972593251,0.000640987597877146));
#2667=CARTESIAN_POINT('',(-0.00765298658048903,-0.00419946151241745,0.00072942479878734));
#2668=CARTESIAN_POINT('',(-0.00775233061707146,-0.00437226318053937,0.000899024463404391));
#2669=CARTESIAN_POINT('',(-0.00771926880128739,-0.00462921358828893,0.000999999999999998));
#2670=CARTESIAN_POINT('',(-0.00765116076308834,-0.0047391707056591,0.001));
#2671=CARTESIAN_POINT('',(-1.98611291271905E-15,-4.06775172898963E-16,0.012));
#2672=CARTESIAN_POINT('',(0.,5.51091059616309E-19,0.011));
#2673=CARTESIAN_POINT('',(0.,5.51091059616309E-19,0.001));
#2674=CARTESIAN_POINT('',(-0.00636396103067893,-0.00636396103067893,0.012));
#2675=CARTESIAN_POINT('',(-0.00543011768374505,-0.00672164329664599,0.012));
#2676=CARTESIAN_POINT('',(-0.00543011768374505,-0.00672164329664599,0.0113590124021228));
#2677=CARTESIAN_POINT('',(-0.00543011768374505,-0.00672164329664599,0.000640987597877149));
#2678=CARTESIAN_POINT('',(-0.00543011768374505,-0.006721643296646,0.0113590124021228));
#2679=CARTESIAN_POINT('',(-0.00537151123496119,-0.006568632517271,0.011514865396722));
#2680=CARTESIAN_POINT('',(-0.00531733016415904,-0.00622762502909113,0.0118151573145798));
#2681=CARTESIAN_POINT('',(-0.0054973231365377,-0.00581638536244705,0.012));
#2682=CARTESIAN_POINT('',(-0.00565685424949238,-0.00565685424949238,0.012));
#2683=CARTESIAN_POINT('',(-0.00565685424949238,-0.00565685424949238,0.012));
#2684=CARTESIAN_POINT('',(-0.00565685424949238,-0.00565685424949238,0.012));
#2685=CARTESIAN_POINT('',(-0.00581605856867816,-0.0054976499303066,0.012));
#2686=CARTESIAN_POINT('',(-0.00622827670379755,-0.00531703646804972,0.0118148746138116));
#2687=CARTESIAN_POINT('',(-0.00656883423622023,-0.00537158849769598,0.0115146599307906));
#2688=CARTESIAN_POINT('',(-0.006721643296646,-0.00543011768374505,0.0113590124021228));
#2689=CARTESIAN_POINT('',(-0.00672164329664599,-0.00543011768374505,0.0113590124021228));
#2690=CARTESIAN_POINT('',(-0.00672164329664599,-0.00543011768374505,0.012));
#2691=CARTESIAN_POINT('',(-0.00672164329664599,-0.00543011768374505,0.000640987597877148));
#2692=CARTESIAN_POINT('',(-0.00672164329664599,-0.00543011768374505,0.000640987597877149));
#2693=CARTESIAN_POINT('',(-0.006568632517271,-0.00537151123496118,0.000485134603277998));
#2694=CARTESIAN_POINT('',(-0.00622762502909112,-0.00531733016415904,0.000184842685420237));
#2695=CARTESIAN_POINT('',(-0.00581638536244705,-0.00549732313653771,-1.29490131349316E-18));
#2696=CARTESIAN_POINT('',(-0.00565685424949238,-0.00565685424949238,-1.13549771022145E-18));
#2697=CARTESIAN_POINT('',(-0.00565685424949238,-0.00565685424949238,-1.13549771022145E-18));
#2698=CARTESIAN_POINT('',(-0.0054976499303066,-0.00581605856867816,-9.76420639519608E-19));
#2699=CARTESIAN_POINT('',(-0.00531703646804972,-0.00622827670379755,0.000185125386188402));
#2700=CARTESIAN_POINT('',(-0.00537158849769597,-0.00656883423622022,0.000485340069209438));
#2701=CARTESIAN_POINT('',(-0.00543011768374505,-0.00672164329664599,0.00064098759787715));
#2702=CARTESIAN_POINT('',(-0.00690048442962952,-0.00496319601027811,0.012));
#2703=CARTESIAN_POINT('',(-0.00730639527843126,-0.00525514871676506,0.011));
#2704=CARTESIAN_POINT('',(-0.00723082469790494,-0.00536021682473017,0.011));
#2705=CARTESIAN_POINT('',(-0.00700690219270178,-0.00548880654010403,0.011100501728843));
#2706=CARTESIAN_POINT('',(-0.00680851705580633,-0.00546339221863527,0.0112705249401772));
#2707=CARTESIAN_POINT('',(-0.006721643296646,-0.00543011768374505,0.0113590124021228));
#2708=CARTESIAN_POINT('',(-0.00730639527843126,-0.00525514871676506,0.011));
#2709=CARTESIAN_POINT('',(-0.00730639527843126,-0.00525514871676506,0.012));
#2710=CARTESIAN_POINT('',(-0.00730639527843126,-0.00525514871676506,0.001));
#2711=CARTESIAN_POINT('',(-0.00672164329664599,-0.00543011768374505,0.000640987597877148));
#2712=CARTESIAN_POINT('',(-0.00680846889128342,-0.00546337377057784,0.000729426000631317));
#2713=CARTESIAN_POINT('',(-0.00700613320953783,-0.00548902654529159,0.000899024445569088));
#2714=CARTESIAN_POINT('',(-0.00723087207202026,-0.00536015095903708,0.001));
#2715=CARTESIAN_POINT('',(-0.00730639527843126,-0.00525514871676506,0.001));
#2716=CARTESIAN_POINT('',(-0.00496319601027811,-0.00690048442962952,0.012));
#2717=CARTESIAN_POINT('',(-0.00525514871676506,-0.00730639527843126,0.012));
#2718=CARTESIAN_POINT('',(-0.00525514871676506,-0.00730639527843126,0.011));
#2719=CARTESIAN_POINT('',(-0.00525514871676506,-0.00730639527843126,0.001));
#2720=CARTESIAN_POINT('',(-0.00525514871676506,-0.00730639527843126,0.011));
#2721=CARTESIAN_POINT('',(-0.00536021682473017,-0.00723082469790494,0.011));
#2722=CARTESIAN_POINT('',(-0.00548880654010403,-0.00700690219270178,0.011100501728843));
#2723=CARTESIAN_POINT('',(-0.00546339221863527,-0.00680851705580633,0.0112705249401772));
#2724=CARTESIAN_POINT('',(-0.00543011768374505,-0.006721643296646,0.0113590124021228));
#2725=CARTESIAN_POINT('',(-0.00543011768374505,-0.00672164329664599,0.000640987597877149));
#2726=CARTESIAN_POINT('',(-0.00546337377057784,-0.00680846889128342,0.000729426000631318));
#2727=CARTESIAN_POINT('',(-0.00548902654529158,-0.00700613320953782,0.000899024445569087));
#2728=CARTESIAN_POINT('',(-0.00536015095903708,-0.00723087207202026,0.001));
#2729=CARTESIAN_POINT('',(-0.00525514871676506,-0.00730639527843126,0.001));
#2730=CARTESIAN_POINT('',(-1.67926294995163E-15,-1.13586376307904E-15,0.012));
#2731=CARTESIAN_POINT('',(0.,5.51091059616309E-19,0.011));
#2732=CARTESIAN_POINT('',(0.,5.51091059616309E-19,0.001));
#2733=CARTESIAN_POINT('',(-0.00344415089128581,-0.00831491579260158,0.012));
#2734=CARTESIAN_POINT('',(-0.00244451305924536,-0.00828800473997485,0.012));
#2735=CARTESIAN_POINT('',(-0.00244451305924536,-0.00828800473997485,0.0113590124021228));
#2736=CARTESIAN_POINT('',(-0.00244451305924536,-0.00828800473997485,0.000640987597877148));
#2737=CARTESIAN_POINT('',(-0.00244451305924536,-0.00828800473997486,0.0113590124021228));
#2738=CARTESIAN_POINT('',(-0.00244892245752184,-0.00812421325270608,0.0115148656279175));
#2739=CARTESIAN_POINT('',(-0.0025293634222566,-0.00778842961776243,0.0118151572277398));
#2740=CARTESIAN_POINT('',(-0.00285303037954726,-0.00747737372526821,0.012));
#2741=CARTESIAN_POINT('',(-0.00306146745892071,-0.00739103626009029,0.012));
#2742=CARTESIAN_POINT('',(-0.00306146745892071,-0.00739103626009029,0.012));
#2743=CARTESIAN_POINT('',(-0.00306146745892071,-0.00739103626009029,0.012));
#2744=CARTESIAN_POINT('',(-0.00326947774334354,-0.00730487557916927,0.012));
#2745=CARTESIAN_POINT('',(-0.00371943631465303,-0.0072957593865044,0.011814874384221));
#2746=CARTESIAN_POINT('',(-0.00401319414579289,-0.00747648523861157,0.0115146591890531));
#2747=CARTESIAN_POINT('',(-0.004131972593251,-0.00758903611503393,0.0113590124021228));
#2748=CARTESIAN_POINT('',(-0.00413197259325099,-0.00758903611503393,0.0113590124021228));
#2749=CARTESIAN_POINT('',(-0.00413197259325099,-0.00758903611503393,0.012));
#2750=CARTESIAN_POINT('',(-0.00413197259325099,-0.00758903611503393,0.000640987597877148));
#2751=CARTESIAN_POINT('',(-0.004131972593251,-0.00758903611503393,0.000640987597877148));
#2752=CARTESIAN_POINT('',(-0.00401303755055565,-0.00747633685368509,0.000485135609194839));
#2753=CARTESIAN_POINT('',(-0.00371872015320471,-0.00729578143854054,0.000184842307627234));
#2754=CARTESIAN_POINT('',(-0.00326990648976216,-0.00730469798658786,-5.84097105512501E-18));
#2755=CARTESIAN_POINT('',(-0.00306146745892072,-0.00739103626009029,-5.15021684869361E-18));
#2756=CARTESIAN_POINT('',(-0.00306146745892072,-0.00739103626009029,-5.17393377121673E-18));
#2757=CARTESIAN_POINT('',(-0.00285345549300355,-0.00747719763750907,-4.48459483183815E-18));
#2758=CARTESIAN_POINT('',(-0.00252884372644277,-0.00778891872956193,0.000185125334070098));
#2759=CARTESIAN_POINT('',(-0.00244891664344507,-0.00812442922237416,0.00048533987463946));
#2760=CARTESIAN_POINT('',(-0.00244451305924536,-0.00828800473997485,0.000640987597877149));
#2761=CARTESIAN_POINT('',(-0.00447588344423359,-0.00722609627625011,0.012));
#2762=CARTESIAN_POINT('',(-0.00473917070565909,-0.00765116076308835,0.011));
#2763=CARTESIAN_POINT('',(-0.00462914412289618,-0.00771931182853052,0.011));
#2764=CARTESIAN_POINT('',(-0.00437305819378503,-0.00775242122046081,0.0111005018739479));
#2765=CARTESIAN_POINT('',(-0.00419949968103571,-0.00765302274792118,0.0112705251852129));
#2766=CARTESIAN_POINT('',(-0.004131972593251,-0.00758903611503394,0.0113590124021228));
#2767=CARTESIAN_POINT('',(-0.00473917070565909,-0.00765116076308835,0.011));
#2768=CARTESIAN_POINT('',(-0.00473917070565909,-0.00765116076308835,0.012));
#2769=CARTESIAN_POINT('',(-0.00473917070565909,-0.00765116076308835,0.001));
#2770=CARTESIAN_POINT('',(-0.00413197259325099,-0.00758903611503393,0.000640987597877148));
#2771=CARTESIAN_POINT('',(-0.00419946151241744,-0.00765298658048904,0.000729424798787342));
#2772=CARTESIAN_POINT('',(-0.00437226318053936,-0.00775233061707147,0.000899024463404394));
#2773=CARTESIAN_POINT('',(-0.00462921358828892,-0.0077192688012874,0.001));
#2774=CARTESIAN_POINT('',(-0.00473917070565909,-0.00765116076308835,0.00100000000000001));
#2775=CARTESIAN_POINT('',(-0.00194469414322514,-0.00827454921366148,0.012));
#2776=CARTESIAN_POINT('',(-0.00205908791635603,-0.00876128740270039,0.012));
#2777=CARTESIAN_POINT('',(-0.00205908791635603,-0.00876128740270039,0.011));
#2778=CARTESIAN_POINT('',(-0.00205908791635603,-0.00876128740270039,0.001));
#2779=CARTESIAN_POINT('',(-0.00205908791635603,-0.00876128740270039,0.011));
#2780=CARTESIAN_POINT('',(-0.00218508049131664,-0.00873167648175606,0.011));
#2781=CARTESIAN_POINT('',(-0.00238957005310871,-0.00857400807597389,0.0111005025774698));
#2782=CARTESIAN_POINT('',(-0.00244200957124354,-0.00838099929330532,0.0112705248905948));
#2783=CARTESIAN_POINT('',(-0.00244451305924536,-0.00828800473997486,0.0113590124021228));
#2784=CARTESIAN_POINT('',(-0.00244451305924536,-0.00828800473997485,0.000640987597877148));
#2785=CARTESIAN_POINT('',(-0.00244201095311313,-0.00838094796238425,0.00072942626627074));
#2786=CARTESIAN_POINT('',(-0.00239006771393695,-0.00857338265350006,0.000899024397484714));
#2787=CARTESIAN_POINT('',(-0.00218499959125908,-0.00873169549498132,0.001));
#2788=CARTESIAN_POINT('',(-0.00205908791635603,-0.00876128740270039,0.001));
#2789=CARTESIAN_POINT('',(-1.11676042561062E-15,-1.692027391961E-15,0.012));
#2790=CARTESIAN_POINT('',(0.,5.51091059616309E-19,0.011));
#2791=CARTESIAN_POINT('',(0.,5.51091059616309E-19,0.001));
#2792=CARTESIAN_POINT('',(5.60081032989866E-19,-0.009,0.012));
#2793=CARTESIAN_POINT('',(0.000913246518958368,-0.00859259259259259,0.012));
#2794=CARTESIAN_POINT('',(0.000913246518958367,-0.00859259259259259,0.0113590124021229));
#2795=CARTESIAN_POINT('',(0.000913246518958367,-0.00859259259259259,0.000640987597877147));
#2796=CARTESIAN_POINT('',(0.000913246518958366,-0.00859259259259259,0.0113590124021229));
#2797=CARTESIAN_POINT('',(0.000846492610394669,-0.00844295669124606,0.0115148653178763));
#2798=CARTESIAN_POINT('',(0.000643675599948274,-0.0081635160767431,0.0118151573441944));
#2799=CARTESIAN_POINT('',(0.000225611198147357,-0.00799999999999999,0.012));
#2800=CARTESIAN_POINT('',(2.19673292865608E-18,-0.00799999999999999,0.012));
#2801=CARTESIAN_POINT('',(4.97849807102103E-19,-0.008,0.012));
#2802=CARTESIAN_POINT('',(2.19673292865608E-18,-0.00799999999999999,0.012));
#2803=CARTESIAN_POINT('',(-0.000225149052247838,-0.00799999999999999,0.012));
#2804=CARTESIAN_POINT('',(-0.000644344122951913,-0.00816376924990419,0.0118148745957436));
#2805=CARTESIAN_POINT('',(-0.000846580604306841,-0.00844315393884765,0.0115146598751079));
#2806=CARTESIAN_POINT('',(-0.000913246518958365,-0.00859259259259259,0.0113590124021229));
#2807=CARTESIAN_POINT('',(-0.000913246518958366,-0.00859259259259259,0.0113590124021229));
#2808=CARTESIAN_POINT('',(-0.000913246518958365,-0.00859259259259259,0.012));
#2809=CARTESIAN_POINT('',(-0.000913246518958366,-0.00859259259259259,0.000640987597877146));
#2810=CARTESIAN_POINT('',(-0.000913246518958366,-0.00859259259259259,0.000640987597877146));
#2811=CARTESIAN_POINT('',(-0.000846492610394668,-0.00844295669124606,0.000485134682123668));
#2812=CARTESIAN_POINT('',(-0.000643675599948273,-0.0081635160767431,0.000184842655805613));
#2813=CARTESIAN_POINT('',(-0.000225611198147355,-0.00799999999999999,-7.06271181667039E-18));
#2814=CARTESIAN_POINT('',(-8.46629050470827E-19,-0.00799999999999999,-7.40395748835381E-18));
#2815=CARTESIAN_POINT('',(-1.03636443065579E-18,-0.00799999999999999,-7.38701682940872E-18));
#2816=CARTESIAN_POINT('',(0.000225149052247836,-0.00799999999999999,-7.77562207118209E-18));
#2817=CARTESIAN_POINT('',(0.000644344122951916,-0.00816376924990419,0.000185125404256355));
#2818=CARTESIAN_POINT('',(0.000846580604306842,-0.00844315393884765,0.000485340124892125));
#2819=CARTESIAN_POINT('',(0.000913246518958367,-0.00859259259259259,0.000640987597877146));
#2820=CARTESIAN_POINT('',(-0.00136986977843755,-0.00838888888888889,0.012));
#2821=CARTESIAN_POINT('',(-0.00145045035363976,-0.00888235294117647,0.011));
#2822=CARTESIAN_POINT('',(-0.00132271659331065,-0.00890321131947646,0.011));
#2823=CARTESIAN_POINT('',(-0.0010734559931728,-0.00883579940464897,0.0111005026098235));
#2824=CARTESIAN_POINT('',(-0.000951146882911418,-0.00867755024141798,0.0112705249658469));
#2825=CARTESIAN_POINT('',(-0.000913246518958364,-0.00859259259259259,0.0113590124021229));
#2826=CARTESIAN_POINT('',(-0.00145045035363976,-0.00888235294117647,0.011));
#2827=CARTESIAN_POINT('',(-0.00145045035363976,-0.00888235294117647,0.012));
#2828=CARTESIAN_POINT('',(-0.00145045035363976,-0.00888235294117647,0.001));
#2829=CARTESIAN_POINT('',(-0.000913246518958365,-0.00859259259259259,0.000640987597877146));
#2830=CARTESIAN_POINT('',(-0.000951125836489435,-0.0086775030636513,0.000729425896262864));
#2831=CARTESIAN_POINT('',(-0.00107275671928513,-0.00883541209808056,0.000899024403466382));
#2832=CARTESIAN_POINT('',(-0.00132279875771145,-0.00890319790238023,0.001));
#2833=CARTESIAN_POINT('',(-0.00145045035363976,-0.00888235294117647,0.001));
#2834=CARTESIAN_POINT('',(0.00136986977843755,-0.00838888888888889,0.012));
#2835=CARTESIAN_POINT('',(0.00145045035363976,-0.00888235294117647,0.012));
#2836=CARTESIAN_POINT('',(0.00145045035363976,-0.00888235294117647,0.011));
#2837=CARTESIAN_POINT('',(0.00145045035363976,-0.00888235294117647,0.001));
#2838=CARTESIAN_POINT('',(0.00145045035363976,-0.00888235294117647,0.011));
#2839=CARTESIAN_POINT('',(0.00132271659331065,-0.00890321131947646,0.011));
#2840=CARTESIAN_POINT('',(0.0010734559931728,-0.00883579940464897,0.0111005026098235));
#2841=CARTESIAN_POINT('',(0.000951146882911418,-0.00867755024141798,0.0112705249658469));
#2842=CARTESIAN_POINT('',(0.000913246518958364,-0.00859259259259259,0.0113590124021229));
#2843=CARTESIAN_POINT('',(0.000913246518958366,-0.00859259259259259,0.000640987597877147));
#2844=CARTESIAN_POINT('',(0.000951125836489435,-0.0086775030636513,0.000729425896262864));
#2845=CARTESIAN_POINT('',(0.00107275671928513,-0.00883541209808056,0.000899024403466382));
#2846=CARTESIAN_POINT('',(0.00132279875771145,-0.00890319790238023,0.001));
#2847=CARTESIAN_POINT('',(0.00145045035363976,-0.00888235294117647,0.001));
#2848=CARTESIAN_POINT('',(-3.84241249928863E-16,-1.99059518868338E-15,0.012));
#2849=CARTESIAN_POINT('',(0.,5.51091059616309E-19,0.011));
#2850=CARTESIAN_POINT('',(0.,5.51091059616309E-19,0.001));
#2851=CARTESIAN_POINT('',(0.00344415089128581,-0.00831491579260158,0.012));
#2852=CARTESIAN_POINT('',(0.00413197259325099,-0.00758903611503393,0.012));
#2853=CARTESIAN_POINT('',(0.00413197259325099,-0.00758903611503393,0.0113590124021228));
#2854=CARTESIAN_POINT('',(0.00413197259325099,-0.00758903611503393,0.000640987597877148));
#2855=CARTESIAN_POINT('',(0.004131972593251,-0.00758903611503394,0.0113590124021228));
#2856=CARTESIAN_POINT('',(0.00401303755055566,-0.00747633685368509,0.0115148643908052));
#2857=CARTESIAN_POINT('',(0.00371872015320471,-0.00729578143854054,0.0118151576923728));
#2858=CARTESIAN_POINT('',(0.00326990648976217,-0.00730469798658786,0.012));
#2859=CARTESIAN_POINT('',(0.00306146745892072,-0.00739103626009029,0.012));
#2860=CARTESIAN_POINT('',(0.00306146745892072,-0.00739103626009029,0.012));
#2861=CARTESIAN_POINT('',(0.00306146745892072,-0.00739103626009029,0.012));
#2862=CARTESIAN_POINT('',(0.00285345549300356,-0.00747719763750907,0.012));
#2863=CARTESIAN_POINT('',(0.00252884372644276,-0.00778891872956194,0.0118148746659299));
#2864=CARTESIAN_POINT('',(0.00244891664344506,-0.00812442922237417,0.0115146601253605));
#2865=CARTESIAN_POINT('',(0.00244451305924536,-0.00828800473997486,0.0113590124021228));
#2866=CARTESIAN_POINT('',(0.00244451305924536,-0.00828800473997485,0.0113590124021228));
#2867=CARTESIAN_POINT('',(0.00244451305924536,-0.00828800473997485,0.012));
#2868=CARTESIAN_POINT('',(0.00244451305924536,-0.00828800473997485,0.000640987597877148));
#2869=CARTESIAN_POINT('',(0.00244451305924537,-0.00828800473997485,0.00064098759787715));
#2870=CARTESIAN_POINT('',(0.00244892245752184,-0.00812421325270608,0.000485134372082483));
#2871=CARTESIAN_POINT('',(0.0025293634222566,-0.00778842961776242,0.000184842772260248));
#2872=CARTESIAN_POINT('',(0.00285303037954726,-0.00747737372526821,-4.98638971807486E-18));
#2873=CARTESIAN_POINT('',(0.00306146745892072,-0.00739103626009029,-4.79156343260708E-18));
#2874=CARTESIAN_POINT('',(0.00306146745892072,-0.00739103626009029,-4.87625028711784E-18));
#2875=CARTESIAN_POINT('',(0.00326947774334354,-0.00730487557916927,-4.57577163996001E-18));
#2876=CARTESIAN_POINT('',(0.00371943631465303,-0.0072957593865044,0.000185125615779003));
#2877=CARTESIAN_POINT('',(0.00401319414579289,-0.00747648523861157,0.000485340810946887));
#2878=CARTESIAN_POINT('',(0.00413197259325099,-0.00758903611503393,0.000640987597877147));
#2879=CARTESIAN_POINT('',(0.00194469414322514,-0.00827454921366148,0.012));
#2880=CARTESIAN_POINT('',(0.00205908791635604,-0.00876128740270039,0.011));
#2881=CARTESIAN_POINT('',(0.00218508049131664,-0.00873167648175605,0.011));
#2882=CARTESIAN_POINT('',(0.00238957005310872,-0.00857400807597389,0.0111005025774698));
#2883=CARTESIAN_POINT('',(0.00244200957124354,-0.00838099929330532,0.0112705248905948));
#2884=CARTESIAN_POINT('',(0.00244451305924536,-0.00828800473997486,0.0113590124021228));
#2885=CARTESIAN_POINT('',(0.00205908791635604,-0.00876128740270039,0.011));
#2886=CARTESIAN_POINT('',(0.00205908791635604,-0.00876128740270039,0.012));
#2887=CARTESIAN_POINT('',(0.00205908791635604,-0.00876128740270039,0.001));
#2888=CARTESIAN_POINT('',(0.00244451305924536,-0.00828800473997485,0.000640987597877149));
#2889=CARTESIAN_POINT('',(0.00244201095311313,-0.00838094796238425,0.000729426266270741));
#2890=CARTESIAN_POINT('',(0.00239006771393695,-0.00857338265350005,0.000899024397484711));
#2891=CARTESIAN_POINT('',(0.00218499959125909,-0.00873169549498131,0.001));
#2892=CARTESIAN_POINT('',(0.00205908791635604,-0.00876128740270039,0.001));
#2893=CARTESIAN_POINT('',(0.00447588344423359,-0.00722609627625011,0.012));
#2894=CARTESIAN_POINT('',(0.00473917070565909,-0.00765116076308835,0.012));
#2895=CARTESIAN_POINT('',(0.0047391707056591,-0.00765116076308835,0.011));
#2896=CARTESIAN_POINT('',(0.0047391707056591,-0.00765116076308835,0.001));
#2897=CARTESIAN_POINT('',(0.0047391707056591,-0.00765116076308835,0.011));
#2898=CARTESIAN_POINT('',(0.00462914412289619,-0.00771931182853052,0.011));
#2899=CARTESIAN_POINT('',(0.00437305819378503,-0.00775242122046081,0.0111005018739479));
#2900=CARTESIAN_POINT('',(0.00419949968103571,-0.00765302274792118,0.0112705251852129));
#2901=CARTESIAN_POINT('',(0.004131972593251,-0.00758903611503394,0.0113590124021228));
#2902=CARTESIAN_POINT('',(0.00413197259325099,-0.00758903611503393,0.000640987597877148));
#2903=CARTESIAN_POINT('',(0.00419946151241744,-0.00765298658048904,0.000729424798787343));
#2904=CARTESIAN_POINT('',(0.00437226318053937,-0.00775233061707147,0.000899024463404396));
#2905=CARTESIAN_POINT('',(0.00462921358828893,-0.00771926880128739,0.00100000000000001));
#2906=CARTESIAN_POINT('',(0.0047391707056591,-0.00765116076308835,0.001));
#2907=CARTESIAN_POINT('',(4.06775172898961E-16,-1.98611291271905E-15,0.012));
#2908=CARTESIAN_POINT('',(0.,5.51091059616309E-19,0.011));
#2909=CARTESIAN_POINT('',(0.,5.51091059616309E-19,0.001));
#2910=CARTESIAN_POINT('',(0.00636396103067893,-0.00636396103067893,0.012));
#2911=CARTESIAN_POINT('',(0.00672164329664599,-0.00543011768374505,0.012));
#2912=CARTESIAN_POINT('',(0.00672164329664599,-0.00543011768374505,0.0113590124021228));
#2913=CARTESIAN_POINT('',(0.00672164329664599,-0.00543011768374505,0.000640987597877148));
#2914=CARTESIAN_POINT('',(0.006721643296646,-0.00543011768374505,0.0113590124021228));
#2915=CARTESIAN_POINT('',(0.006568632517271,-0.00537151123496119,0.011514865396722));
#2916=CARTESIAN_POINT('',(0.00622762502909113,-0.00531733016415904,0.0118151573145798));
#2917=CARTESIAN_POINT('',(0.00581638536244705,-0.0054973231365377,0.012));
#2918=CARTESIAN_POINT('',(0.00565685424949238,-0.00565685424949238,0.012));
#2919=CARTESIAN_POINT('',(0.00565685424949238,-0.00565685424949238,0.012));
#2920=CARTESIAN_POINT('',(0.00565685424949238,-0.00565685424949238,0.012));
#2921=CARTESIAN_POINT('',(0.0054976499303066,-0.00581605856867816,0.012));
#2922=CARTESIAN_POINT('',(0.00531703646804972,-0.00622827670379755,0.0118148746138116));
#2923=CARTESIAN_POINT('',(0.00537158849769597,-0.00656883423622023,0.0115146599307906));
#2924=CARTESIAN_POINT('',(0.00543011768374505,-0.00672164329664599,0.0113590124021228));
#2925=CARTESIAN_POINT('',(0.00543011768374505,-0.00672164329664599,0.0113590124021228));
#2926=CARTESIAN_POINT('',(0.00543011768374505,-0.00672164329664599,0.012));
#2927=CARTESIAN_POINT('',(0.00543011768374505,-0.00672164329664599,0.000640987597877148));
#2928=CARTESIAN_POINT('',(0.00543011768374505,-0.00672164329664599,0.000640987597877149));
#2929=CARTESIAN_POINT('',(0.00537151123496119,-0.00656863251727099,0.000485134603277998));
#2930=CARTESIAN_POINT('',(0.00531733016415904,-0.00622762502909112,0.000184842685420235));
#2931=CARTESIAN_POINT('',(0.00549732313653771,-0.00581638536244705,-1.28404234941185E-18));
#2932=CARTESIAN_POINT('',(0.00565685424949238,-0.00565685424949238,-1.1600617690894E-18));
#2933=CARTESIAN_POINT('',(0.00565685424949238,-0.00565685424949238,-1.15152619574604E-18));
#2934=CARTESIAN_POINT('',(0.00581605856867816,-0.0054976499303066,-1.31060326644788E-18));
#2935=CARTESIAN_POINT('',(0.00622827670379755,-0.00531703646804972,0.0001851253861884));
#2936=CARTESIAN_POINT('',(0.00656883423622022,-0.00537158849769597,0.000485340069209437));
#2937=CARTESIAN_POINT('',(0.00672164329664599,-0.00543011768374505,0.000640987597877149));
#2938=CARTESIAN_POINT('',(0.00496319601027811,-0.00690048442962952,0.012));
#2939=CARTESIAN_POINT('',(0.00525514871676506,-0.00730639527843126,0.011));
#2940=CARTESIAN_POINT('',(0.00536021682473017,-0.00723082469790494,0.011));
#2941=CARTESIAN_POINT('',(0.00548880654010403,-0.00700690219270178,0.011100501728843));
#2942=CARTESIAN_POINT('',(0.00546339221863527,-0.00680851705580633,0.0112705249401772));
#2943=CARTESIAN_POINT('',(0.00543011768374505,-0.006721643296646,0.0113590124021228));
#2944=CARTESIAN_POINT('',(0.00525514871676506,-0.00730639527843126,0.011));
#2945=CARTESIAN_POINT('',(0.00525514871676506,-0.00730639527843126,0.012));
#2946=CARTESIAN_POINT('',(0.00525514871676506,-0.00730639527843126,0.001));
#2947=CARTESIAN_POINT('',(0.00543011768374505,-0.00672164329664599,0.000640987597877148));
#2948=CARTESIAN_POINT('',(0.00546337377057784,-0.00680846889128342,0.000729426000631318));
#2949=CARTESIAN_POINT('',(0.00548902654529159,-0.00700613320953782,0.000899024445569087));
#2950=CARTESIAN_POINT('',(0.00536015095903708,-0.00723087207202026,0.001));
#2951=CARTESIAN_POINT('',(0.00525514871676506,-0.00730639527843126,0.001));
#2952=CARTESIAN_POINT('',(0.00690048442962952,-0.00496319601027811,0.012));
#2953=CARTESIAN_POINT('',(0.00730639527843126,-0.00525514871676506,0.012));
#2954=CARTESIAN_POINT('',(0.00730639527843126,-0.00525514871676506,0.011));
#2955=CARTESIAN_POINT('',(0.00730639527843126,-0.00525514871676506,0.001));
#2956=CARTESIAN_POINT('',(0.00730639527843126,-0.00525514871676506,0.011));
#2957=CARTESIAN_POINT('',(0.00723082469790494,-0.00536021682473017,0.011));
#2958=CARTESIAN_POINT('',(0.00700690219270178,-0.00548880654010403,0.011100501728843));
#2959=CARTESIAN_POINT('',(0.00680851705580633,-0.00546339221863526,0.0112705249401772));
#2960=CARTESIAN_POINT('',(0.006721643296646,-0.00543011768374505,0.0113590124021228));
#2961=CARTESIAN_POINT('',(0.00672164329664599,-0.00543011768374505,0.000640987597877148));
#2962=CARTESIAN_POINT('',(0.00680846889128342,-0.00546337377057784,0.000729426000631317));
#2963=CARTESIAN_POINT('',(0.00700613320953782,-0.00548902654529159,0.000899024445569088));
#2964=CARTESIAN_POINT('',(0.00723087207202026,-0.00536015095903708,0.001));
#2965=CARTESIAN_POINT('',(0.00730639527843126,-0.00525514871676506,0.001));
#2966=CARTESIAN_POINT('',(1.13586376307904E-15,-1.67926294995163E-15,0.012));
#2967=CARTESIAN_POINT('',(0.,5.51091059616309E-19,0.011));
#2968=CARTESIAN_POINT('',(0.,5.51091059616309E-19,0.001));
#2969=CARTESIAN_POINT('',(0.00831491579260158,-0.00344415089128581,0.012));
#2970=CARTESIAN_POINT('',(0.00828800473997485,-0.00244451305924536,0.012));
#2971=CARTESIAN_POINT('',(0.00828800473997485,-0.00244451305924536,0.0113590124021228));
#2972=CARTESIAN_POINT('',(0.00828800473997485,-0.00244451305924536,0.000640987597877148));
#2973=CARTESIAN_POINT('',(0.00828800473997486,-0.00244451305924536,0.0113590124021228));
#2974=CARTESIAN_POINT('',(0.00812421325270608,-0.00244892245752184,0.0115148656279175));
#2975=CARTESIAN_POINT('',(0.00778842961776243,-0.0025293634222566,0.0118151572277398));
#2976=CARTESIAN_POINT('',(0.00747737372526821,-0.00285303037954726,0.012));
#2977=CARTESIAN_POINT('',(0.00739103626009029,-0.00306146745892072,0.012));
#2978=CARTESIAN_POINT('',(0.00739103626009029,-0.00306146745892072,0.012));
#2979=CARTESIAN_POINT('',(0.00739103626009029,-0.00306146745892072,0.012));
#2980=CARTESIAN_POINT('',(0.00730487557916927,-0.00326947774334354,0.012));
#2981=CARTESIAN_POINT('',(0.0072957593865044,-0.00371943631465303,0.011814874384221));
#2982=CARTESIAN_POINT('',(0.00747648523861157,-0.00401319414579289,0.0115146591890531));
#2983=CARTESIAN_POINT('',(0.00758903611503394,-0.004131972593251,0.0113590124021228));
#2984=CARTESIAN_POINT('',(0.00758903611503393,-0.00413197259325099,0.0113590124021228));
#2985=CARTESIAN_POINT('',(0.00758903611503393,-0.00413197259325099,0.012));
#2986=CARTESIAN_POINT('',(0.00758903611503393,-0.00413197259325099,0.000640987597877147));
#2987=CARTESIAN_POINT('',(0.00758903611503393,-0.004131972593251,0.000640987597877147));
#2988=CARTESIAN_POINT('',(0.00747633685368509,-0.00401303755055565,0.000485135609194839));
#2989=CARTESIAN_POINT('',(0.00729578143854054,-0.00371872015320471,0.000184842307627234));
#2990=CARTESIAN_POINT('',(0.00730469798658786,-0.00326990648976217,-4.74280034637354E-18));
#2991=CARTESIAN_POINT('',(0.00739103626009029,-0.00306146745892072,-5.36270796752991E-18));
#2992=CARTESIAN_POINT('',(0.00739103626009029,-0.00306146745892072,-5.36270796752991E-18));
#2993=CARTESIAN_POINT('',(0.00747719763750907,-0.00285345549300356,-5.98134547722864E-18));
#2994=CARTESIAN_POINT('',(0.00778891872956193,-0.00252884372644277,0.000185125334070095));
#2995=CARTESIAN_POINT('',(0.00812442922237416,-0.00244891664344507,0.000485339874639459));
#2996=CARTESIAN_POINT('',(0.00828800473997485,-0.00244451305924536,0.000640987597877149));
#2997=CARTESIAN_POINT('',(0.00722609627625011,-0.00447588344423359,0.012));
#2998=CARTESIAN_POINT('',(0.00765116076308835,-0.00473917070565909,0.011));
#2999=CARTESIAN_POINT('',(0.00771931182853052,-0.00462914412289618,0.011));
#3000=CARTESIAN_POINT('',(0.00775242122046081,-0.00437305819378503,0.0111005018739479));
#3001=CARTESIAN_POINT('',(0.00765302274792118,-0.00419949968103571,0.0112705251852129));
#3002=CARTESIAN_POINT('',(0.00758903611503394,-0.004131972593251,0.0113590124021228));
#3003=CARTESIAN_POINT('',(0.00765116076308835,-0.00473917070565909,0.011));
#3004=CARTESIAN_POINT('',(0.00765116076308835,-0.00473917070565909,0.012));
#3005=CARTESIAN_POINT('',(0.00765116076308835,-0.00473917070565909,0.001));
#3006=CARTESIAN_POINT('',(0.00758903611503393,-0.00413197259325099,0.000640987597877147));
#3007=CARTESIAN_POINT('',(0.00765298658048904,-0.00419946151241744,0.000729424798787341));
#3008=CARTESIAN_POINT('',(0.00775233061707147,-0.00437226318053936,0.000899024463404394));
#3009=CARTESIAN_POINT('',(0.00771926880128739,-0.00462921358828892,0.001));
#3010=CARTESIAN_POINT('',(0.00765116076308835,-0.00473917070565909,0.00100000000000001));
#3011=CARTESIAN_POINT('',(0.00827454921366148,-0.00194469414322514,0.012));
#3012=CARTESIAN_POINT('',(0.00876128740270039,-0.00205908791635603,0.012));
#3013=CARTESIAN_POINT('',(0.00876128740270039,-0.00205908791635603,0.011));
#3014=CARTESIAN_POINT('',(0.00876128740270039,-0.00205908791635603,0.001));
#3015=CARTESIAN_POINT('',(0.00876128740270039,-0.00205908791635603,0.011));
#3016=CARTESIAN_POINT('',(0.00873167648175605,-0.00218508049131664,0.011));
#3017=CARTESIAN_POINT('',(0.00857400807597389,-0.00238957005310872,0.0111005025774698));
#3018=CARTESIAN_POINT('',(0.00838099929330532,-0.00244200957124354,0.0112705248905948));
#3019=CARTESIAN_POINT('',(0.00828800473997486,-0.00244451305924536,0.0113590124021228));
#3020=CARTESIAN_POINT('',(0.00828800473997485,-0.00244451305924536,0.000640987597877148));
#3021=CARTESIAN_POINT('',(0.00838094796238425,-0.00244201095311313,0.00072942626627074));
#3022=CARTESIAN_POINT('',(0.00857338265350006,-0.00239006771393695,0.000899024397484714));
#3023=CARTESIAN_POINT('',(0.00873169549498132,-0.00218499959125908,0.001));
#3024=CARTESIAN_POINT('',(0.00876128740270039,-0.00205908791635603,0.001));
#3025=CARTESIAN_POINT('',(1.692027391961E-15,-1.11676042561062E-15,0.012));
#3026=CARTESIAN_POINT('',(0.,5.51091059616309E-19,0.011));
#3027=CARTESIAN_POINT('',(0.,5.51091059616309E-19,0.001));
#3028=CARTESIAN_POINT('',(0.009,8.98997337355676E-21,0.012));
#3029=CARTESIAN_POINT('',(0.00859259259259259,0.000913246518958367,0.012));
#3030=CARTESIAN_POINT('',(0.00859259259259259,0.000913246518958366,0.0113590124021229));
#3031=CARTESIAN_POINT('',(0.00859259259259259,0.000913246518958366,0.000640987597877147));
#3032=CARTESIAN_POINT('',(0.00859259259259259,0.000913246518958365,0.0113590124021229));
#3033=CARTESIAN_POINT('',(0.00844295669124605,0.000846492610394668,0.0115148653178763));
#3034=CARTESIAN_POINT('',(0.0081635160767431,0.000643675599948273,0.0118151573441944));
#3035=CARTESIAN_POINT('',(0.00799999999999999,0.000225611198147357,0.012));
#3036=CARTESIAN_POINT('',(0.00799999999999999,2.03876084455346E-18,0.012));
#3037=CARTESIAN_POINT('',(0.008,4.36143902665707E-22,0.012));
#3038=CARTESIAN_POINT('',(0.00799999999999999,1.82192041005635E-18,0.012));
#3039=CARTESIAN_POINT('',(0.00799999999999999,-0.000225149052247839,0.012));
#3040=CARTESIAN_POINT('',(0.00816376924990419,-0.000644344122951913,0.0118148745957436));
#3041=CARTESIAN_POINT('',(0.00844315393884765,-0.000846580604306841,0.0115146598751079));
#3042=CARTESIAN_POINT('',(0.00859259259259259,-0.000913246518958366,0.0113590124021229));
#3043=CARTESIAN_POINT('',(0.00859259259259259,-0.000913246518958366,0.0113590124021229));
#3044=CARTESIAN_POINT('',(0.00859259259259259,-0.000913246518958366,0.012));
#3045=CARTESIAN_POINT('',(0.00859259259259259,-0.000913246518958367,0.000640987597877146));
#3046=CARTESIAN_POINT('',(0.00859259259259259,-0.000913246518958366,0.000640987597877146));
#3047=CARTESIAN_POINT('',(0.00844295669124606,-0.000846492610394669,0.000485134682123669));
#3048=CARTESIAN_POINT('',(0.0081635160767431,-0.000643675599948274,0.000184842655805613));
#3049=CARTESIAN_POINT('',(0.00799999999999999,-0.000225611198147355,-7.02275207819916E-18));
#3050=CARTESIAN_POINT('',(0.00799999999999999,-1.48275114282563E-18,-7.41666277576747E-18));
#3051=CARTESIAN_POINT('',(0.00799999999999999,-1.48275114282563E-18,-7.41666277576747E-18));
#3052=CARTESIAN_POINT('',(0.00799999999999999,0.000225149052247836,-7.80976657981653E-18));
#3053=CARTESIAN_POINT('',(0.00816376924990419,0.000644344122951919,0.000185125404256358));
#3054=CARTESIAN_POINT('',(0.00844315393884765,0.000846580604306842,0.000485340124892124));
#3055=CARTESIAN_POINT('',(0.00859259259259259,0.000913246518958367,0.000640987597877145));
#3056=CARTESIAN_POINT('',(0.00838888888888889,-0.00136986977843755,0.012));
#3057=CARTESIAN_POINT('',(0.00888235294117647,-0.00145045035363976,0.011));
#3058=CARTESIAN_POINT('',(0.00890321131947646,-0.00132271659331065,0.011));
#3059=CARTESIAN_POINT('',(0.00883579940464897,-0.0010734559931728,0.0111005026098235));
#3060=CARTESIAN_POINT('',(0.00867755024141798,-0.000951146882911418,0.0112705249658469));
#3061=CARTESIAN_POINT('',(0.00859259259259259,-0.000913246518958364,0.0113590124021229));
#3062=CARTESIAN_POINT('',(0.00888235294117647,-0.00145045035363976,0.011));
#3063=CARTESIAN_POINT('',(0.00888235294117647,-0.00145045035363976,0.012));
#3064=CARTESIAN_POINT('',(0.00888235294117647,-0.00145045035363976,0.001));
#3065=CARTESIAN_POINT('',(0.00859259259259259,-0.000913246518958365,0.000640987597877146));
#3066=CARTESIAN_POINT('',(0.0086775030636513,-0.000951125836489435,0.000729425896262864));
#3067=CARTESIAN_POINT('',(0.00883541209808056,-0.00107275671928513,0.000899024403466382));
#3068=CARTESIAN_POINT('',(0.00890319790238023,-0.00132279875771145,0.001));
#3069=CARTESIAN_POINT('',(0.00888235294117647,-0.00145045035363976,0.001));
#3070=CARTESIAN_POINT('',(0.00838888888888889,0.00136986977843755,0.012));
#3071=CARTESIAN_POINT('',(0.00888235294117647,0.00145045035363976,0.012));
#3072=CARTESIAN_POINT('',(0.00888235294117647,0.00145045035363976,0.011));
#3073=CARTESIAN_POINT('',(0.00888235294117647,0.00145045035363976,0.001));
#3074=CARTESIAN_POINT('',(0.00888235294117647,0.00145045035363976,0.011));
#3075=CARTESIAN_POINT('',(0.00890321131947646,0.00132271659331065,0.011));
#3076=CARTESIAN_POINT('',(0.00883579940464897,0.0010734559931728,0.0111005026098235));
#3077=CARTESIAN_POINT('',(0.00867755024141798,0.000951146882911418,0.0112705249658469));
#3078=CARTESIAN_POINT('',(0.00859259259259259,0.000913246518958364,0.0113590124021229));
#3079=CARTESIAN_POINT('',(0.00859259259259259,0.000913246518958365,0.000640987597877146));
#3080=CARTESIAN_POINT('',(0.0086775030636513,0.000951125836489435,0.000729425896262864));
#3081=CARTESIAN_POINT('',(0.00883541209808056,0.00107275671928513,0.000899024403466382));
#3082=CARTESIAN_POINT('',(0.00890319790238023,0.00132279875771145,0.001));
#3083=CARTESIAN_POINT('',(0.00888235294117647,0.00145045035363976,0.001));
#3084=CARTESIAN_POINT('',(1.99059518868338E-15,-3.84241249928863E-16,0.012));
#3085=CARTESIAN_POINT('',(0.,5.51091059616309E-19,0.011));
#3086=CARTESIAN_POINT('',(0.,5.51091059616309E-19,0.001));
#3087=CARTESIAN_POINT('',(0.00831491579260158,0.00344415089128581,0.012));
#3088=CARTESIAN_POINT('',(0.00758903611503393,0.00413197259325099,0.012));
#3089=CARTESIAN_POINT('',(0.00758903611503393,0.00413197259325099,0.0113590124021228));
#3090=CARTESIAN_POINT('',(0.00758903611503393,0.00413197259325099,0.000640987597877147));
#3091=CARTESIAN_POINT('',(0.00758903611503394,0.004131972593251,0.0113590124021228));
#3092=CARTESIAN_POINT('',(0.00747633685368509,0.00401303755055566,0.0115148643908052));
#3093=CARTESIAN_POINT('',(0.00729578143854054,0.00371872015320471,0.0118151576923728));
#3094=CARTESIAN_POINT('',(0.00730469798658786,0.00326990648976217,0.012));
#3095=CARTESIAN_POINT('',(0.00739103626009029,0.00306146745892072,0.012));
#3096=CARTESIAN_POINT('',(0.0073910362600903,0.00306146745892072,0.012));
#3097=CARTESIAN_POINT('',(0.00739103626009029,0.00306146745892072,0.012));
#3098=CARTESIAN_POINT('',(0.00747719763750907,0.00285345549300355,0.012));
#3099=CARTESIAN_POINT('',(0.00778891872956194,0.00252884372644276,0.0118148746659299));
#3100=CARTESIAN_POINT('',(0.00812442922237417,0.00244891664344506,0.0115146601253605));
#3101=CARTESIAN_POINT('',(0.00828800473997486,0.00244451305924536,0.0113590124021228));
#3102=CARTESIAN_POINT('',(0.00828800473997485,0.00244451305924536,0.0113590124021228));
#3103=CARTESIAN_POINT('',(0.00828800473997485,0.00244451305924536,0.012));
#3104=CARTESIAN_POINT('',(0.00828800473997485,0.00244451305924536,0.000640987597877148));
#3105=CARTESIAN_POINT('',(0.00828800473997485,0.00244451305924536,0.000640987597877149));
#3106=CARTESIAN_POINT('',(0.00812421325270608,0.00244892245752184,0.000485134372082482));
#3107=CARTESIAN_POINT('',(0.00778842961776242,0.0025293634222566,0.000184842772260248));
#3108=CARTESIAN_POINT('',(0.00747737372526821,0.00285303037954726,-3.88476488381362E-18));
#3109=CARTESIAN_POINT('',(0.00739103626009029,0.00306146745892071,-4.77033890866716E-18));
#3110=CARTESIAN_POINT('',(0.00739103626009029,0.00306146745892071,-4.77033890866716E-18));
#3111=CARTESIAN_POINT('',(0.00730487557916927,0.00326947774334354,-5.65409963560195E-18));
#3112=CARTESIAN_POINT('',(0.00729575938650439,0.00371943631465303,0.000185125615779));
#3113=CARTESIAN_POINT('',(0.00747648523861157,0.00401319414579289,0.000485340810946886));
#3114=CARTESIAN_POINT('',(0.00758903611503393,0.004131972593251,0.000640987597877147));
#3115=CARTESIAN_POINT('',(0.00827454921366148,0.00194469414322514,0.012));
#3116=CARTESIAN_POINT('',(0.00876128740270039,0.00205908791635603,0.011));
#3117=CARTESIAN_POINT('',(0.00873167648175605,0.00218508049131664,0.011));
#3118=CARTESIAN_POINT('',(0.00857400807597389,0.00238957005310871,0.0111005025774698));
#3119=CARTESIAN_POINT('',(0.00838099929330532,0.00244200957124354,0.0112705248905948));
#3120=CARTESIAN_POINT('',(0.00828800473997486,0.00244451305924536,0.0113590124021228));
#3121=CARTESIAN_POINT('',(0.00876128740270039,0.00205908791635603,0.011));
#3122=CARTESIAN_POINT('',(0.00876128740270039,0.00205908791635604,0.012));
#3123=CARTESIAN_POINT('',(0.00876128740270039,0.00205908791635603,0.001));
#3124=CARTESIAN_POINT('',(0.00828800473997485,0.00244451305924536,0.000640987597877149));
#3125=CARTESIAN_POINT('',(0.00838094796238425,0.00244201095311313,0.000729426266270741));
#3126=CARTESIAN_POINT('',(0.00857338265350005,0.00239006771393695,0.000899024397484713));
#3127=CARTESIAN_POINT('',(0.00873169549498131,0.00218499959125908,0.001));
#3128=CARTESIAN_POINT('',(0.00876128740270039,0.00205908791635603,0.001));
#3129=CARTESIAN_POINT('',(0.00722609627625011,0.00447588344423359,0.012));
#3130=CARTESIAN_POINT('',(0.00765116076308835,0.00473917070565909,0.012));
#3131=CARTESIAN_POINT('',(0.00765116076308835,0.0047391707056591,0.011));
#3132=CARTESIAN_POINT('',(0.00765116076308835,0.0047391707056591,0.001));
#3133=CARTESIAN_POINT('',(0.00765116076308835,0.0047391707056591,0.011));
#3134=CARTESIAN_POINT('',(0.00771931182853052,0.00462914412289619,0.011));
#3135=CARTESIAN_POINT('',(0.00775242122046081,0.00437305819378503,0.0111005018739479));
#3136=CARTESIAN_POINT('',(0.00765302274792118,0.00419949968103571,0.0112705251852129));
#3137=CARTESIAN_POINT('',(0.00758903611503394,0.004131972593251,0.0113590124021228));
#3138=CARTESIAN_POINT('',(0.00758903611503393,0.00413197259325099,0.000640987597877147));
#3139=CARTESIAN_POINT('',(0.00765298658048904,0.00419946151241744,0.000729424798787341));
#3140=CARTESIAN_POINT('',(0.00775233061707147,0.00437226318053936,0.000899024463404393));
#3141=CARTESIAN_POINT('',(0.00771926880128739,0.00462921358828893,0.00100000000000001));
#3142=CARTESIAN_POINT('',(0.00765116076308835,0.0047391707056591,0.001));
#3143=CARTESIAN_POINT('',(1.98611291271905E-15,4.06775172898961E-16,0.012));
#3144=CARTESIAN_POINT('',(0.,5.51091059616309E-19,0.011));
#3145=CARTESIAN_POINT('',(0.,5.51091059616309E-19,0.001));
#3146=CARTESIAN_POINT('',(0.00636396103067893,0.00636396103067893,0.012));
#3147=CARTESIAN_POINT('',(0.00543011768374505,0.00672164329664599,0.012));
#3148=CARTESIAN_POINT('',(0.00543011768374505,0.00672164329664599,0.0113590124021229));
#3149=CARTESIAN_POINT('',(0.00543011768374505,0.00672164329664599,0.000640987597877146));
#3150=CARTESIAN_POINT('',(0.00543011768374505,0.00672164329664599,0.0113590124021229));
#3151=CARTESIAN_POINT('',(0.00537151123496119,0.00656863251727099,0.011514865396722));
#3152=CARTESIAN_POINT('',(0.00531733016415904,0.00622762502909112,0.0118151573145798));
#3153=CARTESIAN_POINT('',(0.00549732313653771,0.00581638536244705,0.012));
#3154=CARTESIAN_POINT('',(0.00565685424949238,0.00565685424949238,0.012));
#3155=CARTESIAN_POINT('',(0.00565685424949238,0.00565685424949238,0.012));
#3156=CARTESIAN_POINT('',(0.00565685424949238,0.00565685424949238,0.012));
#3157=CARTESIAN_POINT('',(0.00581605856867816,0.0054976499303066,0.012));
#3158=CARTESIAN_POINT('',(0.00622827670379755,0.00531703646804972,0.0118148746138116));
#3159=CARTESIAN_POINT('',(0.00656883423622022,0.00537158849769597,0.0115146599307906));
#3160=CARTESIAN_POINT('',(0.00672164329664599,0.00543011768374505,0.0113590124021229));
#3161=CARTESIAN_POINT('',(0.00672164329664599,0.00543011768374505,0.0113590124021229));
#3162=CARTESIAN_POINT('',(0.00672164329664599,0.00543011768374505,0.012));
#3163=CARTESIAN_POINT('',(0.00672164329664599,0.00543011768374505,0.000640987597877147));
#3164=CARTESIAN_POINT('',(0.00672164329664599,0.00543011768374505,0.000640987597877148));
#3165=CARTESIAN_POINT('',(0.00656863251727099,0.00537151123496119,0.000485134603277997));
#3166=CARTESIAN_POINT('',(0.00622762502909112,0.00531733016415904,0.000184842685420235));
#3167=CARTESIAN_POINT('',(0.00581638536244705,0.00549732313653771,-1.79680141639496E-18));
#3168=CARTESIAN_POINT('',(0.00565685424949238,0.00565685424949238,-1.79680141639496E-18));
#3169=CARTESIAN_POINT('',(0.00565685424949238,0.00565685424949238,-1.82051833891808E-18));
#3170=CARTESIAN_POINT('',(0.0054976499303066,0.00581605856867816,-1.82051833891808E-18));
#3171=CARTESIAN_POINT('',(0.00531703646804972,0.00622827670379755,0.000185125386188399));
#3172=CARTESIAN_POINT('',(0.00537158849769597,0.00656883423622022,0.000485340069209435));
#3173=CARTESIAN_POINT('',(0.00543011768374505,0.00672164329664599,0.000640987597877147));
#3174=CARTESIAN_POINT('',(0.00690048442962952,0.00496319601027811,0.012));
#3175=CARTESIAN_POINT('',(0.00730639527843126,0.00525514871676506,0.011));
#3176=CARTESIAN_POINT('',(0.00723082469790494,0.00536021682473017,0.011));
#3177=CARTESIAN_POINT('',(0.00700690219270177,0.00548880654010403,0.011100501728843));
#3178=CARTESIAN_POINT('',(0.00680851705580632,0.00546339221863526,0.0112705249401772));
#3179=CARTESIAN_POINT('',(0.00672164329664599,0.00543011768374505,0.0113590124021229));
#3180=CARTESIAN_POINT('',(0.00730639527843126,0.00525514871676506,0.011));
#3181=CARTESIAN_POINT('',(0.00730639527843126,0.00525514871676506,0.012));
#3182=CARTESIAN_POINT('',(0.00730639527843126,0.00525514871676506,0.001));
#3183=CARTESIAN_POINT('',(0.00672164329664599,0.00543011768374505,0.000640987597877148));
#3184=CARTESIAN_POINT('',(0.00680846889128342,0.00546337377057784,0.000729426000631317));
#3185=CARTESIAN_POINT('',(0.00700613320953782,0.00548902654529158,0.000899024445569086));
#3186=CARTESIAN_POINT('',(0.00723087207202026,0.00536015095903708,0.001));
#3187=CARTESIAN_POINT('',(0.00730639527843126,0.00525514871676506,0.001));
#3188=CARTESIAN_POINT('',(0.00496319601027811,0.00690048442962952,0.012));
#3189=CARTESIAN_POINT('',(0.00525514871676506,0.00730639527843126,0.012));
#3190=CARTESIAN_POINT('',(0.00525514871676506,0.00730639527843126,0.011));
#3191=CARTESIAN_POINT('',(0.00525514871676506,0.00730639527843126,0.001));
#3192=CARTESIAN_POINT('',(0.00525514871676506,0.00730639527843126,0.011));
#3193=CARTESIAN_POINT('',(0.00536021682473017,0.00723082469790494,0.011));
#3194=CARTESIAN_POINT('',(0.00548880654010403,0.00700690219270177,0.011100501728843));
#3195=CARTESIAN_POINT('',(0.00546339221863526,0.00680851705580632,0.0112705249401772));
#3196=CARTESIAN_POINT('',(0.00543011768374505,0.00672164329664599,0.0113590124021229));
#3197=CARTESIAN_POINT('',(0.00543011768374505,0.00672164329664599,0.000640987597877147));
#3198=CARTESIAN_POINT('',(0.00546337377057784,0.00680846889128342,0.000729426000631316));
#3199=CARTESIAN_POINT('',(0.00548902654529159,0.00700613320953782,0.000899024445569086));
#3200=CARTESIAN_POINT('',(0.00536015095903708,0.00723087207202026,0.001));
#3201=CARTESIAN_POINT('',(0.00525514871676506,0.00730639527843126,0.001));
#3202=CARTESIAN_POINT('',(1.67926294995163E-15,1.13586376307904E-15,0.012));
#3203=CARTESIAN_POINT('',(0.,5.51091059616309E-19,0.011));
#3204=CARTESIAN_POINT('',(0.,5.51091059616309E-19,0.001));
#3205=CARTESIAN_POINT('',(0.00344415089128581,0.00831491579260158,0.012));
#3206=CARTESIAN_POINT('',(0.00244451305924536,0.00828800473997485,0.012));
#3207=CARTESIAN_POINT('',(0.00244451305924536,0.00828800473997485,0.0113590124021228));
#3208=CARTESIAN_POINT('',(0.00244451305924536,0.00828800473997485,0.000640987597877148));
#3209=CARTESIAN_POINT('',(0.00244451305924536,0.00828800473997486,0.0113590124021228));
#3210=CARTESIAN_POINT('',(0.00244892245752184,0.00812421325270608,0.0115148656279175));
#3211=CARTESIAN_POINT('',(0.0025293634222566,0.00778842961776243,0.0118151572277398));
#3212=CARTESIAN_POINT('',(0.00285303037954726,0.00747737372526821,0.012));
#3213=CARTESIAN_POINT('',(0.00306146745892071,0.00739103626009029,0.012));
#3214=CARTESIAN_POINT('',(0.00306146745892072,0.0073910362600903,0.012));
#3215=CARTESIAN_POINT('',(0.00306146745892071,0.00739103626009029,0.012));
#3216=CARTESIAN_POINT('',(0.00326947774334354,0.00730487557916927,0.012));
#3217=CARTESIAN_POINT('',(0.00371943631465303,0.0072957593865044,0.011814874384221));
#3218=CARTESIAN_POINT('',(0.00401319414579289,0.00747648523861157,0.0115146591890531));
#3219=CARTESIAN_POINT('',(0.00413197259325099,0.00758903611503393,0.0113590124021229));
#3220=CARTESIAN_POINT('',(0.00413197259325099,0.00758903611503393,0.0113590124021229));
#3221=CARTESIAN_POINT('',(0.00413197259325099,0.00758903611503393,0.012));
#3222=CARTESIAN_POINT('',(0.00413197259325099,0.00758903611503393,0.000640987597877145));
#3223=CARTESIAN_POINT('',(0.00413197259325099,0.00758903611503393,0.000640987597877145));
#3224=CARTESIAN_POINT('',(0.00401303755055565,0.00747633685368508,0.000485135609194836));
#3225=CARTESIAN_POINT('',(0.00371872015320471,0.00729578143854054,0.000184842307627231));
#3226=CARTESIAN_POINT('',(0.00326990648976216,0.00730469798658786,-6.95666692671961E-18));
#3227=CARTESIAN_POINT('',(0.00306146745892072,0.00739103626009029,-6.8858203414446E-18));
#3228=CARTESIAN_POINT('',(0.00306146745892072,0.00739103626009029,-6.8858203414446E-18));
#3229=CARTESIAN_POINT('',(0.00285345549300356,0.00747719763750907,-6.81511891176475E-18));
#3230=CARTESIAN_POINT('',(0.00252884372644277,0.00778891872956193,0.000185125334070095));
#3231=CARTESIAN_POINT('',(0.00244891664344507,0.00812442922237416,0.00048533987463946));
#3232=CARTESIAN_POINT('',(0.00244451305924536,0.00828800473997485,0.000640987597877149));
#3233=CARTESIAN_POINT('',(0.00447588344423359,0.00722609627625011,0.012));
#3234=CARTESIAN_POINT('',(0.0047391707056591,0.00765116076308835,0.011));
#3235=CARTESIAN_POINT('',(0.00462914412289618,0.00771931182853052,0.011));
#3236=CARTESIAN_POINT('',(0.00437305819378503,0.00775242122046081,0.0111005018739479));
#3237=CARTESIAN_POINT('',(0.0041994996810357,0.00765302274792117,0.011270525185213));
#3238=CARTESIAN_POINT('',(0.00413197259325099,0.00758903611503393,0.0113590124021229));
#3239=CARTESIAN_POINT('',(0.0047391707056591,0.00765116076308835,0.011));
#3240=CARTESIAN_POINT('',(0.00473917070565909,0.00765116076308835,0.012));
#3241=CARTESIAN_POINT('',(0.0047391707056591,0.00765116076308835,0.001));
#3242=CARTESIAN_POINT('',(0.00413197259325099,0.00758903611503393,0.000640987597877146));
#3243=CARTESIAN_POINT('',(0.00419946151241744,0.00765298658048904,0.000729424798787341));
#3244=CARTESIAN_POINT('',(0.00437226318053936,0.00775233061707147,0.000899024463404394));
#3245=CARTESIAN_POINT('',(0.00462921358828893,0.00771926880128739,0.001));
#3246=CARTESIAN_POINT('',(0.0047391707056591,0.00765116076308835,0.001));
#3247=CARTESIAN_POINT('',(0.00194469414322514,0.00827454921366148,0.012));
#3248=CARTESIAN_POINT('',(0.00205908791635603,0.00876128740270039,0.012));
#3249=CARTESIAN_POINT('',(0.00205908791635603,0.00876128740270039,0.011));
#3250=CARTESIAN_POINT('',(0.00205908791635603,0.00876128740270039,0.001));
#3251=CARTESIAN_POINT('',(0.00205908791635603,0.00876128740270039,0.011));
#3252=CARTESIAN_POINT('',(0.00218508049131664,0.00873167648175605,0.011));
#3253=CARTESIAN_POINT('',(0.00238957005310871,0.00857400807597389,0.0111005025774698));
#3254=CARTESIAN_POINT('',(0.00244200957124354,0.00838099929330532,0.0112705248905948));
#3255=CARTESIAN_POINT('',(0.00244451305924536,0.00828800473997486,0.0113590124021228));
#3256=CARTESIAN_POINT('',(0.00244451305924536,0.00828800473997485,0.000640987597877148));
#3257=CARTESIAN_POINT('',(0.00244201095311313,0.00838094796238425,0.00072942626627074));
#3258=CARTESIAN_POINT('',(0.00239006771393695,0.00857338265350006,0.000899024397484713));
#3259=CARTESIAN_POINT('',(0.00218499959125908,0.00873169549498131,0.001));
#3260=CARTESIAN_POINT('',(0.00205908791635603,0.00876128740270039,0.001));
#3261=CARTESIAN_POINT('',(1.11676042561062E-15,1.692027391961E-15,0.012));
#3262=CARTESIAN_POINT('',(0.,5.51091059616309E-19,0.011));
#3263=CARTESIAN_POINT('',(0.,5.51091059616309E-19,0.001));
#3264=CARTESIAN_POINT('',(5.42101086242752E-19,0.009,0.012));
#3265=CARTESIAN_POINT('',(-0.000913246518958367,0.00859259259259259,0.012));
#3266=CARTESIAN_POINT('',(-0.000913246518958366,0.00859259259259259,0.0113590124021229));
#3267=CARTESIAN_POINT('',(-0.000913246518958366,0.00859259259259259,0.000640987597877147));
#3268=CARTESIAN_POINT('',(-0.000913246518958365,0.00859259259259259,0.0113590124021229));
#3269=CARTESIAN_POINT('',(-0.000846492610394668,0.00844295669124606,0.0115148653178763));
#3270=CARTESIAN_POINT('',(-0.000643675599948273,0.0081635160767431,0.0118151573441944));
#3271=CARTESIAN_POINT('',(-0.000225611198147356,0.00799999999999999,0.012));
#3272=CARTESIAN_POINT('',(-1.04900249671998E-18,0.00799999999999999,0.012));
#3273=CARTESIAN_POINT('',(4.8186763221578E-19,0.008,0.012));
#3274=CARTESIAN_POINT('',(-1.04900249671998E-18,0.00799999999999999,0.012));
#3275=CARTESIAN_POINT('',(0.000225149052247839,0.00799999999999999,0.012));
#3276=CARTESIAN_POINT('',(0.000644344122951914,0.00816376924990419,0.0118148745957436));
#3277=CARTESIAN_POINT('',(0.000846580604306842,0.00844315393884765,0.0115146598751079));
#3278=CARTESIAN_POINT('',(0.000913246518958366,0.00859259259259259,0.0113590124021229));
#3279=CARTESIAN_POINT('',(0.000913246518958367,0.00859259259259259,0.0113590124021229));
#3280=CARTESIAN_POINT('',(0.000913246518958366,0.00859259259259259,0.012));
#3281=CARTESIAN_POINT('',(0.000913246518958367,0.00859259259259259,0.000640987597877146));
#3282=CARTESIAN_POINT('',(0.000913246518958367,0.00859259259259259,0.000640987597877146));
#3283=CARTESIAN_POINT('',(0.000846492610394669,0.00844295669124606,0.000485134682123668));
#3284=CARTESIAN_POINT('',(0.000643675599948275,0.0081635160767431,0.000184842655805613));
#3285=CARTESIAN_POINT('',(0.000225611198147356,0.00799999999999999,-7.02852541927601E-18));
#3286=CARTESIAN_POINT('',(1.99774718768094E-18,0.00799999999999999,-7.41327474737603E-18));
#3287=CARTESIAN_POINT('',(1.99774718768094E-18,0.00799999999999999,-7.41327474737603E-18));
#3288=CARTESIAN_POINT('',(-0.000225149052247836,0.00799999999999999,-7.79723594826524E-18));
#3289=CARTESIAN_POINT('',(-0.000644344122951918,0.00816376924990419,0.000185125404256358));
#3290=CARTESIAN_POINT('',(-0.000846580604306841,0.00844315393884765,0.000485340124892124));
#3291=CARTESIAN_POINT('',(-0.000913246518958366,0.00859259259259259,0.000640987597877145));
#3292=CARTESIAN_POINT('',(0.00136986977843755,0.00838888888888889,0.012));
#3293=CARTESIAN_POINT('',(0.00145045035363976,0.00888235294117647,0.011));
#3294=CARTESIAN_POINT('',(0.00132271659331065,0.00890321131947646,0.011));
#3295=CARTESIAN_POINT('',(0.0010734559931728,0.00883579940464897,0.0111005026098235));
#3296=CARTESIAN_POINT('',(0.000951146882911418,0.00867755024141798,0.0112705249658469));
#3297=CARTESIAN_POINT('',(0.000913246518958364,0.00859259259259259,0.0113590124021229));
#3298=CARTESIAN_POINT('',(0.00145045035363976,0.00888235294117647,0.011));
#3299=CARTESIAN_POINT('',(0.00145045035363976,0.00888235294117647,0.012));
#3300=CARTESIAN_POINT('',(0.00145045035363976,0.00888235294117647,0.001));
#3301=CARTESIAN_POINT('',(0.000913246518958365,0.00859259259259259,0.000640987597877146));
#3302=CARTESIAN_POINT('',(0.000951125836489435,0.0086775030636513,0.000729425896262864));
#3303=CARTESIAN_POINT('',(0.00107275671928513,0.00883541209808056,0.000899024403466382));
#3304=CARTESIAN_POINT('',(0.00132279875771145,0.00890319790238023,0.001));
#3305=CARTESIAN_POINT('',(0.00145045035363976,0.00888235294117647,0.001));
#3306=CARTESIAN_POINT('',(-0.00136986977843755,0.00838888888888889,0.012));
#3307=CARTESIAN_POINT('',(-0.00145045035363976,0.00888235294117647,0.012));
#3308=CARTESIAN_POINT('',(-0.00145045035363976,0.00888235294117647,0.011));
#3309=CARTESIAN_POINT('',(-0.00145045035363976,0.00888235294117647,0.001));
#3310=CARTESIAN_POINT('',(-0.00145045035363976,0.00888235294117647,0.011));
#3311=CARTESIAN_POINT('',(-0.00132271659331065,0.00890321131947646,0.011));
#3312=CARTESIAN_POINT('',(-0.0010734559931728,0.00883579940464897,0.0111005026098235));
#3313=CARTESIAN_POINT('',(-0.000951146882911418,0.00867755024141798,0.0112705249658469));
#3314=CARTESIAN_POINT('',(-0.000913246518958364,0.00859259259259259,0.0113590124021229));
#3315=CARTESIAN_POINT('',(-0.000913246518958365,0.00859259259259259,0.000640987597877146));
#3316=CARTESIAN_POINT('',(-0.000951125836489435,0.0086775030636513,0.000729425896262864));
#3317=CARTESIAN_POINT('',(-0.00107275671928512,0.00883541209808056,0.00089902440346638));
#3318=CARTESIAN_POINT('',(-0.00132279875771145,0.00890319790238023,0.001));
#3319=CARTESIAN_POINT('',(-0.00145045035363976,0.00888235294117647,0.001));
#3320=CARTESIAN_POINT('',(3.84241249928863E-16,1.99059518868338E-15,0.012));
#3321=CARTESIAN_POINT('',(0.,5.51091059616309E-19,0.011));
#3322=CARTESIAN_POINT('',(0.,5.51091059616309E-19,0.001));
#3323=CARTESIAN_POINT('',(-3.71447664293534E-16,1.85008258712927E-15,0.012));
#3324=CARTESIAN_POINT('',(0.,5.51091059616309E-19,0.011));
#3325=CARTESIAN_POINT('',(0.,5.51091059616309E-19,0.001));
#3326=CARTESIAN_POINT('',(0.,5.51091059616309E-19,0.001));
#3327=CARTESIAN_POINT('',(0.,5.51091059616309E-19,0.001));
#3328=CARTESIAN_POINT('',(0.,5.51091059616309E-19,0.012));
#3329=CARTESIAN_POINT('',(0.,5.51091059616309E-19,0.012));
#3330=CARTESIAN_POINT('',(0.,5.51091059616309E-19,0.012));
#3331=CARTESIAN_POINT('',(0.,5.51091059616309E-19,0.012));
#3332=CARTESIAN_POINT('',(0.,5.51091059616309E-19,0.001));
#3333=CARTESIAN_POINT('',(0.,5.51091059616309E-19,0.012));
#3334=CARTESIAN_POINT('',(0.,5.51091059616309E-19,0.012));
#3335=CARTESIAN_POINT('',(0.,5.51091059616309E-19,0.001));
#3336=CARTESIAN_POINT('',(0.,5.51091059616309E-19,0.012));
#3337=CARTESIAN_POINT('',(0.,5.51091059616309E-19,0.012));
#3338=CARTESIAN_POINT('',(0.,5.51091059616309E-19,0.001));
#3339=CARTESIAN_POINT('',(0.,5.51091059616309E-19,0.012));
#3340=CARTESIAN_POINT('',(0.,5.51091059616309E-19,0.012));
#3341=CARTESIAN_POINT('',(0.,5.51091059616309E-19,0.001));
#3342=CARTESIAN_POINT('',(0.,5.51091059616309E-19,0.012));
#3343=CARTESIAN_POINT('',(0.,5.51091059616309E-19,0.012));
#3344=CARTESIAN_POINT('',(0.,5.51091059616309E-19,0.001));
#3345=CARTESIAN_POINT('',(0.,5.51091059616309E-19,0.012));
#3346=CARTESIAN_POINT('',(0.,5.51091059616309E-19,0.012));
#3347=CARTESIAN_POINT('',(0.,5.51091059616309E-19,0.001));
#3348=CARTESIAN_POINT('',(0.,5.51091059616309E-19,0.012));
#3349=CARTESIAN_POINT('',(0.,5.51091059616309E-19,0.012));
#3350=CARTESIAN_POINT('',(0.,5.51091059616309E-19,0.001));
#3351=CARTESIAN_POINT('',(0.,5.51091059616309E-19,0.012));
#3352=CARTESIAN_POINT('',(0.,5.51091059616309E-19,0.012));
#3353=CARTESIAN_POINT('',(0.,5.51091059616309E-19,0.001));
#3354=CARTESIAN_POINT('',(0.,5.51091059616309E-19,0.012));
#3355=CARTESIAN_POINT('',(0.,5.51091059616309E-19,0.012));
#3356=CARTESIAN_POINT('',(0.,5.51091059616309E-19,0.001));
#3357=CARTESIAN_POINT('',(0.,5.51091059616309E-19,0.012));
#3358=CARTESIAN_POINT('',(0.,5.51091059616309E-19,0.012));
#3359=CARTESIAN_POINT('',(0.,5.51091059616309E-19,0.001));
#3360=CARTESIAN_POINT('',(0.,5.51091059616309E-19,0.012));
#3361=CARTESIAN_POINT('',(0.,5.51091059616309E-19,0.012));
#3362=CARTESIAN_POINT('',(0.,5.51091059616309E-19,0.001));
#3363=CARTESIAN_POINT('',(0.,5.51091059616309E-19,0.012));
#3364=CARTESIAN_POINT('',(0.,5.51091059616309E-19,0.012));
#3365=CARTESIAN_POINT('',(0.,5.51091059616309E-19,0.001));
#3366=CARTESIAN_POINT('',(0.,5.51091059616309E-19,0.012));
#3367=CARTESIAN_POINT('',(0.,5.51091059616309E-19,0.012));
#3368=CARTESIAN_POINT('',(0.,5.51091059616309E-19,0.001));
#3369=CARTESIAN_POINT('',(0.,5.51091059616309E-19,0.012));
#3370=CARTESIAN_POINT('',(0.,5.51091059616309E-19,0.012));
#3371=CARTESIAN_POINT('',(0.,5.51091059616309E-19,0.001));
#3372=CARTESIAN_POINT('',(0.,5.51091059616309E-19,0.012));
#3373=CARTESIAN_POINT('',(0.,5.51091059616309E-19,0.012));
#3374=CARTESIAN_POINT('',(0.,0.0005,0.012));
#3375=CARTESIAN_POINT('',(0.0015,0.,-0.0134));
#3376=CARTESIAN_POINT('',(0.0015,0.,0.0034));
#3377=CARTESIAN_POINT('',(0.0015,-0.00259807621135332,0.0034));
#3378=CARTESIAN_POINT('',(0.0015,0.00259807621135332,0.0034));
#3379=CARTESIAN_POINT('',(0.0015,-0.00259807621135332,-0.0134));
#3380=CARTESIAN_POINT('',(0.0015,-0.00259807621135332,0.0116));
#3381=CARTESIAN_POINT('',(0.0015,0.,0.0116));
#3382=CARTESIAN_POINT('',(0.0015,0.00259807621135332,0.0116));
#3383=CARTESIAN_POINT('',(0.0015,0.00259807621135332,-0.0134));
#3384=CARTESIAN_POINT('',(0.,5.75646418201845E-19,-0.0134));
#3385=CARTESIAN_POINT('',(0.,1.83697019872103E-19,0.0034));
#3386=CARTESIAN_POINT('',(0.,5.75646418201845E-19,0.0116));
#3387=CARTESIAN_POINT('',(0.,5.75646418201845E-19,0.003));
#3388=CARTESIAN_POINT('',(0.0015,-0.00259807621135332,0.003));
#3389=CARTESIAN_POINT('',(0.0015,0.00259807621135332,0.003));
#3390=CARTESIAN_POINT('',(0.,1.83697019872103E-19,0.0045));
#3391=CARTESIAN_POINT('',(-0.00075,0.,0.0116));
#3392=CARTESIAN_POINT('',(0.,5.75646418201845E-19,0.));
#3393=CARTESIAN_POINT('',(0.0015,-0.00259807621135332,0.003));
#3394=CARTESIAN_POINT('',(0.00247493364361212,-0.00316095441293479,0.00202506635638788));
#3395=CARTESIAN_POINT('',(0.00348363896760362,-0.00358447860460007,0.00101636103239638));
#3396=CARTESIAN_POINT('',(0.0045,-0.00396862696659689,-6.34399979830374E-19));
#3397=CARTESIAN_POINT('',(0.0045,0.00396862696659689,0.));
#3398=CARTESIAN_POINT('',(0.00348341260505146,0.00358439304759734,0.00101658739494854));
#3399=CARTESIAN_POINT('',(0.00247568187453974,0.00316138640426233,0.00202431812546026));
#3400=CARTESIAN_POINT('',(0.0015,0.00259807621135336,0.003));
#3401=CARTESIAN_POINT('',(0.0015,0.,0.003));
#3402=CARTESIAN_POINT('',(0.,0.,0.0034));
#3403=MECHANICAL_DESIGN_GEOMETRIC_PRESENTATION_REPRESENTATION('',(#1742),
#3404);
#3404=(
GEOMETRIC_REPRESENTATION_CONTEXT(3)
GLOBAL_UNCERTAINTY_ASSIGNED_CONTEXT((#3405))
GLOBAL_UNIT_ASSIGNED_CONTEXT((#3408,#3407,#3406))
REPRESENTATION_CONTEXT('Knob','TOP_LEVEL_ASSEMBLY_PART')
);
#3405=UNCERTAINTY_MEASURE_WITH_UNIT(LENGTH_MEASURE(2.E-5),#3408,
'DISTANCE_ACCURACY_VALUE','Maximum Tolerance applied to model');
#3406=(
NAMED_UNIT(*)
SI_UNIT($,.STERADIAN.)
SOLID_ANGLE_UNIT()
);
#3407=(
NAMED_UNIT(*)
PLANE_ANGLE_UNIT()
SI_UNIT($,.RADIAN.)
);
#3408=(
LENGTH_UNIT()
NAMED_UNIT(*)
SI_UNIT($,.METRE.)
);
#3409=PRODUCT_DEFINITION_SHAPE('','',#3410);
#3410=PRODUCT_DEFINITION('','',#3412,#3411);
#3411=PRODUCT_DEFINITION_CONTEXT('',#3418,'design');
#3412=PRODUCT_DEFINITION_FORMATION_WITH_SPECIFIED_SOURCE('','',#3414,
 .NOT_KNOWN.);
#3413=PRODUCT_RELATED_PRODUCT_CATEGORY('','',(#3414));
#3414=PRODUCT('Knob','Knob','Knob',(#3416));
#3415=PRODUCT_CATEGORY('','');
#3416=PRODUCT_CONTEXT('',#3418,'mechanical');
#3417=APPLICATION_PROTOCOL_DEFINITION('international standard',
'ap242_managed_model_based_3d_engineering',2020,#3418);
#3418=APPLICATION_CONTEXT('managed model based 3d engineering');
ENDSEC;
END-ISO-10303-21;
