ISO-10303-21;
HEADER;
/* Generated by software containing ST-Developer
 * from STEP Tools, Inc. (www.steptools.com) 
 */
/* OPTION: using custom renumber hook */

FILE_DESCRIPTION(
/* description */ ('STEP AP242 Edition 2',
'CAx-IF Rec.Pracs.---Representation and Presentation of Product Manufa
cturing Information (PMI)---4.0---2014-10-13',
'CAx-IF Rec.Pracs.---3D Tessellated Geometry---0.4---2014-09-14','2;1',
'CAx-IF Rec.Pracs.---User Defined Attributes---1.5---2016-08-15'),
/* implementation_level */ '2;1');

FILE_NAME(
/* name */ 'Split Plate - Plate-L',
/* time_stamp */ '2026-09-19T19:57:22Z',
/* author */ (''),
/* organization */ (''),
/* preprocessor_version */ 'ST-DEVELOPER v20',
/* originating_system */ 'ONSHAPE BY PTC INC, 1.221',
/* authorisation */ '  ');

FILE_SCHEMA (('AP242_MANAGED_MODEL_BASED_3D_ENGINEERING_MIM_LF { 1 0 10303 442 3 1 4 }'));
ENDSEC;

DATA;
#10=SHAPE_REPRESENTATION_RELATIONSHIP('','',#9445,#11);
#11=ADVANCED_BREP_SHAPE_REPRESENTATION('',(#9443),#15891);
#12=CYLINDRICAL_SURFACE('',#9487,0.000499999999999976);
#13=CYLINDRICAL_SURFACE('',#9490,0.0005);
#14=CYLINDRICAL_SURFACE('',#9492,0.0005);
#15=CYLINDRICAL_SURFACE('',#9495,0.000499999999999962);
#16=CYLINDRICAL_SURFACE('',#9497,0.0005);
#17=CYLINDRICAL_SURFACE('',#9500,0.000499999999999983);
#18=CYLINDRICAL_SURFACE('',#9502,0.000499999999999976);
#19=CYLINDRICAL_SURFACE('',#9505,0.0005);
#20=CYLINDRICAL_SURFACE('',#9507,0.000499999999999974);
#21=CYLINDRICAL_SURFACE('',#9510,0.0005);
#22=CYLINDRICAL_SURFACE('',#9513,0.0005);
#23=CYLINDRICAL_SURFACE('',#9517,0.0005);
#24=CYLINDRICAL_SURFACE('',#9521,0.0005);
#25=CYLINDRICAL_SURFACE('',#9525,0.0005);
#26=CYLINDRICAL_SURFACE('',#9529,0.0005);
#27=CYLINDRICAL_SURFACE('',#9533,0.000499999999999994);
#28=CYLINDRICAL_SURFACE('',#9537,0.0005);
#29=CYLINDRICAL_SURFACE('',#9541,0.0005);
#30=CYLINDRICAL_SURFACE('',#9545,0.0005);
#31=CYLINDRICAL_SURFACE('',#9549,0.000499999999999983);
#32=CYLINDRICAL_SURFACE('',#9553,0.00049999999999999);
#33=CYLINDRICAL_SURFACE('',#9557,0.000500000000000011);
#34=CYLINDRICAL_SURFACE('',#9561,0.000499999999999994);
#35=CYLINDRICAL_SURFACE('',#9565,0.000499999999999994);
#36=CYLINDRICAL_SURFACE('',#9569,0.0005);
#37=CYLINDRICAL_SURFACE('',#9573,0.0005);
#38=CYLINDRICAL_SURFACE('',#9577,0.000499999999999994);
#39=CYLINDRICAL_SURFACE('',#9581,0.000499999999999987);
#40=CYLINDRICAL_SURFACE('',#9585,0.000499999999999994);
#41=CYLINDRICAL_SURFACE('',#9589,0.0005);
#42=CYLINDRICAL_SURFACE('',#9593,0.0005);
#43=CYLINDRICAL_SURFACE('',#9597,0.000499999999999994);
#44=CYLINDRICAL_SURFACE('',#9601,0.0005);
#45=CYLINDRICAL_SURFACE('',#9605,0.000500000000000007);
#46=CYLINDRICAL_SURFACE('',#9609,0.0005);
#47=CYLINDRICAL_SURFACE('',#9613,0.00049999999999999);
#48=CYLINDRICAL_SURFACE('',#9617,0.00049999999999999);
#49=CYLINDRICAL_SURFACE('',#9621,0.0005);
#50=CYLINDRICAL_SURFACE('',#9625,0.0005);
#51=CYLINDRICAL_SURFACE('',#9629,0.00049999999999999);
#52=CYLINDRICAL_SURFACE('',#9633,0.00049999999999999);
#53=CYLINDRICAL_SURFACE('',#9637,0.0005);
#54=CYLINDRICAL_SURFACE('',#9641,0.0005);
#55=CYLINDRICAL_SURFACE('',#9645,0.0005);
#56=CYLINDRICAL_SURFACE('',#9649,0.0005);
#57=CYLINDRICAL_SURFACE('',#9653,0.0005);
#58=CYLINDRICAL_SURFACE('',#9657,0.0005);
#59=CYLINDRICAL_SURFACE('',#9661,0.0005);
#60=CYLINDRICAL_SURFACE('',#9665,0.0005);
#61=CYLINDRICAL_SURFACE('',#9669,0.0005);
#62=CYLINDRICAL_SURFACE('',#9673,0.0005);
#63=CYLINDRICAL_SURFACE('',#9677,0.0005);
#64=CYLINDRICAL_SURFACE('',#9681,0.0005);
#65=CYLINDRICAL_SURFACE('',#9685,0.0005);
#66=CYLINDRICAL_SURFACE('',#9689,0.0005);
#67=CYLINDRICAL_SURFACE('',#9693,0.000499999999999994);
#68=CYLINDRICAL_SURFACE('',#9697,0.0005);
#69=CYLINDRICAL_SURFACE('',#9701,0.0005);
#70=CYLINDRICAL_SURFACE('',#9705,0.0005);
#71=CYLINDRICAL_SURFACE('',#9709,0.0005);
#72=CYLINDRICAL_SURFACE('',#9713,0.0005);
#73=CYLINDRICAL_SURFACE('',#9717,0.0005);
#74=CYLINDRICAL_SURFACE('',#9721,0.000500000000000011);
#75=CYLINDRICAL_SURFACE('',#9725,0.00049999999999999);
#76=CYLINDRICAL_SURFACE('',#9729,0.000499999999999988);
#77=CYLINDRICAL_SURFACE('',#9733,0.000500000000000013);
#78=CYLINDRICAL_SURFACE('',#9737,0.0005);
#79=CYLINDRICAL_SURFACE('',#9741,0.0005);
#80=CYLINDRICAL_SURFACE('',#9745,0.0005);
#81=CYLINDRICAL_SURFACE('',#9749,0.0005);
#82=CYLINDRICAL_SURFACE('',#9753,0.0005);
#83=CYLINDRICAL_SURFACE('',#9757,0.0005);
#84=CYLINDRICAL_SURFACE('',#9761,0.0005);
#85=CYLINDRICAL_SURFACE('',#9765,0.0005);
#86=CYLINDRICAL_SURFACE('',#9769,0.000500000000000006);
#87=CYLINDRICAL_SURFACE('',#9773,0.0005);
#88=CYLINDRICAL_SURFACE('',#9777,0.0005);
#89=CYLINDRICAL_SURFACE('',#9781,0.000500000000000006);
#90=CYLINDRICAL_SURFACE('',#9785,0.0005);
#91=CYLINDRICAL_SURFACE('',#9789,0.0005);
#92=CYLINDRICAL_SURFACE('',#9793,0.0005);
#93=CYLINDRICAL_SURFACE('',#9797,0.0005);
#94=CYLINDRICAL_SURFACE('',#9801,0.000500000000000013);
#95=CYLINDRICAL_SURFACE('',#9805,0.0005);
#96=CYLINDRICAL_SURFACE('',#9809,0.0005);
#97=CYLINDRICAL_SURFACE('',#9813,0.000500000000000012);
#98=CYLINDRICAL_SURFACE('',#9817,0.0005);
#99=CYLINDRICAL_SURFACE('',#9821,0.000499999999999988);
#100=CYLINDRICAL_SURFACE('',#9825,0.000499999999999988);
#101=CYLINDRICAL_SURFACE('',#9829,0.0005);
#102=CYLINDRICAL_SURFACE('',#9833,0.0005);
#103=CYLINDRICAL_SURFACE('',#9837,0.0005);
#104=CYLINDRICAL_SURFACE('',#9841,0.0005);
#105=CYLINDRICAL_SURFACE('',#9845,0.0005);
#106=CYLINDRICAL_SURFACE('',#9849,0.0005);
#107=CYLINDRICAL_SURFACE('',#9853,0.0005);
#108=CYLINDRICAL_SURFACE('',#9857,0.0005);
#109=CYLINDRICAL_SURFACE('',#9861,0.0005);
#110=CYLINDRICAL_SURFACE('',#9865,0.000500000000000006);
#111=CYLINDRICAL_SURFACE('',#9869,0.0005);
#112=CYLINDRICAL_SURFACE('',#9873,0.0005);
#113=CYLINDRICAL_SURFACE('',#9877,0.000500000000000006);
#114=CYLINDRICAL_SURFACE('',#9881,0.0005);
#115=CYLINDRICAL_SURFACE('',#9885,0.0005);
#116=CYLINDRICAL_SURFACE('',#9889,0.0005);
#117=CYLINDRICAL_SURFACE('',#9893,0.0005);
#118=CYLINDRICAL_SURFACE('',#9897,0.0005);
#119=CYLINDRICAL_SURFACE('',#9901,0.0005);
#120=CYLINDRICAL_SURFACE('',#9905,0.0005);
#121=CYLINDRICAL_SURFACE('',#9909,0.0005);
#122=CYLINDRICAL_SURFACE('',#9913,0.0005);
#123=CYLINDRICAL_SURFACE('',#9917,0.0005);
#124=CYLINDRICAL_SURFACE('',#9921,0.0005);
#125=CYLINDRICAL_SURFACE('',#9925,0.0005);
#126=CYLINDRICAL_SURFACE('',#9929,0.000500000000000012);
#127=CYLINDRICAL_SURFACE('',#9933,0.0005);
#128=CYLINDRICAL_SURFACE('',#9937,0.0005);
#129=CYLINDRICAL_SURFACE('',#9941,0.000500000000000013);
#130=CYLINDRICAL_SURFACE('',#9945,0.0005);
#131=CYLINDRICAL_SURFACE('',#9949,0.0005);
#132=CYLINDRICAL_SURFACE('',#9953,0.0005);
#133=CYLINDRICAL_SURFACE('',#9957,0.0005);
#134=CYLINDRICAL_SURFACE('',#9961,0.0005);
#135=CYLINDRICAL_SURFACE('',#9965,0.0005);
#136=CYLINDRICAL_SURFACE('',#9969,0.0005);
#137=CYLINDRICAL_SURFACE('',#9973,0.0005);
#138=CYLINDRICAL_SURFACE('',#9977,0.0005);
#139=CYLINDRICAL_SURFACE('',#9981,0.000499999999999994);
#140=CYLINDRICAL_SURFACE('',#9985,0.0005);
#141=CYLINDRICAL_SURFACE('',#9989,0.0005);
#142=CYLINDRICAL_SURFACE('',#9993,0.0005);
#143=CYLINDRICAL_SURFACE('',#9997,0.0005);
#144=CYLINDRICAL_SURFACE('',#10001,0.0005);
#145=CYLINDRICAL_SURFACE('',#10005,0.0005);
#146=CYLINDRICAL_SURFACE('',#10009,0.0005);
#147=CYLINDRICAL_SURFACE('',#10013,0.000499999999999992);
#148=CYLINDRICAL_SURFACE('',#10017,0.000499999999999994);
#149=CYLINDRICAL_SURFACE('',#10021,0.0005);
#150=CYLINDRICAL_SURFACE('',#10025,0.0005);
#151=CYLINDRICAL_SURFACE('',#10029,0.000499999999999988);
#152=CYLINDRICAL_SURFACE('',#10033,0.00049999999999999);
#153=CYLINDRICAL_SURFACE('',#10037,0.0005);
#154=CYLINDRICAL_SURFACE('',#10041,0.0005);
#155=CYLINDRICAL_SURFACE('',#10045,0.0005);
#156=CYLINDRICAL_SURFACE('',#10049,0.0005);
#157=CYLINDRICAL_SURFACE('',#10053,0.0005);
#158=CYLINDRICAL_SURFACE('',#10057,0.0005);
#159=CYLINDRICAL_SURFACE('',#10061,0.000499999999999988);
#160=CYLINDRICAL_SURFACE('',#10065,0.00049999999999999);
#161=CYLINDRICAL_SURFACE('',#10069,0.0005);
#162=CYLINDRICAL_SURFACE('',#10073,0.0005);
#163=CYLINDRICAL_SURFACE('',#10077,0.0005);
#164=CYLINDRICAL_SURFACE('',#10081,0.0005);
#165=CYLINDRICAL_SURFACE('',#10085,0.0005);
#166=CYLINDRICAL_SURFACE('',#10088,0.000499999999999976);
#167=CYLINDRICAL_SURFACE('',#10091,0.000499999999999959);
#168=CYLINDRICAL_SURFACE('',#10094,0.000499999999999976);
#169=CYLINDRICAL_SURFACE('',#10097,0.000499999999999976);
#170=CYLINDRICAL_SURFACE('',#10100,0.000499999999999983);
#171=CYLINDRICAL_SURFACE('',#10103,0.000499999999999969);
#172=CYLINDRICAL_SURFACE('',#10106,0.000499999999999976);
#173=CYLINDRICAL_SURFACE('',#10109,0.000499999999999994);
#174=CYLINDRICAL_SURFACE('',#10114,0.0005);
#175=CYLINDRICAL_SURFACE('',#10118,0.0005);
#176=CYLINDRICAL_SURFACE('',#10124,0.0005);
#177=CYLINDRICAL_SURFACE('',#10127,0.000499999999999976);
#178=CYLINDRICAL_SURFACE('',#10130,0.000499999999999976);
#179=CYLINDRICAL_SURFACE('',#10133,0.000499999999999976);
#180=CYLINDRICAL_SURFACE('',#10136,0.000499999999999976);
#181=CYLINDRICAL_SURFACE('',#10139,0.000499999999999976);
#182=CYLINDRICAL_SURFACE('',#10142,0.000499999999999962);
#183=CYLINDRICAL_SURFACE('',#10145,0.000499999999999976);
#184=CYLINDRICAL_SURFACE('',#10150,0.0005);
#185=CYLINDRICAL_SURFACE('',#10154,0.0005);
#186=CYLINDRICAL_SURFACE('',#10161,0.0005);
#187=CYLINDRICAL_SURFACE('',#10165,0.0005);
#188=CYLINDRICAL_SURFACE('',#10169,0.0005);
#189=CYLINDRICAL_SURFACE('',#10173,0.0005);
#190=CYLINDRICAL_SURFACE('',#10176,0.0005);
#191=CYLINDRICAL_SURFACE('',#10180,0.0005);
#192=CYLINDRICAL_SURFACE('',#10184,0.000499999999999994);
#193=CYLINDRICAL_SURFACE('',#10188,0.0005);
#194=CYLINDRICAL_SURFACE('',#10193,0.0005);
#195=CYLINDRICAL_SURFACE('',#10197,0.0005);
#196=CYLINDRICAL_SURFACE('',#10203,0.000499999999999994);
#197=CYLINDRICAL_SURFACE('',#10206,0.000499999999999976);
#198=CYLINDRICAL_SURFACE('',#10209,0.000499999999999966);
#199=CYLINDRICAL_SURFACE('',#10212,0.000499999999999962);
#200=CYLINDRICAL_SURFACE('',#10215,0.000499999999999973);
#201=CYLINDRICAL_SURFACE('',#10218,0.000499999999999983);
#202=CYLINDRICAL_SURFACE('',#10221,0.000499999999999983);
#203=CYLINDRICAL_SURFACE('',#10224,0.000499999999999976);
#204=CYLINDRICAL_SURFACE('',#10229,0.0005);
#205=CYLINDRICAL_SURFACE('',#10233,0.0005);
#206=CYLINDRICAL_SURFACE('',#10237,0.002);
#207=CYLINDRICAL_SURFACE('',#10241,0.002);
#208=CYLINDRICAL_SURFACE('',#10245,0.002);
#209=CYLINDRICAL_SURFACE('',#10249,0.002);
#210=CYLINDRICAL_SURFACE('',#10253,0.002);
#211=CYLINDRICAL_SURFACE('',#10257,0.002);
#212=CYLINDRICAL_SURFACE('',#10261,0.002);
#213=CYLINDRICAL_SURFACE('',#10265,0.002);
#214=CYLINDRICAL_SURFACE('',#10269,0.004);
#215=CYLINDRICAL_SURFACE('',#10273,0.004);
#216=CYLINDRICAL_SURFACE('',#10277,0.002);
#217=CYLINDRICAL_SURFACE('',#10281,0.002);
#218=CYLINDRICAL_SURFACE('',#10285,0.002);
#219=CYLINDRICAL_SURFACE('',#10289,0.002);
#220=CYLINDRICAL_SURFACE('',#10293,0.002);
#221=CYLINDRICAL_SURFACE('',#10297,0.002);
#222=CYLINDRICAL_SURFACE('',#10301,0.002);
#223=CYLINDRICAL_SURFACE('',#10305,0.002);
#224=CYLINDRICAL_SURFACE('',#10343,0.00199993366947358);
#225=CYLINDRICAL_SURFACE('',#10344,0.00199993366947345);
#226=CYLINDRICAL_SURFACE('',#10345,0.00199993366947357);
#227=CYLINDRICAL_SURFACE('',#10346,0.00199993366947358);
#228=CYLINDRICAL_SURFACE('',#10347,0.00199993366947369);
#229=CYLINDRICAL_SURFACE('',#10348,0.00199993366947357);
#230=CYLINDRICAL_SURFACE('',#10349,0.00199993366947387);
#231=CYLINDRICAL_SURFACE('',#10350,0.0019999336694735);
#232=CYLINDRICAL_SURFACE('',#10353,0.004);
#233=CYLINDRICAL_SURFACE('',#10354,0.004);
#234=LINE('',#13120,#1176);
#235=LINE('',#13124,#1177);
#236=LINE('',#13128,#1178);
#237=LINE('',#13132,#1179);
#238=LINE('',#13134,#1180);
#239=LINE('',#13139,#1181);
#240=LINE('',#13143,#1182);
#241=LINE('',#13147,#1183);
#242=LINE('',#13151,#1184);
#243=LINE('',#13156,#1185);
#244=LINE('',#13160,#1186);
#245=LINE('',#13164,#1187);
#246=LINE('',#13168,#1188);
#247=LINE('',#13172,#1189);
#248=LINE('',#13176,#1190);
#249=LINE('',#13180,#1191);
#250=LINE('',#13187,#1192);
#251=LINE('',#13191,#1193);
#252=LINE('',#13195,#1194);
#253=LINE('',#13199,#1195);
#254=LINE('',#13203,#1196);
#255=LINE('',#13207,#1197);
#256=LINE('',#13211,#1198);
#257=LINE('',#13215,#1199);
#258=LINE('',#13217,#1200);
#259=LINE('',#13222,#1201);
#260=LINE('',#13226,#1202);
#261=LINE('',#13230,#1203);
#262=LINE('',#13234,#1204);
#263=LINE('',#13239,#1205);
#264=LINE('',#13243,#1206);
#265=LINE('',#13247,#1207);
#266=LINE('',#13251,#1208);
#267=LINE('',#13255,#1209);
#268=LINE('',#13259,#1210);
#269=LINE('',#13261,#1211);
#270=LINE('',#13263,#1212);
#271=LINE('',#13265,#1213);
#272=LINE('',#13269,#1214);
#273=LINE('',#13271,#1215);
#274=LINE('',#13273,#1216);
#275=LINE('',#13280,#1217);
#276=LINE('',#13281,#1218);
#277=LINE('',#13283,#1219);
#278=LINE('',#13285,#1220);
#279=LINE('',#13289,#1221);
#280=LINE('',#13294,#1222);
#281=LINE('',#13295,#1223);
#282=LINE('',#13297,#1224);
#283=LINE('',#13299,#1225);
#284=LINE('',#13303,#1226);
#285=LINE('',#13305,#1227);
#286=LINE('',#13307,#1228);
#287=LINE('',#13311,#1229);
#288=LINE('',#13313,#1230);
#289=LINE('',#13315,#1231);
#290=LINE('',#13319,#1232);
#291=LINE('',#13321,#1233);
#292=LINE('',#13325,#1234);
#293=LINE('',#13327,#1235);
#294=LINE('',#13329,#1236);
#295=LINE('',#13333,#1237);
#296=LINE('',#13336,#1238);
#297=LINE('',#13338,#1239);
#298=LINE('',#13340,#1240);
#299=LINE('',#13346,#1241);
#300=LINE('',#13348,#1242);
#301=LINE('',#13350,#1243);
#302=LINE('',#13352,#1244);
#303=LINE('',#13358,#1245);
#304=LINE('',#13360,#1246);
#305=LINE('',#13362,#1247);
#306=LINE('',#13364,#1248);
#307=LINE('',#13370,#1249);
#308=LINE('',#13372,#1250);
#309=LINE('',#13374,#1251);
#310=LINE('',#13376,#1252);
#311=LINE('',#13381,#1253);
#312=LINE('',#13384,#1254);
#313=LINE('',#13386,#1255);
#314=LINE('',#13388,#1256);
#315=LINE('',#13394,#1257);
#316=LINE('',#13396,#1258);
#317=LINE('',#13398,#1259);
#318=LINE('',#13400,#1260);
#319=LINE('',#13406,#1261);
#320=LINE('',#13408,#1262);
#321=LINE('',#13410,#1263);
#322=LINE('',#13412,#1264);
#323=LINE('',#13418,#1265);
#324=LINE('',#13420,#1266);
#325=LINE('',#13422,#1267);
#326=LINE('',#13424,#1268);
#327=LINE('',#13429,#1269);
#328=LINE('',#13432,#1270);
#329=LINE('',#13434,#1271);
#330=LINE('',#13436,#1272);
#331=LINE('',#13442,#1273);
#332=LINE('',#13444,#1274);
#333=LINE('',#13446,#1275);
#334=LINE('',#13448,#1276);
#335=LINE('',#13454,#1277);
#336=LINE('',#13456,#1278);
#337=LINE('',#13458,#1279);
#338=LINE('',#13460,#1280);
#339=LINE('',#13466,#1281);
#340=LINE('',#13468,#1282);
#341=LINE('',#13470,#1283);
#342=LINE('',#13472,#1284);
#343=LINE('',#13477,#1285);
#344=LINE('',#13480,#1286);
#345=LINE('',#13482,#1287);
#346=LINE('',#13484,#1288);
#347=LINE('',#13490,#1289);
#348=LINE('',#13492,#1290);
#349=LINE('',#13494,#1291);
#350=LINE('',#13496,#1292);
#351=LINE('',#13502,#1293);
#352=LINE('',#13504,#1294);
#353=LINE('',#13506,#1295);
#354=LINE('',#13508,#1296);
#355=LINE('',#13514,#1297);
#356=LINE('',#13516,#1298);
#357=LINE('',#13518,#1299);
#358=LINE('',#13520,#1300);
#359=LINE('',#13525,#1301);
#360=LINE('',#13528,#1302);
#361=LINE('',#13530,#1303);
#362=LINE('',#13532,#1304);
#363=LINE('',#13538,#1305);
#364=LINE('',#13540,#1306);
#365=LINE('',#13542,#1307);
#366=LINE('',#13544,#1308);
#367=LINE('',#13550,#1309);
#368=LINE('',#13552,#1310);
#369=LINE('',#13554,#1311);
#370=LINE('',#13556,#1312);
#371=LINE('',#13562,#1313);
#372=LINE('',#13564,#1314);
#373=LINE('',#13566,#1315);
#374=LINE('',#13568,#1316);
#375=LINE('',#13573,#1317);
#376=LINE('',#13576,#1318);
#377=LINE('',#13578,#1319);
#378=LINE('',#13580,#1320);
#379=LINE('',#13586,#1321);
#380=LINE('',#13588,#1322);
#381=LINE('',#13590,#1323);
#382=LINE('',#13592,#1324);
#383=LINE('',#13598,#1325);
#384=LINE('',#13600,#1326);
#385=LINE('',#13602,#1327);
#386=LINE('',#13604,#1328);
#387=LINE('',#13610,#1329);
#388=LINE('',#13612,#1330);
#389=LINE('',#13614,#1331);
#390=LINE('',#13616,#1332);
#391=LINE('',#13621,#1333);
#392=LINE('',#13624,#1334);
#393=LINE('',#13626,#1335);
#394=LINE('',#13628,#1336);
#395=LINE('',#13634,#1337);
#396=LINE('',#13636,#1338);
#397=LINE('',#13638,#1339);
#398=LINE('',#13640,#1340);
#399=LINE('',#13646,#1341);
#400=LINE('',#13648,#1342);
#401=LINE('',#13650,#1343);
#402=LINE('',#13652,#1344);
#403=LINE('',#13658,#1345);
#404=LINE('',#13660,#1346);
#405=LINE('',#13662,#1347);
#406=LINE('',#13664,#1348);
#407=LINE('',#13669,#1349);
#408=LINE('',#13672,#1350);
#409=LINE('',#13674,#1351);
#410=LINE('',#13676,#1352);
#411=LINE('',#13682,#1353);
#412=LINE('',#13684,#1354);
#413=LINE('',#13686,#1355);
#414=LINE('',#13688,#1356);
#415=LINE('',#13694,#1357);
#416=LINE('',#13696,#1358);
#417=LINE('',#13698,#1359);
#418=LINE('',#13700,#1360);
#419=LINE('',#13706,#1361);
#420=LINE('',#13708,#1362);
#421=LINE('',#13710,#1363);
#422=LINE('',#13712,#1364);
#423=LINE('',#13717,#1365);
#424=LINE('',#13720,#1366);
#425=LINE('',#13722,#1367);
#426=LINE('',#13724,#1368);
#427=LINE('',#13730,#1369);
#428=LINE('',#13732,#1370);
#429=LINE('',#13734,#1371);
#430=LINE('',#13736,#1372);
#431=LINE('',#13742,#1373);
#432=LINE('',#13744,#1374);
#433=LINE('',#13746,#1375);
#434=LINE('',#13748,#1376);
#435=LINE('',#13754,#1377);
#436=LINE('',#13756,#1378);
#437=LINE('',#13758,#1379);
#438=LINE('',#13760,#1380);
#439=LINE('',#13765,#1381);
#440=LINE('',#13768,#1382);
#441=LINE('',#13770,#1383);
#442=LINE('',#13772,#1384);
#443=LINE('',#13778,#1385);
#444=LINE('',#13780,#1386);
#445=LINE('',#13782,#1387);
#446=LINE('',#13784,#1388);
#447=LINE('',#13790,#1389);
#448=LINE('',#13792,#1390);
#449=LINE('',#13794,#1391);
#450=LINE('',#13796,#1392);
#451=LINE('',#13802,#1393);
#452=LINE('',#13804,#1394);
#453=LINE('',#13806,#1395);
#454=LINE('',#13808,#1396);
#455=LINE('',#13813,#1397);
#456=LINE('',#13816,#1398);
#457=LINE('',#13818,#1399);
#458=LINE('',#13820,#1400);
#459=LINE('',#13826,#1401);
#460=LINE('',#13828,#1402);
#461=LINE('',#13830,#1403);
#462=LINE('',#13832,#1404);
#463=LINE('',#13838,#1405);
#464=LINE('',#13840,#1406);
#465=LINE('',#13842,#1407);
#466=LINE('',#13844,#1408);
#467=LINE('',#13850,#1409);
#468=LINE('',#13852,#1410);
#469=LINE('',#13854,#1411);
#470=LINE('',#13856,#1412);
#471=LINE('',#13861,#1413);
#472=LINE('',#13864,#1414);
#473=LINE('',#13866,#1415);
#474=LINE('',#13868,#1416);
#475=LINE('',#13874,#1417);
#476=LINE('',#13876,#1418);
#477=LINE('',#13878,#1419);
#478=LINE('',#13880,#1420);
#479=LINE('',#13886,#1421);
#480=LINE('',#13888,#1422);
#481=LINE('',#13890,#1423);
#482=LINE('',#13892,#1424);
#483=LINE('',#13898,#1425);
#484=LINE('',#13900,#1426);
#485=LINE('',#13902,#1427);
#486=LINE('',#13904,#1428);
#487=LINE('',#13909,#1429);
#488=LINE('',#13912,#1430);
#489=LINE('',#13914,#1431);
#490=LINE('',#13916,#1432);
#491=LINE('',#13922,#1433);
#492=LINE('',#13924,#1434);
#493=LINE('',#13926,#1435);
#494=LINE('',#13928,#1436);
#495=LINE('',#13934,#1437);
#496=LINE('',#13936,#1438);
#497=LINE('',#13938,#1439);
#498=LINE('',#13940,#1440);
#499=LINE('',#13946,#1441);
#500=LINE('',#13948,#1442);
#501=LINE('',#13950,#1443);
#502=LINE('',#13952,#1444);
#503=LINE('',#13957,#1445);
#504=LINE('',#13960,#1446);
#505=LINE('',#13962,#1447);
#506=LINE('',#13964,#1448);
#507=LINE('',#13970,#1449);
#508=LINE('',#13972,#1450);
#509=LINE('',#13974,#1451);
#510=LINE('',#13976,#1452);
#511=LINE('',#13982,#1453);
#512=LINE('',#13984,#1454);
#513=LINE('',#13986,#1455);
#514=LINE('',#13988,#1456);
#515=LINE('',#13994,#1457);
#516=LINE('',#13996,#1458);
#517=LINE('',#13998,#1459);
#518=LINE('',#14000,#1460);
#519=LINE('',#14005,#1461);
#520=LINE('',#14008,#1462);
#521=LINE('',#14010,#1463);
#522=LINE('',#14012,#1464);
#523=LINE('',#14018,#1465);
#524=LINE('',#14020,#1466);
#525=LINE('',#14022,#1467);
#526=LINE('',#14024,#1468);
#527=LINE('',#14030,#1469);
#528=LINE('',#14032,#1470);
#529=LINE('',#14034,#1471);
#530=LINE('',#14036,#1472);
#531=LINE('',#14042,#1473);
#532=LINE('',#14044,#1474);
#533=LINE('',#14046,#1475);
#534=LINE('',#14048,#1476);
#535=LINE('',#14053,#1477);
#536=LINE('',#14056,#1478);
#537=LINE('',#14058,#1479);
#538=LINE('',#14060,#1480);
#539=LINE('',#14066,#1481);
#540=LINE('',#14068,#1482);
#541=LINE('',#14070,#1483);
#542=LINE('',#14072,#1484);
#543=LINE('',#14078,#1485);
#544=LINE('',#14080,#1486);
#545=LINE('',#14082,#1487);
#546=LINE('',#14084,#1488);
#547=LINE('',#14090,#1489);
#548=LINE('',#14092,#1490);
#549=LINE('',#14094,#1491);
#550=LINE('',#14096,#1492);
#551=LINE('',#14101,#1493);
#552=LINE('',#14104,#1494);
#553=LINE('',#14106,#1495);
#554=LINE('',#14108,#1496);
#555=LINE('',#14114,#1497);
#556=LINE('',#14116,#1498);
#557=LINE('',#14118,#1499);
#558=LINE('',#14120,#1500);
#559=LINE('',#14126,#1501);
#560=LINE('',#14128,#1502);
#561=LINE('',#14130,#1503);
#562=LINE('',#14132,#1504);
#563=LINE('',#14138,#1505);
#564=LINE('',#14140,#1506);
#565=LINE('',#14142,#1507);
#566=LINE('',#14144,#1508);
#567=LINE('',#14149,#1509);
#568=LINE('',#14152,#1510);
#569=LINE('',#14154,#1511);
#570=LINE('',#14156,#1512);
#571=LINE('',#14162,#1513);
#572=LINE('',#14164,#1514);
#573=LINE('',#14166,#1515);
#574=LINE('',#14168,#1516);
#575=LINE('',#14174,#1517);
#576=LINE('',#14176,#1518);
#577=LINE('',#14178,#1519);
#578=LINE('',#14180,#1520);
#579=LINE('',#14186,#1521);
#580=LINE('',#14188,#1522);
#581=LINE('',#14190,#1523);
#582=LINE('',#14192,#1524);
#583=LINE('',#14197,#1525);
#584=LINE('',#14200,#1526);
#585=LINE('',#14202,#1527);
#586=LINE('',#14204,#1528);
#587=LINE('',#14210,#1529);
#588=LINE('',#14212,#1530);
#589=LINE('',#14214,#1531);
#590=LINE('',#14216,#1532);
#591=LINE('',#14222,#1533);
#592=LINE('',#14224,#1534);
#593=LINE('',#14226,#1535);
#594=LINE('',#14228,#1536);
#595=LINE('',#14234,#1537);
#596=LINE('',#14236,#1538);
#597=LINE('',#14238,#1539);
#598=LINE('',#14240,#1540);
#599=LINE('',#14245,#1541);
#600=LINE('',#14248,#1542);
#601=LINE('',#14250,#1543);
#602=LINE('',#14252,#1544);
#603=LINE('',#14258,#1545);
#604=LINE('',#14260,#1546);
#605=LINE('',#14262,#1547);
#606=LINE('',#14264,#1548);
#607=LINE('',#14270,#1549);
#608=LINE('',#14272,#1550);
#609=LINE('',#14274,#1551);
#610=LINE('',#14276,#1552);
#611=LINE('',#14282,#1553);
#612=LINE('',#14284,#1554);
#613=LINE('',#14286,#1555);
#614=LINE('',#14288,#1556);
#615=LINE('',#14293,#1557);
#616=LINE('',#14296,#1558);
#617=LINE('',#14298,#1559);
#618=LINE('',#14300,#1560);
#619=LINE('',#14306,#1561);
#620=LINE('',#14308,#1562);
#621=LINE('',#14310,#1563);
#622=LINE('',#14312,#1564);
#623=LINE('',#14318,#1565);
#624=LINE('',#14320,#1566);
#625=LINE('',#14322,#1567);
#626=LINE('',#14324,#1568);
#627=LINE('',#14330,#1569);
#628=LINE('',#14332,#1570);
#629=LINE('',#14334,#1571);
#630=LINE('',#14336,#1572);
#631=LINE('',#14341,#1573);
#632=LINE('',#14344,#1574);
#633=LINE('',#14346,#1575);
#634=LINE('',#14348,#1576);
#635=LINE('',#14354,#1577);
#636=LINE('',#14356,#1578);
#637=LINE('',#14358,#1579);
#638=LINE('',#14360,#1580);
#639=LINE('',#14366,#1581);
#640=LINE('',#14368,#1582);
#641=LINE('',#14370,#1583);
#642=LINE('',#14372,#1584);
#643=LINE('',#14378,#1585);
#644=LINE('',#14380,#1586);
#645=LINE('',#14382,#1587);
#646=LINE('',#14384,#1588);
#647=LINE('',#14389,#1589);
#648=LINE('',#14392,#1590);
#649=LINE('',#14394,#1591);
#650=LINE('',#14396,#1592);
#651=LINE('',#14402,#1593);
#652=LINE('',#14404,#1594);
#653=LINE('',#14406,#1595);
#654=LINE('',#14408,#1596);
#655=LINE('',#14414,#1597);
#656=LINE('',#14416,#1598);
#657=LINE('',#14418,#1599);
#658=LINE('',#14420,#1600);
#659=LINE('',#14426,#1601);
#660=LINE('',#14428,#1602);
#661=LINE('',#14430,#1603);
#662=LINE('',#14432,#1604);
#663=LINE('',#14437,#1605);
#664=LINE('',#14440,#1606);
#665=LINE('',#14442,#1607);
#666=LINE('',#14444,#1608);
#667=LINE('',#14450,#1609);
#668=LINE('',#14452,#1610);
#669=LINE('',#14454,#1611);
#670=LINE('',#14456,#1612);
#671=LINE('',#14462,#1613);
#672=LINE('',#14464,#1614);
#673=LINE('',#14466,#1615);
#674=LINE('',#14468,#1616);
#675=LINE('',#14474,#1617);
#676=LINE('',#14476,#1618);
#677=LINE('',#14478,#1619);
#678=LINE('',#14480,#1620);
#679=LINE('',#14485,#1621);
#680=LINE('',#14488,#1622);
#681=LINE('',#14490,#1623);
#682=LINE('',#14492,#1624);
#683=LINE('',#14498,#1625);
#684=LINE('',#14500,#1626);
#685=LINE('',#14502,#1627);
#686=LINE('',#14504,#1628);
#687=LINE('',#14510,#1629);
#688=LINE('',#14512,#1630);
#689=LINE('',#14514,#1631);
#690=LINE('',#14516,#1632);
#691=LINE('',#14522,#1633);
#692=LINE('',#14524,#1634);
#693=LINE('',#14526,#1635);
#694=LINE('',#14528,#1636);
#695=LINE('',#14533,#1637);
#696=LINE('',#14536,#1638);
#697=LINE('',#14538,#1639);
#698=LINE('',#14540,#1640);
#699=LINE('',#14546,#1641);
#700=LINE('',#14548,#1642);
#701=LINE('',#14550,#1643);
#702=LINE('',#14552,#1644);
#703=LINE('',#14558,#1645);
#704=LINE('',#14560,#1646);
#705=LINE('',#14562,#1647);
#706=LINE('',#14564,#1648);
#707=LINE('',#14570,#1649);
#708=LINE('',#14572,#1650);
#709=LINE('',#14574,#1651);
#710=LINE('',#14576,#1652);
#711=LINE('',#14581,#1653);
#712=LINE('',#14584,#1654);
#713=LINE('',#14586,#1655);
#714=LINE('',#14588,#1656);
#715=LINE('',#14594,#1657);
#716=LINE('',#14596,#1658);
#717=LINE('',#14598,#1659);
#718=LINE('',#14600,#1660);
#719=LINE('',#14606,#1661);
#720=LINE('',#14608,#1662);
#721=LINE('',#14610,#1663);
#722=LINE('',#14612,#1664);
#723=LINE('',#14618,#1665);
#724=LINE('',#14620,#1666);
#725=LINE('',#14622,#1667);
#726=LINE('',#14624,#1668);
#727=LINE('',#14629,#1669);
#728=LINE('',#14632,#1670);
#729=LINE('',#14634,#1671);
#730=LINE('',#14636,#1672);
#731=LINE('',#14642,#1673);
#732=LINE('',#14644,#1674);
#733=LINE('',#14646,#1675);
#734=LINE('',#14648,#1676);
#735=LINE('',#14654,#1677);
#736=LINE('',#14656,#1678);
#737=LINE('',#14658,#1679);
#738=LINE('',#14660,#1680);
#739=LINE('',#14666,#1681);
#740=LINE('',#14668,#1682);
#741=LINE('',#14670,#1683);
#742=LINE('',#14672,#1684);
#743=LINE('',#14677,#1685);
#744=LINE('',#14680,#1686);
#745=LINE('',#14682,#1687);
#746=LINE('',#14684,#1688);
#747=LINE('',#14690,#1689);
#748=LINE('',#14692,#1690);
#749=LINE('',#14694,#1691);
#750=LINE('',#14696,#1692);
#751=LINE('',#14702,#1693);
#752=LINE('',#14704,#1694);
#753=LINE('',#14706,#1695);
#754=LINE('',#14708,#1696);
#755=LINE('',#14714,#1697);
#756=LINE('',#14716,#1698);
#757=LINE('',#14718,#1699);
#758=LINE('',#14720,#1700);
#759=LINE('',#14725,#1701);
#760=LINE('',#14728,#1702);
#761=LINE('',#14730,#1703);
#762=LINE('',#14732,#1704);
#763=LINE('',#14738,#1705);
#764=LINE('',#14740,#1706);
#765=LINE('',#14742,#1707);
#766=LINE('',#14744,#1708);
#767=LINE('',#14750,#1709);
#768=LINE('',#14752,#1710);
#769=LINE('',#14754,#1711);
#770=LINE('',#14756,#1712);
#771=LINE('',#14762,#1713);
#772=LINE('',#14764,#1714);
#773=LINE('',#14766,#1715);
#774=LINE('',#14768,#1716);
#775=LINE('',#14773,#1717);
#776=LINE('',#14776,#1718);
#777=LINE('',#14778,#1719);
#778=LINE('',#14780,#1720);
#779=LINE('',#14786,#1721);
#780=LINE('',#14788,#1722);
#781=LINE('',#14790,#1723);
#782=LINE('',#14792,#1724);
#783=LINE('',#14798,#1725);
#784=LINE('',#14800,#1726);
#785=LINE('',#14802,#1727);
#786=LINE('',#14804,#1728);
#787=LINE('',#14810,#1729);
#788=LINE('',#14812,#1730);
#789=LINE('',#14814,#1731);
#790=LINE('',#14816,#1732);
#791=LINE('',#14821,#1733);
#792=LINE('',#14824,#1734);
#793=LINE('',#14826,#1735);
#794=LINE('',#14828,#1736);
#795=LINE('',#14834,#1737);
#796=LINE('',#14836,#1738);
#797=LINE('',#14838,#1739);
#798=LINE('',#14840,#1740);
#799=LINE('',#14846,#1741);
#800=LINE('',#14848,#1742);
#801=LINE('',#14850,#1743);
#802=LINE('',#14852,#1744);
#803=LINE('',#14858,#1745);
#804=LINE('',#14860,#1746);
#805=LINE('',#14862,#1747);
#806=LINE('',#14864,#1748);
#807=LINE('',#14869,#1749);
#808=LINE('',#14872,#1750);
#809=LINE('',#14874,#1751);
#810=LINE('',#14876,#1752);
#811=LINE('',#14882,#1753);
#812=LINE('',#14884,#1754);
#813=LINE('',#14886,#1755);
#814=LINE('',#14888,#1756);
#815=LINE('',#14894,#1757);
#816=LINE('',#14896,#1758);
#817=LINE('',#14898,#1759);
#818=LINE('',#14900,#1760);
#819=LINE('',#14906,#1761);
#820=LINE('',#14908,#1762);
#821=LINE('',#14910,#1763);
#822=LINE('',#14912,#1764);
#823=LINE('',#14917,#1765);
#824=LINE('',#14920,#1766);
#825=LINE('',#14922,#1767);
#826=LINE('',#14924,#1768);
#827=LINE('',#14930,#1769);
#828=LINE('',#14932,#1770);
#829=LINE('',#14934,#1771);
#830=LINE('',#14936,#1772);
#831=LINE('',#14942,#1773);
#832=LINE('',#14944,#1774);
#833=LINE('',#14946,#1775);
#834=LINE('',#14948,#1776);
#835=LINE('',#14954,#1777);
#836=LINE('',#14956,#1778);
#837=LINE('',#14958,#1779);
#838=LINE('',#14960,#1780);
#839=LINE('',#14965,#1781);
#840=LINE('',#14968,#1782);
#841=LINE('',#14970,#1783);
#842=LINE('',#14972,#1784);
#843=LINE('',#14978,#1785);
#844=LINE('',#14980,#1786);
#845=LINE('',#14982,#1787);
#846=LINE('',#14984,#1788);
#847=LINE('',#14990,#1789);
#848=LINE('',#14992,#1790);
#849=LINE('',#14994,#1791);
#850=LINE('',#14996,#1792);
#851=LINE('',#15002,#1793);
#852=LINE('',#15004,#1794);
#853=LINE('',#15006,#1795);
#854=LINE('',#15008,#1796);
#855=LINE('',#15013,#1797);
#856=LINE('',#15016,#1798);
#857=LINE('',#15018,#1799);
#858=LINE('',#15020,#1800);
#859=LINE('',#15026,#1801);
#860=LINE('',#15028,#1802);
#861=LINE('',#15030,#1803);
#862=LINE('',#15032,#1804);
#863=LINE('',#15038,#1805);
#864=LINE('',#15040,#1806);
#865=LINE('',#15042,#1807);
#866=LINE('',#15044,#1808);
#867=LINE('',#15050,#1809);
#868=LINE('',#15052,#1810);
#869=LINE('',#15054,#1811);
#870=LINE('',#15056,#1812);
#871=LINE('',#15061,#1813);
#872=LINE('',#15065,#1814);
#873=LINE('',#15067,#1815);
#874=LINE('',#15069,#1816);
#875=LINE('',#15071,#1817);
#876=LINE('',#15075,#1818);
#877=LINE('',#15077,#1819);
#878=LINE('',#15081,#1820);
#879=LINE('',#15083,#1821);
#880=LINE('',#15085,#1822);
#881=LINE('',#15089,#1823);
#882=LINE('',#15091,#1824);
#883=LINE('',#15093,#1825);
#884=LINE('',#15095,#1826);
#885=LINE('',#15099,#1827);
#886=LINE('',#15101,#1828);
#887=LINE('',#15105,#1829);
#888=LINE('',#15107,#1830);
#889=LINE('',#15108,#1831);
#890=LINE('',#15110,#1832);
#891=LINE('',#15114,#1833);
#892=LINE('',#15116,#1834);
#893=LINE('',#15118,#1835);
#894=LINE('',#15122,#1836);
#895=LINE('',#15124,#1837);
#896=LINE('',#15126,#1838);
#897=LINE('',#15128,#1839);
#898=LINE('',#15130,#1840);
#899=LINE('',#15133,#1841);
#900=LINE('',#15134,#1842);
#901=LINE('',#15136,#1843);
#902=LINE('',#15138,#1844);
#903=LINE('',#15140,#1845);
#904=LINE('',#15146,#1846);
#905=LINE('',#15148,#1847);
#906=LINE('',#15150,#1848);
#907=LINE('',#15152,#1849);
#908=LINE('',#15158,#1850);
#909=LINE('',#15160,#1851);
#910=LINE('',#15162,#1852);
#911=LINE('',#15164,#1853);
#912=LINE('',#15166,#1854);
#913=LINE('',#15168,#1855);
#914=LINE('',#15170,#1856);
#915=LINE('',#15172,#1857);
#916=LINE('',#15174,#1858);
#917=LINE('',#15175,#1859);
#918=LINE('',#15177,#1860);
#919=LINE('',#15181,#1861);
#920=LINE('',#15183,#1862);
#921=LINE('',#15185,#1863);
#922=LINE('',#15189,#1864);
#923=LINE('',#15190,#1865);
#924=LINE('',#15192,#1866);
#925=LINE('',#15194,#1867);
#926=LINE('',#15198,#1868);
#927=LINE('',#15200,#1869);
#928=LINE('',#15204,#1870);
#929=LINE('',#15206,#1871);
#930=LINE('',#15208,#1872);
#931=LINE('',#15210,#1873);
#932=LINE('',#15214,#1874);
#933=LINE('',#15216,#1875);
#934=LINE('',#15218,#1876);
#935=LINE('',#15222,#1877);
#936=LINE('',#15224,#1878);
#937=LINE('',#15228,#1879);
#938=LINE('',#15230,#1880);
#939=LINE('',#15232,#1881);
#940=LINE('',#15234,#1882);
#941=LINE('',#15238,#1883);
#942=LINE('',#15240,#1884);
#943=LINE('',#15242,#1885);
#944=LINE('',#15244,#1886);
#945=LINE('',#15246,#1887);
#946=LINE('',#15248,#1888);
#947=LINE('',#15250,#1889);
#948=LINE('',#15252,#1890);
#949=LINE('',#15254,#1891);
#950=LINE('',#15260,#1892);
#951=LINE('',#15262,#1893);
#952=LINE('',#15264,#1894);
#953=LINE('',#15266,#1895);
#954=LINE('',#15272,#1896);
#955=LINE('',#15274,#1897);
#956=LINE('',#15277,#1898);
#957=LINE('',#15278,#1899);
#958=LINE('',#15280,#1900);
#959=LINE('',#15282,#1901);
#960=LINE('',#15284,#1902);
#961=LINE('',#15286,#1903);
#962=LINE('',#15287,#1904);
#963=LINE('',#15289,#1905);
#964=LINE('',#15292,#1906);
#965=LINE('',#15294,#1907);
#966=LINE('',#15296,#1908);
#967=LINE('',#15302,#1909);
#968=LINE('',#15304,#1910);
#969=LINE('',#15306,#1911);
#970=LINE('',#15308,#1912);
#971=LINE('',#15314,#1913);
#972=LINE('',#15316,#1914);
#973=LINE('',#15318,#1915);
#974=LINE('',#15320,#1916);
#975=LINE('',#15326,#1917);
#976=LINE('',#15328,#1918);
#977=LINE('',#15330,#1919);
#978=LINE('',#15332,#1920);
#979=LINE('',#15340,#1921);
#980=LINE('',#15344,#1922);
#981=LINE('',#15346,#1923);
#982=LINE('',#15348,#1924);
#983=LINE('',#15350,#1925);
#984=LINE('',#15356,#1926);
#985=LINE('',#15358,#1927);
#986=LINE('',#15360,#1928);
#987=LINE('',#15362,#1929);
#988=LINE('',#15368,#1930);
#989=LINE('',#15370,#1931);
#990=LINE('',#15372,#1932);
#991=LINE('',#15374,#1933);
#992=LINE('',#15380,#1934);
#993=LINE('',#15382,#1935);
#994=LINE('',#15383,#1936);
#995=LINE('',#15385,#1937);
#996=LINE('',#15388,#1938);
#997=LINE('',#15390,#1939);
#998=LINE('',#15392,#1940);
#999=LINE('',#15398,#1941);
#1000=LINE('',#15400,#1942);
#1001=LINE('',#15402,#1943);
#1002=LINE('',#15404,#1944);
#1003=LINE('',#15410,#1945);
#1004=LINE('',#15412,#1946);
#1005=LINE('',#15414,#1947);
#1006=LINE('',#15416,#1948);
#1007=LINE('',#15418,#1949);
#1008=LINE('',#15420,#1950);
#1009=LINE('',#15422,#1951);
#1010=LINE('',#15424,#1952);
#1011=LINE('',#15426,#1953);
#1012=LINE('',#15427,#1954);
#1013=LINE('',#15429,#1955);
#1014=LINE('',#15433,#1956);
#1015=LINE('',#15435,#1957);
#1016=LINE('',#15437,#1958);
#1017=LINE('',#15441,#1959);
#1018=LINE('',#15443,#1960);
#1019=LINE('',#15445,#1961);
#1020=LINE('',#15446,#1962);
#1021=LINE('',#15448,#1963);
#1022=LINE('',#15452,#1964);
#1023=LINE('',#15454,#1965);
#1024=LINE('',#15458,#1966);
#1025=LINE('',#15460,#1967);
#1026=LINE('',#15462,#1968);
#1027=LINE('',#15464,#1969);
#1028=LINE('',#15468,#1970);
#1029=LINE('',#15470,#1971);
#1030=LINE('',#15472,#1972);
#1031=LINE('',#15476,#1973);
#1032=LINE('',#15478,#1974);
#1033=LINE('',#15482,#1975);
#1034=LINE('',#15484,#1976);
#1035=LINE('',#15486,#1977);
#1036=LINE('',#15488,#1978);
#1037=LINE('',#15492,#1979);
#1038=LINE('',#15495,#1980);
#1039=LINE('',#15496,#1981);
#1040=LINE('',#15498,#1982);
#1041=LINE('',#15500,#1983);
#1042=LINE('',#15502,#1984);
#1043=LINE('',#15504,#1985);
#1044=LINE('',#15506,#1986);
#1045=LINE('',#15508,#1987);
#1046=LINE('',#15510,#1988);
#1047=LINE('',#15516,#1989);
#1048=LINE('',#15518,#1990);
#1049=LINE('',#15520,#1991);
#1050=LINE('',#15522,#1992);
#1051=LINE('',#15528,#1993);
#1052=LINE('',#15530,#1994);
#1053=LINE('',#15533,#1995);
#1054=LINE('',#15534,#1996);
#1055=LINE('',#15539,#1997);
#1056=LINE('',#15543,#1998);
#1057=LINE('',#15545,#1999);
#1058=LINE('',#15548,#2000);
#1059=LINE('',#15549,#2001);
#1060=LINE('',#15551,#2002);
#1061=LINE('',#15557,#2003);
#1062=LINE('',#15560,#2004);
#1063=LINE('',#15561,#2005);
#1064=LINE('',#15567,#2006);
#1065=LINE('',#15569,#2007);
#1066=LINE('',#15571,#2008);
#1067=LINE('',#15573,#2009);
#1068=LINE('',#15575,#2010);
#1069=LINE('',#15581,#2011);
#1070=LINE('',#15582,#2012);
#1071=LINE('',#15584,#2013);
#1072=LINE('',#15586,#2014);
#1073=LINE('',#15592,#2015);
#1074=LINE('',#15594,#2016);
#1075=LINE('',#15597,#2017);
#1076=LINE('',#15598,#2018);
#1077=LINE('',#15600,#2019);
#1078=LINE('',#15606,#2020);
#1079=LINE('',#15608,#2021);
#1080=LINE('',#15610,#2022);
#1081=LINE('',#15616,#2023);
#1082=LINE('',#15618,#2024);
#1083=LINE('',#15620,#2025);
#1084=LINE('',#15622,#2026);
#1085=LINE('',#15624,#2027);
#1086=LINE('',#15630,#2028);
#1087=LINE('',#15632,#2029);
#1088=LINE('',#15634,#2030);
#1089=LINE('',#15638,#2031);
#1090=LINE('',#15642,#2032);
#1091=LINE('',#15644,#2033);
#1092=LINE('',#15646,#2034);
#1093=LINE('',#15650,#2035);
#1094=LINE('',#15654,#2036);
#1095=LINE('',#15657,#2037);
#1096=LINE('',#15658,#2038);
#1097=LINE('',#15664,#2039);
#1098=LINE('',#15666,#2040);
#1099=LINE('',#15669,#2041);
#1100=LINE('',#15670,#2042);
#1101=LINE('',#15672,#2043);
#1102=LINE('',#15678,#2044);
#1103=LINE('',#15681,#2045);
#1104=LINE('',#15682,#2046);
#1105=LINE('',#15688,#2047);
#1106=LINE('',#15690,#2048);
#1107=LINE('',#15692,#2049);
#1108=LINE('',#15694,#2050);
#1109=LINE('',#15696,#2051);
#1110=LINE('',#15702,#2052);
#1111=LINE('',#15705,#2053);
#1112=LINE('',#15706,#2054);
#1113=LINE('',#15712,#2055);
#1114=LINE('',#15714,#2056);
#1115=LINE('',#15717,#2057);
#1116=LINE('',#15718,#2058);
#1117=LINE('',#15720,#2059);
#1118=LINE('',#15726,#2060);
#1119=LINE('',#15729,#2061);
#1120=LINE('',#15730,#2062);
#1121=LINE('',#15736,#2063);
#1122=LINE('',#15738,#2064);
#1123=LINE('',#15740,#2065);
#1124=LINE('',#15742,#2066);
#1125=LINE('',#15744,#2067);
#1126=LINE('',#15750,#2068);
#1127=LINE('',#15755,#2069);
#1128=LINE('',#15756,#2070);
#1129=LINE('',#15758,#2071);
#1130=LINE('',#15762,#2072);
#1131=LINE('',#15764,#2073);
#1132=LINE('',#15765,#2074);
#1133=LINE('',#15767,#2075);
#1134=LINE('',#15771,#2076);
#1135=LINE('',#15775,#2077);
#1136=LINE('',#15779,#2078);
#1137=LINE('',#15783,#2079);
#1138=LINE('',#15787,#2080);
#1139=LINE('',#15791,#2081);
#1140=LINE('',#15795,#2082);
#1141=LINE('',#15799,#2083);
#1142=LINE('',#15803,#2084);
#1143=LINE('',#15805,#2085);
#1144=LINE('',#15807,#2086);
#1145=LINE('',#15811,#2087);
#1146=LINE('',#15815,#2088);
#1147=LINE('',#15819,#2089);
#1148=LINE('',#15823,#2090);
#1149=LINE('',#15827,#2091);
#1150=LINE('',#15831,#2092);
#1151=LINE('',#15835,#2093);
#1152=LINE('',#15839,#2094);
#1153=LINE('',#15843,#2095);
#1154=LINE('',#15845,#2096);
#1155=LINE('',#15847,#2097);
#1156=LINE('',#15849,#2098);
#1157=LINE('',#15851,#2099);
#1158=LINE('',#15853,#2100);
#1159=LINE('',#15854,#2101);
#1160=LINE('',#15856,#2102);
#1161=LINE('',#15857,#2103);
#1162=LINE('',#15859,#2104);
#1163=LINE('',#15860,#2105);
#1164=LINE('',#15862,#2106);
#1165=LINE('',#15863,#2107);
#1166=LINE('',#15865,#2108);
#1167=LINE('',#15866,#2109);
#1168=LINE('',#15868,#2110);
#1169=LINE('',#15869,#2111);
#1170=LINE('',#15871,#2112);
#1171=LINE('',#15872,#2113);
#1172=LINE('',#15874,#2114);
#1173=LINE('',#15883,#2115);
#1174=LINE('',#15885,#2116);
#1175=LINE('',#15887,#2117);
#1176=VECTOR('',#10361,1.);
#1177=VECTOR('',#10364,1.);
#1178=VECTOR('',#10367,1.);
#1179=VECTOR('',#10370,1.);
#1180=VECTOR('',#10373,1.);
#1181=VECTOR('',#10376,1.);
#1182=VECTOR('',#10379,1.);
#1183=VECTOR('',#10382,1.);
#1184=VECTOR('',#10387,1.);
#1185=VECTOR('',#10390,1.);
#1186=VECTOR('',#10393,1.);
#1187=VECTOR('',#10396,1.);
#1188=VECTOR('',#10399,1.);
#1189=VECTOR('',#10402,1.);
#1190=VECTOR('',#10405,1.);
#1191=VECTOR('',#10408,1.);
#1192=VECTOR('',#10415,1.);
#1193=VECTOR('',#10418,1.);
#1194=VECTOR('',#10421,1.);
#1195=VECTOR('',#10424,1.);
#1196=VECTOR('',#10427,1.);
#1197=VECTOR('',#10430,1.);
#1198=VECTOR('',#10433,1.);
#1199=VECTOR('',#10436,1.);
#1200=VECTOR('',#10439,1.);
#1201=VECTOR('',#10442,1.);
#1202=VECTOR('',#10445,1.);
#1203=VECTOR('',#10448,1.);
#1204=VECTOR('',#10453,1.);
#1205=VECTOR('',#10456,1.);
#1206=VECTOR('',#10459,1.);
#1207=VECTOR('',#10462,1.);
#1208=VECTOR('',#10465,1.);
#1209=VECTOR('',#10468,1.);
#1210=VECTOR('',#10471,1.);
#1211=VECTOR('',#10472,1.);
#1212=VECTOR('',#10475,1.);
#1213=VECTOR('',#10476,1.);
#1214=VECTOR('',#10481,1.);
#1215=VECTOR('',#10482,1.);
#1216=VECTOR('',#10485,1.);
#1217=VECTOR('',#10492,1.);
#1218=VECTOR('',#10493,1.);
#1219=VECTOR('',#10496,1.);
#1220=VECTOR('',#10497,1.);
#1221=VECTOR('',#10502,1.);
#1222=VECTOR('',#10507,1.);
#1223=VECTOR('',#10508,1.);
#1224=VECTOR('',#10511,1.);
#1225=VECTOR('',#10512,1.);
#1226=VECTOR('',#10517,1.);
#1227=VECTOR('',#10520,1.);
#1228=VECTOR('',#10521,1.);
#1229=VECTOR('',#10526,1.);
#1230=VECTOR('',#10527,1.);
#1231=VECTOR('',#10530,1.);
#1232=VECTOR('',#10535,1.);
#1233=VECTOR('',#10536,1.);
#1234=VECTOR('',#10541,1.);
#1235=VECTOR('',#10542,1.);
#1236=VECTOR('',#10545,1.);
#1237=VECTOR('',#10550,1.);
#1238=VECTOR('',#10551,1.);
#1239=VECTOR('',#10552,1.);
#1240=VECTOR('',#10553,1.);
#1241=VECTOR('',#10560,1.);
#1242=VECTOR('',#10563,1.);
#1243=VECTOR('',#10564,1.);
#1244=VECTOR('',#10565,1.);
#1245=VECTOR('',#10572,1.);
#1246=VECTOR('',#10575,1.);
#1247=VECTOR('',#10576,1.);
#1248=VECTOR('',#10577,1.);
#1249=VECTOR('',#10584,1.);
#1250=VECTOR('',#10587,1.);
#1251=VECTOR('',#10588,1.);
#1252=VECTOR('',#10589,1.);
#1253=VECTOR('',#10598,1.);
#1254=VECTOR('',#10599,1.);
#1255=VECTOR('',#10600,1.);
#1256=VECTOR('',#10601,1.);
#1257=VECTOR('',#10608,1.);
#1258=VECTOR('',#10611,1.);
#1259=VECTOR('',#10612,1.);
#1260=VECTOR('',#10613,1.);
#1261=VECTOR('',#10620,1.);
#1262=VECTOR('',#10623,1.);
#1263=VECTOR('',#10624,1.);
#1264=VECTOR('',#10625,1.);
#1265=VECTOR('',#10632,1.);
#1266=VECTOR('',#10635,1.);
#1267=VECTOR('',#10636,1.);
#1268=VECTOR('',#10637,1.);
#1269=VECTOR('',#10646,1.);
#1270=VECTOR('',#10647,1.);
#1271=VECTOR('',#10648,1.);
#1272=VECTOR('',#10649,1.);
#1273=VECTOR('',#10656,1.);
#1274=VECTOR('',#10659,1.);
#1275=VECTOR('',#10660,1.);
#1276=VECTOR('',#10661,1.);
#1277=VECTOR('',#10668,1.);
#1278=VECTOR('',#10671,1.);
#1279=VECTOR('',#10672,1.);
#1280=VECTOR('',#10673,1.);
#1281=VECTOR('',#10680,1.);
#1282=VECTOR('',#10683,1.);
#1283=VECTOR('',#10684,1.);
#1284=VECTOR('',#10685,1.);
#1285=VECTOR('',#10694,1.);
#1286=VECTOR('',#10695,1.);
#1287=VECTOR('',#10696,1.);
#1288=VECTOR('',#10697,1.);
#1289=VECTOR('',#10704,1.);
#1290=VECTOR('',#10707,1.);
#1291=VECTOR('',#10708,1.);
#1292=VECTOR('',#10709,1.);
#1293=VECTOR('',#10716,1.);
#1294=VECTOR('',#10719,1.);
#1295=VECTOR('',#10720,1.);
#1296=VECTOR('',#10721,1.);
#1297=VECTOR('',#10728,1.);
#1298=VECTOR('',#10731,1.);
#1299=VECTOR('',#10732,1.);
#1300=VECTOR('',#10733,1.);
#1301=VECTOR('',#10742,1.);
#1302=VECTOR('',#10743,1.);
#1303=VECTOR('',#10744,1.);
#1304=VECTOR('',#10745,1.);
#1305=VECTOR('',#10752,1.);
#1306=VECTOR('',#10755,1.);
#1307=VECTOR('',#10756,1.);
#1308=VECTOR('',#10757,1.);
#1309=VECTOR('',#10764,1.);
#1310=VECTOR('',#10767,1.);
#1311=VECTOR('',#10768,1.);
#1312=VECTOR('',#10769,1.);
#1313=VECTOR('',#10776,1.);
#1314=VECTOR('',#10779,1.);
#1315=VECTOR('',#10780,1.);
#1316=VECTOR('',#10781,1.);
#1317=VECTOR('',#10790,1.);
#1318=VECTOR('',#10791,1.);
#1319=VECTOR('',#10792,1.);
#1320=VECTOR('',#10793,1.);
#1321=VECTOR('',#10800,1.);
#1322=VECTOR('',#10803,1.);
#1323=VECTOR('',#10804,1.);
#1324=VECTOR('',#10805,1.);
#1325=VECTOR('',#10812,1.);
#1326=VECTOR('',#10815,1.);
#1327=VECTOR('',#10816,1.);
#1328=VECTOR('',#10817,1.);
#1329=VECTOR('',#10824,1.);
#1330=VECTOR('',#10827,1.);
#1331=VECTOR('',#10828,1.);
#1332=VECTOR('',#10829,1.);
#1333=VECTOR('',#10838,1.);
#1334=VECTOR('',#10839,1.);
#1335=VECTOR('',#10840,1.);
#1336=VECTOR('',#10841,1.);
#1337=VECTOR('',#10848,1.);
#1338=VECTOR('',#10851,1.);
#1339=VECTOR('',#10852,1.);
#1340=VECTOR('',#10853,1.);
#1341=VECTOR('',#10860,1.);
#1342=VECTOR('',#10863,1.);
#1343=VECTOR('',#10864,1.);
#1344=VECTOR('',#10865,1.);
#1345=VECTOR('',#10872,1.);
#1346=VECTOR('',#10875,1.);
#1347=VECTOR('',#10876,1.);
#1348=VECTOR('',#10877,1.);
#1349=VECTOR('',#10886,1.);
#1350=VECTOR('',#10887,1.);
#1351=VECTOR('',#10888,1.);
#1352=VECTOR('',#10889,1.);
#1353=VECTOR('',#10896,1.);
#1354=VECTOR('',#10899,1.);
#1355=VECTOR('',#10900,1.);
#1356=VECTOR('',#10901,1.);
#1357=VECTOR('',#10908,1.);
#1358=VECTOR('',#10911,1.);
#1359=VECTOR('',#10912,1.);
#1360=VECTOR('',#10913,1.);
#1361=VECTOR('',#10920,1.);
#1362=VECTOR('',#10923,1.);
#1363=VECTOR('',#10924,1.);
#1364=VECTOR('',#10925,1.);
#1365=VECTOR('',#10934,1.);
#1366=VECTOR('',#10935,1.);
#1367=VECTOR('',#10936,1.);
#1368=VECTOR('',#10937,1.);
#1369=VECTOR('',#10944,1.);
#1370=VECTOR('',#10947,1.);
#1371=VECTOR('',#10948,1.);
#1372=VECTOR('',#10949,1.);
#1373=VECTOR('',#10956,1.);
#1374=VECTOR('',#10959,1.);
#1375=VECTOR('',#10960,1.);
#1376=VECTOR('',#10961,1.);
#1377=VECTOR('',#10968,1.);
#1378=VECTOR('',#10971,1.);
#1379=VECTOR('',#10972,1.);
#1380=VECTOR('',#10973,1.);
#1381=VECTOR('',#10982,1.);
#1382=VECTOR('',#10983,1.);
#1383=VECTOR('',#10984,1.);
#1384=VECTOR('',#10985,1.);
#1385=VECTOR('',#10992,1.);
#1386=VECTOR('',#10995,1.);
#1387=VECTOR('',#10996,1.);
#1388=VECTOR('',#10997,1.);
#1389=VECTOR('',#11004,1.);
#1390=VECTOR('',#11007,1.);
#1391=VECTOR('',#11008,1.);
#1392=VECTOR('',#11009,1.);
#1393=VECTOR('',#11016,1.);
#1394=VECTOR('',#11019,1.);
#1395=VECTOR('',#11020,1.);
#1396=VECTOR('',#11021,1.);
#1397=VECTOR('',#11030,1.);
#1398=VECTOR('',#11031,1.);
#1399=VECTOR('',#11032,1.);
#1400=VECTOR('',#11033,1.);
#1401=VECTOR('',#11040,1.);
#1402=VECTOR('',#11043,1.);
#1403=VECTOR('',#11044,1.);
#1404=VECTOR('',#11045,1.);
#1405=VECTOR('',#11052,1.);
#1406=VECTOR('',#11055,1.);
#1407=VECTOR('',#11056,1.);
#1408=VECTOR('',#11057,1.);
#1409=VECTOR('',#11064,1.);
#1410=VECTOR('',#11067,1.);
#1411=VECTOR('',#11068,1.);
#1412=VECTOR('',#11069,1.);
#1413=VECTOR('',#11078,1.);
#1414=VECTOR('',#11079,1.);
#1415=VECTOR('',#11080,1.);
#1416=VECTOR('',#11081,1.);
#1417=VECTOR('',#11088,1.);
#1418=VECTOR('',#11091,1.);
#1419=VECTOR('',#11092,1.);
#1420=VECTOR('',#11093,1.);
#1421=VECTOR('',#11100,1.);
#1422=VECTOR('',#11103,1.);
#1423=VECTOR('',#11104,1.);
#1424=VECTOR('',#11105,1.);
#1425=VECTOR('',#11112,1.);
#1426=VECTOR('',#11115,1.);
#1427=VECTOR('',#11116,1.);
#1428=VECTOR('',#11117,1.);
#1429=VECTOR('',#11126,1.);
#1430=VECTOR('',#11127,1.);
#1431=VECTOR('',#11128,1.);
#1432=VECTOR('',#11129,1.);
#1433=VECTOR('',#11136,1.);
#1434=VECTOR('',#11139,1.);
#1435=VECTOR('',#11140,1.);
#1436=VECTOR('',#11141,1.);
#1437=VECTOR('',#11148,1.);
#1438=VECTOR('',#11151,1.);
#1439=VECTOR('',#11152,1.);
#1440=VECTOR('',#11153,1.);
#1441=VECTOR('',#11160,1.);
#1442=VECTOR('',#11163,1.);
#1443=VECTOR('',#11164,1.);
#1444=VECTOR('',#11165,1.);
#1445=VECTOR('',#11174,1.);
#1446=VECTOR('',#11175,1.);
#1447=VECTOR('',#11176,1.);
#1448=VECTOR('',#11177,1.);
#1449=VECTOR('',#11184,1.);
#1450=VECTOR('',#11187,1.);
#1451=VECTOR('',#11188,1.);
#1452=VECTOR('',#11189,1.);
#1453=VECTOR('',#11196,1.);
#1454=VECTOR('',#11199,1.);
#1455=VECTOR('',#11200,1.);
#1456=VECTOR('',#11201,1.);
#1457=VECTOR('',#11208,1.);
#1458=VECTOR('',#11211,1.);
#1459=VECTOR('',#11212,1.);
#1460=VECTOR('',#11213,1.);
#1461=VECTOR('',#11222,1.);
#1462=VECTOR('',#11223,1.);
#1463=VECTOR('',#11224,1.);
#1464=VECTOR('',#11225,1.);
#1465=VECTOR('',#11232,1.);
#1466=VECTOR('',#11235,1.);
#1467=VECTOR('',#11236,1.);
#1468=VECTOR('',#11237,1.);
#1469=VECTOR('',#11244,1.);
#1470=VECTOR('',#11247,1.);
#1471=VECTOR('',#11248,1.);
#1472=VECTOR('',#11249,1.);
#1473=VECTOR('',#11256,1.);
#1474=VECTOR('',#11259,1.);
#1475=VECTOR('',#11260,1.);
#1476=VECTOR('',#11261,1.);
#1477=VECTOR('',#11270,1.);
#1478=VECTOR('',#11271,1.);
#1479=VECTOR('',#11272,1.);
#1480=VECTOR('',#11273,1.);
#1481=VECTOR('',#11280,1.);
#1482=VECTOR('',#11283,1.);
#1483=VECTOR('',#11284,1.);
#1484=VECTOR('',#11285,1.);
#1485=VECTOR('',#11292,1.);
#1486=VECTOR('',#11295,1.);
#1487=VECTOR('',#11296,1.);
#1488=VECTOR('',#11297,1.);
#1489=VECTOR('',#11304,1.);
#1490=VECTOR('',#11307,1.);
#1491=VECTOR('',#11308,1.);
#1492=VECTOR('',#11309,1.);
#1493=VECTOR('',#11318,1.);
#1494=VECTOR('',#11319,1.);
#1495=VECTOR('',#11320,1.);
#1496=VECTOR('',#11321,1.);
#1497=VECTOR('',#11328,1.);
#1498=VECTOR('',#11331,1.);
#1499=VECTOR('',#11332,1.);
#1500=VECTOR('',#11333,1.);
#1501=VECTOR('',#11340,1.);
#1502=VECTOR('',#11343,1.);
#1503=VECTOR('',#11344,1.);
#1504=VECTOR('',#11345,1.);
#1505=VECTOR('',#11352,1.);
#1506=VECTOR('',#11355,1.);
#1507=VECTOR('',#11356,1.);
#1508=VECTOR('',#11357,1.);
#1509=VECTOR('',#11366,1.);
#1510=VECTOR('',#11367,1.);
#1511=VECTOR('',#11368,1.);
#1512=VECTOR('',#11369,1.);
#1513=VECTOR('',#11376,1.);
#1514=VECTOR('',#11379,1.);
#1515=VECTOR('',#11380,1.);
#1516=VECTOR('',#11381,1.);
#1517=VECTOR('',#11388,1.);
#1518=VECTOR('',#11391,1.);
#1519=VECTOR('',#11392,1.);
#1520=VECTOR('',#11393,1.);
#1521=VECTOR('',#11400,1.);
#1522=VECTOR('',#11403,1.);
#1523=VECTOR('',#11404,1.);
#1524=VECTOR('',#11405,1.);
#1525=VECTOR('',#11414,1.);
#1526=VECTOR('',#11415,1.);
#1527=VECTOR('',#11416,1.);
#1528=VECTOR('',#11417,1.);
#1529=VECTOR('',#11424,1.);
#1530=VECTOR('',#11427,1.);
#1531=VECTOR('',#11428,1.);
#1532=VECTOR('',#11429,1.);
#1533=VECTOR('',#11436,1.);
#1534=VECTOR('',#11439,1.);
#1535=VECTOR('',#11440,1.);
#1536=VECTOR('',#11441,1.);
#1537=VECTOR('',#11448,1.);
#1538=VECTOR('',#11451,1.);
#1539=VECTOR('',#11452,1.);
#1540=VECTOR('',#11453,1.);
#1541=VECTOR('',#11462,1.);
#1542=VECTOR('',#11463,1.);
#1543=VECTOR('',#11464,1.);
#1544=VECTOR('',#11465,1.);
#1545=VECTOR('',#11472,1.);
#1546=VECTOR('',#11475,1.);
#1547=VECTOR('',#11476,1.);
#1548=VECTOR('',#11477,1.);
#1549=VECTOR('',#11484,1.);
#1550=VECTOR('',#11487,1.);
#1551=VECTOR('',#11488,1.);
#1552=VECTOR('',#11489,1.);
#1553=VECTOR('',#11496,1.);
#1554=VECTOR('',#11499,1.);
#1555=VECTOR('',#11500,1.);
#1556=VECTOR('',#11501,1.);
#1557=VECTOR('',#11510,1.);
#1558=VECTOR('',#11511,1.);
#1559=VECTOR('',#11512,1.);
#1560=VECTOR('',#11513,1.);
#1561=VECTOR('',#11520,1.);
#1562=VECTOR('',#11523,1.);
#1563=VECTOR('',#11524,1.);
#1564=VECTOR('',#11525,1.);
#1565=VECTOR('',#11532,1.);
#1566=VECTOR('',#11535,1.);
#1567=VECTOR('',#11536,1.);
#1568=VECTOR('',#11537,1.);
#1569=VECTOR('',#11544,1.);
#1570=VECTOR('',#11547,1.);
#1571=VECTOR('',#11548,1.);
#1572=VECTOR('',#11549,1.);
#1573=VECTOR('',#11558,1.);
#1574=VECTOR('',#11559,1.);
#1575=VECTOR('',#11560,1.);
#1576=VECTOR('',#11561,1.);
#1577=VECTOR('',#11568,1.);
#1578=VECTOR('',#11571,1.);
#1579=VECTOR('',#11572,1.);
#1580=VECTOR('',#11573,1.);
#1581=VECTOR('',#11580,1.);
#1582=VECTOR('',#11583,1.);
#1583=VECTOR('',#11584,1.);
#1584=VECTOR('',#11585,1.);
#1585=VECTOR('',#11592,1.);
#1586=VECTOR('',#11595,1.);
#1587=VECTOR('',#11596,1.);
#1588=VECTOR('',#11597,1.);
#1589=VECTOR('',#11606,1.);
#1590=VECTOR('',#11607,1.);
#1591=VECTOR('',#11608,1.);
#1592=VECTOR('',#11609,1.);
#1593=VECTOR('',#11616,1.);
#1594=VECTOR('',#11619,1.);
#1595=VECTOR('',#11620,1.);
#1596=VECTOR('',#11621,1.);
#1597=VECTOR('',#11628,1.);
#1598=VECTOR('',#11631,1.);
#1599=VECTOR('',#11632,1.);
#1600=VECTOR('',#11633,1.);
#1601=VECTOR('',#11640,1.);
#1602=VECTOR('',#11643,1.);
#1603=VECTOR('',#11644,1.);
#1604=VECTOR('',#11645,1.);
#1605=VECTOR('',#11654,1.);
#1606=VECTOR('',#11655,1.);
#1607=VECTOR('',#11656,1.);
#1608=VECTOR('',#11657,1.);
#1609=VECTOR('',#11664,1.);
#1610=VECTOR('',#11667,1.);
#1611=VECTOR('',#11668,1.);
#1612=VECTOR('',#11669,1.);
#1613=VECTOR('',#11676,1.);
#1614=VECTOR('',#11679,1.);
#1615=VECTOR('',#11680,1.);
#1616=VECTOR('',#11681,1.);
#1617=VECTOR('',#11688,1.);
#1618=VECTOR('',#11691,1.);
#1619=VECTOR('',#11692,1.);
#1620=VECTOR('',#11693,1.);
#1621=VECTOR('',#11702,1.);
#1622=VECTOR('',#11703,1.);
#1623=VECTOR('',#11704,1.);
#1624=VECTOR('',#11705,1.);
#1625=VECTOR('',#11712,1.);
#1626=VECTOR('',#11715,1.);
#1627=VECTOR('',#11716,1.);
#1628=VECTOR('',#11717,1.);
#1629=VECTOR('',#11724,1.);
#1630=VECTOR('',#11727,1.);
#1631=VECTOR('',#11728,1.);
#1632=VECTOR('',#11729,1.);
#1633=VECTOR('',#11736,1.);
#1634=VECTOR('',#11739,1.);
#1635=VECTOR('',#11740,1.);
#1636=VECTOR('',#11741,1.);
#1637=VECTOR('',#11750,1.);
#1638=VECTOR('',#11751,1.);
#1639=VECTOR('',#11752,1.);
#1640=VECTOR('',#11753,1.);
#1641=VECTOR('',#11760,1.);
#1642=VECTOR('',#11763,1.);
#1643=VECTOR('',#11764,1.);
#1644=VECTOR('',#11765,1.);
#1645=VECTOR('',#11772,1.);
#1646=VECTOR('',#11775,1.);
#1647=VECTOR('',#11776,1.);
#1648=VECTOR('',#11777,1.);
#1649=VECTOR('',#11784,1.);
#1650=VECTOR('',#11787,1.);
#1651=VECTOR('',#11788,1.);
#1652=VECTOR('',#11789,1.);
#1653=VECTOR('',#11798,1.);
#1654=VECTOR('',#11799,1.);
#1655=VECTOR('',#11800,1.);
#1656=VECTOR('',#11801,1.);
#1657=VECTOR('',#11808,1.);
#1658=VECTOR('',#11811,1.);
#1659=VECTOR('',#11812,1.);
#1660=VECTOR('',#11813,1.);
#1661=VECTOR('',#11820,1.);
#1662=VECTOR('',#11823,1.);
#1663=VECTOR('',#11824,1.);
#1664=VECTOR('',#11825,1.);
#1665=VECTOR('',#11832,1.);
#1666=VECTOR('',#11835,1.);
#1667=VECTOR('',#11836,1.);
#1668=VECTOR('',#11837,1.);
#1669=VECTOR('',#11846,1.);
#1670=VECTOR('',#11847,1.);
#1671=VECTOR('',#11848,1.);
#1672=VECTOR('',#11849,1.);
#1673=VECTOR('',#11856,1.);
#1674=VECTOR('',#11859,1.);
#1675=VECTOR('',#11860,1.);
#1676=VECTOR('',#11861,1.);
#1677=VECTOR('',#11868,1.);
#1678=VECTOR('',#11871,1.);
#1679=VECTOR('',#11872,1.);
#1680=VECTOR('',#11873,1.);
#1681=VECTOR('',#11880,1.);
#1682=VECTOR('',#11883,1.);
#1683=VECTOR('',#11884,1.);
#1684=VECTOR('',#11885,1.);
#1685=VECTOR('',#11894,1.);
#1686=VECTOR('',#11895,1.);
#1687=VECTOR('',#11896,1.);
#1688=VECTOR('',#11897,1.);
#1689=VECTOR('',#11904,1.);
#1690=VECTOR('',#11907,1.);
#1691=VECTOR('',#11908,1.);
#1692=VECTOR('',#11909,1.);
#1693=VECTOR('',#11916,1.);
#1694=VECTOR('',#11919,1.);
#1695=VECTOR('',#11920,1.);
#1696=VECTOR('',#11921,1.);
#1697=VECTOR('',#11928,1.);
#1698=VECTOR('',#11931,1.);
#1699=VECTOR('',#11932,1.);
#1700=VECTOR('',#11933,1.);
#1701=VECTOR('',#11942,1.);
#1702=VECTOR('',#11943,1.);
#1703=VECTOR('',#11944,1.);
#1704=VECTOR('',#11945,1.);
#1705=VECTOR('',#11952,1.);
#1706=VECTOR('',#11955,1.);
#1707=VECTOR('',#11956,1.);
#1708=VECTOR('',#11957,1.);
#1709=VECTOR('',#11964,1.);
#1710=VECTOR('',#11967,1.);
#1711=VECTOR('',#11968,1.);
#1712=VECTOR('',#11969,1.);
#1713=VECTOR('',#11976,1.);
#1714=VECTOR('',#11979,1.);
#1715=VECTOR('',#11980,1.);
#1716=VECTOR('',#11981,1.);
#1717=VECTOR('',#11990,1.);
#1718=VECTOR('',#11991,1.);
#1719=VECTOR('',#11992,1.);
#1720=VECTOR('',#11993,1.);
#1721=VECTOR('',#12000,1.);
#1722=VECTOR('',#12003,1.);
#1723=VECTOR('',#12004,1.);
#1724=VECTOR('',#12005,1.);
#1725=VECTOR('',#12012,1.);
#1726=VECTOR('',#12015,1.);
#1727=VECTOR('',#12016,1.);
#1728=VECTOR('',#12017,1.);
#1729=VECTOR('',#12024,1.);
#1730=VECTOR('',#12027,1.);
#1731=VECTOR('',#12028,1.);
#1732=VECTOR('',#12029,1.);
#1733=VECTOR('',#12038,1.);
#1734=VECTOR('',#12039,1.);
#1735=VECTOR('',#12040,1.);
#1736=VECTOR('',#12041,1.);
#1737=VECTOR('',#12048,1.);
#1738=VECTOR('',#12051,1.);
#1739=VECTOR('',#12052,1.);
#1740=VECTOR('',#12053,1.);
#1741=VECTOR('',#12060,1.);
#1742=VECTOR('',#12063,1.);
#1743=VECTOR('',#12064,1.);
#1744=VECTOR('',#12065,1.);
#1745=VECTOR('',#12072,1.);
#1746=VECTOR('',#12075,1.);
#1747=VECTOR('',#12076,1.);
#1748=VECTOR('',#12077,1.);
#1749=VECTOR('',#12086,1.);
#1750=VECTOR('',#12087,1.);
#1751=VECTOR('',#12088,1.);
#1752=VECTOR('',#12089,1.);
#1753=VECTOR('',#12096,1.);
#1754=VECTOR('',#12099,1.);
#1755=VECTOR('',#12100,1.);
#1756=VECTOR('',#12101,1.);
#1757=VECTOR('',#12108,1.);
#1758=VECTOR('',#12111,1.);
#1759=VECTOR('',#12112,1.);
#1760=VECTOR('',#12113,1.);
#1761=VECTOR('',#12120,1.);
#1762=VECTOR('',#12123,1.);
#1763=VECTOR('',#12124,1.);
#1764=VECTOR('',#12125,1.);
#1765=VECTOR('',#12134,1.);
#1766=VECTOR('',#12135,1.);
#1767=VECTOR('',#12136,1.);
#1768=VECTOR('',#12137,1.);
#1769=VECTOR('',#12144,1.);
#1770=VECTOR('',#12147,1.);
#1771=VECTOR('',#12148,1.);
#1772=VECTOR('',#12149,1.);
#1773=VECTOR('',#12156,1.);
#1774=VECTOR('',#12159,1.);
#1775=VECTOR('',#12160,1.);
#1776=VECTOR('',#12161,1.);
#1777=VECTOR('',#12168,1.);
#1778=VECTOR('',#12171,1.);
#1779=VECTOR('',#12172,1.);
#1780=VECTOR('',#12173,1.);
#1781=VECTOR('',#12182,1.);
#1782=VECTOR('',#12183,1.);
#1783=VECTOR('',#12184,1.);
#1784=VECTOR('',#12185,1.);
#1785=VECTOR('',#12192,1.);
#1786=VECTOR('',#12195,1.);
#1787=VECTOR('',#12196,1.);
#1788=VECTOR('',#12197,1.);
#1789=VECTOR('',#12204,1.);
#1790=VECTOR('',#12207,1.);
#1791=VECTOR('',#12208,1.);
#1792=VECTOR('',#12209,1.);
#1793=VECTOR('',#12216,1.);
#1794=VECTOR('',#12219,1.);
#1795=VECTOR('',#12220,1.);
#1796=VECTOR('',#12221,1.);
#1797=VECTOR('',#12230,1.);
#1798=VECTOR('',#12231,1.);
#1799=VECTOR('',#12232,1.);
#1800=VECTOR('',#12233,1.);
#1801=VECTOR('',#12240,1.);
#1802=VECTOR('',#12243,1.);
#1803=VECTOR('',#12244,1.);
#1804=VECTOR('',#12245,1.);
#1805=VECTOR('',#12252,1.);
#1806=VECTOR('',#12255,1.);
#1807=VECTOR('',#12256,1.);
#1808=VECTOR('',#12257,1.);
#1809=VECTOR('',#12264,1.);
#1810=VECTOR('',#12267,1.);
#1811=VECTOR('',#12268,1.);
#1812=VECTOR('',#12269,1.);
#1813=VECTOR('',#12278,1.);
#1814=VECTOR('',#12281,1.);
#1815=VECTOR('',#12284,1.);
#1816=VECTOR('',#12285,1.);
#1817=VECTOR('',#12288,1.);
#1818=VECTOR('',#12293,1.);
#1819=VECTOR('',#12294,1.);
#1820=VECTOR('',#12299,1.);
#1821=VECTOR('',#12302,1.);
#1822=VECTOR('',#12303,1.);
#1823=VECTOR('',#12308,1.);
#1824=VECTOR('',#12311,1.);
#1825=VECTOR('',#12312,1.);
#1826=VECTOR('',#12315,1.);
#1827=VECTOR('',#12320,1.);
#1828=VECTOR('',#12321,1.);
#1829=VECTOR('',#12326,1.);
#1830=VECTOR('',#12329,1.);
#1831=VECTOR('',#12330,1.);
#1832=VECTOR('',#12331,1.);
#1833=VECTOR('',#12336,1.);
#1834=VECTOR('',#12339,1.);
#1835=VECTOR('',#12340,1.);
#1836=VECTOR('',#12345,1.);
#1837=VECTOR('',#12348,1.);
#1838=VECTOR('',#12349,1.);
#1839=VECTOR('',#12350,1.);
#1840=VECTOR('',#12353,1.);
#1841=VECTOR('',#12354,1.);
#1842=VECTOR('',#12355,1.);
#1843=VECTOR('',#12358,1.);
#1844=VECTOR('',#12359,1.);
#1845=VECTOR('',#12360,1.);
#1846=VECTOR('',#12367,1.);
#1847=VECTOR('',#12370,1.);
#1848=VECTOR('',#12371,1.);
#1849=VECTOR('',#12372,1.);
#1850=VECTOR('',#12379,1.);
#1851=VECTOR('',#12382,1.);
#1852=VECTOR('',#12383,1.);
#1853=VECTOR('',#12384,1.);
#1854=VECTOR('',#12387,1.);
#1855=VECTOR('',#12388,1.);
#1856=VECTOR('',#12389,1.);
#1857=VECTOR('',#12392,1.);
#1858=VECTOR('',#12393,1.);
#1859=VECTOR('',#12394,1.);
#1860=VECTOR('',#12397,1.);
#1861=VECTOR('',#12402,1.);
#1862=VECTOR('',#12403,1.);
#1863=VECTOR('',#12406,1.);
#1864=VECTOR('',#12411,1.);
#1865=VECTOR('',#12412,1.);
#1866=VECTOR('',#12413,1.);
#1867=VECTOR('',#12416,1.);
#1868=VECTOR('',#12421,1.);
#1869=VECTOR('',#12422,1.);
#1870=VECTOR('',#12427,1.);
#1871=VECTOR('',#12430,1.);
#1872=VECTOR('',#12431,1.);
#1873=VECTOR('',#12434,1.);
#1874=VECTOR('',#12439,1.);
#1875=VECTOR('',#12440,1.);
#1876=VECTOR('',#12443,1.);
#1877=VECTOR('',#12448,1.);
#1878=VECTOR('',#12449,1.);
#1879=VECTOR('',#12454,1.);
#1880=VECTOR('',#12457,1.);
#1881=VECTOR('',#12458,1.);
#1882=VECTOR('',#12461,1.);
#1883=VECTOR('',#12466,1.);
#1884=VECTOR('',#12467,1.);
#1885=VECTOR('',#12468,1.);
#1886=VECTOR('',#12471,1.);
#1887=VECTOR('',#12472,1.);
#1888=VECTOR('',#12473,1.);
#1889=VECTOR('',#12476,1.);
#1890=VECTOR('',#12477,1.);
#1891=VECTOR('',#12478,1.);
#1892=VECTOR('',#12485,1.);
#1893=VECTOR('',#12488,1.);
#1894=VECTOR('',#12489,1.);
#1895=VECTOR('',#12490,1.);
#1896=VECTOR('',#12497,1.);
#1897=VECTOR('',#12500,1.);
#1898=VECTOR('',#12501,1.);
#1899=VECTOR('',#12502,1.);
#1900=VECTOR('',#12505,1.);
#1901=VECTOR('',#12506,1.);
#1902=VECTOR('',#12507,1.);
#1903=VECTOR('',#12510,1.);
#1904=VECTOR('',#12511,1.);
#1905=VECTOR('',#12514,1.);
#1906=VECTOR('',#12515,1.);
#1907=VECTOR('',#12516,1.);
#1908=VECTOR('',#12517,1.);
#1909=VECTOR('',#12524,1.);
#1910=VECTOR('',#12527,1.);
#1911=VECTOR('',#12528,1.);
#1912=VECTOR('',#12529,1.);
#1913=VECTOR('',#12536,1.);
#1914=VECTOR('',#12539,1.);
#1915=VECTOR('',#12540,1.);
#1916=VECTOR('',#12541,1.);
#1917=VECTOR('',#12548,1.);
#1918=VECTOR('',#12551,1.);
#1919=VECTOR('',#12552,1.);
#1920=VECTOR('',#12553,1.);
#1921=VECTOR('',#12564,1.);
#1922=VECTOR('',#12567,1.);
#1923=VECTOR('',#12570,1.);
#1924=VECTOR('',#12571,1.);
#1925=VECTOR('',#12572,1.);
#1926=VECTOR('',#12579,1.);
#1927=VECTOR('',#12582,1.);
#1928=VECTOR('',#12583,1.);
#1929=VECTOR('',#12584,1.);
#1930=VECTOR('',#12591,1.);
#1931=VECTOR('',#12594,1.);
#1932=VECTOR('',#12595,1.);
#1933=VECTOR('',#12596,1.);
#1934=VECTOR('',#12603,1.);
#1935=VECTOR('',#12606,1.);
#1936=VECTOR('',#12607,1.);
#1937=VECTOR('',#12610,1.);
#1938=VECTOR('',#12611,1.);
#1939=VECTOR('',#12612,1.);
#1940=VECTOR('',#12613,1.);
#1941=VECTOR('',#12620,1.);
#1942=VECTOR('',#12623,1.);
#1943=VECTOR('',#12624,1.);
#1944=VECTOR('',#12625,1.);
#1945=VECTOR('',#12632,1.);
#1946=VECTOR('',#12635,1.);
#1947=VECTOR('',#12636,1.);
#1948=VECTOR('',#12637,1.);
#1949=VECTOR('',#12640,1.);
#1950=VECTOR('',#12641,1.);
#1951=VECTOR('',#12642,1.);
#1952=VECTOR('',#12645,1.);
#1953=VECTOR('',#12646,1.);
#1954=VECTOR('',#12647,1.);
#1955=VECTOR('',#12650,1.);
#1956=VECTOR('',#12655,1.);
#1957=VECTOR('',#12656,1.);
#1958=VECTOR('',#12659,1.);
#1959=VECTOR('',#12664,1.);
#1960=VECTOR('',#12665,1.);
#1961=VECTOR('',#12666,1.);
#1962=VECTOR('',#12667,1.);
#1963=VECTOR('',#12670,1.);
#1964=VECTOR('',#12675,1.);
#1965=VECTOR('',#12676,1.);
#1966=VECTOR('',#12681,1.);
#1967=VECTOR('',#12684,1.);
#1968=VECTOR('',#12685,1.);
#1969=VECTOR('',#12688,1.);
#1970=VECTOR('',#12693,1.);
#1971=VECTOR('',#12694,1.);
#1972=VECTOR('',#12697,1.);
#1973=VECTOR('',#12702,1.);
#1974=VECTOR('',#12703,1.);
#1975=VECTOR('',#12708,1.);
#1976=VECTOR('',#12711,1.);
#1977=VECTOR('',#12712,1.);
#1978=VECTOR('',#12715,1.);
#1979=VECTOR('',#12720,1.);
#1980=VECTOR('',#12721,1.);
#1981=VECTOR('',#12722,1.);
#1982=VECTOR('',#12723,1.);
#1983=VECTOR('',#12726,1.);
#1984=VECTOR('',#12727,1.);
#1985=VECTOR('',#12728,1.);
#1986=VECTOR('',#12731,1.);
#1987=VECTOR('',#12732,1.);
#1988=VECTOR('',#12733,1.);
#1989=VECTOR('',#12740,1.);
#1990=VECTOR('',#12743,1.);
#1991=VECTOR('',#12744,1.);
#1992=VECTOR('',#12745,1.);
#1993=VECTOR('',#12752,1.);
#1994=VECTOR('',#12755,1.);
#1995=VECTOR('',#12756,1.);
#1996=VECTOR('',#12757,1.);
#1997=VECTOR('',#12762,1.);
#1998=VECTOR('',#12765,1.);
#1999=VECTOR('',#12768,1.);
#2000=VECTOR('',#12769,1.);
#2001=VECTOR('',#12770,1.);
#2002=VECTOR('',#12773,1.);
#2003=VECTOR('',#12780,1.);
#2004=VECTOR('',#12781,1.);
#2005=VECTOR('',#12782,1.);
#2006=VECTOR('',#12789,1.);
#2007=VECTOR('',#12792,1.);
#2008=VECTOR('',#12793,1.);
#2009=VECTOR('',#12794,1.);
#2010=VECTOR('',#12797,1.);
#2011=VECTOR('',#12804,1.);
#2012=VECTOR('',#12805,1.);
#2013=VECTOR('',#12806,1.);
#2014=VECTOR('',#12807,1.);
#2015=VECTOR('',#12814,1.);
#2016=VECTOR('',#12817,1.);
#2017=VECTOR('',#12818,1.);
#2018=VECTOR('',#12819,1.);
#2019=VECTOR('',#12822,1.);
#2020=VECTOR('',#12829,1.);
#2021=VECTOR('',#12830,1.);
#2022=VECTOR('',#12831,1.);
#2023=VECTOR('',#12838,1.);
#2024=VECTOR('',#12841,1.);
#2025=VECTOR('',#12842,1.);
#2026=VECTOR('',#12843,1.);
#2027=VECTOR('',#12846,1.);
#2028=VECTOR('',#12853,1.);
#2029=VECTOR('',#12854,1.);
#2030=VECTOR('',#12855,1.);
#2031=VECTOR('',#12860,1.);
#2032=VECTOR('',#12865,1.);
#2033=VECTOR('',#12866,1.);
#2034=VECTOR('',#12867,1.);
#2035=VECTOR('',#12872,1.);
#2036=VECTOR('',#12877,1.);
#2037=VECTOR('',#12878,1.);
#2038=VECTOR('',#12879,1.);
#2039=VECTOR('',#12886,1.);
#2040=VECTOR('',#12889,1.);
#2041=VECTOR('',#12890,1.);
#2042=VECTOR('',#12891,1.);
#2043=VECTOR('',#12894,1.);
#2044=VECTOR('',#12901,1.);
#2045=VECTOR('',#12902,1.);
#2046=VECTOR('',#12903,1.);
#2047=VECTOR('',#12910,1.);
#2048=VECTOR('',#12913,1.);
#2049=VECTOR('',#12914,1.);
#2050=VECTOR('',#12915,1.);
#2051=VECTOR('',#12918,1.);
#2052=VECTOR('',#12925,1.);
#2053=VECTOR('',#12926,1.);
#2054=VECTOR('',#12927,1.);
#2055=VECTOR('',#12934,1.);
#2056=VECTOR('',#12937,1.);
#2057=VECTOR('',#12938,1.);
#2058=VECTOR('',#12939,1.);
#2059=VECTOR('',#12942,1.);
#2060=VECTOR('',#12949,1.);
#2061=VECTOR('',#12950,1.);
#2062=VECTOR('',#12951,1.);
#2063=VECTOR('',#12958,1.);
#2064=VECTOR('',#12961,1.);
#2065=VECTOR('',#12962,1.);
#2066=VECTOR('',#12963,1.);
#2067=VECTOR('',#12966,1.);
#2068=VECTOR('',#12973,1.);
#2069=VECTOR('',#12976,1.);
#2070=VECTOR('',#12977,1.);
#2071=VECTOR('',#12980,1.);
#2072=VECTOR('',#12983,1.);
#2073=VECTOR('',#12984,1.);
#2074=VECTOR('',#12985,1.);
#2075=VECTOR('',#12986,1.);
#2076=VECTOR('',#12989,1.);
#2077=VECTOR('',#12992,1.);
#2078=VECTOR('',#12995,1.);
#2079=VECTOR('',#12998,1.);
#2080=VECTOR('',#13001,1.);
#2081=VECTOR('',#13004,1.);
#2082=VECTOR('',#13007,1.);
#2083=VECTOR('',#13010,1.);
#2084=VECTOR('',#13013,1.);
#2085=VECTOR('',#13016,1.);
#2086=VECTOR('',#13019,1.);
#2087=VECTOR('',#13022,1.);
#2088=VECTOR('',#13025,1.);
#2089=VECTOR('',#13028,1.);
#2090=VECTOR('',#13031,1.);
#2091=VECTOR('',#13034,1.);
#2092=VECTOR('',#13037,1.);
#2093=VECTOR('',#13040,1.);
#2094=VECTOR('',#13043,1.);
#2095=VECTOR('',#13046,1.);
#2096=VECTOR('',#13047,1.);
#2097=VECTOR('',#13050,1.);
#2098=VECTOR('',#13053,1.);
#2099=VECTOR('',#13056,1.);
#2100=VECTOR('',#13059,1.);
#2101=VECTOR('',#13060,1.);
#2102=VECTOR('',#13063,1.);
#2103=VECTOR('',#13064,1.);
#2104=VECTOR('',#13067,1.);
#2105=VECTOR('',#13068,1.);
#2106=VECTOR('',#13071,1.);
#2107=VECTOR('',#13072,1.);
#2108=VECTOR('',#13075,1.);
#2109=VECTOR('',#13076,1.);
#2110=VECTOR('',#13079,1.);
#2111=VECTOR('',#13080,1.);
#2112=VECTOR('',#13083,1.);
#2113=VECTOR('',#13084,1.);
#2114=VECTOR('',#13087,1.);
#2115=VECTOR('',#13104,1.);
#2116=VECTOR('',#13107,1.);
#2117=VECTOR('',#13110,1.);
#2118=ORIENTED_EDGE('',*,*,#4890,.T.);
#2119=ORIENTED_EDGE('',*,*,#4891,.F.);
#2120=ORIENTED_EDGE('',*,*,#4892,.T.);
#2121=ORIENTED_EDGE('',*,*,#4893,.T.);
#2122=ORIENTED_EDGE('',*,*,#4894,.T.);
#2123=ORIENTED_EDGE('',*,*,#4895,.F.);
#2124=ORIENTED_EDGE('',*,*,#4896,.T.);
#2125=ORIENTED_EDGE('',*,*,#4897,.F.);
#2126=ORIENTED_EDGE('',*,*,#4898,.T.);
#2127=ORIENTED_EDGE('',*,*,#4899,.F.);
#2128=ORIENTED_EDGE('',*,*,#4900,.T.);
#2129=ORIENTED_EDGE('',*,*,#4901,.F.);
#2130=ORIENTED_EDGE('',*,*,#4902,.F.);
#2131=ORIENTED_EDGE('',*,*,#4903,.F.);
#2132=ORIENTED_EDGE('',*,*,#4904,.T.);
#2133=ORIENTED_EDGE('',*,*,#4905,.F.);
#2134=ORIENTED_EDGE('',*,*,#4906,.F.);
#2135=ORIENTED_EDGE('',*,*,#4907,.F.);
#2136=ORIENTED_EDGE('',*,*,#4908,.F.);
#2137=ORIENTED_EDGE('',*,*,#4909,.F.);
#2138=ORIENTED_EDGE('',*,*,#4910,.T.);
#2139=ORIENTED_EDGE('',*,*,#4911,.F.);
#2140=ORIENTED_EDGE('',*,*,#4912,.F.);
#2141=ORIENTED_EDGE('',*,*,#4913,.T.);
#2142=ORIENTED_EDGE('',*,*,#4914,.F.);
#2143=ORIENTED_EDGE('',*,*,#4915,.F.);
#2144=ORIENTED_EDGE('',*,*,#4916,.F.);
#2145=ORIENTED_EDGE('',*,*,#4917,.F.);
#2146=ORIENTED_EDGE('',*,*,#4918,.T.);
#2147=ORIENTED_EDGE('',*,*,#4919,.T.);
#2148=ORIENTED_EDGE('',*,*,#4920,.F.);
#2149=ORIENTED_EDGE('',*,*,#4921,.F.);
#2150=ORIENTED_EDGE('',*,*,#4922,.T.);
#2151=ORIENTED_EDGE('',*,*,#4923,.T.);
#2152=ORIENTED_EDGE('',*,*,#4924,.F.);
#2153=ORIENTED_EDGE('',*,*,#4925,.F.);
#2154=ORIENTED_EDGE('',*,*,#4926,.T.);
#2155=ORIENTED_EDGE('',*,*,#4927,.T.);
#2156=ORIENTED_EDGE('',*,*,#4928,.T.);
#2157=ORIENTED_EDGE('',*,*,#4929,.T.);
#2158=ORIENTED_EDGE('',*,*,#4930,.F.);
#2159=ORIENTED_EDGE('',*,*,#4931,.T.);
#2160=ORIENTED_EDGE('',*,*,#4932,.T.);
#2161=ORIENTED_EDGE('',*,*,#4933,.F.);
#2162=ORIENTED_EDGE('',*,*,#4934,.T.);
#2163=ORIENTED_EDGE('',*,*,#4935,.T.);
#2164=ORIENTED_EDGE('',*,*,#4936,.T.);
#2165=ORIENTED_EDGE('',*,*,#4937,.T.);
#2166=ORIENTED_EDGE('',*,*,#4938,.T.);
#2167=ORIENTED_EDGE('',*,*,#4939,.F.);
#2168=ORIENTED_EDGE('',*,*,#4940,.T.);
#2169=ORIENTED_EDGE('',*,*,#4941,.F.);
#2170=ORIENTED_EDGE('',*,*,#4942,.F.);
#2171=ORIENTED_EDGE('',*,*,#4943,.F.);
#2172=ORIENTED_EDGE('',*,*,#4944,.T.);
#2173=ORIENTED_EDGE('',*,*,#4945,.F.);
#2174=ORIENTED_EDGE('',*,*,#4946,.T.);
#2175=ORIENTED_EDGE('',*,*,#4947,.F.);
#2176=ORIENTED_EDGE('',*,*,#4948,.F.);
#2177=ORIENTED_EDGE('',*,*,#4949,.T.);
#2178=ORIENTED_EDGE('',*,*,#4950,.F.);
#2179=ORIENTED_EDGE('',*,*,#4951,.F.);
#2180=ORIENTED_EDGE('',*,*,#4952,.F.);
#2181=ORIENTED_EDGE('',*,*,#4953,.F.);
#2182=ORIENTED_EDGE('',*,*,#4954,.T.);
#2183=ORIENTED_EDGE('',*,*,#4955,.T.);
#2184=ORIENTED_EDGE('',*,*,#4956,.F.);
#2185=ORIENTED_EDGE('',*,*,#4957,.F.);
#2186=ORIENTED_EDGE('',*,*,#4958,.F.);
#2187=ORIENTED_EDGE('',*,*,#4959,.F.);
#2188=ORIENTED_EDGE('',*,*,#4960,.T.);
#2189=ORIENTED_EDGE('',*,*,#4939,.T.);
#2190=ORIENTED_EDGE('',*,*,#4961,.F.);
#2191=ORIENTED_EDGE('',*,*,#4962,.F.);
#2192=ORIENTED_EDGE('',*,*,#4963,.T.);
#2193=ORIENTED_EDGE('',*,*,#4964,.T.);
#2194=ORIENTED_EDGE('',*,*,#4940,.F.);
#2195=ORIENTED_EDGE('',*,*,#4960,.F.);
#2196=ORIENTED_EDGE('',*,*,#4965,.T.);
#2197=ORIENTED_EDGE('',*,*,#4941,.T.);
#2198=ORIENTED_EDGE('',*,*,#4964,.F.);
#2199=ORIENTED_EDGE('',*,*,#4966,.F.);
#2200=ORIENTED_EDGE('',*,*,#4967,.T.);
#2201=ORIENTED_EDGE('',*,*,#4968,.T.);
#2202=ORIENTED_EDGE('',*,*,#4894,.F.);
#2203=ORIENTED_EDGE('',*,*,#4969,.F.);
#2204=ORIENTED_EDGE('',*,*,#4970,.T.);
#2205=ORIENTED_EDGE('',*,*,#4895,.T.);
#2206=ORIENTED_EDGE('',*,*,#4968,.F.);
#2207=ORIENTED_EDGE('',*,*,#4971,.F.);
#2208=ORIENTED_EDGE('',*,*,#4972,.T.);
#2209=ORIENTED_EDGE('',*,*,#4973,.T.);
#2210=ORIENTED_EDGE('',*,*,#4896,.F.);
#2211=ORIENTED_EDGE('',*,*,#4970,.F.);
#2212=ORIENTED_EDGE('',*,*,#4974,.T.);
#2213=ORIENTED_EDGE('',*,*,#4975,.T.);
#2214=ORIENTED_EDGE('',*,*,#4934,.F.);
#2215=ORIENTED_EDGE('',*,*,#4976,.F.);
#2216=ORIENTED_EDGE('',*,*,#4977,.T.);
#2217=ORIENTED_EDGE('',*,*,#4978,.T.);
#2218=ORIENTED_EDGE('',*,*,#4935,.F.);
#2219=ORIENTED_EDGE('',*,*,#4975,.F.);
#2220=ORIENTED_EDGE('',*,*,#4979,.T.);
#2221=ORIENTED_EDGE('',*,*,#4980,.T.);
#2222=ORIENTED_EDGE('',*,*,#4936,.F.);
#2223=ORIENTED_EDGE('',*,*,#4978,.F.);
#2224=ORIENTED_EDGE('',*,*,#4981,.T.);
#2225=ORIENTED_EDGE('',*,*,#4907,.T.);
#2226=ORIENTED_EDGE('',*,*,#4982,.F.);
#2227=ORIENTED_EDGE('',*,*,#4983,.F.);
#2228=ORIENTED_EDGE('',*,*,#4984,.T.);
#2229=ORIENTED_EDGE('',*,*,#4908,.T.);
#2230=ORIENTED_EDGE('',*,*,#4981,.F.);
#2231=ORIENTED_EDGE('',*,*,#4985,.F.);
#2232=ORIENTED_EDGE('',*,*,#4986,.T.);
#2233=ORIENTED_EDGE('',*,*,#4909,.T.);
#2234=ORIENTED_EDGE('',*,*,#4984,.F.);
#2235=ORIENTED_EDGE('',*,*,#4987,.F.);
#2236=ORIENTED_EDGE('',*,*,#4988,.T.);
#2237=ORIENTED_EDGE('',*,*,#4899,.T.);
#2238=ORIENTED_EDGE('',*,*,#4989,.F.);
#2239=ORIENTED_EDGE('',*,*,#4990,.F.);
#2240=ORIENTED_EDGE('',*,*,#4991,.T.);
#2241=ORIENTED_EDGE('',*,*,#4992,.T.);
#2242=ORIENTED_EDGE('',*,*,#4900,.F.);
#2243=ORIENTED_EDGE('',*,*,#4988,.F.);
#2244=ORIENTED_EDGE('',*,*,#4993,.T.);
#2245=ORIENTED_EDGE('',*,*,#4901,.T.);
#2246=ORIENTED_EDGE('',*,*,#4992,.F.);
#2247=ORIENTED_EDGE('',*,*,#4994,.F.);
#2248=ORIENTED_EDGE('',*,*,#4995,.F.);
#2249=ORIENTED_EDGE('',*,*,#4996,.F.);
#2250=ORIENTED_EDGE('',*,*,#4997,.T.);
#2251=ORIENTED_EDGE('',*,*,#4998,.T.);
#2252=ORIENTED_EDGE('',*,*,#4999,.F.);
#2253=ORIENTED_EDGE('',*,*,#4998,.F.);
#2254=ORIENTED_EDGE('',*,*,#5000,.T.);
#2255=ORIENTED_EDGE('',*,*,#5001,.T.);
#2256=ORIENTED_EDGE('',*,*,#5002,.F.);
#2257=ORIENTED_EDGE('',*,*,#5001,.F.);
#2258=ORIENTED_EDGE('',*,*,#5003,.T.);
#2259=ORIENTED_EDGE('',*,*,#5004,.T.);
#2260=ORIENTED_EDGE('',*,*,#5005,.F.);
#2261=ORIENTED_EDGE('',*,*,#5004,.F.);
#2262=ORIENTED_EDGE('',*,*,#5006,.T.);
#2263=ORIENTED_EDGE('',*,*,#5007,.T.);
#2264=ORIENTED_EDGE('',*,*,#5008,.T.);
#2265=ORIENTED_EDGE('',*,*,#5007,.F.);
#2266=ORIENTED_EDGE('',*,*,#5009,.F.);
#2267=ORIENTED_EDGE('',*,*,#5010,.T.);
#2268=ORIENTED_EDGE('',*,*,#5011,.F.);
#2269=ORIENTED_EDGE('',*,*,#5010,.F.);
#2270=ORIENTED_EDGE('',*,*,#5012,.T.);
#2271=ORIENTED_EDGE('',*,*,#5013,.T.);
#2272=ORIENTED_EDGE('',*,*,#5014,.T.);
#2273=ORIENTED_EDGE('',*,*,#5013,.F.);
#2274=ORIENTED_EDGE('',*,*,#5015,.F.);
#2275=ORIENTED_EDGE('',*,*,#5016,.T.);
#2276=ORIENTED_EDGE('',*,*,#5017,.F.);
#2277=ORIENTED_EDGE('',*,*,#5016,.F.);
#2278=ORIENTED_EDGE('',*,*,#5018,.T.);
#2279=ORIENTED_EDGE('',*,*,#4996,.T.);
#2280=ORIENTED_EDGE('',*,*,#5019,.F.);
#2281=ORIENTED_EDGE('',*,*,#5020,.F.);
#2282=ORIENTED_EDGE('',*,*,#5021,.T.);
#2283=ORIENTED_EDGE('',*,*,#5022,.T.);
#2284=ORIENTED_EDGE('',*,*,#5023,.F.);
#2285=ORIENTED_EDGE('',*,*,#5022,.F.);
#2286=ORIENTED_EDGE('',*,*,#5024,.T.);
#2287=ORIENTED_EDGE('',*,*,#5025,.T.);
#2288=ORIENTED_EDGE('',*,*,#5026,.F.);
#2289=ORIENTED_EDGE('',*,*,#5025,.F.);
#2290=ORIENTED_EDGE('',*,*,#5027,.T.);
#2291=ORIENTED_EDGE('',*,*,#5028,.T.);
#2292=ORIENTED_EDGE('',*,*,#5029,.F.);
#2293=ORIENTED_EDGE('',*,*,#5028,.F.);
#2294=ORIENTED_EDGE('',*,*,#5030,.T.);
#2295=ORIENTED_EDGE('',*,*,#5031,.T.);
#2296=ORIENTED_EDGE('',*,*,#5032,.T.);
#2297=ORIENTED_EDGE('',*,*,#5031,.F.);
#2298=ORIENTED_EDGE('',*,*,#5033,.F.);
#2299=ORIENTED_EDGE('',*,*,#5034,.T.);
#2300=ORIENTED_EDGE('',*,*,#5035,.F.);
#2301=ORIENTED_EDGE('',*,*,#5034,.F.);
#2302=ORIENTED_EDGE('',*,*,#5036,.T.);
#2303=ORIENTED_EDGE('',*,*,#5037,.T.);
#2304=ORIENTED_EDGE('',*,*,#5038,.T.);
#2305=ORIENTED_EDGE('',*,*,#5037,.F.);
#2306=ORIENTED_EDGE('',*,*,#5039,.F.);
#2307=ORIENTED_EDGE('',*,*,#5040,.T.);
#2308=ORIENTED_EDGE('',*,*,#5041,.F.);
#2309=ORIENTED_EDGE('',*,*,#5040,.F.);
#2310=ORIENTED_EDGE('',*,*,#5042,.T.);
#2311=ORIENTED_EDGE('',*,*,#5020,.T.);
#2312=ORIENTED_EDGE('',*,*,#5043,.F.);
#2313=ORIENTED_EDGE('',*,*,#5044,.F.);
#2314=ORIENTED_EDGE('',*,*,#5045,.T.);
#2315=ORIENTED_EDGE('',*,*,#5046,.T.);
#2316=ORIENTED_EDGE('',*,*,#5047,.F.);
#2317=ORIENTED_EDGE('',*,*,#5046,.F.);
#2318=ORIENTED_EDGE('',*,*,#5048,.T.);
#2319=ORIENTED_EDGE('',*,*,#5049,.T.);
#2320=ORIENTED_EDGE('',*,*,#5050,.F.);
#2321=ORIENTED_EDGE('',*,*,#5049,.F.);
#2322=ORIENTED_EDGE('',*,*,#5051,.T.);
#2323=ORIENTED_EDGE('',*,*,#5052,.T.);
#2324=ORIENTED_EDGE('',*,*,#5053,.F.);
#2325=ORIENTED_EDGE('',*,*,#5052,.F.);
#2326=ORIENTED_EDGE('',*,*,#5054,.T.);
#2327=ORIENTED_EDGE('',*,*,#5055,.T.);
#2328=ORIENTED_EDGE('',*,*,#5056,.T.);
#2329=ORIENTED_EDGE('',*,*,#5055,.F.);
#2330=ORIENTED_EDGE('',*,*,#5057,.F.);
#2331=ORIENTED_EDGE('',*,*,#5058,.T.);
#2332=ORIENTED_EDGE('',*,*,#5059,.F.);
#2333=ORIENTED_EDGE('',*,*,#5058,.F.);
#2334=ORIENTED_EDGE('',*,*,#5060,.T.);
#2335=ORIENTED_EDGE('',*,*,#5061,.T.);
#2336=ORIENTED_EDGE('',*,*,#5062,.T.);
#2337=ORIENTED_EDGE('',*,*,#5061,.F.);
#2338=ORIENTED_EDGE('',*,*,#5063,.F.);
#2339=ORIENTED_EDGE('',*,*,#5064,.T.);
#2340=ORIENTED_EDGE('',*,*,#5065,.F.);
#2341=ORIENTED_EDGE('',*,*,#5064,.F.);
#2342=ORIENTED_EDGE('',*,*,#5066,.T.);
#2343=ORIENTED_EDGE('',*,*,#5044,.T.);
#2344=ORIENTED_EDGE('',*,*,#5067,.F.);
#2345=ORIENTED_EDGE('',*,*,#5068,.F.);
#2346=ORIENTED_EDGE('',*,*,#5069,.T.);
#2347=ORIENTED_EDGE('',*,*,#5070,.T.);
#2348=ORIENTED_EDGE('',*,*,#5071,.F.);
#2349=ORIENTED_EDGE('',*,*,#5070,.F.);
#2350=ORIENTED_EDGE('',*,*,#5072,.T.);
#2351=ORIENTED_EDGE('',*,*,#5073,.T.);
#2352=ORIENTED_EDGE('',*,*,#5074,.F.);
#2353=ORIENTED_EDGE('',*,*,#5073,.F.);
#2354=ORIENTED_EDGE('',*,*,#5075,.T.);
#2355=ORIENTED_EDGE('',*,*,#5076,.T.);
#2356=ORIENTED_EDGE('',*,*,#5077,.F.);
#2357=ORIENTED_EDGE('',*,*,#5076,.F.);
#2358=ORIENTED_EDGE('',*,*,#5078,.T.);
#2359=ORIENTED_EDGE('',*,*,#5079,.T.);
#2360=ORIENTED_EDGE('',*,*,#5080,.T.);
#2361=ORIENTED_EDGE('',*,*,#5079,.F.);
#2362=ORIENTED_EDGE('',*,*,#5081,.F.);
#2363=ORIENTED_EDGE('',*,*,#5082,.T.);
#2364=ORIENTED_EDGE('',*,*,#5083,.F.);
#2365=ORIENTED_EDGE('',*,*,#5082,.F.);
#2366=ORIENTED_EDGE('',*,*,#5084,.T.);
#2367=ORIENTED_EDGE('',*,*,#5085,.T.);
#2368=ORIENTED_EDGE('',*,*,#5086,.T.);
#2369=ORIENTED_EDGE('',*,*,#5085,.F.);
#2370=ORIENTED_EDGE('',*,*,#5087,.F.);
#2371=ORIENTED_EDGE('',*,*,#5088,.T.);
#2372=ORIENTED_EDGE('',*,*,#5089,.F.);
#2373=ORIENTED_EDGE('',*,*,#5088,.F.);
#2374=ORIENTED_EDGE('',*,*,#5090,.T.);
#2375=ORIENTED_EDGE('',*,*,#5068,.T.);
#2376=ORIENTED_EDGE('',*,*,#5091,.F.);
#2377=ORIENTED_EDGE('',*,*,#5092,.F.);
#2378=ORIENTED_EDGE('',*,*,#5093,.T.);
#2379=ORIENTED_EDGE('',*,*,#5094,.T.);
#2380=ORIENTED_EDGE('',*,*,#5095,.F.);
#2381=ORIENTED_EDGE('',*,*,#5094,.F.);
#2382=ORIENTED_EDGE('',*,*,#5096,.T.);
#2383=ORIENTED_EDGE('',*,*,#5097,.T.);
#2384=ORIENTED_EDGE('',*,*,#5098,.F.);
#2385=ORIENTED_EDGE('',*,*,#5097,.F.);
#2386=ORIENTED_EDGE('',*,*,#5099,.T.);
#2387=ORIENTED_EDGE('',*,*,#5100,.T.);
#2388=ORIENTED_EDGE('',*,*,#5101,.F.);
#2389=ORIENTED_EDGE('',*,*,#5100,.F.);
#2390=ORIENTED_EDGE('',*,*,#5102,.T.);
#2391=ORIENTED_EDGE('',*,*,#5103,.T.);
#2392=ORIENTED_EDGE('',*,*,#5104,.T.);
#2393=ORIENTED_EDGE('',*,*,#5103,.F.);
#2394=ORIENTED_EDGE('',*,*,#5105,.F.);
#2395=ORIENTED_EDGE('',*,*,#5106,.T.);
#2396=ORIENTED_EDGE('',*,*,#5107,.F.);
#2397=ORIENTED_EDGE('',*,*,#5106,.F.);
#2398=ORIENTED_EDGE('',*,*,#5108,.T.);
#2399=ORIENTED_EDGE('',*,*,#5109,.T.);
#2400=ORIENTED_EDGE('',*,*,#5110,.T.);
#2401=ORIENTED_EDGE('',*,*,#5109,.F.);
#2402=ORIENTED_EDGE('',*,*,#5111,.F.);
#2403=ORIENTED_EDGE('',*,*,#5112,.T.);
#2404=ORIENTED_EDGE('',*,*,#5113,.F.);
#2405=ORIENTED_EDGE('',*,*,#5112,.F.);
#2406=ORIENTED_EDGE('',*,*,#5114,.T.);
#2407=ORIENTED_EDGE('',*,*,#5092,.T.);
#2408=ORIENTED_EDGE('',*,*,#5115,.F.);
#2409=ORIENTED_EDGE('',*,*,#5116,.F.);
#2410=ORIENTED_EDGE('',*,*,#5117,.T.);
#2411=ORIENTED_EDGE('',*,*,#5118,.T.);
#2412=ORIENTED_EDGE('',*,*,#5119,.F.);
#2413=ORIENTED_EDGE('',*,*,#5118,.F.);
#2414=ORIENTED_EDGE('',*,*,#5120,.T.);
#2415=ORIENTED_EDGE('',*,*,#5121,.T.);
#2416=ORIENTED_EDGE('',*,*,#5122,.F.);
#2417=ORIENTED_EDGE('',*,*,#5121,.F.);
#2418=ORIENTED_EDGE('',*,*,#5123,.T.);
#2419=ORIENTED_EDGE('',*,*,#5124,.T.);
#2420=ORIENTED_EDGE('',*,*,#5125,.F.);
#2421=ORIENTED_EDGE('',*,*,#5124,.F.);
#2422=ORIENTED_EDGE('',*,*,#5126,.T.);
#2423=ORIENTED_EDGE('',*,*,#5127,.T.);
#2424=ORIENTED_EDGE('',*,*,#5128,.T.);
#2425=ORIENTED_EDGE('',*,*,#5127,.F.);
#2426=ORIENTED_EDGE('',*,*,#5129,.F.);
#2427=ORIENTED_EDGE('',*,*,#5130,.T.);
#2428=ORIENTED_EDGE('',*,*,#5131,.F.);
#2429=ORIENTED_EDGE('',*,*,#5130,.F.);
#2430=ORIENTED_EDGE('',*,*,#5132,.T.);
#2431=ORIENTED_EDGE('',*,*,#5133,.T.);
#2432=ORIENTED_EDGE('',*,*,#5134,.T.);
#2433=ORIENTED_EDGE('',*,*,#5133,.F.);
#2434=ORIENTED_EDGE('',*,*,#5135,.F.);
#2435=ORIENTED_EDGE('',*,*,#5136,.T.);
#2436=ORIENTED_EDGE('',*,*,#5137,.F.);
#2437=ORIENTED_EDGE('',*,*,#5136,.F.);
#2438=ORIENTED_EDGE('',*,*,#5138,.T.);
#2439=ORIENTED_EDGE('',*,*,#5116,.T.);
#2440=ORIENTED_EDGE('',*,*,#5139,.F.);
#2441=ORIENTED_EDGE('',*,*,#5140,.F.);
#2442=ORIENTED_EDGE('',*,*,#5141,.T.);
#2443=ORIENTED_EDGE('',*,*,#5142,.T.);
#2444=ORIENTED_EDGE('',*,*,#5143,.F.);
#2445=ORIENTED_EDGE('',*,*,#5142,.F.);
#2446=ORIENTED_EDGE('',*,*,#5144,.T.);
#2447=ORIENTED_EDGE('',*,*,#5145,.T.);
#2448=ORIENTED_EDGE('',*,*,#5146,.F.);
#2449=ORIENTED_EDGE('',*,*,#5145,.F.);
#2450=ORIENTED_EDGE('',*,*,#5147,.T.);
#2451=ORIENTED_EDGE('',*,*,#5148,.T.);
#2452=ORIENTED_EDGE('',*,*,#5149,.F.);
#2453=ORIENTED_EDGE('',*,*,#5148,.F.);
#2454=ORIENTED_EDGE('',*,*,#5150,.T.);
#2455=ORIENTED_EDGE('',*,*,#5151,.T.);
#2456=ORIENTED_EDGE('',*,*,#5152,.T.);
#2457=ORIENTED_EDGE('',*,*,#5151,.F.);
#2458=ORIENTED_EDGE('',*,*,#5153,.F.);
#2459=ORIENTED_EDGE('',*,*,#5154,.T.);
#2460=ORIENTED_EDGE('',*,*,#5155,.F.);
#2461=ORIENTED_EDGE('',*,*,#5154,.F.);
#2462=ORIENTED_EDGE('',*,*,#5156,.T.);
#2463=ORIENTED_EDGE('',*,*,#5157,.T.);
#2464=ORIENTED_EDGE('',*,*,#5158,.T.);
#2465=ORIENTED_EDGE('',*,*,#5157,.F.);
#2466=ORIENTED_EDGE('',*,*,#5159,.F.);
#2467=ORIENTED_EDGE('',*,*,#5160,.T.);
#2468=ORIENTED_EDGE('',*,*,#5161,.F.);
#2469=ORIENTED_EDGE('',*,*,#5160,.F.);
#2470=ORIENTED_EDGE('',*,*,#5162,.T.);
#2471=ORIENTED_EDGE('',*,*,#5140,.T.);
#2472=ORIENTED_EDGE('',*,*,#5163,.F.);
#2473=ORIENTED_EDGE('',*,*,#5164,.F.);
#2474=ORIENTED_EDGE('',*,*,#5165,.T.);
#2475=ORIENTED_EDGE('',*,*,#5166,.T.);
#2476=ORIENTED_EDGE('',*,*,#5167,.F.);
#2477=ORIENTED_EDGE('',*,*,#5166,.F.);
#2478=ORIENTED_EDGE('',*,*,#5168,.T.);
#2479=ORIENTED_EDGE('',*,*,#5169,.T.);
#2480=ORIENTED_EDGE('',*,*,#5170,.F.);
#2481=ORIENTED_EDGE('',*,*,#5169,.F.);
#2482=ORIENTED_EDGE('',*,*,#5171,.T.);
#2483=ORIENTED_EDGE('',*,*,#5172,.T.);
#2484=ORIENTED_EDGE('',*,*,#5173,.F.);
#2485=ORIENTED_EDGE('',*,*,#5172,.F.);
#2486=ORIENTED_EDGE('',*,*,#5174,.T.);
#2487=ORIENTED_EDGE('',*,*,#5175,.T.);
#2488=ORIENTED_EDGE('',*,*,#5176,.T.);
#2489=ORIENTED_EDGE('',*,*,#5175,.F.);
#2490=ORIENTED_EDGE('',*,*,#5177,.F.);
#2491=ORIENTED_EDGE('',*,*,#5178,.T.);
#2492=ORIENTED_EDGE('',*,*,#5179,.F.);
#2493=ORIENTED_EDGE('',*,*,#5178,.F.);
#2494=ORIENTED_EDGE('',*,*,#5180,.T.);
#2495=ORIENTED_EDGE('',*,*,#5181,.T.);
#2496=ORIENTED_EDGE('',*,*,#5182,.T.);
#2497=ORIENTED_EDGE('',*,*,#5181,.F.);
#2498=ORIENTED_EDGE('',*,*,#5183,.F.);
#2499=ORIENTED_EDGE('',*,*,#5184,.T.);
#2500=ORIENTED_EDGE('',*,*,#5185,.F.);
#2501=ORIENTED_EDGE('',*,*,#5184,.F.);
#2502=ORIENTED_EDGE('',*,*,#5186,.T.);
#2503=ORIENTED_EDGE('',*,*,#5164,.T.);
#2504=ORIENTED_EDGE('',*,*,#5187,.F.);
#2505=ORIENTED_EDGE('',*,*,#5188,.F.);
#2506=ORIENTED_EDGE('',*,*,#5189,.T.);
#2507=ORIENTED_EDGE('',*,*,#5190,.T.);
#2508=ORIENTED_EDGE('',*,*,#5191,.F.);
#2509=ORIENTED_EDGE('',*,*,#5190,.F.);
#2510=ORIENTED_EDGE('',*,*,#5192,.T.);
#2511=ORIENTED_EDGE('',*,*,#5193,.T.);
#2512=ORIENTED_EDGE('',*,*,#5194,.F.);
#2513=ORIENTED_EDGE('',*,*,#5193,.F.);
#2514=ORIENTED_EDGE('',*,*,#5195,.T.);
#2515=ORIENTED_EDGE('',*,*,#5196,.T.);
#2516=ORIENTED_EDGE('',*,*,#5197,.F.);
#2517=ORIENTED_EDGE('',*,*,#5196,.F.);
#2518=ORIENTED_EDGE('',*,*,#5198,.T.);
#2519=ORIENTED_EDGE('',*,*,#5199,.T.);
#2520=ORIENTED_EDGE('',*,*,#5200,.T.);
#2521=ORIENTED_EDGE('',*,*,#5199,.F.);
#2522=ORIENTED_EDGE('',*,*,#5201,.F.);
#2523=ORIENTED_EDGE('',*,*,#5202,.T.);
#2524=ORIENTED_EDGE('',*,*,#5203,.F.);
#2525=ORIENTED_EDGE('',*,*,#5202,.F.);
#2526=ORIENTED_EDGE('',*,*,#5204,.T.);
#2527=ORIENTED_EDGE('',*,*,#5205,.T.);
#2528=ORIENTED_EDGE('',*,*,#5206,.T.);
#2529=ORIENTED_EDGE('',*,*,#5205,.F.);
#2530=ORIENTED_EDGE('',*,*,#5207,.F.);
#2531=ORIENTED_EDGE('',*,*,#5208,.T.);
#2532=ORIENTED_EDGE('',*,*,#5209,.F.);
#2533=ORIENTED_EDGE('',*,*,#5208,.F.);
#2534=ORIENTED_EDGE('',*,*,#5210,.T.);
#2535=ORIENTED_EDGE('',*,*,#5188,.T.);
#2536=ORIENTED_EDGE('',*,*,#5211,.F.);
#2537=ORIENTED_EDGE('',*,*,#5212,.F.);
#2538=ORIENTED_EDGE('',*,*,#5213,.T.);
#2539=ORIENTED_EDGE('',*,*,#5214,.T.);
#2540=ORIENTED_EDGE('',*,*,#5215,.F.);
#2541=ORIENTED_EDGE('',*,*,#5214,.F.);
#2542=ORIENTED_EDGE('',*,*,#5216,.T.);
#2543=ORIENTED_EDGE('',*,*,#5217,.T.);
#2544=ORIENTED_EDGE('',*,*,#5218,.F.);
#2545=ORIENTED_EDGE('',*,*,#5217,.F.);
#2546=ORIENTED_EDGE('',*,*,#5219,.T.);
#2547=ORIENTED_EDGE('',*,*,#5220,.T.);
#2548=ORIENTED_EDGE('',*,*,#5221,.F.);
#2549=ORIENTED_EDGE('',*,*,#5220,.F.);
#2550=ORIENTED_EDGE('',*,*,#5222,.T.);
#2551=ORIENTED_EDGE('',*,*,#5223,.T.);
#2552=ORIENTED_EDGE('',*,*,#5224,.T.);
#2553=ORIENTED_EDGE('',*,*,#5223,.F.);
#2554=ORIENTED_EDGE('',*,*,#5225,.F.);
#2555=ORIENTED_EDGE('',*,*,#5226,.T.);
#2556=ORIENTED_EDGE('',*,*,#5227,.F.);
#2557=ORIENTED_EDGE('',*,*,#5226,.F.);
#2558=ORIENTED_EDGE('',*,*,#5228,.T.);
#2559=ORIENTED_EDGE('',*,*,#5229,.T.);
#2560=ORIENTED_EDGE('',*,*,#5230,.T.);
#2561=ORIENTED_EDGE('',*,*,#5229,.F.);
#2562=ORIENTED_EDGE('',*,*,#5231,.F.);
#2563=ORIENTED_EDGE('',*,*,#5232,.T.);
#2564=ORIENTED_EDGE('',*,*,#5233,.F.);
#2565=ORIENTED_EDGE('',*,*,#5232,.F.);
#2566=ORIENTED_EDGE('',*,*,#5234,.T.);
#2567=ORIENTED_EDGE('',*,*,#5212,.T.);
#2568=ORIENTED_EDGE('',*,*,#5235,.F.);
#2569=ORIENTED_EDGE('',*,*,#5236,.F.);
#2570=ORIENTED_EDGE('',*,*,#5237,.T.);
#2571=ORIENTED_EDGE('',*,*,#5238,.T.);
#2572=ORIENTED_EDGE('',*,*,#5239,.F.);
#2573=ORIENTED_EDGE('',*,*,#5238,.F.);
#2574=ORIENTED_EDGE('',*,*,#5240,.T.);
#2575=ORIENTED_EDGE('',*,*,#5241,.T.);
#2576=ORIENTED_EDGE('',*,*,#5242,.F.);
#2577=ORIENTED_EDGE('',*,*,#5241,.F.);
#2578=ORIENTED_EDGE('',*,*,#5243,.T.);
#2579=ORIENTED_EDGE('',*,*,#5244,.T.);
#2580=ORIENTED_EDGE('',*,*,#5245,.F.);
#2581=ORIENTED_EDGE('',*,*,#5244,.F.);
#2582=ORIENTED_EDGE('',*,*,#5246,.T.);
#2583=ORIENTED_EDGE('',*,*,#5247,.T.);
#2584=ORIENTED_EDGE('',*,*,#5248,.T.);
#2585=ORIENTED_EDGE('',*,*,#5247,.F.);
#2586=ORIENTED_EDGE('',*,*,#5249,.F.);
#2587=ORIENTED_EDGE('',*,*,#5250,.T.);
#2588=ORIENTED_EDGE('',*,*,#5251,.F.);
#2589=ORIENTED_EDGE('',*,*,#5250,.F.);
#2590=ORIENTED_EDGE('',*,*,#5252,.T.);
#2591=ORIENTED_EDGE('',*,*,#5253,.T.);
#2592=ORIENTED_EDGE('',*,*,#5254,.T.);
#2593=ORIENTED_EDGE('',*,*,#5253,.F.);
#2594=ORIENTED_EDGE('',*,*,#5255,.F.);
#2595=ORIENTED_EDGE('',*,*,#5256,.T.);
#2596=ORIENTED_EDGE('',*,*,#5257,.F.);
#2597=ORIENTED_EDGE('',*,*,#5256,.F.);
#2598=ORIENTED_EDGE('',*,*,#5258,.T.);
#2599=ORIENTED_EDGE('',*,*,#5236,.T.);
#2600=ORIENTED_EDGE('',*,*,#5259,.F.);
#2601=ORIENTED_EDGE('',*,*,#5260,.F.);
#2602=ORIENTED_EDGE('',*,*,#5261,.T.);
#2603=ORIENTED_EDGE('',*,*,#5262,.T.);
#2604=ORIENTED_EDGE('',*,*,#5263,.F.);
#2605=ORIENTED_EDGE('',*,*,#5262,.F.);
#2606=ORIENTED_EDGE('',*,*,#5264,.T.);
#2607=ORIENTED_EDGE('',*,*,#5265,.T.);
#2608=ORIENTED_EDGE('',*,*,#5266,.F.);
#2609=ORIENTED_EDGE('',*,*,#5265,.F.);
#2610=ORIENTED_EDGE('',*,*,#5267,.T.);
#2611=ORIENTED_EDGE('',*,*,#5268,.T.);
#2612=ORIENTED_EDGE('',*,*,#5269,.F.);
#2613=ORIENTED_EDGE('',*,*,#5268,.F.);
#2614=ORIENTED_EDGE('',*,*,#5270,.T.);
#2615=ORIENTED_EDGE('',*,*,#5271,.T.);
#2616=ORIENTED_EDGE('',*,*,#5272,.T.);
#2617=ORIENTED_EDGE('',*,*,#5271,.F.);
#2618=ORIENTED_EDGE('',*,*,#5273,.F.);
#2619=ORIENTED_EDGE('',*,*,#5274,.T.);
#2620=ORIENTED_EDGE('',*,*,#5275,.F.);
#2621=ORIENTED_EDGE('',*,*,#5274,.F.);
#2622=ORIENTED_EDGE('',*,*,#5276,.T.);
#2623=ORIENTED_EDGE('',*,*,#5277,.T.);
#2624=ORIENTED_EDGE('',*,*,#5278,.T.);
#2625=ORIENTED_EDGE('',*,*,#5277,.F.);
#2626=ORIENTED_EDGE('',*,*,#5279,.F.);
#2627=ORIENTED_EDGE('',*,*,#5280,.T.);
#2628=ORIENTED_EDGE('',*,*,#5281,.F.);
#2629=ORIENTED_EDGE('',*,*,#5280,.F.);
#2630=ORIENTED_EDGE('',*,*,#5282,.T.);
#2631=ORIENTED_EDGE('',*,*,#5260,.T.);
#2632=ORIENTED_EDGE('',*,*,#5283,.F.);
#2633=ORIENTED_EDGE('',*,*,#5284,.F.);
#2634=ORIENTED_EDGE('',*,*,#5285,.T.);
#2635=ORIENTED_EDGE('',*,*,#5286,.T.);
#2636=ORIENTED_EDGE('',*,*,#5287,.F.);
#2637=ORIENTED_EDGE('',*,*,#5286,.F.);
#2638=ORIENTED_EDGE('',*,*,#5288,.T.);
#2639=ORIENTED_EDGE('',*,*,#5289,.T.);
#2640=ORIENTED_EDGE('',*,*,#5290,.F.);
#2641=ORIENTED_EDGE('',*,*,#5289,.F.);
#2642=ORIENTED_EDGE('',*,*,#5291,.T.);
#2643=ORIENTED_EDGE('',*,*,#5292,.T.);
#2644=ORIENTED_EDGE('',*,*,#5293,.F.);
#2645=ORIENTED_EDGE('',*,*,#5292,.F.);
#2646=ORIENTED_EDGE('',*,*,#5294,.T.);
#2647=ORIENTED_EDGE('',*,*,#5295,.T.);
#2648=ORIENTED_EDGE('',*,*,#5296,.T.);
#2649=ORIENTED_EDGE('',*,*,#5295,.F.);
#2650=ORIENTED_EDGE('',*,*,#5297,.F.);
#2651=ORIENTED_EDGE('',*,*,#5298,.T.);
#2652=ORIENTED_EDGE('',*,*,#5299,.F.);
#2653=ORIENTED_EDGE('',*,*,#5298,.F.);
#2654=ORIENTED_EDGE('',*,*,#5300,.T.);
#2655=ORIENTED_EDGE('',*,*,#5301,.T.);
#2656=ORIENTED_EDGE('',*,*,#5302,.T.);
#2657=ORIENTED_EDGE('',*,*,#5301,.F.);
#2658=ORIENTED_EDGE('',*,*,#5303,.F.);
#2659=ORIENTED_EDGE('',*,*,#5304,.T.);
#2660=ORIENTED_EDGE('',*,*,#5305,.F.);
#2661=ORIENTED_EDGE('',*,*,#5304,.F.);
#2662=ORIENTED_EDGE('',*,*,#5306,.T.);
#2663=ORIENTED_EDGE('',*,*,#5284,.T.);
#2664=ORIENTED_EDGE('',*,*,#5307,.F.);
#2665=ORIENTED_EDGE('',*,*,#5308,.F.);
#2666=ORIENTED_EDGE('',*,*,#5309,.T.);
#2667=ORIENTED_EDGE('',*,*,#5310,.T.);
#2668=ORIENTED_EDGE('',*,*,#5311,.F.);
#2669=ORIENTED_EDGE('',*,*,#5310,.F.);
#2670=ORIENTED_EDGE('',*,*,#5312,.T.);
#2671=ORIENTED_EDGE('',*,*,#5313,.T.);
#2672=ORIENTED_EDGE('',*,*,#5314,.F.);
#2673=ORIENTED_EDGE('',*,*,#5313,.F.);
#2674=ORIENTED_EDGE('',*,*,#5315,.T.);
#2675=ORIENTED_EDGE('',*,*,#5316,.T.);
#2676=ORIENTED_EDGE('',*,*,#5317,.F.);
#2677=ORIENTED_EDGE('',*,*,#5316,.F.);
#2678=ORIENTED_EDGE('',*,*,#5318,.T.);
#2679=ORIENTED_EDGE('',*,*,#5319,.T.);
#2680=ORIENTED_EDGE('',*,*,#5320,.T.);
#2681=ORIENTED_EDGE('',*,*,#5319,.F.);
#2682=ORIENTED_EDGE('',*,*,#5321,.F.);
#2683=ORIENTED_EDGE('',*,*,#5322,.T.);
#2684=ORIENTED_EDGE('',*,*,#5323,.F.);
#2685=ORIENTED_EDGE('',*,*,#5322,.F.);
#2686=ORIENTED_EDGE('',*,*,#5324,.T.);
#2687=ORIENTED_EDGE('',*,*,#5325,.T.);
#2688=ORIENTED_EDGE('',*,*,#5326,.T.);
#2689=ORIENTED_EDGE('',*,*,#5325,.F.);
#2690=ORIENTED_EDGE('',*,*,#5327,.F.);
#2691=ORIENTED_EDGE('',*,*,#5328,.T.);
#2692=ORIENTED_EDGE('',*,*,#5329,.F.);
#2693=ORIENTED_EDGE('',*,*,#5328,.F.);
#2694=ORIENTED_EDGE('',*,*,#5330,.T.);
#2695=ORIENTED_EDGE('',*,*,#5308,.T.);
#2696=ORIENTED_EDGE('',*,*,#5331,.F.);
#2697=ORIENTED_EDGE('',*,*,#5332,.F.);
#2698=ORIENTED_EDGE('',*,*,#5333,.T.);
#2699=ORIENTED_EDGE('',*,*,#5334,.T.);
#2700=ORIENTED_EDGE('',*,*,#5335,.F.);
#2701=ORIENTED_EDGE('',*,*,#5334,.F.);
#2702=ORIENTED_EDGE('',*,*,#5336,.T.);
#2703=ORIENTED_EDGE('',*,*,#5337,.T.);
#2704=ORIENTED_EDGE('',*,*,#5338,.F.);
#2705=ORIENTED_EDGE('',*,*,#5337,.F.);
#2706=ORIENTED_EDGE('',*,*,#5339,.T.);
#2707=ORIENTED_EDGE('',*,*,#5340,.T.);
#2708=ORIENTED_EDGE('',*,*,#5341,.F.);
#2709=ORIENTED_EDGE('',*,*,#5340,.F.);
#2710=ORIENTED_EDGE('',*,*,#5342,.T.);
#2711=ORIENTED_EDGE('',*,*,#5343,.T.);
#2712=ORIENTED_EDGE('',*,*,#5344,.T.);
#2713=ORIENTED_EDGE('',*,*,#5343,.F.);
#2714=ORIENTED_EDGE('',*,*,#5345,.F.);
#2715=ORIENTED_EDGE('',*,*,#5346,.T.);
#2716=ORIENTED_EDGE('',*,*,#5347,.F.);
#2717=ORIENTED_EDGE('',*,*,#5346,.F.);
#2718=ORIENTED_EDGE('',*,*,#5348,.T.);
#2719=ORIENTED_EDGE('',*,*,#5349,.T.);
#2720=ORIENTED_EDGE('',*,*,#5350,.T.);
#2721=ORIENTED_EDGE('',*,*,#5349,.F.);
#2722=ORIENTED_EDGE('',*,*,#5351,.F.);
#2723=ORIENTED_EDGE('',*,*,#5352,.T.);
#2724=ORIENTED_EDGE('',*,*,#5353,.F.);
#2725=ORIENTED_EDGE('',*,*,#5352,.F.);
#2726=ORIENTED_EDGE('',*,*,#5354,.T.);
#2727=ORIENTED_EDGE('',*,*,#5332,.T.);
#2728=ORIENTED_EDGE('',*,*,#5355,.F.);
#2729=ORIENTED_EDGE('',*,*,#5356,.F.);
#2730=ORIENTED_EDGE('',*,*,#5357,.T.);
#2731=ORIENTED_EDGE('',*,*,#5358,.T.);
#2732=ORIENTED_EDGE('',*,*,#5359,.F.);
#2733=ORIENTED_EDGE('',*,*,#5358,.F.);
#2734=ORIENTED_EDGE('',*,*,#5360,.T.);
#2735=ORIENTED_EDGE('',*,*,#5361,.T.);
#2736=ORIENTED_EDGE('',*,*,#5362,.F.);
#2737=ORIENTED_EDGE('',*,*,#5361,.F.);
#2738=ORIENTED_EDGE('',*,*,#5363,.T.);
#2739=ORIENTED_EDGE('',*,*,#5364,.T.);
#2740=ORIENTED_EDGE('',*,*,#5365,.F.);
#2741=ORIENTED_EDGE('',*,*,#5364,.F.);
#2742=ORIENTED_EDGE('',*,*,#5366,.T.);
#2743=ORIENTED_EDGE('',*,*,#5367,.T.);
#2744=ORIENTED_EDGE('',*,*,#5368,.T.);
#2745=ORIENTED_EDGE('',*,*,#5367,.F.);
#2746=ORIENTED_EDGE('',*,*,#5369,.F.);
#2747=ORIENTED_EDGE('',*,*,#5370,.T.);
#2748=ORIENTED_EDGE('',*,*,#5371,.F.);
#2749=ORIENTED_EDGE('',*,*,#5370,.F.);
#2750=ORIENTED_EDGE('',*,*,#5372,.T.);
#2751=ORIENTED_EDGE('',*,*,#5373,.T.);
#2752=ORIENTED_EDGE('',*,*,#5374,.T.);
#2753=ORIENTED_EDGE('',*,*,#5373,.F.);
#2754=ORIENTED_EDGE('',*,*,#5375,.F.);
#2755=ORIENTED_EDGE('',*,*,#5376,.T.);
#2756=ORIENTED_EDGE('',*,*,#5377,.F.);
#2757=ORIENTED_EDGE('',*,*,#5376,.F.);
#2758=ORIENTED_EDGE('',*,*,#5378,.T.);
#2759=ORIENTED_EDGE('',*,*,#5356,.T.);
#2760=ORIENTED_EDGE('',*,*,#5379,.F.);
#2761=ORIENTED_EDGE('',*,*,#5380,.F.);
#2762=ORIENTED_EDGE('',*,*,#5381,.T.);
#2763=ORIENTED_EDGE('',*,*,#5382,.T.);
#2764=ORIENTED_EDGE('',*,*,#5383,.F.);
#2765=ORIENTED_EDGE('',*,*,#5382,.F.);
#2766=ORIENTED_EDGE('',*,*,#5384,.T.);
#2767=ORIENTED_EDGE('',*,*,#5385,.T.);
#2768=ORIENTED_EDGE('',*,*,#5386,.F.);
#2769=ORIENTED_EDGE('',*,*,#5385,.F.);
#2770=ORIENTED_EDGE('',*,*,#5387,.T.);
#2771=ORIENTED_EDGE('',*,*,#5388,.T.);
#2772=ORIENTED_EDGE('',*,*,#5389,.F.);
#2773=ORIENTED_EDGE('',*,*,#5388,.F.);
#2774=ORIENTED_EDGE('',*,*,#5390,.T.);
#2775=ORIENTED_EDGE('',*,*,#5391,.T.);
#2776=ORIENTED_EDGE('',*,*,#5392,.T.);
#2777=ORIENTED_EDGE('',*,*,#5391,.F.);
#2778=ORIENTED_EDGE('',*,*,#5393,.F.);
#2779=ORIENTED_EDGE('',*,*,#5394,.T.);
#2780=ORIENTED_EDGE('',*,*,#5395,.F.);
#2781=ORIENTED_EDGE('',*,*,#5394,.F.);
#2782=ORIENTED_EDGE('',*,*,#5396,.T.);
#2783=ORIENTED_EDGE('',*,*,#5397,.T.);
#2784=ORIENTED_EDGE('',*,*,#5398,.T.);
#2785=ORIENTED_EDGE('',*,*,#5397,.F.);
#2786=ORIENTED_EDGE('',*,*,#5399,.F.);
#2787=ORIENTED_EDGE('',*,*,#5400,.T.);
#2788=ORIENTED_EDGE('',*,*,#5401,.F.);
#2789=ORIENTED_EDGE('',*,*,#5400,.F.);
#2790=ORIENTED_EDGE('',*,*,#5402,.T.);
#2791=ORIENTED_EDGE('',*,*,#5380,.T.);
#2792=ORIENTED_EDGE('',*,*,#5403,.F.);
#2793=ORIENTED_EDGE('',*,*,#5404,.F.);
#2794=ORIENTED_EDGE('',*,*,#5405,.T.);
#2795=ORIENTED_EDGE('',*,*,#5406,.T.);
#2796=ORIENTED_EDGE('',*,*,#5407,.F.);
#2797=ORIENTED_EDGE('',*,*,#5406,.F.);
#2798=ORIENTED_EDGE('',*,*,#5408,.T.);
#2799=ORIENTED_EDGE('',*,*,#5409,.T.);
#2800=ORIENTED_EDGE('',*,*,#5410,.F.);
#2801=ORIENTED_EDGE('',*,*,#5409,.F.);
#2802=ORIENTED_EDGE('',*,*,#5411,.T.);
#2803=ORIENTED_EDGE('',*,*,#5412,.T.);
#2804=ORIENTED_EDGE('',*,*,#5413,.F.);
#2805=ORIENTED_EDGE('',*,*,#5412,.F.);
#2806=ORIENTED_EDGE('',*,*,#5414,.T.);
#2807=ORIENTED_EDGE('',*,*,#5415,.T.);
#2808=ORIENTED_EDGE('',*,*,#5416,.T.);
#2809=ORIENTED_EDGE('',*,*,#5415,.F.);
#2810=ORIENTED_EDGE('',*,*,#5417,.F.);
#2811=ORIENTED_EDGE('',*,*,#5418,.T.);
#2812=ORIENTED_EDGE('',*,*,#5419,.F.);
#2813=ORIENTED_EDGE('',*,*,#5418,.F.);
#2814=ORIENTED_EDGE('',*,*,#5420,.T.);
#2815=ORIENTED_EDGE('',*,*,#5421,.T.);
#2816=ORIENTED_EDGE('',*,*,#5422,.T.);
#2817=ORIENTED_EDGE('',*,*,#5421,.F.);
#2818=ORIENTED_EDGE('',*,*,#5423,.F.);
#2819=ORIENTED_EDGE('',*,*,#5424,.T.);
#2820=ORIENTED_EDGE('',*,*,#5425,.F.);
#2821=ORIENTED_EDGE('',*,*,#5424,.F.);
#2822=ORIENTED_EDGE('',*,*,#5426,.T.);
#2823=ORIENTED_EDGE('',*,*,#5404,.T.);
#2824=ORIENTED_EDGE('',*,*,#5427,.F.);
#2825=ORIENTED_EDGE('',*,*,#5428,.F.);
#2826=ORIENTED_EDGE('',*,*,#5429,.T.);
#2827=ORIENTED_EDGE('',*,*,#5430,.T.);
#2828=ORIENTED_EDGE('',*,*,#5431,.F.);
#2829=ORIENTED_EDGE('',*,*,#5430,.F.);
#2830=ORIENTED_EDGE('',*,*,#5432,.T.);
#2831=ORIENTED_EDGE('',*,*,#5433,.T.);
#2832=ORIENTED_EDGE('',*,*,#5434,.F.);
#2833=ORIENTED_EDGE('',*,*,#5433,.F.);
#2834=ORIENTED_EDGE('',*,*,#5435,.T.);
#2835=ORIENTED_EDGE('',*,*,#5436,.T.);
#2836=ORIENTED_EDGE('',*,*,#5437,.F.);
#2837=ORIENTED_EDGE('',*,*,#5436,.F.);
#2838=ORIENTED_EDGE('',*,*,#5438,.T.);
#2839=ORIENTED_EDGE('',*,*,#5439,.T.);
#2840=ORIENTED_EDGE('',*,*,#5440,.T.);
#2841=ORIENTED_EDGE('',*,*,#5439,.F.);
#2842=ORIENTED_EDGE('',*,*,#5441,.F.);
#2843=ORIENTED_EDGE('',*,*,#5442,.T.);
#2844=ORIENTED_EDGE('',*,*,#5443,.F.);
#2845=ORIENTED_EDGE('',*,*,#5442,.F.);
#2846=ORIENTED_EDGE('',*,*,#5444,.T.);
#2847=ORIENTED_EDGE('',*,*,#5445,.T.);
#2848=ORIENTED_EDGE('',*,*,#5446,.T.);
#2849=ORIENTED_EDGE('',*,*,#5445,.F.);
#2850=ORIENTED_EDGE('',*,*,#5447,.F.);
#2851=ORIENTED_EDGE('',*,*,#5448,.T.);
#2852=ORIENTED_EDGE('',*,*,#5449,.F.);
#2853=ORIENTED_EDGE('',*,*,#5448,.F.);
#2854=ORIENTED_EDGE('',*,*,#5450,.T.);
#2855=ORIENTED_EDGE('',*,*,#5428,.T.);
#2856=ORIENTED_EDGE('',*,*,#5451,.F.);
#2857=ORIENTED_EDGE('',*,*,#5452,.F.);
#2858=ORIENTED_EDGE('',*,*,#5453,.T.);
#2859=ORIENTED_EDGE('',*,*,#5454,.T.);
#2860=ORIENTED_EDGE('',*,*,#5455,.F.);
#2861=ORIENTED_EDGE('',*,*,#5454,.F.);
#2862=ORIENTED_EDGE('',*,*,#5456,.T.);
#2863=ORIENTED_EDGE('',*,*,#5457,.T.);
#2864=ORIENTED_EDGE('',*,*,#5458,.F.);
#2865=ORIENTED_EDGE('',*,*,#5457,.F.);
#2866=ORIENTED_EDGE('',*,*,#5459,.T.);
#2867=ORIENTED_EDGE('',*,*,#5460,.T.);
#2868=ORIENTED_EDGE('',*,*,#5461,.F.);
#2869=ORIENTED_EDGE('',*,*,#5460,.F.);
#2870=ORIENTED_EDGE('',*,*,#5462,.T.);
#2871=ORIENTED_EDGE('',*,*,#5463,.T.);
#2872=ORIENTED_EDGE('',*,*,#5464,.T.);
#2873=ORIENTED_EDGE('',*,*,#5463,.F.);
#2874=ORIENTED_EDGE('',*,*,#5465,.F.);
#2875=ORIENTED_EDGE('',*,*,#5466,.T.);
#2876=ORIENTED_EDGE('',*,*,#5467,.F.);
#2877=ORIENTED_EDGE('',*,*,#5466,.F.);
#2878=ORIENTED_EDGE('',*,*,#5468,.T.);
#2879=ORIENTED_EDGE('',*,*,#5469,.T.);
#2880=ORIENTED_EDGE('',*,*,#5470,.T.);
#2881=ORIENTED_EDGE('',*,*,#5469,.F.);
#2882=ORIENTED_EDGE('',*,*,#5471,.F.);
#2883=ORIENTED_EDGE('',*,*,#5472,.T.);
#2884=ORIENTED_EDGE('',*,*,#5473,.F.);
#2885=ORIENTED_EDGE('',*,*,#5472,.F.);
#2886=ORIENTED_EDGE('',*,*,#5474,.T.);
#2887=ORIENTED_EDGE('',*,*,#5452,.T.);
#2888=ORIENTED_EDGE('',*,*,#5475,.F.);
#2889=ORIENTED_EDGE('',*,*,#5476,.F.);
#2890=ORIENTED_EDGE('',*,*,#5477,.T.);
#2891=ORIENTED_EDGE('',*,*,#5478,.T.);
#2892=ORIENTED_EDGE('',*,*,#5479,.F.);
#2893=ORIENTED_EDGE('',*,*,#5478,.F.);
#2894=ORIENTED_EDGE('',*,*,#5480,.T.);
#2895=ORIENTED_EDGE('',*,*,#5481,.T.);
#2896=ORIENTED_EDGE('',*,*,#5482,.F.);
#2897=ORIENTED_EDGE('',*,*,#5481,.F.);
#2898=ORIENTED_EDGE('',*,*,#5483,.T.);
#2899=ORIENTED_EDGE('',*,*,#5484,.T.);
#2900=ORIENTED_EDGE('',*,*,#5485,.F.);
#2901=ORIENTED_EDGE('',*,*,#5484,.F.);
#2902=ORIENTED_EDGE('',*,*,#5486,.T.);
#2903=ORIENTED_EDGE('',*,*,#5487,.T.);
#2904=ORIENTED_EDGE('',*,*,#5488,.T.);
#2905=ORIENTED_EDGE('',*,*,#5487,.F.);
#2906=ORIENTED_EDGE('',*,*,#5489,.F.);
#2907=ORIENTED_EDGE('',*,*,#5490,.T.);
#2908=ORIENTED_EDGE('',*,*,#5491,.F.);
#2909=ORIENTED_EDGE('',*,*,#5490,.F.);
#2910=ORIENTED_EDGE('',*,*,#5492,.T.);
#2911=ORIENTED_EDGE('',*,*,#5493,.T.);
#2912=ORIENTED_EDGE('',*,*,#5494,.T.);
#2913=ORIENTED_EDGE('',*,*,#5493,.F.);
#2914=ORIENTED_EDGE('',*,*,#5495,.F.);
#2915=ORIENTED_EDGE('',*,*,#5496,.T.);
#2916=ORIENTED_EDGE('',*,*,#5497,.F.);
#2917=ORIENTED_EDGE('',*,*,#5496,.F.);
#2918=ORIENTED_EDGE('',*,*,#5498,.T.);
#2919=ORIENTED_EDGE('',*,*,#5476,.T.);
#2920=ORIENTED_EDGE('',*,*,#5499,.F.);
#2921=ORIENTED_EDGE('',*,*,#5500,.F.);
#2922=ORIENTED_EDGE('',*,*,#5501,.T.);
#2923=ORIENTED_EDGE('',*,*,#5502,.T.);
#2924=ORIENTED_EDGE('',*,*,#5503,.F.);
#2925=ORIENTED_EDGE('',*,*,#5502,.F.);
#2926=ORIENTED_EDGE('',*,*,#5504,.T.);
#2927=ORIENTED_EDGE('',*,*,#5505,.T.);
#2928=ORIENTED_EDGE('',*,*,#5506,.F.);
#2929=ORIENTED_EDGE('',*,*,#5505,.F.);
#2930=ORIENTED_EDGE('',*,*,#5507,.T.);
#2931=ORIENTED_EDGE('',*,*,#5508,.T.);
#2932=ORIENTED_EDGE('',*,*,#5509,.F.);
#2933=ORIENTED_EDGE('',*,*,#5508,.F.);
#2934=ORIENTED_EDGE('',*,*,#5510,.T.);
#2935=ORIENTED_EDGE('',*,*,#5511,.T.);
#2936=ORIENTED_EDGE('',*,*,#5512,.T.);
#2937=ORIENTED_EDGE('',*,*,#5511,.F.);
#2938=ORIENTED_EDGE('',*,*,#5513,.F.);
#2939=ORIENTED_EDGE('',*,*,#5514,.T.);
#2940=ORIENTED_EDGE('',*,*,#5515,.F.);
#2941=ORIENTED_EDGE('',*,*,#5514,.F.);
#2942=ORIENTED_EDGE('',*,*,#5516,.T.);
#2943=ORIENTED_EDGE('',*,*,#5517,.T.);
#2944=ORIENTED_EDGE('',*,*,#5518,.T.);
#2945=ORIENTED_EDGE('',*,*,#5517,.F.);
#2946=ORIENTED_EDGE('',*,*,#5519,.F.);
#2947=ORIENTED_EDGE('',*,*,#5520,.T.);
#2948=ORIENTED_EDGE('',*,*,#5521,.F.);
#2949=ORIENTED_EDGE('',*,*,#5520,.F.);
#2950=ORIENTED_EDGE('',*,*,#5522,.T.);
#2951=ORIENTED_EDGE('',*,*,#5500,.T.);
#2952=ORIENTED_EDGE('',*,*,#5523,.F.);
#2953=ORIENTED_EDGE('',*,*,#5524,.F.);
#2954=ORIENTED_EDGE('',*,*,#5525,.T.);
#2955=ORIENTED_EDGE('',*,*,#5526,.T.);
#2956=ORIENTED_EDGE('',*,*,#5527,.F.);
#2957=ORIENTED_EDGE('',*,*,#5526,.F.);
#2958=ORIENTED_EDGE('',*,*,#5528,.T.);
#2959=ORIENTED_EDGE('',*,*,#5529,.T.);
#2960=ORIENTED_EDGE('',*,*,#5530,.F.);
#2961=ORIENTED_EDGE('',*,*,#5529,.F.);
#2962=ORIENTED_EDGE('',*,*,#5531,.T.);
#2963=ORIENTED_EDGE('',*,*,#5532,.T.);
#2964=ORIENTED_EDGE('',*,*,#5533,.F.);
#2965=ORIENTED_EDGE('',*,*,#5532,.F.);
#2966=ORIENTED_EDGE('',*,*,#5534,.T.);
#2967=ORIENTED_EDGE('',*,*,#5535,.T.);
#2968=ORIENTED_EDGE('',*,*,#5536,.T.);
#2969=ORIENTED_EDGE('',*,*,#5535,.F.);
#2970=ORIENTED_EDGE('',*,*,#5537,.F.);
#2971=ORIENTED_EDGE('',*,*,#5538,.T.);
#2972=ORIENTED_EDGE('',*,*,#5539,.F.);
#2973=ORIENTED_EDGE('',*,*,#5538,.F.);
#2974=ORIENTED_EDGE('',*,*,#5540,.T.);
#2975=ORIENTED_EDGE('',*,*,#5541,.T.);
#2976=ORIENTED_EDGE('',*,*,#5542,.T.);
#2977=ORIENTED_EDGE('',*,*,#5541,.F.);
#2978=ORIENTED_EDGE('',*,*,#5543,.F.);
#2979=ORIENTED_EDGE('',*,*,#5544,.T.);
#2980=ORIENTED_EDGE('',*,*,#5545,.F.);
#2981=ORIENTED_EDGE('',*,*,#5544,.F.);
#2982=ORIENTED_EDGE('',*,*,#5546,.T.);
#2983=ORIENTED_EDGE('',*,*,#5524,.T.);
#2984=ORIENTED_EDGE('',*,*,#5547,.F.);
#2985=ORIENTED_EDGE('',*,*,#5548,.F.);
#2986=ORIENTED_EDGE('',*,*,#5549,.T.);
#2987=ORIENTED_EDGE('',*,*,#5550,.T.);
#2988=ORIENTED_EDGE('',*,*,#5551,.F.);
#2989=ORIENTED_EDGE('',*,*,#5550,.F.);
#2990=ORIENTED_EDGE('',*,*,#5552,.T.);
#2991=ORIENTED_EDGE('',*,*,#5553,.T.);
#2992=ORIENTED_EDGE('',*,*,#5554,.F.);
#2993=ORIENTED_EDGE('',*,*,#5553,.F.);
#2994=ORIENTED_EDGE('',*,*,#5555,.T.);
#2995=ORIENTED_EDGE('',*,*,#5556,.T.);
#2996=ORIENTED_EDGE('',*,*,#5557,.F.);
#2997=ORIENTED_EDGE('',*,*,#5556,.F.);
#2998=ORIENTED_EDGE('',*,*,#5558,.T.);
#2999=ORIENTED_EDGE('',*,*,#5559,.T.);
#3000=ORIENTED_EDGE('',*,*,#5560,.T.);
#3001=ORIENTED_EDGE('',*,*,#5559,.F.);
#3002=ORIENTED_EDGE('',*,*,#5561,.F.);
#3003=ORIENTED_EDGE('',*,*,#5562,.T.);
#3004=ORIENTED_EDGE('',*,*,#5563,.F.);
#3005=ORIENTED_EDGE('',*,*,#5562,.F.);
#3006=ORIENTED_EDGE('',*,*,#5564,.T.);
#3007=ORIENTED_EDGE('',*,*,#5565,.T.);
#3008=ORIENTED_EDGE('',*,*,#5566,.T.);
#3009=ORIENTED_EDGE('',*,*,#5565,.F.);
#3010=ORIENTED_EDGE('',*,*,#5567,.F.);
#3011=ORIENTED_EDGE('',*,*,#5568,.T.);
#3012=ORIENTED_EDGE('',*,*,#5569,.F.);
#3013=ORIENTED_EDGE('',*,*,#5568,.F.);
#3014=ORIENTED_EDGE('',*,*,#5570,.T.);
#3015=ORIENTED_EDGE('',*,*,#5548,.T.);
#3016=ORIENTED_EDGE('',*,*,#5571,.F.);
#3017=ORIENTED_EDGE('',*,*,#5572,.F.);
#3018=ORIENTED_EDGE('',*,*,#5573,.T.);
#3019=ORIENTED_EDGE('',*,*,#5574,.T.);
#3020=ORIENTED_EDGE('',*,*,#5575,.F.);
#3021=ORIENTED_EDGE('',*,*,#5574,.F.);
#3022=ORIENTED_EDGE('',*,*,#5576,.T.);
#3023=ORIENTED_EDGE('',*,*,#5577,.T.);
#3024=ORIENTED_EDGE('',*,*,#5578,.F.);
#3025=ORIENTED_EDGE('',*,*,#5577,.F.);
#3026=ORIENTED_EDGE('',*,*,#5579,.T.);
#3027=ORIENTED_EDGE('',*,*,#5580,.T.);
#3028=ORIENTED_EDGE('',*,*,#5581,.F.);
#3029=ORIENTED_EDGE('',*,*,#5580,.F.);
#3030=ORIENTED_EDGE('',*,*,#5582,.T.);
#3031=ORIENTED_EDGE('',*,*,#5583,.T.);
#3032=ORIENTED_EDGE('',*,*,#5584,.T.);
#3033=ORIENTED_EDGE('',*,*,#5583,.F.);
#3034=ORIENTED_EDGE('',*,*,#5585,.F.);
#3035=ORIENTED_EDGE('',*,*,#5586,.T.);
#3036=ORIENTED_EDGE('',*,*,#5587,.F.);
#3037=ORIENTED_EDGE('',*,*,#5586,.F.);
#3038=ORIENTED_EDGE('',*,*,#5588,.T.);
#3039=ORIENTED_EDGE('',*,*,#5589,.T.);
#3040=ORIENTED_EDGE('',*,*,#5590,.T.);
#3041=ORIENTED_EDGE('',*,*,#5589,.F.);
#3042=ORIENTED_EDGE('',*,*,#5591,.F.);
#3043=ORIENTED_EDGE('',*,*,#5592,.T.);
#3044=ORIENTED_EDGE('',*,*,#5593,.F.);
#3045=ORIENTED_EDGE('',*,*,#5592,.F.);
#3046=ORIENTED_EDGE('',*,*,#5594,.T.);
#3047=ORIENTED_EDGE('',*,*,#5572,.T.);
#3048=ORIENTED_EDGE('',*,*,#5595,.F.);
#3049=ORIENTED_EDGE('',*,*,#5596,.F.);
#3050=ORIENTED_EDGE('',*,*,#5597,.T.);
#3051=ORIENTED_EDGE('',*,*,#5598,.T.);
#3052=ORIENTED_EDGE('',*,*,#5599,.F.);
#3053=ORIENTED_EDGE('',*,*,#5598,.F.);
#3054=ORIENTED_EDGE('',*,*,#5600,.T.);
#3055=ORIENTED_EDGE('',*,*,#5601,.T.);
#3056=ORIENTED_EDGE('',*,*,#5602,.F.);
#3057=ORIENTED_EDGE('',*,*,#5601,.F.);
#3058=ORIENTED_EDGE('',*,*,#5603,.T.);
#3059=ORIENTED_EDGE('',*,*,#5604,.T.);
#3060=ORIENTED_EDGE('',*,*,#5605,.F.);
#3061=ORIENTED_EDGE('',*,*,#5604,.F.);
#3062=ORIENTED_EDGE('',*,*,#5606,.T.);
#3063=ORIENTED_EDGE('',*,*,#5607,.T.);
#3064=ORIENTED_EDGE('',*,*,#5608,.T.);
#3065=ORIENTED_EDGE('',*,*,#5607,.F.);
#3066=ORIENTED_EDGE('',*,*,#5609,.F.);
#3067=ORIENTED_EDGE('',*,*,#5610,.T.);
#3068=ORIENTED_EDGE('',*,*,#5611,.F.);
#3069=ORIENTED_EDGE('',*,*,#5610,.F.);
#3070=ORIENTED_EDGE('',*,*,#5612,.T.);
#3071=ORIENTED_EDGE('',*,*,#5613,.T.);
#3072=ORIENTED_EDGE('',*,*,#5614,.T.);
#3073=ORIENTED_EDGE('',*,*,#5613,.F.);
#3074=ORIENTED_EDGE('',*,*,#5615,.F.);
#3075=ORIENTED_EDGE('',*,*,#5616,.T.);
#3076=ORIENTED_EDGE('',*,*,#5617,.F.);
#3077=ORIENTED_EDGE('',*,*,#5616,.F.);
#3078=ORIENTED_EDGE('',*,*,#5618,.T.);
#3079=ORIENTED_EDGE('',*,*,#5596,.T.);
#3080=ORIENTED_EDGE('',*,*,#5619,.F.);
#3081=ORIENTED_EDGE('',*,*,#5620,.F.);
#3082=ORIENTED_EDGE('',*,*,#5621,.T.);
#3083=ORIENTED_EDGE('',*,*,#5622,.T.);
#3084=ORIENTED_EDGE('',*,*,#5623,.F.);
#3085=ORIENTED_EDGE('',*,*,#5622,.F.);
#3086=ORIENTED_EDGE('',*,*,#5624,.T.);
#3087=ORIENTED_EDGE('',*,*,#5625,.T.);
#3088=ORIENTED_EDGE('',*,*,#5626,.F.);
#3089=ORIENTED_EDGE('',*,*,#5625,.F.);
#3090=ORIENTED_EDGE('',*,*,#5627,.T.);
#3091=ORIENTED_EDGE('',*,*,#5628,.T.);
#3092=ORIENTED_EDGE('',*,*,#5629,.F.);
#3093=ORIENTED_EDGE('',*,*,#5628,.F.);
#3094=ORIENTED_EDGE('',*,*,#5630,.T.);
#3095=ORIENTED_EDGE('',*,*,#5631,.T.);
#3096=ORIENTED_EDGE('',*,*,#5632,.T.);
#3097=ORIENTED_EDGE('',*,*,#5631,.F.);
#3098=ORIENTED_EDGE('',*,*,#5633,.F.);
#3099=ORIENTED_EDGE('',*,*,#5634,.T.);
#3100=ORIENTED_EDGE('',*,*,#5635,.F.);
#3101=ORIENTED_EDGE('',*,*,#5634,.F.);
#3102=ORIENTED_EDGE('',*,*,#5636,.T.);
#3103=ORIENTED_EDGE('',*,*,#5637,.T.);
#3104=ORIENTED_EDGE('',*,*,#5638,.T.);
#3105=ORIENTED_EDGE('',*,*,#5637,.F.);
#3106=ORIENTED_EDGE('',*,*,#5639,.F.);
#3107=ORIENTED_EDGE('',*,*,#5640,.T.);
#3108=ORIENTED_EDGE('',*,*,#5641,.F.);
#3109=ORIENTED_EDGE('',*,*,#5640,.F.);
#3110=ORIENTED_EDGE('',*,*,#5642,.T.);
#3111=ORIENTED_EDGE('',*,*,#5620,.T.);
#3112=ORIENTED_EDGE('',*,*,#5643,.F.);
#3113=ORIENTED_EDGE('',*,*,#5644,.F.);
#3114=ORIENTED_EDGE('',*,*,#5645,.T.);
#3115=ORIENTED_EDGE('',*,*,#5646,.T.);
#3116=ORIENTED_EDGE('',*,*,#5647,.F.);
#3117=ORIENTED_EDGE('',*,*,#5646,.F.);
#3118=ORIENTED_EDGE('',*,*,#5648,.T.);
#3119=ORIENTED_EDGE('',*,*,#5649,.T.);
#3120=ORIENTED_EDGE('',*,*,#5650,.F.);
#3121=ORIENTED_EDGE('',*,*,#5649,.F.);
#3122=ORIENTED_EDGE('',*,*,#5651,.T.);
#3123=ORIENTED_EDGE('',*,*,#5652,.T.);
#3124=ORIENTED_EDGE('',*,*,#5653,.F.);
#3125=ORIENTED_EDGE('',*,*,#5652,.F.);
#3126=ORIENTED_EDGE('',*,*,#5654,.T.);
#3127=ORIENTED_EDGE('',*,*,#5655,.T.);
#3128=ORIENTED_EDGE('',*,*,#5656,.T.);
#3129=ORIENTED_EDGE('',*,*,#5655,.F.);
#3130=ORIENTED_EDGE('',*,*,#5657,.F.);
#3131=ORIENTED_EDGE('',*,*,#5658,.T.);
#3132=ORIENTED_EDGE('',*,*,#5659,.F.);
#3133=ORIENTED_EDGE('',*,*,#5658,.F.);
#3134=ORIENTED_EDGE('',*,*,#5660,.T.);
#3135=ORIENTED_EDGE('',*,*,#5661,.T.);
#3136=ORIENTED_EDGE('',*,*,#5662,.T.);
#3137=ORIENTED_EDGE('',*,*,#5661,.F.);
#3138=ORIENTED_EDGE('',*,*,#5663,.F.);
#3139=ORIENTED_EDGE('',*,*,#5664,.T.);
#3140=ORIENTED_EDGE('',*,*,#5665,.F.);
#3141=ORIENTED_EDGE('',*,*,#5664,.F.);
#3142=ORIENTED_EDGE('',*,*,#5666,.T.);
#3143=ORIENTED_EDGE('',*,*,#5644,.T.);
#3144=ORIENTED_EDGE('',*,*,#5667,.F.);
#3145=ORIENTED_EDGE('',*,*,#5668,.F.);
#3146=ORIENTED_EDGE('',*,*,#5669,.T.);
#3147=ORIENTED_EDGE('',*,*,#5670,.T.);
#3148=ORIENTED_EDGE('',*,*,#5671,.F.);
#3149=ORIENTED_EDGE('',*,*,#5670,.F.);
#3150=ORIENTED_EDGE('',*,*,#5672,.T.);
#3151=ORIENTED_EDGE('',*,*,#5673,.T.);
#3152=ORIENTED_EDGE('',*,*,#5674,.F.);
#3153=ORIENTED_EDGE('',*,*,#5673,.F.);
#3154=ORIENTED_EDGE('',*,*,#5675,.T.);
#3155=ORIENTED_EDGE('',*,*,#5676,.T.);
#3156=ORIENTED_EDGE('',*,*,#5677,.F.);
#3157=ORIENTED_EDGE('',*,*,#5676,.F.);
#3158=ORIENTED_EDGE('',*,*,#5678,.T.);
#3159=ORIENTED_EDGE('',*,*,#5679,.T.);
#3160=ORIENTED_EDGE('',*,*,#5680,.T.);
#3161=ORIENTED_EDGE('',*,*,#5679,.F.);
#3162=ORIENTED_EDGE('',*,*,#5681,.F.);
#3163=ORIENTED_EDGE('',*,*,#5682,.T.);
#3164=ORIENTED_EDGE('',*,*,#5683,.F.);
#3165=ORIENTED_EDGE('',*,*,#5682,.F.);
#3166=ORIENTED_EDGE('',*,*,#5684,.T.);
#3167=ORIENTED_EDGE('',*,*,#5685,.T.);
#3168=ORIENTED_EDGE('',*,*,#5686,.T.);
#3169=ORIENTED_EDGE('',*,*,#5685,.F.);
#3170=ORIENTED_EDGE('',*,*,#5687,.F.);
#3171=ORIENTED_EDGE('',*,*,#5688,.T.);
#3172=ORIENTED_EDGE('',*,*,#5689,.F.);
#3173=ORIENTED_EDGE('',*,*,#5688,.F.);
#3174=ORIENTED_EDGE('',*,*,#5690,.T.);
#3175=ORIENTED_EDGE('',*,*,#5668,.T.);
#3176=ORIENTED_EDGE('',*,*,#5691,.F.);
#3177=ORIENTED_EDGE('',*,*,#5692,.F.);
#3178=ORIENTED_EDGE('',*,*,#5693,.T.);
#3179=ORIENTED_EDGE('',*,*,#5694,.T.);
#3180=ORIENTED_EDGE('',*,*,#5695,.F.);
#3181=ORIENTED_EDGE('',*,*,#5694,.F.);
#3182=ORIENTED_EDGE('',*,*,#5696,.T.);
#3183=ORIENTED_EDGE('',*,*,#5697,.T.);
#3184=ORIENTED_EDGE('',*,*,#5698,.F.);
#3185=ORIENTED_EDGE('',*,*,#5697,.F.);
#3186=ORIENTED_EDGE('',*,*,#5699,.T.);
#3187=ORIENTED_EDGE('',*,*,#5700,.T.);
#3188=ORIENTED_EDGE('',*,*,#5701,.F.);
#3189=ORIENTED_EDGE('',*,*,#5700,.F.);
#3190=ORIENTED_EDGE('',*,*,#5702,.T.);
#3191=ORIENTED_EDGE('',*,*,#5703,.T.);
#3192=ORIENTED_EDGE('',*,*,#5704,.T.);
#3193=ORIENTED_EDGE('',*,*,#5703,.F.);
#3194=ORIENTED_EDGE('',*,*,#5705,.F.);
#3195=ORIENTED_EDGE('',*,*,#5706,.T.);
#3196=ORIENTED_EDGE('',*,*,#5707,.F.);
#3197=ORIENTED_EDGE('',*,*,#5706,.F.);
#3198=ORIENTED_EDGE('',*,*,#5708,.T.);
#3199=ORIENTED_EDGE('',*,*,#5709,.T.);
#3200=ORIENTED_EDGE('',*,*,#5710,.T.);
#3201=ORIENTED_EDGE('',*,*,#5709,.F.);
#3202=ORIENTED_EDGE('',*,*,#5711,.F.);
#3203=ORIENTED_EDGE('',*,*,#5712,.T.);
#3204=ORIENTED_EDGE('',*,*,#5713,.F.);
#3205=ORIENTED_EDGE('',*,*,#5712,.F.);
#3206=ORIENTED_EDGE('',*,*,#5714,.T.);
#3207=ORIENTED_EDGE('',*,*,#5692,.T.);
#3208=ORIENTED_EDGE('',*,*,#5715,.F.);
#3209=ORIENTED_EDGE('',*,*,#5716,.F.);
#3210=ORIENTED_EDGE('',*,*,#5717,.T.);
#3211=ORIENTED_EDGE('',*,*,#5718,.T.);
#3212=ORIENTED_EDGE('',*,*,#5719,.F.);
#3213=ORIENTED_EDGE('',*,*,#5718,.F.);
#3214=ORIENTED_EDGE('',*,*,#5720,.T.);
#3215=ORIENTED_EDGE('',*,*,#5721,.T.);
#3216=ORIENTED_EDGE('',*,*,#5722,.F.);
#3217=ORIENTED_EDGE('',*,*,#5721,.F.);
#3218=ORIENTED_EDGE('',*,*,#5723,.T.);
#3219=ORIENTED_EDGE('',*,*,#5724,.T.);
#3220=ORIENTED_EDGE('',*,*,#5725,.F.);
#3221=ORIENTED_EDGE('',*,*,#5724,.F.);
#3222=ORIENTED_EDGE('',*,*,#5726,.T.);
#3223=ORIENTED_EDGE('',*,*,#5727,.T.);
#3224=ORIENTED_EDGE('',*,*,#5728,.T.);
#3225=ORIENTED_EDGE('',*,*,#5727,.F.);
#3226=ORIENTED_EDGE('',*,*,#5729,.F.);
#3227=ORIENTED_EDGE('',*,*,#5730,.T.);
#3228=ORIENTED_EDGE('',*,*,#5731,.F.);
#3229=ORIENTED_EDGE('',*,*,#5730,.F.);
#3230=ORIENTED_EDGE('',*,*,#5732,.T.);
#3231=ORIENTED_EDGE('',*,*,#5733,.T.);
#3232=ORIENTED_EDGE('',*,*,#5734,.T.);
#3233=ORIENTED_EDGE('',*,*,#5733,.F.);
#3234=ORIENTED_EDGE('',*,*,#5735,.F.);
#3235=ORIENTED_EDGE('',*,*,#5736,.T.);
#3236=ORIENTED_EDGE('',*,*,#5737,.F.);
#3237=ORIENTED_EDGE('',*,*,#5736,.F.);
#3238=ORIENTED_EDGE('',*,*,#5738,.T.);
#3239=ORIENTED_EDGE('',*,*,#5716,.T.);
#3240=ORIENTED_EDGE('',*,*,#5739,.F.);
#3241=ORIENTED_EDGE('',*,*,#5740,.F.);
#3242=ORIENTED_EDGE('',*,*,#5741,.T.);
#3243=ORIENTED_EDGE('',*,*,#5742,.T.);
#3244=ORIENTED_EDGE('',*,*,#5743,.F.);
#3245=ORIENTED_EDGE('',*,*,#5742,.F.);
#3246=ORIENTED_EDGE('',*,*,#5744,.T.);
#3247=ORIENTED_EDGE('',*,*,#5745,.T.);
#3248=ORIENTED_EDGE('',*,*,#5746,.F.);
#3249=ORIENTED_EDGE('',*,*,#5745,.F.);
#3250=ORIENTED_EDGE('',*,*,#5747,.T.);
#3251=ORIENTED_EDGE('',*,*,#5748,.T.);
#3252=ORIENTED_EDGE('',*,*,#5749,.F.);
#3253=ORIENTED_EDGE('',*,*,#5748,.F.);
#3254=ORIENTED_EDGE('',*,*,#5750,.T.);
#3255=ORIENTED_EDGE('',*,*,#5751,.T.);
#3256=ORIENTED_EDGE('',*,*,#5752,.T.);
#3257=ORIENTED_EDGE('',*,*,#5751,.F.);
#3258=ORIENTED_EDGE('',*,*,#5753,.F.);
#3259=ORIENTED_EDGE('',*,*,#5754,.T.);
#3260=ORIENTED_EDGE('',*,*,#5755,.F.);
#3261=ORIENTED_EDGE('',*,*,#5754,.F.);
#3262=ORIENTED_EDGE('',*,*,#5756,.T.);
#3263=ORIENTED_EDGE('',*,*,#5757,.T.);
#3264=ORIENTED_EDGE('',*,*,#5758,.T.);
#3265=ORIENTED_EDGE('',*,*,#5757,.F.);
#3266=ORIENTED_EDGE('',*,*,#5759,.F.);
#3267=ORIENTED_EDGE('',*,*,#5760,.T.);
#3268=ORIENTED_EDGE('',*,*,#5761,.F.);
#3269=ORIENTED_EDGE('',*,*,#5760,.F.);
#3270=ORIENTED_EDGE('',*,*,#5762,.T.);
#3271=ORIENTED_EDGE('',*,*,#5740,.T.);
#3272=ORIENTED_EDGE('',*,*,#5763,.F.);
#3273=ORIENTED_EDGE('',*,*,#5764,.F.);
#3274=ORIENTED_EDGE('',*,*,#5765,.T.);
#3275=ORIENTED_EDGE('',*,*,#5766,.T.);
#3276=ORIENTED_EDGE('',*,*,#5767,.F.);
#3277=ORIENTED_EDGE('',*,*,#5766,.F.);
#3278=ORIENTED_EDGE('',*,*,#5768,.T.);
#3279=ORIENTED_EDGE('',*,*,#5769,.T.);
#3280=ORIENTED_EDGE('',*,*,#5770,.F.);
#3281=ORIENTED_EDGE('',*,*,#5769,.F.);
#3282=ORIENTED_EDGE('',*,*,#5771,.T.);
#3283=ORIENTED_EDGE('',*,*,#5772,.T.);
#3284=ORIENTED_EDGE('',*,*,#5773,.F.);
#3285=ORIENTED_EDGE('',*,*,#5772,.F.);
#3286=ORIENTED_EDGE('',*,*,#5774,.T.);
#3287=ORIENTED_EDGE('',*,*,#5775,.T.);
#3288=ORIENTED_EDGE('',*,*,#5776,.T.);
#3289=ORIENTED_EDGE('',*,*,#5775,.F.);
#3290=ORIENTED_EDGE('',*,*,#5777,.F.);
#3291=ORIENTED_EDGE('',*,*,#5778,.T.);
#3292=ORIENTED_EDGE('',*,*,#5779,.F.);
#3293=ORIENTED_EDGE('',*,*,#5778,.F.);
#3294=ORIENTED_EDGE('',*,*,#5780,.T.);
#3295=ORIENTED_EDGE('',*,*,#5781,.T.);
#3296=ORIENTED_EDGE('',*,*,#5782,.T.);
#3297=ORIENTED_EDGE('',*,*,#5781,.F.);
#3298=ORIENTED_EDGE('',*,*,#5783,.F.);
#3299=ORIENTED_EDGE('',*,*,#5784,.T.);
#3300=ORIENTED_EDGE('',*,*,#5785,.F.);
#3301=ORIENTED_EDGE('',*,*,#5784,.F.);
#3302=ORIENTED_EDGE('',*,*,#5786,.T.);
#3303=ORIENTED_EDGE('',*,*,#5764,.T.);
#3304=ORIENTED_EDGE('',*,*,#5787,.F.);
#3305=ORIENTED_EDGE('',*,*,#5788,.F.);
#3306=ORIENTED_EDGE('',*,*,#5789,.T.);
#3307=ORIENTED_EDGE('',*,*,#5790,.T.);
#3308=ORIENTED_EDGE('',*,*,#5791,.F.);
#3309=ORIENTED_EDGE('',*,*,#5790,.F.);
#3310=ORIENTED_EDGE('',*,*,#5792,.T.);
#3311=ORIENTED_EDGE('',*,*,#5793,.T.);
#3312=ORIENTED_EDGE('',*,*,#5794,.F.);
#3313=ORIENTED_EDGE('',*,*,#5793,.F.);
#3314=ORIENTED_EDGE('',*,*,#5795,.T.);
#3315=ORIENTED_EDGE('',*,*,#5796,.T.);
#3316=ORIENTED_EDGE('',*,*,#5797,.F.);
#3317=ORIENTED_EDGE('',*,*,#5796,.F.);
#3318=ORIENTED_EDGE('',*,*,#5798,.T.);
#3319=ORIENTED_EDGE('',*,*,#5799,.T.);
#3320=ORIENTED_EDGE('',*,*,#5800,.T.);
#3321=ORIENTED_EDGE('',*,*,#5799,.F.);
#3322=ORIENTED_EDGE('',*,*,#5801,.F.);
#3323=ORIENTED_EDGE('',*,*,#5802,.T.);
#3324=ORIENTED_EDGE('',*,*,#5803,.F.);
#3325=ORIENTED_EDGE('',*,*,#5802,.F.);
#3326=ORIENTED_EDGE('',*,*,#5804,.T.);
#3327=ORIENTED_EDGE('',*,*,#5805,.T.);
#3328=ORIENTED_EDGE('',*,*,#5806,.T.);
#3329=ORIENTED_EDGE('',*,*,#5805,.F.);
#3330=ORIENTED_EDGE('',*,*,#5807,.F.);
#3331=ORIENTED_EDGE('',*,*,#5808,.T.);
#3332=ORIENTED_EDGE('',*,*,#5809,.F.);
#3333=ORIENTED_EDGE('',*,*,#5808,.F.);
#3334=ORIENTED_EDGE('',*,*,#5810,.T.);
#3335=ORIENTED_EDGE('',*,*,#5788,.T.);
#3336=ORIENTED_EDGE('',*,*,#5811,.F.);
#3337=ORIENTED_EDGE('',*,*,#5812,.F.);
#3338=ORIENTED_EDGE('',*,*,#5813,.T.);
#3339=ORIENTED_EDGE('',*,*,#5814,.T.);
#3340=ORIENTED_EDGE('',*,*,#5815,.F.);
#3341=ORIENTED_EDGE('',*,*,#5814,.F.);
#3342=ORIENTED_EDGE('',*,*,#5816,.T.);
#3343=ORIENTED_EDGE('',*,*,#5817,.T.);
#3344=ORIENTED_EDGE('',*,*,#5818,.F.);
#3345=ORIENTED_EDGE('',*,*,#5817,.F.);
#3346=ORIENTED_EDGE('',*,*,#5819,.T.);
#3347=ORIENTED_EDGE('',*,*,#5820,.T.);
#3348=ORIENTED_EDGE('',*,*,#5821,.F.);
#3349=ORIENTED_EDGE('',*,*,#5820,.F.);
#3350=ORIENTED_EDGE('',*,*,#5822,.T.);
#3351=ORIENTED_EDGE('',*,*,#5823,.T.);
#3352=ORIENTED_EDGE('',*,*,#5824,.T.);
#3353=ORIENTED_EDGE('',*,*,#5823,.F.);
#3354=ORIENTED_EDGE('',*,*,#5825,.F.);
#3355=ORIENTED_EDGE('',*,*,#5826,.T.);
#3356=ORIENTED_EDGE('',*,*,#5827,.F.);
#3357=ORIENTED_EDGE('',*,*,#5826,.F.);
#3358=ORIENTED_EDGE('',*,*,#5828,.T.);
#3359=ORIENTED_EDGE('',*,*,#5829,.T.);
#3360=ORIENTED_EDGE('',*,*,#5830,.T.);
#3361=ORIENTED_EDGE('',*,*,#5829,.F.);
#3362=ORIENTED_EDGE('',*,*,#5831,.F.);
#3363=ORIENTED_EDGE('',*,*,#5832,.T.);
#3364=ORIENTED_EDGE('',*,*,#5833,.F.);
#3365=ORIENTED_EDGE('',*,*,#5832,.F.);
#3366=ORIENTED_EDGE('',*,*,#5834,.T.);
#3367=ORIENTED_EDGE('',*,*,#5812,.T.);
#3368=ORIENTED_EDGE('',*,*,#5835,.F.);
#3369=ORIENTED_EDGE('',*,*,#5836,.F.);
#3370=ORIENTED_EDGE('',*,*,#5837,.T.);
#3371=ORIENTED_EDGE('',*,*,#5838,.T.);
#3372=ORIENTED_EDGE('',*,*,#5839,.F.);
#3373=ORIENTED_EDGE('',*,*,#5838,.F.);
#3374=ORIENTED_EDGE('',*,*,#5840,.T.);
#3375=ORIENTED_EDGE('',*,*,#5841,.T.);
#3376=ORIENTED_EDGE('',*,*,#5842,.F.);
#3377=ORIENTED_EDGE('',*,*,#5841,.F.);
#3378=ORIENTED_EDGE('',*,*,#5843,.T.);
#3379=ORIENTED_EDGE('',*,*,#5844,.T.);
#3380=ORIENTED_EDGE('',*,*,#5845,.F.);
#3381=ORIENTED_EDGE('',*,*,#5844,.F.);
#3382=ORIENTED_EDGE('',*,*,#5846,.T.);
#3383=ORIENTED_EDGE('',*,*,#5847,.T.);
#3384=ORIENTED_EDGE('',*,*,#5848,.T.);
#3385=ORIENTED_EDGE('',*,*,#5847,.F.);
#3386=ORIENTED_EDGE('',*,*,#5849,.F.);
#3387=ORIENTED_EDGE('',*,*,#5850,.T.);
#3388=ORIENTED_EDGE('',*,*,#5851,.F.);
#3389=ORIENTED_EDGE('',*,*,#5850,.F.);
#3390=ORIENTED_EDGE('',*,*,#5852,.T.);
#3391=ORIENTED_EDGE('',*,*,#5853,.T.);
#3392=ORIENTED_EDGE('',*,*,#5854,.T.);
#3393=ORIENTED_EDGE('',*,*,#5853,.F.);
#3394=ORIENTED_EDGE('',*,*,#5855,.F.);
#3395=ORIENTED_EDGE('',*,*,#5856,.T.);
#3396=ORIENTED_EDGE('',*,*,#5857,.F.);
#3397=ORIENTED_EDGE('',*,*,#5856,.F.);
#3398=ORIENTED_EDGE('',*,*,#5858,.T.);
#3399=ORIENTED_EDGE('',*,*,#5836,.T.);
#3400=ORIENTED_EDGE('',*,*,#4922,.F.);
#3401=ORIENTED_EDGE('',*,*,#5859,.T.);
#3402=ORIENTED_EDGE('',*,*,#5860,.F.);
#3403=ORIENTED_EDGE('',*,*,#5861,.F.);
#3404=ORIENTED_EDGE('',*,*,#4923,.F.);
#3405=ORIENTED_EDGE('',*,*,#5861,.T.);
#3406=ORIENTED_EDGE('',*,*,#5862,.F.);
#3407=ORIENTED_EDGE('',*,*,#5863,.F.);
#3408=ORIENTED_EDGE('',*,*,#5864,.F.);
#3409=ORIENTED_EDGE('',*,*,#4924,.T.);
#3410=ORIENTED_EDGE('',*,*,#5863,.T.);
#3411=ORIENTED_EDGE('',*,*,#5865,.T.);
#3412=ORIENTED_EDGE('',*,*,#5866,.F.);
#3413=ORIENTED_EDGE('',*,*,#4925,.T.);
#3414=ORIENTED_EDGE('',*,*,#5864,.T.);
#3415=ORIENTED_EDGE('',*,*,#5867,.T.);
#3416=ORIENTED_EDGE('',*,*,#4926,.F.);
#3417=ORIENTED_EDGE('',*,*,#5866,.T.);
#3418=ORIENTED_EDGE('',*,*,#5868,.F.);
#3419=ORIENTED_EDGE('',*,*,#5869,.F.);
#3420=ORIENTED_EDGE('',*,*,#4927,.F.);
#3421=ORIENTED_EDGE('',*,*,#5869,.T.);
#3422=ORIENTED_EDGE('',*,*,#5870,.F.);
#3423=ORIENTED_EDGE('',*,*,#5871,.F.);
#3424=ORIENTED_EDGE('',*,*,#4928,.F.);
#3425=ORIENTED_EDGE('',*,*,#5871,.T.);
#3426=ORIENTED_EDGE('',*,*,#5872,.F.);
#3427=ORIENTED_EDGE('',*,*,#5873,.F.);
#3428=ORIENTED_EDGE('',*,*,#4929,.F.);
#3429=ORIENTED_EDGE('',*,*,#5873,.T.);
#3430=ORIENTED_EDGE('',*,*,#5874,.F.);
#3431=ORIENTED_EDGE('',*,*,#5875,.F.);
#3432=ORIENTED_EDGE('',*,*,#5876,.F.);
#3433=ORIENTED_EDGE('',*,*,#4930,.T.);
#3434=ORIENTED_EDGE('',*,*,#5875,.T.);
#3435=ORIENTED_EDGE('',*,*,#5877,.T.);
#3436=ORIENTED_EDGE('',*,*,#4931,.F.);
#3437=ORIENTED_EDGE('',*,*,#5876,.T.);
#3438=ORIENTED_EDGE('',*,*,#5878,.F.);
#3439=ORIENTED_EDGE('',*,*,#5879,.F.);
#3440=ORIENTED_EDGE('',*,*,#4932,.F.);
#3441=ORIENTED_EDGE('',*,*,#5879,.T.);
#3442=ORIENTED_EDGE('',*,*,#5880,.F.);
#3443=ORIENTED_EDGE('',*,*,#5881,.F.);
#3444=ORIENTED_EDGE('',*,*,#5882,.F.);
#3445=ORIENTED_EDGE('',*,*,#4976,.T.);
#3446=ORIENTED_EDGE('',*,*,#4933,.T.);
#3447=ORIENTED_EDGE('',*,*,#5881,.T.);
#3448=ORIENTED_EDGE('',*,*,#5883,.T.);
#3449=ORIENTED_EDGE('',*,*,#5884,.F.);
#3450=ORIENTED_EDGE('',*,*,#4897,.T.);
#3451=ORIENTED_EDGE('',*,*,#4973,.F.);
#3452=ORIENTED_EDGE('',*,*,#4890,.F.);
#3453=ORIENTED_EDGE('',*,*,#5884,.T.);
#3454=ORIENTED_EDGE('',*,*,#5885,.F.);
#3455=ORIENTED_EDGE('',*,*,#5886,.F.);
#3456=ORIENTED_EDGE('',*,*,#5887,.F.);
#3457=ORIENTED_EDGE('',*,*,#4891,.T.);
#3458=ORIENTED_EDGE('',*,*,#5886,.T.);
#3459=ORIENTED_EDGE('',*,*,#5888,.T.);
#3460=ORIENTED_EDGE('',*,*,#4892,.F.);
#3461=ORIENTED_EDGE('',*,*,#5887,.T.);
#3462=ORIENTED_EDGE('',*,*,#5889,.F.);
#3463=ORIENTED_EDGE('',*,*,#5890,.F.);
#3464=ORIENTED_EDGE('',*,*,#5891,.T.);
#3465=ORIENTED_EDGE('',*,*,#4969,.T.);
#3466=ORIENTED_EDGE('',*,*,#4893,.F.);
#3467=ORIENTED_EDGE('',*,*,#5890,.T.);
#3468=ORIENTED_EDGE('',*,*,#5892,.F.);
#3469=ORIENTED_EDGE('',*,*,#5893,.F.);
#3470=ORIENTED_EDGE('',*,*,#5894,.T.);
#3471=ORIENTED_EDGE('',*,*,#5895,.T.);
#3472=ORIENTED_EDGE('',*,*,#5893,.T.);
#3473=ORIENTED_EDGE('',*,*,#5896,.F.);
#3474=ORIENTED_EDGE('',*,*,#5894,.F.);
#3475=ORIENTED_EDGE('',*,*,#5897,.F.);
#3476=ORIENTED_EDGE('',*,*,#5898,.T.);
#3477=ORIENTED_EDGE('',*,*,#5899,.T.);
#3478=ORIENTED_EDGE('',*,*,#5900,.F.);
#3479=ORIENTED_EDGE('',*,*,#5898,.F.);
#3480=ORIENTED_EDGE('',*,*,#5901,.T.);
#3481=ORIENTED_EDGE('',*,*,#5902,.T.);
#3482=ORIENTED_EDGE('',*,*,#5903,.T.);
#3483=ORIENTED_EDGE('',*,*,#5902,.F.);
#3484=ORIENTED_EDGE('',*,*,#5904,.F.);
#3485=ORIENTED_EDGE('',*,*,#5905,.T.);
#3486=ORIENTED_EDGE('',*,*,#5906,.F.);
#3487=ORIENTED_EDGE('',*,*,#5905,.F.);
#3488=ORIENTED_EDGE('',*,*,#5907,.T.);
#3489=ORIENTED_EDGE('',*,*,#5908,.T.);
#3490=ORIENTED_EDGE('',*,*,#5909,.T.);
#3491=ORIENTED_EDGE('',*,*,#5910,.T.);
#3492=ORIENTED_EDGE('',*,*,#5911,.F.);
#3493=ORIENTED_EDGE('',*,*,#5908,.F.);
#3494=ORIENTED_EDGE('',*,*,#5912,.F.);
#3495=ORIENTED_EDGE('',*,*,#5913,.F.);
#3496=ORIENTED_EDGE('',*,*,#5914,.T.);
#3497=ORIENTED_EDGE('',*,*,#5910,.F.);
#3498=ORIENTED_EDGE('',*,*,#5913,.T.);
#3499=ORIENTED_EDGE('',*,*,#5915,.T.);
#3500=ORIENTED_EDGE('',*,*,#5916,.F.);
#3501=ORIENTED_EDGE('',*,*,#4902,.T.);
#3502=ORIENTED_EDGE('',*,*,#4993,.F.);
#3503=ORIENTED_EDGE('',*,*,#5917,.F.);
#3504=ORIENTED_EDGE('',*,*,#5918,.F.);
#3505=ORIENTED_EDGE('',*,*,#4903,.T.);
#3506=ORIENTED_EDGE('',*,*,#5916,.T.);
#3507=ORIENTED_EDGE('',*,*,#5919,.T.);
#3508=ORIENTED_EDGE('',*,*,#4904,.F.);
#3509=ORIENTED_EDGE('',*,*,#5918,.T.);
#3510=ORIENTED_EDGE('',*,*,#5920,.F.);
#3511=ORIENTED_EDGE('',*,*,#5921,.F.);
#3512=ORIENTED_EDGE('',*,*,#5922,.F.);
#3513=ORIENTED_EDGE('',*,*,#4905,.T.);
#3514=ORIENTED_EDGE('',*,*,#5921,.T.);
#3515=ORIENTED_EDGE('',*,*,#5923,.T.);
#3516=ORIENTED_EDGE('',*,*,#5924,.T.);
#3517=ORIENTED_EDGE('',*,*,#4989,.T.);
#3518=ORIENTED_EDGE('',*,*,#4898,.F.);
#3519=ORIENTED_EDGE('',*,*,#5922,.T.);
#3520=ORIENTED_EDGE('',*,*,#5925,.F.);
#3521=ORIENTED_EDGE('',*,*,#5926,.F.);
#3522=ORIENTED_EDGE('',*,*,#4910,.F.);
#3523=ORIENTED_EDGE('',*,*,#4986,.F.);
#3524=ORIENTED_EDGE('',*,*,#5927,.F.);
#3525=ORIENTED_EDGE('',*,*,#4911,.T.);
#3526=ORIENTED_EDGE('',*,*,#5926,.T.);
#3527=ORIENTED_EDGE('',*,*,#5928,.T.);
#3528=ORIENTED_EDGE('',*,*,#5929,.F.);
#3529=ORIENTED_EDGE('',*,*,#4912,.T.);
#3530=ORIENTED_EDGE('',*,*,#5927,.T.);
#3531=ORIENTED_EDGE('',*,*,#5930,.T.);
#3532=ORIENTED_EDGE('',*,*,#4913,.F.);
#3533=ORIENTED_EDGE('',*,*,#5929,.T.);
#3534=ORIENTED_EDGE('',*,*,#5931,.F.);
#3535=ORIENTED_EDGE('',*,*,#5932,.F.);
#3536=ORIENTED_EDGE('',*,*,#5933,.F.);
#3537=ORIENTED_EDGE('',*,*,#4914,.T.);
#3538=ORIENTED_EDGE('',*,*,#5932,.T.);
#3539=ORIENTED_EDGE('',*,*,#5934,.T.);
#3540=ORIENTED_EDGE('',*,*,#5935,.F.);
#3541=ORIENTED_EDGE('',*,*,#4915,.T.);
#3542=ORIENTED_EDGE('',*,*,#5933,.T.);
#3543=ORIENTED_EDGE('',*,*,#5936,.T.);
#3544=ORIENTED_EDGE('',*,*,#5937,.F.);
#3545=ORIENTED_EDGE('',*,*,#4916,.T.);
#3546=ORIENTED_EDGE('',*,*,#5935,.T.);
#3547=ORIENTED_EDGE('',*,*,#5938,.T.);
#3548=ORIENTED_EDGE('',*,*,#5939,.F.);
#3549=ORIENTED_EDGE('',*,*,#4917,.T.);
#3550=ORIENTED_EDGE('',*,*,#5937,.T.);
#3551=ORIENTED_EDGE('',*,*,#5940,.T.);
#3552=ORIENTED_EDGE('',*,*,#4918,.F.);
#3553=ORIENTED_EDGE('',*,*,#5939,.T.);
#3554=ORIENTED_EDGE('',*,*,#5941,.F.);
#3555=ORIENTED_EDGE('',*,*,#5942,.F.);
#3556=ORIENTED_EDGE('',*,*,#4919,.F.);
#3557=ORIENTED_EDGE('',*,*,#5942,.T.);
#3558=ORIENTED_EDGE('',*,*,#5943,.F.);
#3559=ORIENTED_EDGE('',*,*,#5944,.F.);
#3560=ORIENTED_EDGE('',*,*,#5945,.F.);
#3561=ORIENTED_EDGE('',*,*,#4920,.T.);
#3562=ORIENTED_EDGE('',*,*,#5944,.T.);
#3563=ORIENTED_EDGE('',*,*,#5946,.T.);
#3564=ORIENTED_EDGE('',*,*,#5947,.F.);
#3565=ORIENTED_EDGE('',*,*,#4921,.T.);
#3566=ORIENTED_EDGE('',*,*,#5945,.T.);
#3567=ORIENTED_EDGE('',*,*,#5948,.T.);
#3568=ORIENTED_EDGE('',*,*,#5949,.F.);
#3569=ORIENTED_EDGE('',*,*,#4982,.T.);
#3570=ORIENTED_EDGE('',*,*,#4906,.T.);
#3571=ORIENTED_EDGE('',*,*,#5947,.T.);
#3572=ORIENTED_EDGE('',*,*,#5950,.T.);
#3573=ORIENTED_EDGE('',*,*,#5951,.F.);
#3574=ORIENTED_EDGE('',*,*,#5952,.T.);
#3575=ORIENTED_EDGE('',*,*,#5951,.T.);
#3576=ORIENTED_EDGE('',*,*,#5953,.F.);
#3577=ORIENTED_EDGE('',*,*,#5954,.F.);
#3578=ORIENTED_EDGE('',*,*,#5955,.F.);
#3579=ORIENTED_EDGE('',*,*,#5954,.T.);
#3580=ORIENTED_EDGE('',*,*,#5956,.T.);
#3581=ORIENTED_EDGE('',*,*,#5957,.T.);
#3582=ORIENTED_EDGE('',*,*,#5958,.F.);
#3583=ORIENTED_EDGE('',*,*,#5957,.F.);
#3584=ORIENTED_EDGE('',*,*,#5959,.T.);
#3585=ORIENTED_EDGE('',*,*,#5960,.T.);
#3586=ORIENTED_EDGE('',*,*,#5961,.F.);
#3587=ORIENTED_EDGE('',*,*,#5960,.F.);
#3588=ORIENTED_EDGE('',*,*,#5962,.T.);
#3589=ORIENTED_EDGE('',*,*,#5963,.T.);
#3590=ORIENTED_EDGE('',*,*,#5964,.F.);
#3591=ORIENTED_EDGE('',*,*,#5963,.F.);
#3592=ORIENTED_EDGE('',*,*,#5965,.T.);
#3593=ORIENTED_EDGE('',*,*,#5966,.T.);
#3594=ORIENTED_EDGE('',*,*,#5967,.F.);
#3595=ORIENTED_EDGE('',*,*,#5968,.T.);
#3596=ORIENTED_EDGE('',*,*,#5966,.F.);
#3597=ORIENTED_EDGE('',*,*,#5969,.F.);
#3598=ORIENTED_EDGE('',*,*,#5967,.T.);
#3599=ORIENTED_EDGE('',*,*,#5970,.F.);
#3600=ORIENTED_EDGE('',*,*,#5971,.F.);
#3601=ORIENTED_EDGE('',*,*,#5972,.T.);
#3602=ORIENTED_EDGE('',*,*,#5971,.T.);
#3603=ORIENTED_EDGE('',*,*,#5973,.F.);
#3604=ORIENTED_EDGE('',*,*,#5859,.F.);
#3605=ORIENTED_EDGE('',*,*,#4937,.F.);
#3606=ORIENTED_EDGE('',*,*,#4980,.F.);
#3607=ORIENTED_EDGE('',*,*,#5974,.T.);
#3608=ORIENTED_EDGE('',*,*,#5975,.T.);
#3609=ORIENTED_EDGE('',*,*,#5976,.F.);
#3610=ORIENTED_EDGE('',*,*,#5977,.F.);
#3611=ORIENTED_EDGE('',*,*,#5978,.T.);
#3612=ORIENTED_EDGE('',*,*,#5979,.F.);
#3613=ORIENTED_EDGE('',*,*,#5978,.F.);
#3614=ORIENTED_EDGE('',*,*,#5980,.T.);
#3615=ORIENTED_EDGE('',*,*,#5981,.T.);
#3616=ORIENTED_EDGE('',*,*,#5982,.T.);
#3617=ORIENTED_EDGE('',*,*,#5981,.F.);
#3618=ORIENTED_EDGE('',*,*,#5983,.F.);
#3619=ORIENTED_EDGE('',*,*,#5984,.T.);
#3620=ORIENTED_EDGE('',*,*,#5985,.F.);
#3621=ORIENTED_EDGE('',*,*,#5984,.F.);
#3622=ORIENTED_EDGE('',*,*,#5986,.T.);
#3623=ORIENTED_EDGE('',*,*,#5987,.T.);
#3624=ORIENTED_EDGE('',*,*,#5988,.F.);
#3625=ORIENTED_EDGE('',*,*,#5987,.F.);
#3626=ORIENTED_EDGE('',*,*,#5989,.T.);
#3627=ORIENTED_EDGE('',*,*,#5990,.T.);
#3628=ORIENTED_EDGE('',*,*,#5991,.F.);
#3629=ORIENTED_EDGE('',*,*,#5990,.F.);
#3630=ORIENTED_EDGE('',*,*,#5992,.T.);
#3631=ORIENTED_EDGE('',*,*,#5993,.T.);
#3632=ORIENTED_EDGE('',*,*,#5994,.T.);
#3633=ORIENTED_EDGE('',*,*,#5995,.T.);
#3634=ORIENTED_EDGE('',*,*,#5996,.F.);
#3635=ORIENTED_EDGE('',*,*,#5993,.F.);
#3636=ORIENTED_EDGE('',*,*,#5997,.F.);
#3637=ORIENTED_EDGE('',*,*,#5995,.F.);
#3638=ORIENTED_EDGE('',*,*,#5998,.T.);
#3639=ORIENTED_EDGE('',*,*,#5976,.T.);
#3640=ORIENTED_EDGE('',*,*,#5999,.F.);
#3641=ORIENTED_EDGE('',*,*,#6000,.F.);
#3642=ORIENTED_EDGE('',*,*,#6001,.T.);
#3643=ORIENTED_EDGE('',*,*,#6002,.T.);
#3644=ORIENTED_EDGE('',*,*,#6003,.F.);
#3645=ORIENTED_EDGE('',*,*,#6002,.F.);
#3646=ORIENTED_EDGE('',*,*,#6004,.T.);
#3647=ORIENTED_EDGE('',*,*,#6005,.T.);
#3648=ORIENTED_EDGE('',*,*,#6006,.F.);
#3649=ORIENTED_EDGE('',*,*,#6005,.F.);
#3650=ORIENTED_EDGE('',*,*,#6007,.T.);
#3651=ORIENTED_EDGE('',*,*,#6008,.T.);
#3652=ORIENTED_EDGE('',*,*,#6009,.F.);
#3653=ORIENTED_EDGE('',*,*,#6008,.F.);
#3654=ORIENTED_EDGE('',*,*,#6010,.T.);
#3655=ORIENTED_EDGE('',*,*,#6011,.T.);
#3656=ORIENTED_EDGE('',*,*,#6012,.F.);
#3657=ORIENTED_EDGE('',*,*,#6011,.F.);
#3658=ORIENTED_EDGE('',*,*,#6013,.T.);
#3659=ORIENTED_EDGE('',*,*,#6014,.T.);
#3660=ORIENTED_EDGE('',*,*,#6015,.T.);
#3661=ORIENTED_EDGE('',*,*,#6014,.F.);
#3662=ORIENTED_EDGE('',*,*,#6016,.F.);
#3663=ORIENTED_EDGE('',*,*,#6017,.T.);
#3664=ORIENTED_EDGE('',*,*,#6018,.F.);
#3665=ORIENTED_EDGE('',*,*,#6017,.F.);
#3666=ORIENTED_EDGE('',*,*,#6019,.T.);
#3667=ORIENTED_EDGE('',*,*,#6020,.T.);
#3668=ORIENTED_EDGE('',*,*,#6021,.T.);
#3669=ORIENTED_EDGE('',*,*,#6020,.F.);
#3670=ORIENTED_EDGE('',*,*,#6022,.F.);
#3671=ORIENTED_EDGE('',*,*,#6000,.T.);
#3672=ORIENTED_EDGE('',*,*,#6023,.F.);
#3673=ORIENTED_EDGE('',*,*,#6024,.F.);
#3674=ORIENTED_EDGE('',*,*,#6025,.T.);
#3675=ORIENTED_EDGE('',*,*,#6026,.T.);
#3676=ORIENTED_EDGE('',*,*,#6027,.F.);
#3677=ORIENTED_EDGE('',*,*,#6025,.F.);
#3678=ORIENTED_EDGE('',*,*,#6028,.T.);
#3679=ORIENTED_EDGE('',*,*,#6029,.T.);
#3680=ORIENTED_EDGE('',*,*,#6030,.T.);
#3681=ORIENTED_EDGE('',*,*,#6029,.F.);
#3682=ORIENTED_EDGE('',*,*,#6031,.F.);
#3683=ORIENTED_EDGE('',*,*,#6032,.T.);
#3684=ORIENTED_EDGE('',*,*,#6033,.F.);
#3685=ORIENTED_EDGE('',*,*,#6032,.F.);
#3686=ORIENTED_EDGE('',*,*,#6034,.T.);
#3687=ORIENTED_EDGE('',*,*,#6035,.T.);
#3688=ORIENTED_EDGE('',*,*,#6036,.T.);
#3689=ORIENTED_EDGE('',*,*,#6037,.T.);
#3690=ORIENTED_EDGE('',*,*,#6038,.F.);
#3691=ORIENTED_EDGE('',*,*,#6035,.F.);
#3692=ORIENTED_EDGE('',*,*,#6039,.F.);
#3693=ORIENTED_EDGE('',*,*,#6040,.F.);
#3694=ORIENTED_EDGE('',*,*,#6041,.T.);
#3695=ORIENTED_EDGE('',*,*,#6037,.F.);
#3696=ORIENTED_EDGE('',*,*,#6040,.T.);
#3697=ORIENTED_EDGE('',*,*,#6042,.T.);
#3698=ORIENTED_EDGE('',*,*,#6043,.F.);
#3699=ORIENTED_EDGE('',*,*,#4942,.T.);
#3700=ORIENTED_EDGE('',*,*,#4965,.F.);
#3701=ORIENTED_EDGE('',*,*,#6044,.F.);
#3702=ORIENTED_EDGE('',*,*,#6045,.F.);
#3703=ORIENTED_EDGE('',*,*,#4943,.T.);
#3704=ORIENTED_EDGE('',*,*,#6043,.T.);
#3705=ORIENTED_EDGE('',*,*,#6046,.T.);
#3706=ORIENTED_EDGE('',*,*,#4944,.F.);
#3707=ORIENTED_EDGE('',*,*,#6045,.T.);
#3708=ORIENTED_EDGE('',*,*,#6047,.F.);
#3709=ORIENTED_EDGE('',*,*,#6048,.F.);
#3710=ORIENTED_EDGE('',*,*,#6049,.F.);
#3711=ORIENTED_EDGE('',*,*,#4945,.T.);
#3712=ORIENTED_EDGE('',*,*,#6048,.T.);
#3713=ORIENTED_EDGE('',*,*,#6050,.T.);
#3714=ORIENTED_EDGE('',*,*,#6051,.T.);
#3715=ORIENTED_EDGE('',*,*,#4961,.T.);
#3716=ORIENTED_EDGE('',*,*,#4938,.F.);
#3717=ORIENTED_EDGE('',*,*,#6049,.T.);
#3718=ORIENTED_EDGE('',*,*,#6052,.F.);
#3719=ORIENTED_EDGE('',*,*,#6053,.F.);
#3720=ORIENTED_EDGE('',*,*,#4946,.F.);
#3721=ORIENTED_EDGE('',*,*,#6054,.T.);
#3722=ORIENTED_EDGE('',*,*,#6055,.F.);
#3723=ORIENTED_EDGE('',*,*,#4947,.T.);
#3724=ORIENTED_EDGE('',*,*,#6053,.T.);
#3725=ORIENTED_EDGE('',*,*,#6056,.T.);
#3726=ORIENTED_EDGE('',*,*,#6057,.F.);
#3727=ORIENTED_EDGE('',*,*,#4948,.T.);
#3728=ORIENTED_EDGE('',*,*,#6055,.T.);
#3729=ORIENTED_EDGE('',*,*,#6058,.T.);
#3730=ORIENTED_EDGE('',*,*,#4949,.F.);
#3731=ORIENTED_EDGE('',*,*,#6057,.T.);
#3732=ORIENTED_EDGE('',*,*,#6059,.F.);
#3733=ORIENTED_EDGE('',*,*,#6060,.F.);
#3734=ORIENTED_EDGE('',*,*,#6061,.F.);
#3735=ORIENTED_EDGE('',*,*,#4950,.T.);
#3736=ORIENTED_EDGE('',*,*,#6060,.T.);
#3737=ORIENTED_EDGE('',*,*,#6062,.T.);
#3738=ORIENTED_EDGE('',*,*,#6063,.F.);
#3739=ORIENTED_EDGE('',*,*,#4951,.T.);
#3740=ORIENTED_EDGE('',*,*,#6061,.T.);
#3741=ORIENTED_EDGE('',*,*,#6064,.T.);
#3742=ORIENTED_EDGE('',*,*,#6065,.F.);
#3743=ORIENTED_EDGE('',*,*,#4952,.T.);
#3744=ORIENTED_EDGE('',*,*,#6063,.T.);
#3745=ORIENTED_EDGE('',*,*,#6066,.T.);
#3746=ORIENTED_EDGE('',*,*,#6067,.F.);
#3747=ORIENTED_EDGE('',*,*,#4953,.T.);
#3748=ORIENTED_EDGE('',*,*,#6065,.T.);
#3749=ORIENTED_EDGE('',*,*,#6068,.T.);
#3750=ORIENTED_EDGE('',*,*,#4954,.F.);
#3751=ORIENTED_EDGE('',*,*,#6067,.T.);
#3752=ORIENTED_EDGE('',*,*,#6069,.F.);
#3753=ORIENTED_EDGE('',*,*,#6070,.F.);
#3754=ORIENTED_EDGE('',*,*,#4955,.F.);
#3755=ORIENTED_EDGE('',*,*,#6070,.T.);
#3756=ORIENTED_EDGE('',*,*,#6071,.F.);
#3757=ORIENTED_EDGE('',*,*,#6072,.F.);
#3758=ORIENTED_EDGE('',*,*,#6073,.F.);
#3759=ORIENTED_EDGE('',*,*,#4956,.T.);
#3760=ORIENTED_EDGE('',*,*,#6072,.T.);
#3761=ORIENTED_EDGE('',*,*,#6074,.T.);
#3762=ORIENTED_EDGE('',*,*,#6075,.F.);
#3763=ORIENTED_EDGE('',*,*,#4957,.T.);
#3764=ORIENTED_EDGE('',*,*,#6073,.T.);
#3765=ORIENTED_EDGE('',*,*,#6076,.T.);
#3766=ORIENTED_EDGE('',*,*,#6077,.F.);
#3767=ORIENTED_EDGE('',*,*,#6078,.F.);
#3768=ORIENTED_EDGE('',*,*,#4958,.T.);
#3769=ORIENTED_EDGE('',*,*,#6075,.T.);
#3770=ORIENTED_EDGE('',*,*,#6079,.T.);
#3771=ORIENTED_EDGE('',*,*,#6080,.F.);
#3772=ORIENTED_EDGE('',*,*,#6081,.T.);
#3773=ORIENTED_EDGE('',*,*,#6080,.T.);
#3774=ORIENTED_EDGE('',*,*,#6082,.F.);
#3775=ORIENTED_EDGE('',*,*,#6083,.F.);
#3776=ORIENTED_EDGE('',*,*,#6084,.F.);
#3777=ORIENTED_EDGE('',*,*,#6083,.T.);
#3778=ORIENTED_EDGE('',*,*,#6085,.T.);
#3779=ORIENTED_EDGE('',*,*,#6086,.T.);
#3780=ORIENTED_EDGE('',*,*,#6087,.F.);
#3781=ORIENTED_EDGE('',*,*,#6086,.F.);
#3782=ORIENTED_EDGE('',*,*,#6088,.T.);
#3783=ORIENTED_EDGE('',*,*,#6089,.T.);
#3784=ORIENTED_EDGE('',*,*,#6090,.T.);
#3785=ORIENTED_EDGE('',*,*,#6091,.T.);
#3786=ORIENTED_EDGE('',*,*,#6092,.F.);
#3787=ORIENTED_EDGE('',*,*,#6089,.F.);
#3788=ORIENTED_EDGE('',*,*,#6093,.F.);
#3789=ORIENTED_EDGE('',*,*,#6091,.F.);
#3790=ORIENTED_EDGE('',*,*,#6094,.T.);
#3791=ORIENTED_EDGE('',*,*,#6095,.T.);
#3792=ORIENTED_EDGE('',*,*,#6096,.F.);
#3793=ORIENTED_EDGE('',*,*,#6097,.T.);
#3794=ORIENTED_EDGE('',*,*,#6095,.F.);
#3795=ORIENTED_EDGE('',*,*,#6098,.F.);
#3796=ORIENTED_EDGE('',*,*,#6099,.F.);
#3797=ORIENTED_EDGE('',*,*,#6100,.T.);
#3798=ORIENTED_EDGE('',*,*,#6101,.F.);
#3799=ORIENTED_EDGE('',*,*,#6102,.F.);
#3800=ORIENTED_EDGE('',*,*,#6103,.F.);
#3801=ORIENTED_EDGE('',*,*,#6104,.T.);
#3802=ORIENTED_EDGE('',*,*,#6102,.T.);
#3803=ORIENTED_EDGE('',*,*,#6105,.T.);
#3804=ORIENTED_EDGE('',*,*,#6106,.F.);
#3805=ORIENTED_EDGE('',*,*,#6107,.T.);
#3806=ORIENTED_EDGE('',*,*,#6103,.T.);
#3807=ORIENTED_EDGE('',*,*,#6108,.T.);
#3808=ORIENTED_EDGE('',*,*,#6109,.F.);
#3809=ORIENTED_EDGE('',*,*,#6110,.T.);
#3810=ORIENTED_EDGE('',*,*,#6106,.T.);
#3811=ORIENTED_EDGE('',*,*,#6111,.T.);
#3812=ORIENTED_EDGE('',*,*,#6112,.F.);
#3813=ORIENTED_EDGE('',*,*,#6109,.T.);
#3814=ORIENTED_EDGE('',*,*,#6113,.F.);
#3815=ORIENTED_EDGE('',*,*,#6114,.F.);
#3816=ORIENTED_EDGE('',*,*,#6115,.F.);
#3817=ORIENTED_EDGE('',*,*,#6114,.T.);
#3818=ORIENTED_EDGE('',*,*,#6116,.F.);
#3819=ORIENTED_EDGE('',*,*,#6117,.F.);
#3820=ORIENTED_EDGE('',*,*,#6118,.F.);
#3821=ORIENTED_EDGE('',*,*,#6119,.T.);
#3822=ORIENTED_EDGE('',*,*,#6117,.T.);
#3823=ORIENTED_EDGE('',*,*,#6120,.T.);
#3824=ORIENTED_EDGE('',*,*,#6121,.T.);
#3825=ORIENTED_EDGE('',*,*,#6118,.T.);
#3826=ORIENTED_EDGE('',*,*,#6122,.F.);
#3827=ORIENTED_EDGE('',*,*,#6123,.F.);
#3828=ORIENTED_EDGE('',*,*,#6124,.T.);
#3829=ORIENTED_EDGE('',*,*,#6054,.F.);
#3830=ORIENTED_EDGE('',*,*,#4959,.T.);
#3831=ORIENTED_EDGE('',*,*,#6078,.T.);
#3832=ORIENTED_EDGE('',*,*,#6125,.F.);
#3833=ORIENTED_EDGE('',*,*,#6123,.T.);
#3834=ORIENTED_EDGE('',*,*,#6126,.F.);
#3835=ORIENTED_EDGE('',*,*,#6127,.F.);
#3836=ORIENTED_EDGE('',*,*,#6128,.F.);
#3837=ORIENTED_EDGE('',*,*,#6129,.T.);
#3838=ORIENTED_EDGE('',*,*,#6127,.T.);
#3839=ORIENTED_EDGE('',*,*,#6130,.T.);
#3840=ORIENTED_EDGE('',*,*,#6131,.F.);
#3841=ORIENTED_EDGE('',*,*,#6132,.T.);
#3842=ORIENTED_EDGE('',*,*,#6128,.T.);
#3843=ORIENTED_EDGE('',*,*,#6133,.T.);
#3844=ORIENTED_EDGE('',*,*,#6134,.F.);
#3845=ORIENTED_EDGE('',*,*,#6131,.T.);
#3846=ORIENTED_EDGE('',*,*,#6135,.F.);
#3847=ORIENTED_EDGE('',*,*,#6136,.F.);
#3848=ORIENTED_EDGE('',*,*,#6137,.F.);
#3849=ORIENTED_EDGE('',*,*,#6136,.T.);
#3850=ORIENTED_EDGE('',*,*,#6138,.F.);
#3851=ORIENTED_EDGE('',*,*,#6139,.F.);
#3852=ORIENTED_EDGE('',*,*,#6140,.F.);
#3853=ORIENTED_EDGE('',*,*,#6139,.T.);
#3854=ORIENTED_EDGE('',*,*,#6141,.F.);
#3855=ORIENTED_EDGE('',*,*,#6142,.F.);
#3856=ORIENTED_EDGE('',*,*,#6143,.F.);
#3857=ORIENTED_EDGE('',*,*,#6144,.T.);
#3858=ORIENTED_EDGE('',*,*,#6142,.T.);
#3859=ORIENTED_EDGE('',*,*,#6145,.T.);
#3860=ORIENTED_EDGE('',*,*,#6146,.T.);
#3861=ORIENTED_EDGE('',*,*,#6143,.T.);
#3862=ORIENTED_EDGE('',*,*,#6147,.F.);
#3863=ORIENTED_EDGE('',*,*,#6148,.T.);
#3864=ORIENTED_EDGE('',*,*,#6149,.F.);
#3865=ORIENTED_EDGE('',*,*,#6150,.F.);
#3866=ORIENTED_EDGE('',*,*,#6151,.F.);
#3867=ORIENTED_EDGE('',*,*,#6148,.F.);
#3868=ORIENTED_EDGE('',*,*,#6152,.F.);
#3869=ORIENTED_EDGE('',*,*,#6150,.T.);
#3870=ORIENTED_EDGE('',*,*,#6153,.T.);
#3871=ORIENTED_EDGE('',*,*,#6154,.T.);
#3872=ORIENTED_EDGE('',*,*,#6155,.F.);
#3873=ORIENTED_EDGE('',*,*,#6156,.F.);
#3874=ORIENTED_EDGE('',*,*,#6157,.F.);
#3875=ORIENTED_EDGE('',*,*,#6154,.F.);
#3876=ORIENTED_EDGE('',*,*,#6158,.F.);
#3877=ORIENTED_EDGE('',*,*,#6159,.F.);
#3878=ORIENTED_EDGE('',*,*,#6156,.T.);
#3879=ORIENTED_EDGE('',*,*,#6160,.T.);
#3880=ORIENTED_EDGE('',*,*,#6161,.F.);
#3881=ORIENTED_EDGE('',*,*,#6158,.T.);
#3882=ORIENTED_EDGE('',*,*,#6162,.F.);
#3883=ORIENTED_EDGE('',*,*,#6163,.F.);
#3884=ORIENTED_EDGE('',*,*,#6164,.F.);
#3885=ORIENTED_EDGE('',*,*,#6165,.T.);
#3886=ORIENTED_EDGE('',*,*,#6163,.T.);
#3887=ORIENTED_EDGE('',*,*,#6166,.T.);
#3888=ORIENTED_EDGE('',*,*,#6167,.F.);
#3889=ORIENTED_EDGE('',*,*,#6168,.T.);
#3890=ORIENTED_EDGE('',*,*,#6164,.T.);
#3891=ORIENTED_EDGE('',*,*,#6169,.T.);
#3892=ORIENTED_EDGE('',*,*,#6170,.F.);
#3893=ORIENTED_EDGE('',*,*,#6171,.T.);
#3894=ORIENTED_EDGE('',*,*,#6167,.T.);
#3895=ORIENTED_EDGE('',*,*,#6172,.T.);
#3896=ORIENTED_EDGE('',*,*,#6173,.F.);
#3897=ORIENTED_EDGE('',*,*,#6170,.T.);
#3898=ORIENTED_EDGE('',*,*,#6174,.F.);
#3899=ORIENTED_EDGE('',*,*,#6175,.F.);
#3900=ORIENTED_EDGE('',*,*,#6176,.F.);
#3901=ORIENTED_EDGE('',*,*,#6175,.T.);
#3902=ORIENTED_EDGE('',*,*,#6177,.F.);
#3903=ORIENTED_EDGE('',*,*,#6178,.F.);
#3904=ORIENTED_EDGE('',*,*,#6179,.F.);
#3905=ORIENTED_EDGE('',*,*,#6180,.T.);
#3906=ORIENTED_EDGE('',*,*,#6178,.T.);
#3907=ORIENTED_EDGE('',*,*,#6181,.T.);
#3908=ORIENTED_EDGE('',*,*,#6182,.F.);
#3909=ORIENTED_EDGE('',*,*,#6183,.F.);
#3910=ORIENTED_EDGE('',*,*,#6179,.T.);
#3911=ORIENTED_EDGE('',*,*,#6184,.T.);
#3912=ORIENTED_EDGE('',*,*,#6185,.F.);
#3913=ORIENTED_EDGE('',*,*,#6182,.T.);
#3914=ORIENTED_EDGE('',*,*,#6186,.F.);
#3915=ORIENTED_EDGE('',*,*,#6187,.F.);
#3916=ORIENTED_EDGE('',*,*,#6188,.F.);
#3917=ORIENTED_EDGE('',*,*,#6189,.T.);
#3918=ORIENTED_EDGE('',*,*,#6187,.T.);
#3919=ORIENTED_EDGE('',*,*,#6190,.T.);
#3920=ORIENTED_EDGE('',*,*,#6191,.F.);
#3921=ORIENTED_EDGE('',*,*,#6192,.T.);
#3922=ORIENTED_EDGE('',*,*,#6188,.T.);
#3923=ORIENTED_EDGE('',*,*,#6193,.T.);
#3924=ORIENTED_EDGE('',*,*,#6194,.F.);
#3925=ORIENTED_EDGE('',*,*,#6195,.T.);
#3926=ORIENTED_EDGE('',*,*,#6191,.T.);
#3927=ORIENTED_EDGE('',*,*,#6196,.T.);
#3928=ORIENTED_EDGE('',*,*,#6197,.F.);
#3929=ORIENTED_EDGE('',*,*,#6194,.T.);
#3930=ORIENTED_EDGE('',*,*,#6198,.F.);
#3931=ORIENTED_EDGE('',*,*,#6199,.F.);
#3932=ORIENTED_EDGE('',*,*,#6200,.F.);
#3933=ORIENTED_EDGE('',*,*,#6199,.T.);
#3934=ORIENTED_EDGE('',*,*,#6201,.F.);
#3935=ORIENTED_EDGE('',*,*,#6202,.F.);
#3936=ORIENTED_EDGE('',*,*,#6203,.F.);
#3937=ORIENTED_EDGE('',*,*,#6204,.T.);
#3938=ORIENTED_EDGE('',*,*,#6202,.T.);
#3939=ORIENTED_EDGE('',*,*,#6205,.T.);
#3940=ORIENTED_EDGE('',*,*,#6206,.F.);
#3941=ORIENTED_EDGE('',*,*,#6207,.T.);
#3942=ORIENTED_EDGE('',*,*,#6208,.F.);
#3943=ORIENTED_EDGE('',*,*,#6099,.T.);
#3944=ORIENTED_EDGE('',*,*,#6104,.F.);
#3945=ORIENTED_EDGE('',*,*,#6107,.F.);
#3946=ORIENTED_EDGE('',*,*,#6110,.F.);
#3947=ORIENTED_EDGE('',*,*,#6112,.T.);
#3948=ORIENTED_EDGE('',*,*,#6115,.T.);
#3949=ORIENTED_EDGE('',*,*,#6119,.F.);
#3950=ORIENTED_EDGE('',*,*,#6121,.F.);
#3951=ORIENTED_EDGE('',*,*,#6077,.T.);
#3952=ORIENTED_EDGE('',*,*,#6081,.F.);
#3953=ORIENTED_EDGE('',*,*,#6084,.T.);
#3954=ORIENTED_EDGE('',*,*,#6087,.T.);
#3955=ORIENTED_EDGE('',*,*,#6092,.T.);
#3956=ORIENTED_EDGE('',*,*,#6093,.T.);
#3957=ORIENTED_EDGE('',*,*,#6097,.F.);
#3958=ORIENTED_EDGE('',*,*,#6209,.F.);
#3959=ORIENTED_EDGE('',*,*,#6210,.T.);
#3960=ORIENTED_EDGE('',*,*,#6211,.T.);
#3961=ORIENTED_EDGE('',*,*,#6212,.F.);
#3962=ORIENTED_EDGE('',*,*,#6213,.T.);
#3963=ORIENTED_EDGE('',*,*,#6098,.T.);
#3964=ORIENTED_EDGE('',*,*,#6094,.F.);
#3965=ORIENTED_EDGE('',*,*,#6090,.F.);
#3966=ORIENTED_EDGE('',*,*,#6088,.F.);
#3967=ORIENTED_EDGE('',*,*,#6085,.F.);
#3968=ORIENTED_EDGE('',*,*,#6082,.T.);
#3969=ORIENTED_EDGE('',*,*,#6079,.F.);
#3970=ORIENTED_EDGE('',*,*,#6076,.F.);
#3971=ORIENTED_EDGE('',*,*,#6074,.F.);
#3972=ORIENTED_EDGE('',*,*,#6071,.T.);
#3973=ORIENTED_EDGE('',*,*,#6069,.T.);
#3974=ORIENTED_EDGE('',*,*,#6068,.F.);
#3975=ORIENTED_EDGE('',*,*,#6066,.F.);
#3976=ORIENTED_EDGE('',*,*,#6064,.F.);
#3977=ORIENTED_EDGE('',*,*,#6062,.F.);
#3978=ORIENTED_EDGE('',*,*,#6059,.T.);
#3979=ORIENTED_EDGE('',*,*,#6058,.F.);
#3980=ORIENTED_EDGE('',*,*,#6056,.F.);
#3981=ORIENTED_EDGE('',*,*,#6052,.T.);
#3982=ORIENTED_EDGE('',*,*,#6050,.F.);
#3983=ORIENTED_EDGE('',*,*,#6047,.T.);
#3984=ORIENTED_EDGE('',*,*,#6046,.F.);
#3985=ORIENTED_EDGE('',*,*,#6042,.F.);
#3986=ORIENTED_EDGE('',*,*,#6039,.T.);
#3987=ORIENTED_EDGE('',*,*,#6036,.F.);
#3988=ORIENTED_EDGE('',*,*,#6034,.F.);
#3989=ORIENTED_EDGE('',*,*,#6031,.T.);
#3990=ORIENTED_EDGE('',*,*,#6028,.F.);
#3991=ORIENTED_EDGE('',*,*,#6024,.T.);
#3992=ORIENTED_EDGE('',*,*,#6214,.T.);
#3993=ORIENTED_EDGE('',*,*,#6215,.F.);
#3994=ORIENTED_EDGE('',*,*,#6216,.F.);
#3995=ORIENTED_EDGE('',*,*,#6217,.F.);
#3996=ORIENTED_EDGE('',*,*,#6218,.F.);
#3997=ORIENTED_EDGE('',*,*,#6219,.F.);
#3998=ORIENTED_EDGE('',*,*,#6220,.F.);
#3999=ORIENTED_EDGE('',*,*,#6221,.F.);
#4000=ORIENTED_EDGE('',*,*,#6222,.F.);
#4001=ORIENTED_EDGE('',*,*,#6223,.F.);
#4002=ORIENTED_EDGE('',*,*,#6224,.F.);
#4003=ORIENTED_EDGE('',*,*,#6225,.F.);
#4004=ORIENTED_EDGE('',*,*,#6226,.F.);
#4005=ORIENTED_EDGE('',*,*,#6227,.F.);
#4006=ORIENTED_EDGE('',*,*,#6228,.F.);
#4007=ORIENTED_EDGE('',*,*,#6229,.F.);
#4008=ORIENTED_EDGE('',*,*,#6230,.F.);
#4009=ORIENTED_EDGE('',*,*,#6231,.F.);
#4010=ORIENTED_EDGE('',*,*,#6232,.T.);
#4011=ORIENTED_EDGE('',*,*,#6233,.F.);
#4012=ORIENTED_EDGE('',*,*,#6205,.F.);
#4013=ORIENTED_EDGE('',*,*,#6201,.T.);
#4014=ORIENTED_EDGE('',*,*,#6198,.T.);
#4015=ORIENTED_EDGE('',*,*,#6196,.F.);
#4016=ORIENTED_EDGE('',*,*,#6193,.F.);
#4017=ORIENTED_EDGE('',*,*,#6190,.F.);
#4018=ORIENTED_EDGE('',*,*,#6186,.T.);
#4019=ORIENTED_EDGE('',*,*,#6184,.F.);
#4020=ORIENTED_EDGE('',*,*,#6181,.F.);
#4021=ORIENTED_EDGE('',*,*,#6177,.T.);
#4022=ORIENTED_EDGE('',*,*,#6174,.T.);
#4023=ORIENTED_EDGE('',*,*,#6172,.F.);
#4024=ORIENTED_EDGE('',*,*,#6169,.F.);
#4025=ORIENTED_EDGE('',*,*,#6166,.F.);
#4026=ORIENTED_EDGE('',*,*,#6162,.T.);
#4027=ORIENTED_EDGE('',*,*,#6160,.F.);
#4028=ORIENTED_EDGE('',*,*,#6155,.T.);
#4029=ORIENTED_EDGE('',*,*,#6153,.F.);
#4030=ORIENTED_EDGE('',*,*,#6149,.T.);
#4031=ORIENTED_EDGE('',*,*,#6147,.T.);
#4032=ORIENTED_EDGE('',*,*,#6145,.F.);
#4033=ORIENTED_EDGE('',*,*,#6141,.T.);
#4034=ORIENTED_EDGE('',*,*,#6138,.T.);
#4035=ORIENTED_EDGE('',*,*,#6135,.T.);
#4036=ORIENTED_EDGE('',*,*,#6133,.F.);
#4037=ORIENTED_EDGE('',*,*,#6130,.F.);
#4038=ORIENTED_EDGE('',*,*,#6126,.T.);
#4039=ORIENTED_EDGE('',*,*,#6122,.T.);
#4040=ORIENTED_EDGE('',*,*,#6120,.F.);
#4041=ORIENTED_EDGE('',*,*,#6116,.T.);
#4042=ORIENTED_EDGE('',*,*,#6113,.T.);
#4043=ORIENTED_EDGE('',*,*,#6111,.F.);
#4044=ORIENTED_EDGE('',*,*,#6108,.F.);
#4045=ORIENTED_EDGE('',*,*,#6105,.F.);
#4046=ORIENTED_EDGE('',*,*,#6101,.T.);
#4047=ORIENTED_EDGE('',*,*,#6022,.T.);
#4048=ORIENTED_EDGE('',*,*,#6019,.F.);
#4049=ORIENTED_EDGE('',*,*,#6016,.T.);
#4050=ORIENTED_EDGE('',*,*,#6013,.F.);
#4051=ORIENTED_EDGE('',*,*,#6010,.F.);
#4052=ORIENTED_EDGE('',*,*,#6007,.F.);
#4053=ORIENTED_EDGE('',*,*,#6004,.F.);
#4054=ORIENTED_EDGE('',*,*,#6001,.F.);
#4055=ORIENTED_EDGE('',*,*,#5998,.F.);
#4056=ORIENTED_EDGE('',*,*,#5994,.F.);
#4057=ORIENTED_EDGE('',*,*,#5992,.F.);
#4058=ORIENTED_EDGE('',*,*,#5989,.F.);
#4059=ORIENTED_EDGE('',*,*,#5986,.F.);
#4060=ORIENTED_EDGE('',*,*,#5983,.T.);
#4061=ORIENTED_EDGE('',*,*,#5980,.F.);
#4062=ORIENTED_EDGE('',*,*,#5977,.T.);
#4063=ORIENTED_EDGE('',*,*,#5973,.T.);
#4064=ORIENTED_EDGE('',*,*,#5970,.T.);
#4065=ORIENTED_EDGE('',*,*,#5969,.T.);
#4066=ORIENTED_EDGE('',*,*,#5965,.F.);
#4067=ORIENTED_EDGE('',*,*,#5962,.F.);
#4068=ORIENTED_EDGE('',*,*,#5959,.F.);
#4069=ORIENTED_EDGE('',*,*,#5956,.F.);
#4070=ORIENTED_EDGE('',*,*,#5953,.T.);
#4071=ORIENTED_EDGE('',*,*,#5950,.F.);
#4072=ORIENTED_EDGE('',*,*,#5948,.F.);
#4073=ORIENTED_EDGE('',*,*,#5946,.F.);
#4074=ORIENTED_EDGE('',*,*,#5943,.T.);
#4075=ORIENTED_EDGE('',*,*,#5941,.T.);
#4076=ORIENTED_EDGE('',*,*,#5940,.F.);
#4077=ORIENTED_EDGE('',*,*,#5938,.F.);
#4078=ORIENTED_EDGE('',*,*,#5936,.F.);
#4079=ORIENTED_EDGE('',*,*,#5934,.F.);
#4080=ORIENTED_EDGE('',*,*,#5931,.T.);
#4081=ORIENTED_EDGE('',*,*,#5930,.F.);
#4082=ORIENTED_EDGE('',*,*,#5928,.F.);
#4083=ORIENTED_EDGE('',*,*,#5925,.T.);
#4084=ORIENTED_EDGE('',*,*,#5923,.F.);
#4085=ORIENTED_EDGE('',*,*,#5920,.T.);
#4086=ORIENTED_EDGE('',*,*,#5919,.F.);
#4087=ORIENTED_EDGE('',*,*,#5915,.F.);
#4088=ORIENTED_EDGE('',*,*,#5912,.T.);
#4089=ORIENTED_EDGE('',*,*,#5909,.F.);
#4090=ORIENTED_EDGE('',*,*,#5907,.F.);
#4091=ORIENTED_EDGE('',*,*,#5904,.T.);
#4092=ORIENTED_EDGE('',*,*,#5901,.F.);
#4093=ORIENTED_EDGE('',*,*,#5897,.T.);
#4094=ORIENTED_EDGE('',*,*,#5896,.T.);
#4095=ORIENTED_EDGE('',*,*,#5892,.T.);
#4096=ORIENTED_EDGE('',*,*,#5889,.T.);
#4097=ORIENTED_EDGE('',*,*,#5888,.F.);
#4098=ORIENTED_EDGE('',*,*,#5885,.T.);
#4099=ORIENTED_EDGE('',*,*,#5883,.F.);
#4100=ORIENTED_EDGE('',*,*,#5880,.T.);
#4101=ORIENTED_EDGE('',*,*,#5878,.T.);
#4102=ORIENTED_EDGE('',*,*,#5877,.F.);
#4103=ORIENTED_EDGE('',*,*,#5874,.T.);
#4104=ORIENTED_EDGE('',*,*,#5872,.T.);
#4105=ORIENTED_EDGE('',*,*,#5870,.T.);
#4106=ORIENTED_EDGE('',*,*,#5868,.T.);
#4107=ORIENTED_EDGE('',*,*,#5867,.F.);
#4108=ORIENTED_EDGE('',*,*,#5865,.F.);
#4109=ORIENTED_EDGE('',*,*,#5862,.T.);
#4110=ORIENTED_EDGE('',*,*,#5860,.T.);
#4111=ORIENTED_EDGE('',*,*,#5858,.F.);
#4112=ORIENTED_EDGE('',*,*,#5855,.T.);
#4113=ORIENTED_EDGE('',*,*,#5852,.F.);
#4114=ORIENTED_EDGE('',*,*,#5849,.T.);
#4115=ORIENTED_EDGE('',*,*,#5846,.F.);
#4116=ORIENTED_EDGE('',*,*,#5843,.F.);
#4117=ORIENTED_EDGE('',*,*,#5840,.F.);
#4118=ORIENTED_EDGE('',*,*,#5837,.F.);
#4119=ORIENTED_EDGE('',*,*,#5834,.F.);
#4120=ORIENTED_EDGE('',*,*,#5831,.T.);
#4121=ORIENTED_EDGE('',*,*,#5828,.F.);
#4122=ORIENTED_EDGE('',*,*,#5825,.T.);
#4123=ORIENTED_EDGE('',*,*,#5822,.F.);
#4124=ORIENTED_EDGE('',*,*,#5819,.F.);
#4125=ORIENTED_EDGE('',*,*,#5816,.F.);
#4126=ORIENTED_EDGE('',*,*,#5813,.F.);
#4127=ORIENTED_EDGE('',*,*,#5810,.F.);
#4128=ORIENTED_EDGE('',*,*,#5807,.T.);
#4129=ORIENTED_EDGE('',*,*,#5804,.F.);
#4130=ORIENTED_EDGE('',*,*,#5801,.T.);
#4131=ORIENTED_EDGE('',*,*,#5798,.F.);
#4132=ORIENTED_EDGE('',*,*,#5795,.F.);
#4133=ORIENTED_EDGE('',*,*,#5792,.F.);
#4134=ORIENTED_EDGE('',*,*,#5789,.F.);
#4135=ORIENTED_EDGE('',*,*,#5786,.F.);
#4136=ORIENTED_EDGE('',*,*,#5783,.T.);
#4137=ORIENTED_EDGE('',*,*,#5780,.F.);
#4138=ORIENTED_EDGE('',*,*,#5777,.T.);
#4139=ORIENTED_EDGE('',*,*,#5774,.F.);
#4140=ORIENTED_EDGE('',*,*,#5771,.F.);
#4141=ORIENTED_EDGE('',*,*,#5768,.F.);
#4142=ORIENTED_EDGE('',*,*,#5765,.F.);
#4143=ORIENTED_EDGE('',*,*,#5762,.F.);
#4144=ORIENTED_EDGE('',*,*,#5759,.T.);
#4145=ORIENTED_EDGE('',*,*,#5756,.F.);
#4146=ORIENTED_EDGE('',*,*,#5753,.T.);
#4147=ORIENTED_EDGE('',*,*,#5750,.F.);
#4148=ORIENTED_EDGE('',*,*,#5747,.F.);
#4149=ORIENTED_EDGE('',*,*,#5744,.F.);
#4150=ORIENTED_EDGE('',*,*,#5741,.F.);
#4151=ORIENTED_EDGE('',*,*,#5738,.F.);
#4152=ORIENTED_EDGE('',*,*,#5735,.T.);
#4153=ORIENTED_EDGE('',*,*,#5732,.F.);
#4154=ORIENTED_EDGE('',*,*,#5729,.T.);
#4155=ORIENTED_EDGE('',*,*,#5726,.F.);
#4156=ORIENTED_EDGE('',*,*,#5723,.F.);
#4157=ORIENTED_EDGE('',*,*,#5720,.F.);
#4158=ORIENTED_EDGE('',*,*,#5717,.F.);
#4159=ORIENTED_EDGE('',*,*,#5714,.F.);
#4160=ORIENTED_EDGE('',*,*,#5711,.T.);
#4161=ORIENTED_EDGE('',*,*,#5708,.F.);
#4162=ORIENTED_EDGE('',*,*,#5705,.T.);
#4163=ORIENTED_EDGE('',*,*,#5702,.F.);
#4164=ORIENTED_EDGE('',*,*,#5699,.F.);
#4165=ORIENTED_EDGE('',*,*,#5696,.F.);
#4166=ORIENTED_EDGE('',*,*,#5693,.F.);
#4167=ORIENTED_EDGE('',*,*,#5690,.F.);
#4168=ORIENTED_EDGE('',*,*,#5687,.T.);
#4169=ORIENTED_EDGE('',*,*,#5684,.F.);
#4170=ORIENTED_EDGE('',*,*,#5681,.T.);
#4171=ORIENTED_EDGE('',*,*,#5678,.F.);
#4172=ORIENTED_EDGE('',*,*,#5675,.F.);
#4173=ORIENTED_EDGE('',*,*,#5672,.F.);
#4174=ORIENTED_EDGE('',*,*,#5669,.F.);
#4175=ORIENTED_EDGE('',*,*,#5666,.F.);
#4176=ORIENTED_EDGE('',*,*,#5663,.T.);
#4177=ORIENTED_EDGE('',*,*,#5660,.F.);
#4178=ORIENTED_EDGE('',*,*,#5657,.T.);
#4179=ORIENTED_EDGE('',*,*,#5654,.F.);
#4180=ORIENTED_EDGE('',*,*,#5651,.F.);
#4181=ORIENTED_EDGE('',*,*,#5648,.F.);
#4182=ORIENTED_EDGE('',*,*,#5645,.F.);
#4183=ORIENTED_EDGE('',*,*,#5642,.F.);
#4184=ORIENTED_EDGE('',*,*,#5639,.T.);
#4185=ORIENTED_EDGE('',*,*,#5636,.F.);
#4186=ORIENTED_EDGE('',*,*,#5633,.T.);
#4187=ORIENTED_EDGE('',*,*,#5630,.F.);
#4188=ORIENTED_EDGE('',*,*,#5627,.F.);
#4189=ORIENTED_EDGE('',*,*,#5624,.F.);
#4190=ORIENTED_EDGE('',*,*,#5621,.F.);
#4191=ORIENTED_EDGE('',*,*,#5618,.F.);
#4192=ORIENTED_EDGE('',*,*,#5615,.T.);
#4193=ORIENTED_EDGE('',*,*,#5612,.F.);
#4194=ORIENTED_EDGE('',*,*,#5609,.T.);
#4195=ORIENTED_EDGE('',*,*,#5606,.F.);
#4196=ORIENTED_EDGE('',*,*,#5603,.F.);
#4197=ORIENTED_EDGE('',*,*,#5600,.F.);
#4198=ORIENTED_EDGE('',*,*,#5597,.F.);
#4199=ORIENTED_EDGE('',*,*,#5594,.F.);
#4200=ORIENTED_EDGE('',*,*,#5591,.T.);
#4201=ORIENTED_EDGE('',*,*,#5588,.F.);
#4202=ORIENTED_EDGE('',*,*,#5585,.T.);
#4203=ORIENTED_EDGE('',*,*,#5582,.F.);
#4204=ORIENTED_EDGE('',*,*,#5579,.F.);
#4205=ORIENTED_EDGE('',*,*,#5576,.F.);
#4206=ORIENTED_EDGE('',*,*,#5573,.F.);
#4207=ORIENTED_EDGE('',*,*,#5570,.F.);
#4208=ORIENTED_EDGE('',*,*,#5567,.T.);
#4209=ORIENTED_EDGE('',*,*,#5564,.F.);
#4210=ORIENTED_EDGE('',*,*,#5561,.T.);
#4211=ORIENTED_EDGE('',*,*,#5558,.F.);
#4212=ORIENTED_EDGE('',*,*,#5555,.F.);
#4213=ORIENTED_EDGE('',*,*,#5552,.F.);
#4214=ORIENTED_EDGE('',*,*,#5549,.F.);
#4215=ORIENTED_EDGE('',*,*,#5546,.F.);
#4216=ORIENTED_EDGE('',*,*,#5543,.T.);
#4217=ORIENTED_EDGE('',*,*,#5540,.F.);
#4218=ORIENTED_EDGE('',*,*,#5537,.T.);
#4219=ORIENTED_EDGE('',*,*,#5534,.F.);
#4220=ORIENTED_EDGE('',*,*,#5531,.F.);
#4221=ORIENTED_EDGE('',*,*,#5528,.F.);
#4222=ORIENTED_EDGE('',*,*,#5525,.F.);
#4223=ORIENTED_EDGE('',*,*,#5522,.F.);
#4224=ORIENTED_EDGE('',*,*,#5519,.T.);
#4225=ORIENTED_EDGE('',*,*,#5516,.F.);
#4226=ORIENTED_EDGE('',*,*,#5513,.T.);
#4227=ORIENTED_EDGE('',*,*,#5510,.F.);
#4228=ORIENTED_EDGE('',*,*,#5507,.F.);
#4229=ORIENTED_EDGE('',*,*,#5504,.F.);
#4230=ORIENTED_EDGE('',*,*,#5501,.F.);
#4231=ORIENTED_EDGE('',*,*,#5498,.F.);
#4232=ORIENTED_EDGE('',*,*,#5495,.T.);
#4233=ORIENTED_EDGE('',*,*,#5492,.F.);
#4234=ORIENTED_EDGE('',*,*,#5489,.T.);
#4235=ORIENTED_EDGE('',*,*,#5486,.F.);
#4236=ORIENTED_EDGE('',*,*,#5483,.F.);
#4237=ORIENTED_EDGE('',*,*,#5480,.F.);
#4238=ORIENTED_EDGE('',*,*,#5477,.F.);
#4239=ORIENTED_EDGE('',*,*,#5474,.F.);
#4240=ORIENTED_EDGE('',*,*,#5471,.T.);
#4241=ORIENTED_EDGE('',*,*,#5468,.F.);
#4242=ORIENTED_EDGE('',*,*,#5465,.T.);
#4243=ORIENTED_EDGE('',*,*,#5462,.F.);
#4244=ORIENTED_EDGE('',*,*,#5459,.F.);
#4245=ORIENTED_EDGE('',*,*,#5456,.F.);
#4246=ORIENTED_EDGE('',*,*,#5453,.F.);
#4247=ORIENTED_EDGE('',*,*,#5450,.F.);
#4248=ORIENTED_EDGE('',*,*,#5447,.T.);
#4249=ORIENTED_EDGE('',*,*,#5444,.F.);
#4250=ORIENTED_EDGE('',*,*,#5441,.T.);
#4251=ORIENTED_EDGE('',*,*,#5438,.F.);
#4252=ORIENTED_EDGE('',*,*,#5435,.F.);
#4253=ORIENTED_EDGE('',*,*,#5432,.F.);
#4254=ORIENTED_EDGE('',*,*,#5429,.F.);
#4255=ORIENTED_EDGE('',*,*,#5426,.F.);
#4256=ORIENTED_EDGE('',*,*,#5423,.T.);
#4257=ORIENTED_EDGE('',*,*,#5420,.F.);
#4258=ORIENTED_EDGE('',*,*,#5417,.T.);
#4259=ORIENTED_EDGE('',*,*,#5414,.F.);
#4260=ORIENTED_EDGE('',*,*,#5411,.F.);
#4261=ORIENTED_EDGE('',*,*,#5408,.F.);
#4262=ORIENTED_EDGE('',*,*,#5405,.F.);
#4263=ORIENTED_EDGE('',*,*,#5402,.F.);
#4264=ORIENTED_EDGE('',*,*,#5399,.T.);
#4265=ORIENTED_EDGE('',*,*,#5396,.F.);
#4266=ORIENTED_EDGE('',*,*,#5393,.T.);
#4267=ORIENTED_EDGE('',*,*,#5390,.F.);
#4268=ORIENTED_EDGE('',*,*,#5387,.F.);
#4269=ORIENTED_EDGE('',*,*,#5384,.F.);
#4270=ORIENTED_EDGE('',*,*,#5381,.F.);
#4271=ORIENTED_EDGE('',*,*,#5378,.F.);
#4272=ORIENTED_EDGE('',*,*,#5375,.T.);
#4273=ORIENTED_EDGE('',*,*,#5372,.F.);
#4274=ORIENTED_EDGE('',*,*,#5369,.T.);
#4275=ORIENTED_EDGE('',*,*,#5366,.F.);
#4276=ORIENTED_EDGE('',*,*,#5363,.F.);
#4277=ORIENTED_EDGE('',*,*,#5360,.F.);
#4278=ORIENTED_EDGE('',*,*,#5357,.F.);
#4279=ORIENTED_EDGE('',*,*,#5354,.F.);
#4280=ORIENTED_EDGE('',*,*,#5351,.T.);
#4281=ORIENTED_EDGE('',*,*,#5348,.F.);
#4282=ORIENTED_EDGE('',*,*,#5345,.T.);
#4283=ORIENTED_EDGE('',*,*,#5342,.F.);
#4284=ORIENTED_EDGE('',*,*,#5339,.F.);
#4285=ORIENTED_EDGE('',*,*,#5336,.F.);
#4286=ORIENTED_EDGE('',*,*,#5333,.F.);
#4287=ORIENTED_EDGE('',*,*,#5330,.F.);
#4288=ORIENTED_EDGE('',*,*,#5327,.T.);
#4289=ORIENTED_EDGE('',*,*,#5324,.F.);
#4290=ORIENTED_EDGE('',*,*,#5321,.T.);
#4291=ORIENTED_EDGE('',*,*,#5318,.F.);
#4292=ORIENTED_EDGE('',*,*,#5315,.F.);
#4293=ORIENTED_EDGE('',*,*,#5312,.F.);
#4294=ORIENTED_EDGE('',*,*,#5309,.F.);
#4295=ORIENTED_EDGE('',*,*,#5306,.F.);
#4296=ORIENTED_EDGE('',*,*,#5303,.T.);
#4297=ORIENTED_EDGE('',*,*,#5300,.F.);
#4298=ORIENTED_EDGE('',*,*,#5297,.T.);
#4299=ORIENTED_EDGE('',*,*,#5294,.F.);
#4300=ORIENTED_EDGE('',*,*,#5291,.F.);
#4301=ORIENTED_EDGE('',*,*,#5288,.F.);
#4302=ORIENTED_EDGE('',*,*,#5285,.F.);
#4303=ORIENTED_EDGE('',*,*,#5282,.F.);
#4304=ORIENTED_EDGE('',*,*,#5279,.T.);
#4305=ORIENTED_EDGE('',*,*,#5276,.F.);
#4306=ORIENTED_EDGE('',*,*,#5273,.T.);
#4307=ORIENTED_EDGE('',*,*,#5270,.F.);
#4308=ORIENTED_EDGE('',*,*,#5267,.F.);
#4309=ORIENTED_EDGE('',*,*,#5264,.F.);
#4310=ORIENTED_EDGE('',*,*,#5261,.F.);
#4311=ORIENTED_EDGE('',*,*,#5258,.F.);
#4312=ORIENTED_EDGE('',*,*,#5255,.T.);
#4313=ORIENTED_EDGE('',*,*,#5252,.F.);
#4314=ORIENTED_EDGE('',*,*,#5249,.T.);
#4315=ORIENTED_EDGE('',*,*,#5246,.F.);
#4316=ORIENTED_EDGE('',*,*,#5243,.F.);
#4317=ORIENTED_EDGE('',*,*,#5240,.F.);
#4318=ORIENTED_EDGE('',*,*,#5237,.F.);
#4319=ORIENTED_EDGE('',*,*,#5234,.F.);
#4320=ORIENTED_EDGE('',*,*,#5231,.T.);
#4321=ORIENTED_EDGE('',*,*,#5228,.F.);
#4322=ORIENTED_EDGE('',*,*,#5225,.T.);
#4323=ORIENTED_EDGE('',*,*,#5222,.F.);
#4324=ORIENTED_EDGE('',*,*,#5219,.F.);
#4325=ORIENTED_EDGE('',*,*,#5216,.F.);
#4326=ORIENTED_EDGE('',*,*,#5213,.F.);
#4327=ORIENTED_EDGE('',*,*,#5210,.F.);
#4328=ORIENTED_EDGE('',*,*,#5207,.T.);
#4329=ORIENTED_EDGE('',*,*,#5204,.F.);
#4330=ORIENTED_EDGE('',*,*,#5201,.T.);
#4331=ORIENTED_EDGE('',*,*,#5198,.F.);
#4332=ORIENTED_EDGE('',*,*,#5195,.F.);
#4333=ORIENTED_EDGE('',*,*,#5192,.F.);
#4334=ORIENTED_EDGE('',*,*,#5189,.F.);
#4335=ORIENTED_EDGE('',*,*,#5186,.F.);
#4336=ORIENTED_EDGE('',*,*,#5183,.T.);
#4337=ORIENTED_EDGE('',*,*,#5180,.F.);
#4338=ORIENTED_EDGE('',*,*,#5177,.T.);
#4339=ORIENTED_EDGE('',*,*,#5174,.F.);
#4340=ORIENTED_EDGE('',*,*,#5171,.F.);
#4341=ORIENTED_EDGE('',*,*,#5168,.F.);
#4342=ORIENTED_EDGE('',*,*,#5165,.F.);
#4343=ORIENTED_EDGE('',*,*,#5162,.F.);
#4344=ORIENTED_EDGE('',*,*,#5159,.T.);
#4345=ORIENTED_EDGE('',*,*,#5156,.F.);
#4346=ORIENTED_EDGE('',*,*,#5153,.T.);
#4347=ORIENTED_EDGE('',*,*,#5150,.F.);
#4348=ORIENTED_EDGE('',*,*,#5147,.F.);
#4349=ORIENTED_EDGE('',*,*,#5144,.F.);
#4350=ORIENTED_EDGE('',*,*,#5141,.F.);
#4351=ORIENTED_EDGE('',*,*,#5138,.F.);
#4352=ORIENTED_EDGE('',*,*,#5135,.T.);
#4353=ORIENTED_EDGE('',*,*,#5132,.F.);
#4354=ORIENTED_EDGE('',*,*,#5129,.T.);
#4355=ORIENTED_EDGE('',*,*,#5126,.F.);
#4356=ORIENTED_EDGE('',*,*,#5123,.F.);
#4357=ORIENTED_EDGE('',*,*,#5120,.F.);
#4358=ORIENTED_EDGE('',*,*,#5117,.F.);
#4359=ORIENTED_EDGE('',*,*,#5114,.F.);
#4360=ORIENTED_EDGE('',*,*,#5111,.T.);
#4361=ORIENTED_EDGE('',*,*,#5108,.F.);
#4362=ORIENTED_EDGE('',*,*,#5105,.T.);
#4363=ORIENTED_EDGE('',*,*,#5102,.F.);
#4364=ORIENTED_EDGE('',*,*,#5099,.F.);
#4365=ORIENTED_EDGE('',*,*,#5096,.F.);
#4366=ORIENTED_EDGE('',*,*,#5093,.F.);
#4367=ORIENTED_EDGE('',*,*,#5090,.F.);
#4368=ORIENTED_EDGE('',*,*,#5087,.T.);
#4369=ORIENTED_EDGE('',*,*,#5084,.F.);
#4370=ORIENTED_EDGE('',*,*,#5081,.T.);
#4371=ORIENTED_EDGE('',*,*,#5078,.F.);
#4372=ORIENTED_EDGE('',*,*,#5075,.F.);
#4373=ORIENTED_EDGE('',*,*,#5072,.F.);
#4374=ORIENTED_EDGE('',*,*,#5069,.F.);
#4375=ORIENTED_EDGE('',*,*,#5066,.F.);
#4376=ORIENTED_EDGE('',*,*,#5063,.T.);
#4377=ORIENTED_EDGE('',*,*,#5060,.F.);
#4378=ORIENTED_EDGE('',*,*,#5057,.T.);
#4379=ORIENTED_EDGE('',*,*,#5054,.F.);
#4380=ORIENTED_EDGE('',*,*,#5051,.F.);
#4381=ORIENTED_EDGE('',*,*,#5048,.F.);
#4382=ORIENTED_EDGE('',*,*,#5045,.F.);
#4383=ORIENTED_EDGE('',*,*,#5042,.F.);
#4384=ORIENTED_EDGE('',*,*,#5039,.T.);
#4385=ORIENTED_EDGE('',*,*,#5036,.F.);
#4386=ORIENTED_EDGE('',*,*,#5033,.T.);
#4387=ORIENTED_EDGE('',*,*,#5030,.F.);
#4388=ORIENTED_EDGE('',*,*,#5027,.F.);
#4389=ORIENTED_EDGE('',*,*,#5024,.F.);
#4390=ORIENTED_EDGE('',*,*,#5021,.F.);
#4391=ORIENTED_EDGE('',*,*,#5018,.F.);
#4392=ORIENTED_EDGE('',*,*,#5015,.T.);
#4393=ORIENTED_EDGE('',*,*,#5012,.F.);
#4394=ORIENTED_EDGE('',*,*,#5009,.T.);
#4395=ORIENTED_EDGE('',*,*,#5006,.F.);
#4396=ORIENTED_EDGE('',*,*,#5003,.F.);
#4397=ORIENTED_EDGE('',*,*,#5000,.F.);
#4398=ORIENTED_EDGE('',*,*,#4997,.F.);
#4399=ORIENTED_EDGE('',*,*,#6213,.F.);
#4400=ORIENTED_EDGE('',*,*,#6234,.T.);
#4401=ORIENTED_EDGE('',*,*,#6209,.T.);
#4402=ORIENTED_EDGE('',*,*,#6096,.T.);
#4403=ORIENTED_EDGE('',*,*,#5017,.T.);
#4404=ORIENTED_EDGE('',*,*,#4995,.T.);
#4405=ORIENTED_EDGE('',*,*,#4999,.T.);
#4406=ORIENTED_EDGE('',*,*,#5002,.T.);
#4407=ORIENTED_EDGE('',*,*,#5005,.T.);
#4408=ORIENTED_EDGE('',*,*,#5008,.F.);
#4409=ORIENTED_EDGE('',*,*,#5011,.T.);
#4410=ORIENTED_EDGE('',*,*,#5014,.F.);
#4411=ORIENTED_EDGE('',*,*,#5041,.T.);
#4412=ORIENTED_EDGE('',*,*,#5019,.T.);
#4413=ORIENTED_EDGE('',*,*,#5023,.T.);
#4414=ORIENTED_EDGE('',*,*,#5026,.T.);
#4415=ORIENTED_EDGE('',*,*,#5029,.T.);
#4416=ORIENTED_EDGE('',*,*,#5032,.F.);
#4417=ORIENTED_EDGE('',*,*,#5035,.T.);
#4418=ORIENTED_EDGE('',*,*,#5038,.F.);
#4419=ORIENTED_EDGE('',*,*,#5065,.T.);
#4420=ORIENTED_EDGE('',*,*,#5043,.T.);
#4421=ORIENTED_EDGE('',*,*,#5047,.T.);
#4422=ORIENTED_EDGE('',*,*,#5050,.T.);
#4423=ORIENTED_EDGE('',*,*,#5053,.T.);
#4424=ORIENTED_EDGE('',*,*,#5056,.F.);
#4425=ORIENTED_EDGE('',*,*,#5059,.T.);
#4426=ORIENTED_EDGE('',*,*,#5062,.F.);
#4427=ORIENTED_EDGE('',*,*,#5089,.T.);
#4428=ORIENTED_EDGE('',*,*,#5067,.T.);
#4429=ORIENTED_EDGE('',*,*,#5071,.T.);
#4430=ORIENTED_EDGE('',*,*,#5074,.T.);
#4431=ORIENTED_EDGE('',*,*,#5077,.T.);
#4432=ORIENTED_EDGE('',*,*,#5080,.F.);
#4433=ORIENTED_EDGE('',*,*,#5083,.T.);
#4434=ORIENTED_EDGE('',*,*,#5086,.F.);
#4435=ORIENTED_EDGE('',*,*,#5113,.T.);
#4436=ORIENTED_EDGE('',*,*,#5091,.T.);
#4437=ORIENTED_EDGE('',*,*,#5095,.T.);
#4438=ORIENTED_EDGE('',*,*,#5098,.T.);
#4439=ORIENTED_EDGE('',*,*,#5101,.T.);
#4440=ORIENTED_EDGE('',*,*,#5104,.F.);
#4441=ORIENTED_EDGE('',*,*,#5107,.T.);
#4442=ORIENTED_EDGE('',*,*,#5110,.F.);
#4443=ORIENTED_EDGE('',*,*,#5137,.T.);
#4444=ORIENTED_EDGE('',*,*,#5115,.T.);
#4445=ORIENTED_EDGE('',*,*,#5119,.T.);
#4446=ORIENTED_EDGE('',*,*,#5122,.T.);
#4447=ORIENTED_EDGE('',*,*,#5125,.T.);
#4448=ORIENTED_EDGE('',*,*,#5128,.F.);
#4449=ORIENTED_EDGE('',*,*,#5131,.T.);
#4450=ORIENTED_EDGE('',*,*,#5134,.F.);
#4451=ORIENTED_EDGE('',*,*,#5917,.T.);
#4452=ORIENTED_EDGE('',*,*,#4994,.T.);
#4453=ORIENTED_EDGE('',*,*,#4991,.F.);
#4454=ORIENTED_EDGE('',*,*,#4990,.T.);
#4455=ORIENTED_EDGE('',*,*,#5924,.F.);
#4456=ORIENTED_EDGE('',*,*,#4987,.T.);
#4457=ORIENTED_EDGE('',*,*,#4985,.T.);
#4458=ORIENTED_EDGE('',*,*,#4983,.T.);
#4459=ORIENTED_EDGE('',*,*,#5949,.T.);
#4460=ORIENTED_EDGE('',*,*,#5952,.F.);
#4461=ORIENTED_EDGE('',*,*,#5955,.T.);
#4462=ORIENTED_EDGE('',*,*,#5958,.T.);
#4463=ORIENTED_EDGE('',*,*,#5961,.T.);
#4464=ORIENTED_EDGE('',*,*,#5964,.T.);
#4465=ORIENTED_EDGE('',*,*,#5968,.F.);
#4466=ORIENTED_EDGE('',*,*,#5972,.F.);
#4467=ORIENTED_EDGE('',*,*,#5974,.F.);
#4468=ORIENTED_EDGE('',*,*,#4979,.F.);
#4469=ORIENTED_EDGE('',*,*,#4977,.F.);
#4470=ORIENTED_EDGE('',*,*,#4974,.F.);
#4471=ORIENTED_EDGE('',*,*,#5882,.T.);
#4472=ORIENTED_EDGE('',*,*,#4972,.F.);
#4473=ORIENTED_EDGE('',*,*,#4971,.T.);
#4474=ORIENTED_EDGE('',*,*,#4967,.F.);
#4475=ORIENTED_EDGE('',*,*,#5891,.F.);
#4476=ORIENTED_EDGE('',*,*,#5895,.F.);
#4477=ORIENTED_EDGE('',*,*,#5899,.F.);
#4478=ORIENTED_EDGE('',*,*,#5900,.T.);
#4479=ORIENTED_EDGE('',*,*,#5903,.F.);
#4480=ORIENTED_EDGE('',*,*,#5906,.T.);
#4481=ORIENTED_EDGE('',*,*,#5911,.T.);
#4482=ORIENTED_EDGE('',*,*,#5914,.F.);
#4483=ORIENTED_EDGE('',*,*,#5161,.T.);
#4484=ORIENTED_EDGE('',*,*,#5139,.T.);
#4485=ORIENTED_EDGE('',*,*,#5143,.T.);
#4486=ORIENTED_EDGE('',*,*,#5146,.T.);
#4487=ORIENTED_EDGE('',*,*,#5149,.T.);
#4488=ORIENTED_EDGE('',*,*,#5152,.F.);
#4489=ORIENTED_EDGE('',*,*,#5155,.T.);
#4490=ORIENTED_EDGE('',*,*,#5158,.F.);
#4491=ORIENTED_EDGE('',*,*,#5185,.T.);
#4492=ORIENTED_EDGE('',*,*,#5163,.T.);
#4493=ORIENTED_EDGE('',*,*,#5167,.T.);
#4494=ORIENTED_EDGE('',*,*,#5170,.T.);
#4495=ORIENTED_EDGE('',*,*,#5173,.T.);
#4496=ORIENTED_EDGE('',*,*,#5176,.F.);
#4497=ORIENTED_EDGE('',*,*,#5179,.T.);
#4498=ORIENTED_EDGE('',*,*,#5182,.F.);
#4499=ORIENTED_EDGE('',*,*,#5209,.T.);
#4500=ORIENTED_EDGE('',*,*,#5187,.T.);
#4501=ORIENTED_EDGE('',*,*,#5191,.T.);
#4502=ORIENTED_EDGE('',*,*,#5194,.T.);
#4503=ORIENTED_EDGE('',*,*,#5197,.T.);
#4504=ORIENTED_EDGE('',*,*,#5200,.F.);
#4505=ORIENTED_EDGE('',*,*,#5203,.T.);
#4506=ORIENTED_EDGE('',*,*,#5206,.F.);
#4507=ORIENTED_EDGE('',*,*,#5233,.T.);
#4508=ORIENTED_EDGE('',*,*,#5211,.T.);
#4509=ORIENTED_EDGE('',*,*,#5215,.T.);
#4510=ORIENTED_EDGE('',*,*,#5218,.T.);
#4511=ORIENTED_EDGE('',*,*,#5221,.T.);
#4512=ORIENTED_EDGE('',*,*,#5224,.F.);
#4513=ORIENTED_EDGE('',*,*,#5227,.T.);
#4514=ORIENTED_EDGE('',*,*,#5230,.F.);
#4515=ORIENTED_EDGE('',*,*,#5257,.T.);
#4516=ORIENTED_EDGE('',*,*,#5235,.T.);
#4517=ORIENTED_EDGE('',*,*,#5239,.T.);
#4518=ORIENTED_EDGE('',*,*,#5242,.T.);
#4519=ORIENTED_EDGE('',*,*,#5245,.T.);
#4520=ORIENTED_EDGE('',*,*,#5248,.F.);
#4521=ORIENTED_EDGE('',*,*,#5251,.T.);
#4522=ORIENTED_EDGE('',*,*,#5254,.F.);
#4523=ORIENTED_EDGE('',*,*,#5281,.T.);
#4524=ORIENTED_EDGE('',*,*,#5259,.T.);
#4525=ORIENTED_EDGE('',*,*,#5263,.T.);
#4526=ORIENTED_EDGE('',*,*,#5266,.T.);
#4527=ORIENTED_EDGE('',*,*,#5269,.T.);
#4528=ORIENTED_EDGE('',*,*,#5272,.F.);
#4529=ORIENTED_EDGE('',*,*,#5275,.T.);
#4530=ORIENTED_EDGE('',*,*,#5278,.F.);
#4531=ORIENTED_EDGE('',*,*,#5305,.T.);
#4532=ORIENTED_EDGE('',*,*,#5283,.T.);
#4533=ORIENTED_EDGE('',*,*,#5287,.T.);
#4534=ORIENTED_EDGE('',*,*,#5290,.T.);
#4535=ORIENTED_EDGE('',*,*,#5293,.T.);
#4536=ORIENTED_EDGE('',*,*,#5296,.F.);
#4537=ORIENTED_EDGE('',*,*,#5299,.T.);
#4538=ORIENTED_EDGE('',*,*,#5302,.F.);
#4539=ORIENTED_EDGE('',*,*,#5329,.T.);
#4540=ORIENTED_EDGE('',*,*,#5307,.T.);
#4541=ORIENTED_EDGE('',*,*,#5311,.T.);
#4542=ORIENTED_EDGE('',*,*,#5314,.T.);
#4543=ORIENTED_EDGE('',*,*,#5317,.T.);
#4544=ORIENTED_EDGE('',*,*,#5320,.F.);
#4545=ORIENTED_EDGE('',*,*,#5323,.T.);
#4546=ORIENTED_EDGE('',*,*,#5326,.F.);
#4547=ORIENTED_EDGE('',*,*,#5353,.T.);
#4548=ORIENTED_EDGE('',*,*,#5331,.T.);
#4549=ORIENTED_EDGE('',*,*,#5335,.T.);
#4550=ORIENTED_EDGE('',*,*,#5338,.T.);
#4551=ORIENTED_EDGE('',*,*,#5341,.T.);
#4552=ORIENTED_EDGE('',*,*,#5344,.F.);
#4553=ORIENTED_EDGE('',*,*,#5347,.T.);
#4554=ORIENTED_EDGE('',*,*,#5350,.F.);
#4555=ORIENTED_EDGE('',*,*,#5377,.T.);
#4556=ORIENTED_EDGE('',*,*,#5355,.T.);
#4557=ORIENTED_EDGE('',*,*,#5359,.T.);
#4558=ORIENTED_EDGE('',*,*,#5362,.T.);
#4559=ORIENTED_EDGE('',*,*,#5365,.T.);
#4560=ORIENTED_EDGE('',*,*,#5368,.F.);
#4561=ORIENTED_EDGE('',*,*,#5371,.T.);
#4562=ORIENTED_EDGE('',*,*,#5374,.F.);
#4563=ORIENTED_EDGE('',*,*,#5401,.T.);
#4564=ORIENTED_EDGE('',*,*,#5379,.T.);
#4565=ORIENTED_EDGE('',*,*,#5383,.T.);
#4566=ORIENTED_EDGE('',*,*,#5386,.T.);
#4567=ORIENTED_EDGE('',*,*,#5389,.T.);
#4568=ORIENTED_EDGE('',*,*,#5392,.F.);
#4569=ORIENTED_EDGE('',*,*,#5395,.T.);
#4570=ORIENTED_EDGE('',*,*,#5398,.F.);
#4571=ORIENTED_EDGE('',*,*,#5425,.T.);
#4572=ORIENTED_EDGE('',*,*,#5403,.T.);
#4573=ORIENTED_EDGE('',*,*,#5407,.T.);
#4574=ORIENTED_EDGE('',*,*,#5410,.T.);
#4575=ORIENTED_EDGE('',*,*,#5413,.T.);
#4576=ORIENTED_EDGE('',*,*,#5416,.F.);
#4577=ORIENTED_EDGE('',*,*,#5419,.T.);
#4578=ORIENTED_EDGE('',*,*,#5422,.F.);
#4579=ORIENTED_EDGE('',*,*,#5449,.T.);
#4580=ORIENTED_EDGE('',*,*,#5427,.T.);
#4581=ORIENTED_EDGE('',*,*,#5431,.T.);
#4582=ORIENTED_EDGE('',*,*,#5434,.T.);
#4583=ORIENTED_EDGE('',*,*,#5437,.T.);
#4584=ORIENTED_EDGE('',*,*,#5440,.F.);
#4585=ORIENTED_EDGE('',*,*,#5443,.T.);
#4586=ORIENTED_EDGE('',*,*,#5446,.F.);
#4587=ORIENTED_EDGE('',*,*,#5473,.T.);
#4588=ORIENTED_EDGE('',*,*,#5451,.T.);
#4589=ORIENTED_EDGE('',*,*,#5455,.T.);
#4590=ORIENTED_EDGE('',*,*,#5458,.T.);
#4591=ORIENTED_EDGE('',*,*,#5461,.T.);
#4592=ORIENTED_EDGE('',*,*,#5464,.F.);
#4593=ORIENTED_EDGE('',*,*,#5467,.T.);
#4594=ORIENTED_EDGE('',*,*,#5470,.F.);
#4595=ORIENTED_EDGE('',*,*,#5497,.T.);
#4596=ORIENTED_EDGE('',*,*,#5475,.T.);
#4597=ORIENTED_EDGE('',*,*,#5479,.T.);
#4598=ORIENTED_EDGE('',*,*,#5482,.T.);
#4599=ORIENTED_EDGE('',*,*,#5485,.T.);
#4600=ORIENTED_EDGE('',*,*,#5488,.F.);
#4601=ORIENTED_EDGE('',*,*,#5491,.T.);
#4602=ORIENTED_EDGE('',*,*,#5494,.F.);
#4603=ORIENTED_EDGE('',*,*,#5521,.T.);
#4604=ORIENTED_EDGE('',*,*,#5499,.T.);
#4605=ORIENTED_EDGE('',*,*,#5503,.T.);
#4606=ORIENTED_EDGE('',*,*,#5506,.T.);
#4607=ORIENTED_EDGE('',*,*,#5509,.T.);
#4608=ORIENTED_EDGE('',*,*,#5512,.F.);
#4609=ORIENTED_EDGE('',*,*,#5515,.T.);
#4610=ORIENTED_EDGE('',*,*,#5518,.F.);
#4611=ORIENTED_EDGE('',*,*,#5545,.T.);
#4612=ORIENTED_EDGE('',*,*,#5523,.T.);
#4613=ORIENTED_EDGE('',*,*,#5527,.T.);
#4614=ORIENTED_EDGE('',*,*,#5530,.T.);
#4615=ORIENTED_EDGE('',*,*,#5533,.T.);
#4616=ORIENTED_EDGE('',*,*,#5536,.F.);
#4617=ORIENTED_EDGE('',*,*,#5539,.T.);
#4618=ORIENTED_EDGE('',*,*,#5542,.F.);
#4619=ORIENTED_EDGE('',*,*,#5569,.T.);
#4620=ORIENTED_EDGE('',*,*,#5547,.T.);
#4621=ORIENTED_EDGE('',*,*,#5551,.T.);
#4622=ORIENTED_EDGE('',*,*,#5554,.T.);
#4623=ORIENTED_EDGE('',*,*,#5557,.T.);
#4624=ORIENTED_EDGE('',*,*,#5560,.F.);
#4625=ORIENTED_EDGE('',*,*,#5563,.T.);
#4626=ORIENTED_EDGE('',*,*,#5566,.F.);
#4627=ORIENTED_EDGE('',*,*,#5593,.T.);
#4628=ORIENTED_EDGE('',*,*,#5571,.T.);
#4629=ORIENTED_EDGE('',*,*,#5575,.T.);
#4630=ORIENTED_EDGE('',*,*,#5578,.T.);
#4631=ORIENTED_EDGE('',*,*,#5581,.T.);
#4632=ORIENTED_EDGE('',*,*,#5584,.F.);
#4633=ORIENTED_EDGE('',*,*,#5587,.T.);
#4634=ORIENTED_EDGE('',*,*,#5590,.F.);
#4635=ORIENTED_EDGE('',*,*,#5617,.T.);
#4636=ORIENTED_EDGE('',*,*,#5595,.T.);
#4637=ORIENTED_EDGE('',*,*,#5599,.T.);
#4638=ORIENTED_EDGE('',*,*,#5602,.T.);
#4639=ORIENTED_EDGE('',*,*,#5605,.T.);
#4640=ORIENTED_EDGE('',*,*,#5608,.F.);
#4641=ORIENTED_EDGE('',*,*,#5611,.T.);
#4642=ORIENTED_EDGE('',*,*,#5614,.F.);
#4643=ORIENTED_EDGE('',*,*,#5641,.T.);
#4644=ORIENTED_EDGE('',*,*,#5619,.T.);
#4645=ORIENTED_EDGE('',*,*,#5623,.T.);
#4646=ORIENTED_EDGE('',*,*,#5626,.T.);
#4647=ORIENTED_EDGE('',*,*,#5629,.T.);
#4648=ORIENTED_EDGE('',*,*,#5632,.F.);
#4649=ORIENTED_EDGE('',*,*,#5635,.T.);
#4650=ORIENTED_EDGE('',*,*,#5638,.F.);
#4651=ORIENTED_EDGE('',*,*,#5665,.T.);
#4652=ORIENTED_EDGE('',*,*,#5643,.T.);
#4653=ORIENTED_EDGE('',*,*,#5647,.T.);
#4654=ORIENTED_EDGE('',*,*,#5650,.T.);
#4655=ORIENTED_EDGE('',*,*,#5653,.T.);
#4656=ORIENTED_EDGE('',*,*,#5656,.F.);
#4657=ORIENTED_EDGE('',*,*,#5659,.T.);
#4658=ORIENTED_EDGE('',*,*,#5662,.F.);
#4659=ORIENTED_EDGE('',*,*,#5689,.T.);
#4660=ORIENTED_EDGE('',*,*,#5667,.T.);
#4661=ORIENTED_EDGE('',*,*,#5671,.T.);
#4662=ORIENTED_EDGE('',*,*,#5674,.T.);
#4663=ORIENTED_EDGE('',*,*,#5677,.T.);
#4664=ORIENTED_EDGE('',*,*,#5680,.F.);
#4665=ORIENTED_EDGE('',*,*,#5683,.T.);
#4666=ORIENTED_EDGE('',*,*,#5686,.F.);
#4667=ORIENTED_EDGE('',*,*,#5713,.T.);
#4668=ORIENTED_EDGE('',*,*,#5691,.T.);
#4669=ORIENTED_EDGE('',*,*,#5695,.T.);
#4670=ORIENTED_EDGE('',*,*,#5698,.T.);
#4671=ORIENTED_EDGE('',*,*,#5701,.T.);
#4672=ORIENTED_EDGE('',*,*,#5704,.F.);
#4673=ORIENTED_EDGE('',*,*,#5707,.T.);
#4674=ORIENTED_EDGE('',*,*,#5710,.F.);
#4675=ORIENTED_EDGE('',*,*,#5737,.T.);
#4676=ORIENTED_EDGE('',*,*,#5715,.T.);
#4677=ORIENTED_EDGE('',*,*,#5719,.T.);
#4678=ORIENTED_EDGE('',*,*,#5722,.T.);
#4679=ORIENTED_EDGE('',*,*,#5725,.T.);
#4680=ORIENTED_EDGE('',*,*,#5728,.F.);
#4681=ORIENTED_EDGE('',*,*,#5731,.T.);
#4682=ORIENTED_EDGE('',*,*,#5734,.F.);
#4683=ORIENTED_EDGE('',*,*,#5761,.T.);
#4684=ORIENTED_EDGE('',*,*,#5739,.T.);
#4685=ORIENTED_EDGE('',*,*,#5743,.T.);
#4686=ORIENTED_EDGE('',*,*,#5746,.T.);
#4687=ORIENTED_EDGE('',*,*,#5749,.T.);
#4688=ORIENTED_EDGE('',*,*,#5752,.F.);
#4689=ORIENTED_EDGE('',*,*,#5755,.T.);
#4690=ORIENTED_EDGE('',*,*,#5758,.F.);
#4691=ORIENTED_EDGE('',*,*,#5785,.T.);
#4692=ORIENTED_EDGE('',*,*,#5763,.T.);
#4693=ORIENTED_EDGE('',*,*,#5767,.T.);
#4694=ORIENTED_EDGE('',*,*,#5770,.T.);
#4695=ORIENTED_EDGE('',*,*,#5773,.T.);
#4696=ORIENTED_EDGE('',*,*,#5776,.F.);
#4697=ORIENTED_EDGE('',*,*,#5779,.T.);
#4698=ORIENTED_EDGE('',*,*,#5782,.F.);
#4699=ORIENTED_EDGE('',*,*,#5809,.T.);
#4700=ORIENTED_EDGE('',*,*,#5787,.T.);
#4701=ORIENTED_EDGE('',*,*,#5791,.T.);
#4702=ORIENTED_EDGE('',*,*,#5794,.T.);
#4703=ORIENTED_EDGE('',*,*,#5797,.T.);
#4704=ORIENTED_EDGE('',*,*,#5800,.F.);
#4705=ORIENTED_EDGE('',*,*,#5803,.T.);
#4706=ORIENTED_EDGE('',*,*,#5806,.F.);
#4707=ORIENTED_EDGE('',*,*,#5833,.T.);
#4708=ORIENTED_EDGE('',*,*,#5811,.T.);
#4709=ORIENTED_EDGE('',*,*,#5815,.T.);
#4710=ORIENTED_EDGE('',*,*,#5818,.T.);
#4711=ORIENTED_EDGE('',*,*,#5821,.T.);
#4712=ORIENTED_EDGE('',*,*,#5824,.F.);
#4713=ORIENTED_EDGE('',*,*,#5827,.T.);
#4714=ORIENTED_EDGE('',*,*,#5830,.F.);
#4715=ORIENTED_EDGE('',*,*,#5857,.T.);
#4716=ORIENTED_EDGE('',*,*,#5835,.T.);
#4717=ORIENTED_EDGE('',*,*,#5839,.T.);
#4718=ORIENTED_EDGE('',*,*,#5842,.T.);
#4719=ORIENTED_EDGE('',*,*,#5845,.T.);
#4720=ORIENTED_EDGE('',*,*,#5848,.F.);
#4721=ORIENTED_EDGE('',*,*,#5851,.T.);
#4722=ORIENTED_EDGE('',*,*,#5854,.F.);
#4723=ORIENTED_EDGE('',*,*,#5996,.T.);
#4724=ORIENTED_EDGE('',*,*,#5997,.T.);
#4725=ORIENTED_EDGE('',*,*,#5975,.F.);
#4726=ORIENTED_EDGE('',*,*,#5979,.T.);
#4727=ORIENTED_EDGE('',*,*,#5982,.F.);
#4728=ORIENTED_EDGE('',*,*,#5985,.T.);
#4729=ORIENTED_EDGE('',*,*,#5988,.T.);
#4730=ORIENTED_EDGE('',*,*,#5991,.T.);
#4731=ORIENTED_EDGE('',*,*,#6018,.T.);
#4732=ORIENTED_EDGE('',*,*,#6021,.F.);
#4733=ORIENTED_EDGE('',*,*,#5999,.T.);
#4734=ORIENTED_EDGE('',*,*,#6003,.T.);
#4735=ORIENTED_EDGE('',*,*,#6006,.T.);
#4736=ORIENTED_EDGE('',*,*,#6009,.T.);
#4737=ORIENTED_EDGE('',*,*,#6012,.T.);
#4738=ORIENTED_EDGE('',*,*,#6015,.F.);
#4739=ORIENTED_EDGE('',*,*,#6235,.T.);
#4740=ORIENTED_EDGE('',*,*,#6236,.T.);
#4741=ORIENTED_EDGE('',*,*,#6237,.F.);
#4742=ORIENTED_EDGE('',*,*,#6238,.F.);
#4743=ORIENTED_EDGE('',*,*,#6239,.F.);
#4744=ORIENTED_EDGE('',*,*,#6240,.F.);
#4745=ORIENTED_EDGE('',*,*,#6241,.F.);
#4746=ORIENTED_EDGE('',*,*,#6242,.F.);
#4747=ORIENTED_EDGE('',*,*,#6243,.F.);
#4748=ORIENTED_EDGE('',*,*,#6244,.F.);
#4749=ORIENTED_EDGE('',*,*,#6245,.F.);
#4750=ORIENTED_EDGE('',*,*,#6246,.F.);
#4751=ORIENTED_EDGE('',*,*,#6247,.F.);
#4752=ORIENTED_EDGE('',*,*,#6248,.F.);
#4753=ORIENTED_EDGE('',*,*,#6249,.F.);
#4754=ORIENTED_EDGE('',*,*,#6250,.F.);
#4755=ORIENTED_EDGE('',*,*,#6251,.F.);
#4756=ORIENTED_EDGE('',*,*,#6252,.F.);
#4757=ORIENTED_EDGE('',*,*,#6253,.F.);
#4758=ORIENTED_EDGE('',*,*,#6254,.F.);
#4759=ORIENTED_EDGE('',*,*,#6026,.F.);
#4760=ORIENTED_EDGE('',*,*,#6027,.T.);
#4761=ORIENTED_EDGE('',*,*,#6030,.F.);
#4762=ORIENTED_EDGE('',*,*,#6033,.T.);
#4763=ORIENTED_EDGE('',*,*,#6038,.T.);
#4764=ORIENTED_EDGE('',*,*,#6041,.F.);
#4765=ORIENTED_EDGE('',*,*,#6044,.T.);
#4766=ORIENTED_EDGE('',*,*,#4966,.T.);
#4767=ORIENTED_EDGE('',*,*,#4963,.F.);
#4768=ORIENTED_EDGE('',*,*,#4962,.T.);
#4769=ORIENTED_EDGE('',*,*,#6051,.F.);
#4770=ORIENTED_EDGE('',*,*,#6124,.F.);
#4771=ORIENTED_EDGE('',*,*,#6125,.T.);
#4772=ORIENTED_EDGE('',*,*,#6129,.F.);
#4773=ORIENTED_EDGE('',*,*,#6132,.F.);
#4774=ORIENTED_EDGE('',*,*,#6134,.T.);
#4775=ORIENTED_EDGE('',*,*,#6137,.T.);
#4776=ORIENTED_EDGE('',*,*,#6140,.T.);
#4777=ORIENTED_EDGE('',*,*,#6144,.F.);
#4778=ORIENTED_EDGE('',*,*,#6146,.F.);
#4779=ORIENTED_EDGE('',*,*,#6151,.T.);
#4780=ORIENTED_EDGE('',*,*,#6152,.T.);
#4781=ORIENTED_EDGE('',*,*,#6157,.T.);
#4782=ORIENTED_EDGE('',*,*,#6159,.T.);
#4783=ORIENTED_EDGE('',*,*,#6161,.T.);
#4784=ORIENTED_EDGE('',*,*,#6165,.F.);
#4785=ORIENTED_EDGE('',*,*,#6168,.F.);
#4786=ORIENTED_EDGE('',*,*,#6171,.F.);
#4787=ORIENTED_EDGE('',*,*,#6173,.T.);
#4788=ORIENTED_EDGE('',*,*,#6176,.T.);
#4789=ORIENTED_EDGE('',*,*,#6180,.F.);
#4790=ORIENTED_EDGE('',*,*,#6183,.T.);
#4791=ORIENTED_EDGE('',*,*,#6185,.T.);
#4792=ORIENTED_EDGE('',*,*,#6189,.F.);
#4793=ORIENTED_EDGE('',*,*,#6192,.F.);
#4794=ORIENTED_EDGE('',*,*,#6195,.F.);
#4795=ORIENTED_EDGE('',*,*,#6197,.T.);
#4796=ORIENTED_EDGE('',*,*,#6200,.T.);
#4797=ORIENTED_EDGE('',*,*,#6204,.F.);
#4798=ORIENTED_EDGE('',*,*,#6254,.T.);
#4799=ORIENTED_EDGE('',*,*,#6255,.T.);
#4800=ORIENTED_EDGE('',*,*,#6214,.F.);
#4801=ORIENTED_EDGE('',*,*,#6023,.T.);
#4802=ORIENTED_EDGE('',*,*,#6208,.T.);
#4803=ORIENTED_EDGE('',*,*,#6256,.T.);
#4804=ORIENTED_EDGE('',*,*,#6210,.F.);
#4805=ORIENTED_EDGE('',*,*,#6100,.F.);
#4806=ORIENTED_EDGE('',*,*,#6233,.T.);
#4807=ORIENTED_EDGE('',*,*,#6257,.T.);
#4808=ORIENTED_EDGE('',*,*,#6235,.F.);
#4809=ORIENTED_EDGE('',*,*,#6203,.T.);
#4810=ORIENTED_EDGE('',*,*,#6258,.T.);
#4811=ORIENTED_EDGE('',*,*,#6239,.T.);
#4812=ORIENTED_EDGE('',*,*,#6259,.F.);
#4813=ORIENTED_EDGE('',*,*,#6229,.T.);
#4814=ORIENTED_EDGE('',*,*,#6260,.T.);
#4815=ORIENTED_EDGE('',*,*,#6241,.T.);
#4816=ORIENTED_EDGE('',*,*,#6261,.F.);
#4817=ORIENTED_EDGE('',*,*,#6227,.T.);
#4818=ORIENTED_EDGE('',*,*,#6262,.T.);
#4819=ORIENTED_EDGE('',*,*,#6243,.T.);
#4820=ORIENTED_EDGE('',*,*,#6263,.F.);
#4821=ORIENTED_EDGE('',*,*,#6225,.T.);
#4822=ORIENTED_EDGE('',*,*,#6264,.T.);
#4823=ORIENTED_EDGE('',*,*,#6245,.T.);
#4824=ORIENTED_EDGE('',*,*,#6265,.F.);
#4825=ORIENTED_EDGE('',*,*,#6223,.T.);
#4826=ORIENTED_EDGE('',*,*,#6266,.T.);
#4827=ORIENTED_EDGE('',*,*,#6247,.T.);
#4828=ORIENTED_EDGE('',*,*,#6267,.F.);
#4829=ORIENTED_EDGE('',*,*,#6221,.T.);
#4830=ORIENTED_EDGE('',*,*,#6268,.T.);
#4831=ORIENTED_EDGE('',*,*,#6249,.T.);
#4832=ORIENTED_EDGE('',*,*,#6269,.F.);
#4833=ORIENTED_EDGE('',*,*,#6219,.T.);
#4834=ORIENTED_EDGE('',*,*,#6270,.T.);
#4835=ORIENTED_EDGE('',*,*,#6251,.T.);
#4836=ORIENTED_EDGE('',*,*,#6271,.F.);
#4837=ORIENTED_EDGE('',*,*,#6217,.T.);
#4838=ORIENTED_EDGE('',*,*,#6255,.F.);
#4839=ORIENTED_EDGE('',*,*,#6253,.T.);
#4840=ORIENTED_EDGE('',*,*,#6272,.F.);
#4841=ORIENTED_EDGE('',*,*,#6215,.T.);
#4842=ORIENTED_EDGE('',*,*,#6272,.T.);
#4843=ORIENTED_EDGE('',*,*,#6252,.T.);
#4844=ORIENTED_EDGE('',*,*,#6270,.F.);
#4845=ORIENTED_EDGE('',*,*,#6216,.T.);
#4846=ORIENTED_EDGE('',*,*,#6271,.T.);
#4847=ORIENTED_EDGE('',*,*,#6250,.T.);
#4848=ORIENTED_EDGE('',*,*,#6268,.F.);
#4849=ORIENTED_EDGE('',*,*,#6218,.T.);
#4850=ORIENTED_EDGE('',*,*,#6269,.T.);
#4851=ORIENTED_EDGE('',*,*,#6248,.T.);
#4852=ORIENTED_EDGE('',*,*,#6266,.F.);
#4853=ORIENTED_EDGE('',*,*,#6220,.T.);
#4854=ORIENTED_EDGE('',*,*,#6267,.T.);
#4855=ORIENTED_EDGE('',*,*,#6246,.T.);
#4856=ORIENTED_EDGE('',*,*,#6264,.F.);
#4857=ORIENTED_EDGE('',*,*,#6222,.T.);
#4858=ORIENTED_EDGE('',*,*,#6265,.T.);
#4859=ORIENTED_EDGE('',*,*,#6244,.T.);
#4860=ORIENTED_EDGE('',*,*,#6262,.F.);
#4861=ORIENTED_EDGE('',*,*,#6224,.T.);
#4862=ORIENTED_EDGE('',*,*,#6263,.T.);
#4863=ORIENTED_EDGE('',*,*,#6242,.T.);
#4864=ORIENTED_EDGE('',*,*,#6260,.F.);
#4865=ORIENTED_EDGE('',*,*,#6226,.T.);
#4866=ORIENTED_EDGE('',*,*,#6261,.T.);
#4867=ORIENTED_EDGE('',*,*,#6240,.T.);
#4868=ORIENTED_EDGE('',*,*,#6258,.F.);
#4869=ORIENTED_EDGE('',*,*,#6228,.T.);
#4870=ORIENTED_EDGE('',*,*,#6259,.T.);
#4871=ORIENTED_EDGE('',*,*,#6238,.T.);
#4872=ORIENTED_EDGE('',*,*,#6273,.F.);
#4873=ORIENTED_EDGE('',*,*,#6230,.T.);
#4874=ORIENTED_EDGE('',*,*,#6237,.T.);
#4875=ORIENTED_EDGE('',*,*,#6274,.T.);
#4876=ORIENTED_EDGE('',*,*,#6231,.T.);
#4877=ORIENTED_EDGE('',*,*,#6273,.T.);
#4878=ORIENTED_EDGE('',*,*,#6212,.T.);
#4879=ORIENTED_EDGE('',*,*,#6275,.T.);
#4880=ORIENTED_EDGE('',*,*,#6206,.T.);
#4881=ORIENTED_EDGE('',*,*,#6234,.F.);
#4882=ORIENTED_EDGE('',*,*,#6211,.F.);
#4883=ORIENTED_EDGE('',*,*,#6256,.F.);
#4884=ORIENTED_EDGE('',*,*,#6207,.F.);
#4885=ORIENTED_EDGE('',*,*,#6275,.F.);
#4886=ORIENTED_EDGE('',*,*,#6236,.F.);
#4887=ORIENTED_EDGE('',*,*,#6257,.F.);
#4888=ORIENTED_EDGE('',*,*,#6232,.F.);
#4889=ORIENTED_EDGE('',*,*,#6274,.F.);
#4890=EDGE_CURVE('',#6276,#6277,#7200,.T.);
#4891=EDGE_CURVE('',#6278,#6277,#234,.T.);
#4892=EDGE_CURVE('',#6278,#6279,#7201,.T.);
#4893=EDGE_CURVE('',#6279,#6280,#235,.T.);
#4894=EDGE_CURVE('',#6280,#6281,#7202,.T.);
#4895=EDGE_CURVE('',#6282,#6281,#236,.T.);
#4896=EDGE_CURVE('',#6282,#6283,#7203,.T.);
#4897=EDGE_CURVE('',#6276,#6283,#237,.T.);
#4898=EDGE_CURVE('',#6284,#6285,#238,.T.);
#4899=EDGE_CURVE('',#6286,#6285,#7204,.T.);
#4900=EDGE_CURVE('',#6286,#6287,#239,.T.);
#4901=EDGE_CURVE('',#6288,#6287,#7205,.T.);
#4902=EDGE_CURVE('',#6289,#6288,#240,.T.);
#4903=EDGE_CURVE('',#6290,#6289,#7206,.F.);
#4904=EDGE_CURVE('',#6290,#6291,#241,.T.);
#4905=EDGE_CURVE('',#6284,#6291,#7207,.F.);
#4906=EDGE_CURVE('',#6292,#6293,#242,.T.);
#4907=EDGE_CURVE('',#6294,#6292,#7208,.T.);
#4908=EDGE_CURVE('',#6295,#6294,#243,.T.);
#4909=EDGE_CURVE('',#6296,#6295,#7209,.T.);
#4910=EDGE_CURVE('',#6296,#6297,#244,.T.);
#4911=EDGE_CURVE('',#6298,#6297,#7210,.F.);
#4912=EDGE_CURVE('',#6299,#6298,#245,.T.);
#4913=EDGE_CURVE('',#6299,#6300,#7211,.F.);
#4914=EDGE_CURVE('',#6301,#6300,#246,.T.);
#4915=EDGE_CURVE('',#6302,#6301,#7212,.F.);
#4916=EDGE_CURVE('',#6303,#6302,#247,.T.);
#4917=EDGE_CURVE('',#6304,#6303,#7213,.F.);
#4918=EDGE_CURVE('',#6304,#6305,#248,.T.);
#4919=EDGE_CURVE('',#6305,#6306,#7214,.F.);
#4920=EDGE_CURVE('',#6307,#6306,#249,.T.);
#4921=EDGE_CURVE('',#6293,#6307,#7215,.F.);
#4922=EDGE_CURVE('',#6308,#6309,#7216,.T.);
#4923=EDGE_CURVE('',#6309,#6310,#250,.T.);
#4924=EDGE_CURVE('',#6311,#6310,#7217,.T.);
#4925=EDGE_CURVE('',#6312,#6311,#251,.T.);
#4926=EDGE_CURVE('',#6312,#6313,#7218,.T.);
#4927=EDGE_CURVE('',#6313,#6314,#252,.T.);
#4928=EDGE_CURVE('',#6314,#6315,#7219,.T.);
#4929=EDGE_CURVE('',#6315,#6316,#253,.T.);
#4930=EDGE_CURVE('',#6317,#6316,#7220,.T.);
#4931=EDGE_CURVE('',#6317,#6318,#254,.T.);
#4932=EDGE_CURVE('',#6318,#6319,#7221,.T.);
#4933=EDGE_CURVE('',#6320,#6319,#255,.T.);
#4934=EDGE_CURVE('',#6320,#6321,#7222,.T.);
#4935=EDGE_CURVE('',#6321,#6322,#256,.T.);
#4936=EDGE_CURVE('',#6322,#6323,#7223,.T.);
#4937=EDGE_CURVE('',#6323,#6308,#257,.T.);
#4938=EDGE_CURVE('',#6324,#6325,#258,.T.);
#4939=EDGE_CURVE('',#6326,#6325,#7224,.T.);
#4940=EDGE_CURVE('',#6326,#6327,#259,.T.);
#4941=EDGE_CURVE('',#6328,#6327,#7225,.T.);
#4942=EDGE_CURVE('',#6329,#6328,#260,.T.);
#4943=EDGE_CURVE('',#6330,#6329,#7226,.F.);
#4944=EDGE_CURVE('',#6330,#6331,#261,.T.);
#4945=EDGE_CURVE('',#6324,#6331,#7227,.F.);
#4946=EDGE_CURVE('',#6332,#6333,#262,.T.);
#4947=EDGE_CURVE('',#6334,#6333,#7228,.F.);
#4948=EDGE_CURVE('',#6335,#6334,#263,.T.);
#4949=EDGE_CURVE('',#6335,#6336,#7229,.F.);
#4950=EDGE_CURVE('',#6337,#6336,#264,.T.);
#4951=EDGE_CURVE('',#6338,#6337,#7230,.F.);
#4952=EDGE_CURVE('',#6339,#6338,#265,.T.);
#4953=EDGE_CURVE('',#6340,#6339,#7231,.F.);
#4954=EDGE_CURVE('',#6340,#6341,#266,.T.);
#4955=EDGE_CURVE('',#6341,#6342,#7232,.F.);
#4956=EDGE_CURVE('',#6343,#6342,#267,.T.);
#4957=EDGE_CURVE('',#6344,#6343,#7233,.F.);
#4958=EDGE_CURVE('',#6345,#6344,#268,.T.);
#4959=EDGE_CURVE('',#6332,#6345,#269,.T.);
#4960=EDGE_CURVE('',#6346,#6326,#270,.T.);
#4961=EDGE_CURVE('',#6347,#6325,#271,.T.);
#4962=EDGE_CURVE('',#6346,#6347,#7234,.T.);
#4963=EDGE_CURVE('',#6346,#6348,#272,.T.);
#4964=EDGE_CURVE('',#6348,#6327,#273,.T.);
#4965=EDGE_CURVE('',#6349,#6328,#274,.T.);
#4966=EDGE_CURVE('',#6349,#6348,#7235,.T.);
#4967=EDGE_CURVE('',#6350,#6351,#7236,.F.);
#4968=EDGE_CURVE('',#6351,#6281,#275,.T.);
#4969=EDGE_CURVE('',#6350,#6280,#276,.T.);
#4970=EDGE_CURVE('',#6352,#6282,#277,.T.);
#4971=EDGE_CURVE('',#6352,#6351,#278,.T.);
#4972=EDGE_CURVE('',#6352,#6353,#7237,.F.);
#4973=EDGE_CURVE('',#6353,#6283,#279,.T.);
#4974=EDGE_CURVE('',#6354,#6355,#7238,.F.);
#4975=EDGE_CURVE('',#6355,#6321,#280,.T.);
#4976=EDGE_CURVE('',#6354,#6320,#281,.T.);
#4977=EDGE_CURVE('',#6355,#6356,#282,.T.);
#4978=EDGE_CURVE('',#6356,#6322,#283,.T.);
#4979=EDGE_CURVE('',#6356,#6357,#7239,.F.);
#4980=EDGE_CURVE('',#6357,#6323,#284,.T.);
#4981=EDGE_CURVE('',#6358,#6294,#285,.T.);
#4982=EDGE_CURVE('',#6359,#6292,#286,.T.);
#4983=EDGE_CURVE('',#6358,#6359,#7240,.T.);
#4984=EDGE_CURVE('',#6360,#6295,#287,.T.);
#4985=EDGE_CURVE('',#6360,#6358,#288,.T.);
#4986=EDGE_CURVE('',#6361,#6296,#289,.T.);
#4987=EDGE_CURVE('',#6361,#6360,#7241,.T.);
#4988=EDGE_CURVE('',#6362,#6286,#290,.T.);
#4989=EDGE_CURVE('',#6363,#6285,#291,.T.);
#4990=EDGE_CURVE('',#6362,#6363,#7242,.T.);
#4991=EDGE_CURVE('',#6362,#6364,#292,.T.);
#4992=EDGE_CURVE('',#6364,#6287,#293,.T.);
#4993=EDGE_CURVE('',#6365,#6288,#294,.T.);
#4994=EDGE_CURVE('',#6365,#6364,#7243,.T.);
#4995=EDGE_CURVE('',#6366,#6367,#295,.T.);
#4996=EDGE_CURVE('',#6368,#6366,#296,.T.);
#4997=EDGE_CURVE('',#6368,#6369,#297,.T.);
#4998=EDGE_CURVE('',#6369,#6367,#298,.T.);
#4999=EDGE_CURVE('',#6367,#6370,#7244,.T.);
#5000=EDGE_CURVE('',#6369,#6371,#7245,.T.);
#5001=EDGE_CURVE('',#6371,#6370,#299,.T.);
#5002=EDGE_CURVE('',#6370,#6372,#300,.T.);
#5003=EDGE_CURVE('',#6371,#6373,#301,.T.);
#5004=EDGE_CURVE('',#6373,#6372,#302,.T.);
#5005=EDGE_CURVE('',#6372,#6374,#7246,.T.);
#5006=EDGE_CURVE('',#6373,#6375,#7247,.T.);
#5007=EDGE_CURVE('',#6375,#6374,#303,.T.);
#5008=EDGE_CURVE('',#6376,#6374,#304,.T.);
#5009=EDGE_CURVE('',#6377,#6375,#305,.T.);
#5010=EDGE_CURVE('',#6377,#6376,#306,.T.);
#5011=EDGE_CURVE('',#6376,#6378,#7248,.T.);
#5012=EDGE_CURVE('',#6377,#6379,#7249,.T.);
#5013=EDGE_CURVE('',#6379,#6378,#307,.T.);
#5014=EDGE_CURVE('',#6380,#6378,#308,.T.);
#5015=EDGE_CURVE('',#6381,#6379,#309,.T.);
#5016=EDGE_CURVE('',#6381,#6380,#310,.T.);
#5017=EDGE_CURVE('',#6380,#6366,#7250,.T.);
#5018=EDGE_CURVE('',#6381,#6368,#7251,.T.);
#5019=EDGE_CURVE('',#6382,#6383,#311,.T.);
#5020=EDGE_CURVE('',#6384,#6382,#312,.T.);
#5021=EDGE_CURVE('',#6384,#6385,#313,.T.);
#5022=EDGE_CURVE('',#6385,#6383,#314,.T.);
#5023=EDGE_CURVE('',#6383,#6386,#7252,.T.);
#5024=EDGE_CURVE('',#6385,#6387,#7253,.T.);
#5025=EDGE_CURVE('',#6387,#6386,#315,.T.);
#5026=EDGE_CURVE('',#6386,#6388,#316,.T.);
#5027=EDGE_CURVE('',#6387,#6389,#317,.T.);
#5028=EDGE_CURVE('',#6389,#6388,#318,.T.);
#5029=EDGE_CURVE('',#6388,#6390,#7254,.T.);
#5030=EDGE_CURVE('',#6389,#6391,#7255,.T.);
#5031=EDGE_CURVE('',#6391,#6390,#319,.T.);
#5032=EDGE_CURVE('',#6392,#6390,#320,.T.);
#5033=EDGE_CURVE('',#6393,#6391,#321,.T.);
#5034=EDGE_CURVE('',#6393,#6392,#322,.T.);
#5035=EDGE_CURVE('',#6392,#6394,#7256,.T.);
#5036=EDGE_CURVE('',#6393,#6395,#7257,.T.);
#5037=EDGE_CURVE('',#6395,#6394,#323,.T.);
#5038=EDGE_CURVE('',#6396,#6394,#324,.T.);
#5039=EDGE_CURVE('',#6397,#6395,#325,.T.);
#5040=EDGE_CURVE('',#6397,#6396,#326,.T.);
#5041=EDGE_CURVE('',#6396,#6382,#7258,.T.);
#5042=EDGE_CURVE('',#6397,#6384,#7259,.T.);
#5043=EDGE_CURVE('',#6398,#6399,#327,.T.);
#5044=EDGE_CURVE('',#6400,#6398,#328,.T.);
#5045=EDGE_CURVE('',#6400,#6401,#329,.T.);
#5046=EDGE_CURVE('',#6401,#6399,#330,.T.);
#5047=EDGE_CURVE('',#6399,#6402,#7260,.T.);
#5048=EDGE_CURVE('',#6401,#6403,#7261,.T.);
#5049=EDGE_CURVE('',#6403,#6402,#331,.T.);
#5050=EDGE_CURVE('',#6402,#6404,#332,.T.);
#5051=EDGE_CURVE('',#6403,#6405,#333,.T.);
#5052=EDGE_CURVE('',#6405,#6404,#334,.T.);
#5053=EDGE_CURVE('',#6404,#6406,#7262,.T.);
#5054=EDGE_CURVE('',#6405,#6407,#7263,.T.);
#5055=EDGE_CURVE('',#6407,#6406,#335,.T.);
#5056=EDGE_CURVE('',#6408,#6406,#336,.T.);
#5057=EDGE_CURVE('',#6409,#6407,#337,.T.);
#5058=EDGE_CURVE('',#6409,#6408,#338,.T.);
#5059=EDGE_CURVE('',#6408,#6410,#7264,.T.);
#5060=EDGE_CURVE('',#6409,#6411,#7265,.T.);
#5061=EDGE_CURVE('',#6411,#6410,#339,.T.);
#5062=EDGE_CURVE('',#6412,#6410,#340,.T.);
#5063=EDGE_CURVE('',#6413,#6411,#341,.T.);
#5064=EDGE_CURVE('',#6413,#6412,#342,.T.);
#5065=EDGE_CURVE('',#6412,#6398,#7266,.T.);
#5066=EDGE_CURVE('',#6413,#6400,#7267,.T.);
#5067=EDGE_CURVE('',#6414,#6415,#343,.T.);
#5068=EDGE_CURVE('',#6416,#6414,#344,.T.);
#5069=EDGE_CURVE('',#6416,#6417,#345,.T.);
#5070=EDGE_CURVE('',#6417,#6415,#346,.T.);
#5071=EDGE_CURVE('',#6415,#6418,#7268,.T.);
#5072=EDGE_CURVE('',#6417,#6419,#7269,.T.);
#5073=EDGE_CURVE('',#6419,#6418,#347,.T.);
#5074=EDGE_CURVE('',#6418,#6420,#348,.T.);
#5075=EDGE_CURVE('',#6419,#6421,#349,.T.);
#5076=EDGE_CURVE('',#6421,#6420,#350,.T.);
#5077=EDGE_CURVE('',#6420,#6422,#7270,.T.);
#5078=EDGE_CURVE('',#6421,#6423,#7271,.T.);
#5079=EDGE_CURVE('',#6423,#6422,#351,.T.);
#5080=EDGE_CURVE('',#6424,#6422,#352,.T.);
#5081=EDGE_CURVE('',#6425,#6423,#353,.T.);
#5082=EDGE_CURVE('',#6425,#6424,#354,.T.);
#5083=EDGE_CURVE('',#6424,#6426,#7272,.T.);
#5084=EDGE_CURVE('',#6425,#6427,#7273,.T.);
#5085=EDGE_CURVE('',#6427,#6426,#355,.T.);
#5086=EDGE_CURVE('',#6428,#6426,#356,.T.);
#5087=EDGE_CURVE('',#6429,#6427,#357,.T.);
#5088=EDGE_CURVE('',#6429,#6428,#358,.T.);
#5089=EDGE_CURVE('',#6428,#6414,#7274,.T.);
#5090=EDGE_CURVE('',#6429,#6416,#7275,.T.);
#5091=EDGE_CURVE('',#6430,#6431,#359,.T.);
#5092=EDGE_CURVE('',#6432,#6430,#360,.T.);
#5093=EDGE_CURVE('',#6432,#6433,#361,.T.);
#5094=EDGE_CURVE('',#6433,#6431,#362,.T.);
#5095=EDGE_CURVE('',#6431,#6434,#7276,.T.);
#5096=EDGE_CURVE('',#6433,#6435,#7277,.T.);
#5097=EDGE_CURVE('',#6435,#6434,#363,.T.);
#5098=EDGE_CURVE('',#6434,#6436,#364,.T.);
#5099=EDGE_CURVE('',#6435,#6437,#365,.T.);
#5100=EDGE_CURVE('',#6437,#6436,#366,.T.);
#5101=EDGE_CURVE('',#6436,#6438,#7278,.T.);
#5102=EDGE_CURVE('',#6437,#6439,#7279,.T.);
#5103=EDGE_CURVE('',#6439,#6438,#367,.T.);
#5104=EDGE_CURVE('',#6440,#6438,#368,.T.);
#5105=EDGE_CURVE('',#6441,#6439,#369,.T.);
#5106=EDGE_CURVE('',#6441,#6440,#370,.T.);
#5107=EDGE_CURVE('',#6440,#6442,#7280,.T.);
#5108=EDGE_CURVE('',#6441,#6443,#7281,.T.);
#5109=EDGE_CURVE('',#6443,#6442,#371,.T.);
#5110=EDGE_CURVE('',#6444,#6442,#372,.T.);
#5111=EDGE_CURVE('',#6445,#6443,#373,.T.);
#5112=EDGE_CURVE('',#6445,#6444,#374,.T.);
#5113=EDGE_CURVE('',#6444,#6430,#7282,.T.);
#5114=EDGE_CURVE('',#6445,#6432,#7283,.T.);
#5115=EDGE_CURVE('',#6446,#6447,#375,.T.);
#5116=EDGE_CURVE('',#6448,#6446,#376,.T.);
#5117=EDGE_CURVE('',#6448,#6449,#377,.T.);
#5118=EDGE_CURVE('',#6449,#6447,#378,.T.);
#5119=EDGE_CURVE('',#6447,#6450,#7284,.T.);
#5120=EDGE_CURVE('',#6449,#6451,#7285,.T.);
#5121=EDGE_CURVE('',#6451,#6450,#379,.T.);
#5122=EDGE_CURVE('',#6450,#6452,#380,.T.);
#5123=EDGE_CURVE('',#6451,#6453,#381,.T.);
#5124=EDGE_CURVE('',#6453,#6452,#382,.T.);
#5125=EDGE_CURVE('',#6452,#6454,#7286,.T.);
#5126=EDGE_CURVE('',#6453,#6455,#7287,.T.);
#5127=EDGE_CURVE('',#6455,#6454,#383,.T.);
#5128=EDGE_CURVE('',#6456,#6454,#384,.T.);
#5129=EDGE_CURVE('',#6457,#6455,#385,.T.);
#5130=EDGE_CURVE('',#6457,#6456,#386,.T.);
#5131=EDGE_CURVE('',#6456,#6458,#7288,.T.);
#5132=EDGE_CURVE('',#6457,#6459,#7289,.T.);
#5133=EDGE_CURVE('',#6459,#6458,#387,.T.);
#5134=EDGE_CURVE('',#6460,#6458,#388,.T.);
#5135=EDGE_CURVE('',#6461,#6459,#389,.T.);
#5136=EDGE_CURVE('',#6461,#6460,#390,.T.);
#5137=EDGE_CURVE('',#6460,#6446,#7290,.T.);
#5138=EDGE_CURVE('',#6461,#6448,#7291,.T.);
#5139=EDGE_CURVE('',#6462,#6463,#391,.T.);
#5140=EDGE_CURVE('',#6464,#6462,#392,.T.);
#5141=EDGE_CURVE('',#6464,#6465,#393,.T.);
#5142=EDGE_CURVE('',#6465,#6463,#394,.T.);
#5143=EDGE_CURVE('',#6463,#6466,#7292,.T.);
#5144=EDGE_CURVE('',#6465,#6467,#7293,.T.);
#5145=EDGE_CURVE('',#6467,#6466,#395,.T.);
#5146=EDGE_CURVE('',#6466,#6468,#396,.T.);
#5147=EDGE_CURVE('',#6467,#6469,#397,.T.);
#5148=EDGE_CURVE('',#6469,#6468,#398,.T.);
#5149=EDGE_CURVE('',#6468,#6470,#7294,.T.);
#5150=EDGE_CURVE('',#6469,#6471,#7295,.T.);
#5151=EDGE_CURVE('',#6471,#6470,#399,.T.);
#5152=EDGE_CURVE('',#6472,#6470,#400,.T.);
#5153=EDGE_CURVE('',#6473,#6471,#401,.T.);
#5154=EDGE_CURVE('',#6473,#6472,#402,.T.);
#5155=EDGE_CURVE('',#6472,#6474,#7296,.T.);
#5156=EDGE_CURVE('',#6473,#6475,#7297,.T.);
#5157=EDGE_CURVE('',#6475,#6474,#403,.T.);
#5158=EDGE_CURVE('',#6476,#6474,#404,.T.);
#5159=EDGE_CURVE('',#6477,#6475,#405,.T.);
#5160=EDGE_CURVE('',#6477,#6476,#406,.T.);
#5161=EDGE_CURVE('',#6476,#6462,#7298,.T.);
#5162=EDGE_CURVE('',#6477,#6464,#7299,.T.);
#5163=EDGE_CURVE('',#6478,#6479,#407,.T.);
#5164=EDGE_CURVE('',#6480,#6478,#408,.T.);
#5165=EDGE_CURVE('',#6480,#6481,#409,.T.);
#5166=EDGE_CURVE('',#6481,#6479,#410,.T.);
#5167=EDGE_CURVE('',#6479,#6482,#7300,.T.);
#5168=EDGE_CURVE('',#6481,#6483,#7301,.T.);
#5169=EDGE_CURVE('',#6483,#6482,#411,.T.);
#5170=EDGE_CURVE('',#6482,#6484,#412,.T.);
#5171=EDGE_CURVE('',#6483,#6485,#413,.T.);
#5172=EDGE_CURVE('',#6485,#6484,#414,.T.);
#5173=EDGE_CURVE('',#6484,#6486,#7302,.T.);
#5174=EDGE_CURVE('',#6485,#6487,#7303,.T.);
#5175=EDGE_CURVE('',#6487,#6486,#415,.T.);
#5176=EDGE_CURVE('',#6488,#6486,#416,.T.);
#5177=EDGE_CURVE('',#6489,#6487,#417,.T.);
#5178=EDGE_CURVE('',#6489,#6488,#418,.T.);
#5179=EDGE_CURVE('',#6488,#6490,#7304,.T.);
#5180=EDGE_CURVE('',#6489,#6491,#7305,.T.);
#5181=EDGE_CURVE('',#6491,#6490,#419,.T.);
#5182=EDGE_CURVE('',#6492,#6490,#420,.T.);
#5183=EDGE_CURVE('',#6493,#6491,#421,.T.);
#5184=EDGE_CURVE('',#6493,#6492,#422,.T.);
#5185=EDGE_CURVE('',#6492,#6478,#7306,.T.);
#5186=EDGE_CURVE('',#6493,#6480,#7307,.T.);
#5187=EDGE_CURVE('',#6494,#6495,#423,.T.);
#5188=EDGE_CURVE('',#6496,#6494,#424,.T.);
#5189=EDGE_CURVE('',#6496,#6497,#425,.T.);
#5190=EDGE_CURVE('',#6497,#6495,#426,.T.);
#5191=EDGE_CURVE('',#6495,#6498,#7308,.T.);
#5192=EDGE_CURVE('',#6497,#6499,#7309,.T.);
#5193=EDGE_CURVE('',#6499,#6498,#427,.T.);
#5194=EDGE_CURVE('',#6498,#6500,#428,.T.);
#5195=EDGE_CURVE('',#6499,#6501,#429,.T.);
#5196=EDGE_CURVE('',#6501,#6500,#430,.T.);
#5197=EDGE_CURVE('',#6500,#6502,#7310,.T.);
#5198=EDGE_CURVE('',#6501,#6503,#7311,.T.);
#5199=EDGE_CURVE('',#6503,#6502,#431,.T.);
#5200=EDGE_CURVE('',#6504,#6502,#432,.T.);
#5201=EDGE_CURVE('',#6505,#6503,#433,.T.);
#5202=EDGE_CURVE('',#6505,#6504,#434,.T.);
#5203=EDGE_CURVE('',#6504,#6506,#7312,.T.);
#5204=EDGE_CURVE('',#6505,#6507,#7313,.T.);
#5205=EDGE_CURVE('',#6507,#6506,#435,.T.);
#5206=EDGE_CURVE('',#6508,#6506,#436,.T.);
#5207=EDGE_CURVE('',#6509,#6507,#437,.T.);
#5208=EDGE_CURVE('',#6509,#6508,#438,.T.);
#5209=EDGE_CURVE('',#6508,#6494,#7314,.T.);
#5210=EDGE_CURVE('',#6509,#6496,#7315,.T.);
#5211=EDGE_CURVE('',#6510,#6511,#439,.T.);
#5212=EDGE_CURVE('',#6512,#6510,#440,.T.);
#5213=EDGE_CURVE('',#6512,#6513,#441,.T.);
#5214=EDGE_CURVE('',#6513,#6511,#442,.T.);
#5215=EDGE_CURVE('',#6511,#6514,#7316,.T.);
#5216=EDGE_CURVE('',#6513,#6515,#7317,.T.);
#5217=EDGE_CURVE('',#6515,#6514,#443,.T.);
#5218=EDGE_CURVE('',#6514,#6516,#444,.T.);
#5219=EDGE_CURVE('',#6515,#6517,#445,.T.);
#5220=EDGE_CURVE('',#6517,#6516,#446,.T.);
#5221=EDGE_CURVE('',#6516,#6518,#7318,.T.);
#5222=EDGE_CURVE('',#6517,#6519,#7319,.T.);
#5223=EDGE_CURVE('',#6519,#6518,#447,.T.);
#5224=EDGE_CURVE('',#6520,#6518,#448,.T.);
#5225=EDGE_CURVE('',#6521,#6519,#449,.T.);
#5226=EDGE_CURVE('',#6521,#6520,#450,.T.);
#5227=EDGE_CURVE('',#6520,#6522,#7320,.T.);
#5228=EDGE_CURVE('',#6521,#6523,#7321,.T.);
#5229=EDGE_CURVE('',#6523,#6522,#451,.T.);
#5230=EDGE_CURVE('',#6524,#6522,#452,.T.);
#5231=EDGE_CURVE('',#6525,#6523,#453,.T.);
#5232=EDGE_CURVE('',#6525,#6524,#454,.T.);
#5233=EDGE_CURVE('',#6524,#6510,#7322,.T.);
#5234=EDGE_CURVE('',#6525,#6512,#7323,.T.);
#5235=EDGE_CURVE('',#6526,#6527,#455,.T.);
#5236=EDGE_CURVE('',#6528,#6526,#456,.T.);
#5237=EDGE_CURVE('',#6528,#6529,#457,.T.);
#5238=EDGE_CURVE('',#6529,#6527,#458,.T.);
#5239=EDGE_CURVE('',#6527,#6530,#7324,.T.);
#5240=EDGE_CURVE('',#6529,#6531,#7325,.T.);
#5241=EDGE_CURVE('',#6531,#6530,#459,.T.);
#5242=EDGE_CURVE('',#6530,#6532,#460,.T.);
#5243=EDGE_CURVE('',#6531,#6533,#461,.T.);
#5244=EDGE_CURVE('',#6533,#6532,#462,.T.);
#5245=EDGE_CURVE('',#6532,#6534,#7326,.T.);
#5246=EDGE_CURVE('',#6533,#6535,#7327,.T.);
#5247=EDGE_CURVE('',#6535,#6534,#463,.T.);
#5248=EDGE_CURVE('',#6536,#6534,#464,.T.);
#5249=EDGE_CURVE('',#6537,#6535,#465,.T.);
#5250=EDGE_CURVE('',#6537,#6536,#466,.T.);
#5251=EDGE_CURVE('',#6536,#6538,#7328,.T.);
#5252=EDGE_CURVE('',#6537,#6539,#7329,.T.);
#5253=EDGE_CURVE('',#6539,#6538,#467,.T.);
#5254=EDGE_CURVE('',#6540,#6538,#468,.T.);
#5255=EDGE_CURVE('',#6541,#6539,#469,.T.);
#5256=EDGE_CURVE('',#6541,#6540,#470,.T.);
#5257=EDGE_CURVE('',#6540,#6526,#7330,.T.);
#5258=EDGE_CURVE('',#6541,#6528,#7331,.T.);
#5259=EDGE_CURVE('',#6542,#6543,#471,.T.);
#5260=EDGE_CURVE('',#6544,#6542,#472,.T.);
#5261=EDGE_CURVE('',#6544,#6545,#473,.T.);
#5262=EDGE_CURVE('',#6545,#6543,#474,.T.);
#5263=EDGE_CURVE('',#6543,#6546,#7332,.T.);
#5264=EDGE_CURVE('',#6545,#6547,#7333,.T.);
#5265=EDGE_CURVE('',#6547,#6546,#475,.T.);
#5266=EDGE_CURVE('',#6546,#6548,#476,.T.);
#5267=EDGE_CURVE('',#6547,#6549,#477,.T.);
#5268=EDGE_CURVE('',#6549,#6548,#478,.T.);
#5269=EDGE_CURVE('',#6548,#6550,#7334,.T.);
#5270=EDGE_CURVE('',#6549,#6551,#7335,.T.);
#5271=EDGE_CURVE('',#6551,#6550,#479,.T.);
#5272=EDGE_CURVE('',#6552,#6550,#480,.T.);
#5273=EDGE_CURVE('',#6553,#6551,#481,.T.);
#5274=EDGE_CURVE('',#6553,#6552,#482,.T.);
#5275=EDGE_CURVE('',#6552,#6554,#7336,.T.);
#5276=EDGE_CURVE('',#6553,#6555,#7337,.T.);
#5277=EDGE_CURVE('',#6555,#6554,#483,.T.);
#5278=EDGE_CURVE('',#6556,#6554,#484,.T.);
#5279=EDGE_CURVE('',#6557,#6555,#485,.T.);
#5280=EDGE_CURVE('',#6557,#6556,#486,.T.);
#5281=EDGE_CURVE('',#6556,#6542,#7338,.T.);
#5282=EDGE_CURVE('',#6557,#6544,#7339,.T.);
#5283=EDGE_CURVE('',#6558,#6559,#487,.T.);
#5284=EDGE_CURVE('',#6560,#6558,#488,.T.);
#5285=EDGE_CURVE('',#6560,#6561,#489,.T.);
#5286=EDGE_CURVE('',#6561,#6559,#490,.T.);
#5287=EDGE_CURVE('',#6559,#6562,#7340,.T.);
#5288=EDGE_CURVE('',#6561,#6563,#7341,.T.);
#5289=EDGE_CURVE('',#6563,#6562,#491,.T.);
#5290=EDGE_CURVE('',#6562,#6564,#492,.T.);
#5291=EDGE_CURVE('',#6563,#6565,#493,.T.);
#5292=EDGE_CURVE('',#6565,#6564,#494,.T.);
#5293=EDGE_CURVE('',#6564,#6566,#7342,.T.);
#5294=EDGE_CURVE('',#6565,#6567,#7343,.T.);
#5295=EDGE_CURVE('',#6567,#6566,#495,.T.);
#5296=EDGE_CURVE('',#6568,#6566,#496,.T.);
#5297=EDGE_CURVE('',#6569,#6567,#497,.T.);
#5298=EDGE_CURVE('',#6569,#6568,#498,.T.);
#5299=EDGE_CURVE('',#6568,#6570,#7344,.T.);
#5300=EDGE_CURVE('',#6569,#6571,#7345,.T.);
#5301=EDGE_CURVE('',#6571,#6570,#499,.T.);
#5302=EDGE_CURVE('',#6572,#6570,#500,.T.);
#5303=EDGE_CURVE('',#6573,#6571,#501,.T.);
#5304=EDGE_CURVE('',#6573,#6572,#502,.T.);
#5305=EDGE_CURVE('',#6572,#6558,#7346,.T.);
#5306=EDGE_CURVE('',#6573,#6560,#7347,.T.);
#5307=EDGE_CURVE('',#6574,#6575,#503,.T.);
#5308=EDGE_CURVE('',#6576,#6574,#504,.T.);
#5309=EDGE_CURVE('',#6576,#6577,#505,.T.);
#5310=EDGE_CURVE('',#6577,#6575,#506,.T.);
#5311=EDGE_CURVE('',#6575,#6578,#7348,.T.);
#5312=EDGE_CURVE('',#6577,#6579,#7349,.T.);
#5313=EDGE_CURVE('',#6579,#6578,#507,.T.);
#5314=EDGE_CURVE('',#6578,#6580,#508,.T.);
#5315=EDGE_CURVE('',#6579,#6581,#509,.T.);
#5316=EDGE_CURVE('',#6581,#6580,#510,.T.);
#5317=EDGE_CURVE('',#6580,#6582,#7350,.T.);
#5318=EDGE_CURVE('',#6581,#6583,#7351,.T.);
#5319=EDGE_CURVE('',#6583,#6582,#511,.T.);
#5320=EDGE_CURVE('',#6584,#6582,#512,.T.);
#5321=EDGE_CURVE('',#6585,#6583,#513,.T.);
#5322=EDGE_CURVE('',#6585,#6584,#514,.T.);
#5323=EDGE_CURVE('',#6584,#6586,#7352,.T.);
#5324=EDGE_CURVE('',#6585,#6587,#7353,.T.);
#5325=EDGE_CURVE('',#6587,#6586,#515,.T.);
#5326=EDGE_CURVE('',#6588,#6586,#516,.T.);
#5327=EDGE_CURVE('',#6589,#6587,#517,.T.);
#5328=EDGE_CURVE('',#6589,#6588,#518,.T.);
#5329=EDGE_CURVE('',#6588,#6574,#7354,.T.);
#5330=EDGE_CURVE('',#6589,#6576,#7355,.T.);
#5331=EDGE_CURVE('',#6590,#6591,#519,.T.);
#5332=EDGE_CURVE('',#6592,#6590,#520,.T.);
#5333=EDGE_CURVE('',#6592,#6593,#521,.T.);
#5334=EDGE_CURVE('',#6593,#6591,#522,.T.);
#5335=EDGE_CURVE('',#6591,#6594,#7356,.T.);
#5336=EDGE_CURVE('',#6593,#6595,#7357,.T.);
#5337=EDGE_CURVE('',#6595,#6594,#523,.T.);
#5338=EDGE_CURVE('',#6594,#6596,#524,.T.);
#5339=EDGE_CURVE('',#6595,#6597,#525,.T.);
#5340=EDGE_CURVE('',#6597,#6596,#526,.T.);
#5341=EDGE_CURVE('',#6596,#6598,#7358,.T.);
#5342=EDGE_CURVE('',#6597,#6599,#7359,.T.);
#5343=EDGE_CURVE('',#6599,#6598,#527,.T.);
#5344=EDGE_CURVE('',#6600,#6598,#528,.T.);
#5345=EDGE_CURVE('',#6601,#6599,#529,.T.);
#5346=EDGE_CURVE('',#6601,#6600,#530,.T.);
#5347=EDGE_CURVE('',#6600,#6602,#7360,.T.);
#5348=EDGE_CURVE('',#6601,#6603,#7361,.T.);
#5349=EDGE_CURVE('',#6603,#6602,#531,.T.);
#5350=EDGE_CURVE('',#6604,#6602,#532,.T.);
#5351=EDGE_CURVE('',#6605,#6603,#533,.T.);
#5352=EDGE_CURVE('',#6605,#6604,#534,.T.);
#5353=EDGE_CURVE('',#6604,#6590,#7362,.T.);
#5354=EDGE_CURVE('',#6605,#6592,#7363,.T.);
#5355=EDGE_CURVE('',#6606,#6607,#535,.T.);
#5356=EDGE_CURVE('',#6608,#6606,#536,.T.);
#5357=EDGE_CURVE('',#6608,#6609,#537,.T.);
#5358=EDGE_CURVE('',#6609,#6607,#538,.T.);
#5359=EDGE_CURVE('',#6607,#6610,#7364,.T.);
#5360=EDGE_CURVE('',#6609,#6611,#7365,.T.);
#5361=EDGE_CURVE('',#6611,#6610,#539,.T.);
#5362=EDGE_CURVE('',#6610,#6612,#540,.T.);
#5363=EDGE_CURVE('',#6611,#6613,#541,.T.);
#5364=EDGE_CURVE('',#6613,#6612,#542,.T.);
#5365=EDGE_CURVE('',#6612,#6614,#7366,.T.);
#5366=EDGE_CURVE('',#6613,#6615,#7367,.T.);
#5367=EDGE_CURVE('',#6615,#6614,#543,.T.);
#5368=EDGE_CURVE('',#6616,#6614,#544,.T.);
#5369=EDGE_CURVE('',#6617,#6615,#545,.T.);
#5370=EDGE_CURVE('',#6617,#6616,#546,.T.);
#5371=EDGE_CURVE('',#6616,#6618,#7368,.T.);
#5372=EDGE_CURVE('',#6617,#6619,#7369,.T.);
#5373=EDGE_CURVE('',#6619,#6618,#547,.T.);
#5374=EDGE_CURVE('',#6620,#6618,#548,.T.);
#5375=EDGE_CURVE('',#6621,#6619,#549,.T.);
#5376=EDGE_CURVE('',#6621,#6620,#550,.T.);
#5377=EDGE_CURVE('',#6620,#6606,#7370,.T.);
#5378=EDGE_CURVE('',#6621,#6608,#7371,.T.);
#5379=EDGE_CURVE('',#6622,#6623,#551,.T.);
#5380=EDGE_CURVE('',#6624,#6622,#552,.T.);
#5381=EDGE_CURVE('',#6624,#6625,#553,.T.);
#5382=EDGE_CURVE('',#6625,#6623,#554,.T.);
#5383=EDGE_CURVE('',#6623,#6626,#7372,.T.);
#5384=EDGE_CURVE('',#6625,#6627,#7373,.T.);
#5385=EDGE_CURVE('',#6627,#6626,#555,.T.);
#5386=EDGE_CURVE('',#6626,#6628,#556,.T.);
#5387=EDGE_CURVE('',#6627,#6629,#557,.T.);
#5388=EDGE_CURVE('',#6629,#6628,#558,.T.);
#5389=EDGE_CURVE('',#6628,#6630,#7374,.T.);
#5390=EDGE_CURVE('',#6629,#6631,#7375,.T.);
#5391=EDGE_CURVE('',#6631,#6630,#559,.T.);
#5392=EDGE_CURVE('',#6632,#6630,#560,.T.);
#5393=EDGE_CURVE('',#6633,#6631,#561,.T.);
#5394=EDGE_CURVE('',#6633,#6632,#562,.T.);
#5395=EDGE_CURVE('',#6632,#6634,#7376,.T.);
#5396=EDGE_CURVE('',#6633,#6635,#7377,.T.);
#5397=EDGE_CURVE('',#6635,#6634,#563,.T.);
#5398=EDGE_CURVE('',#6636,#6634,#564,.T.);
#5399=EDGE_CURVE('',#6637,#6635,#565,.T.);
#5400=EDGE_CURVE('',#6637,#6636,#566,.T.);
#5401=EDGE_CURVE('',#6636,#6622,#7378,.T.);
#5402=EDGE_CURVE('',#6637,#6624,#7379,.T.);
#5403=EDGE_CURVE('',#6638,#6639,#567,.T.);
#5404=EDGE_CURVE('',#6640,#6638,#568,.T.);
#5405=EDGE_CURVE('',#6640,#6641,#569,.T.);
#5406=EDGE_CURVE('',#6641,#6639,#570,.T.);
#5407=EDGE_CURVE('',#6639,#6642,#7380,.T.);
#5408=EDGE_CURVE('',#6641,#6643,#7381,.T.);
#5409=EDGE_CURVE('',#6643,#6642,#571,.T.);
#5410=EDGE_CURVE('',#6642,#6644,#572,.T.);
#5411=EDGE_CURVE('',#6643,#6645,#573,.T.);
#5412=EDGE_CURVE('',#6645,#6644,#574,.T.);
#5413=EDGE_CURVE('',#6644,#6646,#7382,.T.);
#5414=EDGE_CURVE('',#6645,#6647,#7383,.T.);
#5415=EDGE_CURVE('',#6647,#6646,#575,.T.);
#5416=EDGE_CURVE('',#6648,#6646,#576,.T.);
#5417=EDGE_CURVE('',#6649,#6647,#577,.T.);
#5418=EDGE_CURVE('',#6649,#6648,#578,.T.);
#5419=EDGE_CURVE('',#6648,#6650,#7384,.T.);
#5420=EDGE_CURVE('',#6649,#6651,#7385,.T.);
#5421=EDGE_CURVE('',#6651,#6650,#579,.T.);
#5422=EDGE_CURVE('',#6652,#6650,#580,.T.);
#5423=EDGE_CURVE('',#6653,#6651,#581,.T.);
#5424=EDGE_CURVE('',#6653,#6652,#582,.T.);
#5425=EDGE_CURVE('',#6652,#6638,#7386,.T.);
#5426=EDGE_CURVE('',#6653,#6640,#7387,.T.);
#5427=EDGE_CURVE('',#6654,#6655,#583,.T.);
#5428=EDGE_CURVE('',#6656,#6654,#584,.T.);
#5429=EDGE_CURVE('',#6656,#6657,#585,.T.);
#5430=EDGE_CURVE('',#6657,#6655,#586,.T.);
#5431=EDGE_CURVE('',#6655,#6658,#7388,.T.);
#5432=EDGE_CURVE('',#6657,#6659,#7389,.T.);
#5433=EDGE_CURVE('',#6659,#6658,#587,.T.);
#5434=EDGE_CURVE('',#6658,#6660,#588,.T.);
#5435=EDGE_CURVE('',#6659,#6661,#589,.T.);
#5436=EDGE_CURVE('',#6661,#6660,#590,.T.);
#5437=EDGE_CURVE('',#6660,#6662,#7390,.T.);
#5438=EDGE_CURVE('',#6661,#6663,#7391,.T.);
#5439=EDGE_CURVE('',#6663,#6662,#591,.T.);
#5440=EDGE_CURVE('',#6664,#6662,#592,.T.);
#5441=EDGE_CURVE('',#6665,#6663,#593,.T.);
#5442=EDGE_CURVE('',#6665,#6664,#594,.T.);
#5443=EDGE_CURVE('',#6664,#6666,#7392,.T.);
#5444=EDGE_CURVE('',#6665,#6667,#7393,.T.);
#5445=EDGE_CURVE('',#6667,#6666,#595,.T.);
#5446=EDGE_CURVE('',#6668,#6666,#596,.T.);
#5447=EDGE_CURVE('',#6669,#6667,#597,.T.);
#5448=EDGE_CURVE('',#6669,#6668,#598,.T.);
#5449=EDGE_CURVE('',#6668,#6654,#7394,.T.);
#5450=EDGE_CURVE('',#6669,#6656,#7395,.T.);
#5451=EDGE_CURVE('',#6670,#6671,#599,.T.);
#5452=EDGE_CURVE('',#6672,#6670,#600,.T.);
#5453=EDGE_CURVE('',#6672,#6673,#601,.T.);
#5454=EDGE_CURVE('',#6673,#6671,#602,.T.);
#5455=EDGE_CURVE('',#6671,#6674,#7396,.T.);
#5456=EDGE_CURVE('',#6673,#6675,#7397,.T.);
#5457=EDGE_CURVE('',#6675,#6674,#603,.T.);
#5458=EDGE_CURVE('',#6674,#6676,#604,.T.);
#5459=EDGE_CURVE('',#6675,#6677,#605,.T.);
#5460=EDGE_CURVE('',#6677,#6676,#606,.T.);
#5461=EDGE_CURVE('',#6676,#6678,#7398,.T.);
#5462=EDGE_CURVE('',#6677,#6679,#7399,.T.);
#5463=EDGE_CURVE('',#6679,#6678,#607,.T.);
#5464=EDGE_CURVE('',#6680,#6678,#608,.T.);
#5465=EDGE_CURVE('',#6681,#6679,#609,.T.);
#5466=EDGE_CURVE('',#6681,#6680,#610,.T.);
#5467=EDGE_CURVE('',#6680,#6682,#7400,.T.);
#5468=EDGE_CURVE('',#6681,#6683,#7401,.T.);
#5469=EDGE_CURVE('',#6683,#6682,#611,.T.);
#5470=EDGE_CURVE('',#6684,#6682,#612,.T.);
#5471=EDGE_CURVE('',#6685,#6683,#613,.T.);
#5472=EDGE_CURVE('',#6685,#6684,#614,.T.);
#5473=EDGE_CURVE('',#6684,#6670,#7402,.T.);
#5474=EDGE_CURVE('',#6685,#6672,#7403,.T.);
#5475=EDGE_CURVE('',#6686,#6687,#615,.T.);
#5476=EDGE_CURVE('',#6688,#6686,#616,.T.);
#5477=EDGE_CURVE('',#6688,#6689,#617,.T.);
#5478=EDGE_CURVE('',#6689,#6687,#618,.T.);
#5479=EDGE_CURVE('',#6687,#6690,#7404,.T.);
#5480=EDGE_CURVE('',#6689,#6691,#7405,.T.);
#5481=EDGE_CURVE('',#6691,#6690,#619,.T.);
#5482=EDGE_CURVE('',#6690,#6692,#620,.T.);
#5483=EDGE_CURVE('',#6691,#6693,#621,.T.);
#5484=EDGE_CURVE('',#6693,#6692,#622,.T.);
#5485=EDGE_CURVE('',#6692,#6694,#7406,.T.);
#5486=EDGE_CURVE('',#6693,#6695,#7407,.T.);
#5487=EDGE_CURVE('',#6695,#6694,#623,.T.);
#5488=EDGE_CURVE('',#6696,#6694,#624,.T.);
#5489=EDGE_CURVE('',#6697,#6695,#625,.T.);
#5490=EDGE_CURVE('',#6697,#6696,#626,.T.);
#5491=EDGE_CURVE('',#6696,#6698,#7408,.T.);
#5492=EDGE_CURVE('',#6697,#6699,#7409,.T.);
#5493=EDGE_CURVE('',#6699,#6698,#627,.T.);
#5494=EDGE_CURVE('',#6700,#6698,#628,.T.);
#5495=EDGE_CURVE('',#6701,#6699,#629,.T.);
#5496=EDGE_CURVE('',#6701,#6700,#630,.T.);
#5497=EDGE_CURVE('',#6700,#6686,#7410,.T.);
#5498=EDGE_CURVE('',#6701,#6688,#7411,.T.);
#5499=EDGE_CURVE('',#6702,#6703,#631,.T.);
#5500=EDGE_CURVE('',#6704,#6702,#632,.T.);
#5501=EDGE_CURVE('',#6704,#6705,#633,.T.);
#5502=EDGE_CURVE('',#6705,#6703,#634,.T.);
#5503=EDGE_CURVE('',#6703,#6706,#7412,.T.);
#5504=EDGE_CURVE('',#6705,#6707,#7413,.T.);
#5505=EDGE_CURVE('',#6707,#6706,#635,.T.);
#5506=EDGE_CURVE('',#6706,#6708,#636,.T.);
#5507=EDGE_CURVE('',#6707,#6709,#637,.T.);
#5508=EDGE_CURVE('',#6709,#6708,#638,.T.);
#5509=EDGE_CURVE('',#6708,#6710,#7414,.T.);
#5510=EDGE_CURVE('',#6709,#6711,#7415,.T.);
#5511=EDGE_CURVE('',#6711,#6710,#639,.T.);
#5512=EDGE_CURVE('',#6712,#6710,#640,.T.);
#5513=EDGE_CURVE('',#6713,#6711,#641,.T.);
#5514=EDGE_CURVE('',#6713,#6712,#642,.T.);
#5515=EDGE_CURVE('',#6712,#6714,#7416,.T.);
#5516=EDGE_CURVE('',#6713,#6715,#7417,.T.);
#5517=EDGE_CURVE('',#6715,#6714,#643,.T.);
#5518=EDGE_CURVE('',#6716,#6714,#644,.T.);
#5519=EDGE_CURVE('',#6717,#6715,#645,.T.);
#5520=EDGE_CURVE('',#6717,#6716,#646,.T.);
#5521=EDGE_CURVE('',#6716,#6702,#7418,.T.);
#5522=EDGE_CURVE('',#6717,#6704,#7419,.T.);
#5523=EDGE_CURVE('',#6718,#6719,#647,.T.);
#5524=EDGE_CURVE('',#6720,#6718,#648,.T.);
#5525=EDGE_CURVE('',#6720,#6721,#649,.T.);
#5526=EDGE_CURVE('',#6721,#6719,#650,.T.);
#5527=EDGE_CURVE('',#6719,#6722,#7420,.T.);
#5528=EDGE_CURVE('',#6721,#6723,#7421,.T.);
#5529=EDGE_CURVE('',#6723,#6722,#651,.T.);
#5530=EDGE_CURVE('',#6722,#6724,#652,.T.);
#5531=EDGE_CURVE('',#6723,#6725,#653,.T.);
#5532=EDGE_CURVE('',#6725,#6724,#654,.T.);
#5533=EDGE_CURVE('',#6724,#6726,#7422,.T.);
#5534=EDGE_CURVE('',#6725,#6727,#7423,.T.);
#5535=EDGE_CURVE('',#6727,#6726,#655,.T.);
#5536=EDGE_CURVE('',#6728,#6726,#656,.T.);
#5537=EDGE_CURVE('',#6729,#6727,#657,.T.);
#5538=EDGE_CURVE('',#6729,#6728,#658,.T.);
#5539=EDGE_CURVE('',#6728,#6730,#7424,.T.);
#5540=EDGE_CURVE('',#6729,#6731,#7425,.T.);
#5541=EDGE_CURVE('',#6731,#6730,#659,.T.);
#5542=EDGE_CURVE('',#6732,#6730,#660,.T.);
#5543=EDGE_CURVE('',#6733,#6731,#661,.T.);
#5544=EDGE_CURVE('',#6733,#6732,#662,.T.);
#5545=EDGE_CURVE('',#6732,#6718,#7426,.T.);
#5546=EDGE_CURVE('',#6733,#6720,#7427,.T.);
#5547=EDGE_CURVE('',#6734,#6735,#663,.T.);
#5548=EDGE_CURVE('',#6736,#6734,#664,.T.);
#5549=EDGE_CURVE('',#6736,#6737,#665,.T.);
#5550=EDGE_CURVE('',#6737,#6735,#666,.T.);
#5551=EDGE_CURVE('',#6735,#6738,#7428,.T.);
#5552=EDGE_CURVE('',#6737,#6739,#7429,.T.);
#5553=EDGE_CURVE('',#6739,#6738,#667,.T.);
#5554=EDGE_CURVE('',#6738,#6740,#668,.T.);
#5555=EDGE_CURVE('',#6739,#6741,#669,.T.);
#5556=EDGE_CURVE('',#6741,#6740,#670,.T.);
#5557=EDGE_CURVE('',#6740,#6742,#7430,.T.);
#5558=EDGE_CURVE('',#6741,#6743,#7431,.T.);
#5559=EDGE_CURVE('',#6743,#6742,#671,.T.);
#5560=EDGE_CURVE('',#6744,#6742,#672,.T.);
#5561=EDGE_CURVE('',#6745,#6743,#673,.T.);
#5562=EDGE_CURVE('',#6745,#6744,#674,.T.);
#5563=EDGE_CURVE('',#6744,#6746,#7432,.T.);
#5564=EDGE_CURVE('',#6745,#6747,#7433,.T.);
#5565=EDGE_CURVE('',#6747,#6746,#675,.T.);
#5566=EDGE_CURVE('',#6748,#6746,#676,.T.);
#5567=EDGE_CURVE('',#6749,#6747,#677,.T.);
#5568=EDGE_CURVE('',#6749,#6748,#678,.T.);
#5569=EDGE_CURVE('',#6748,#6734,#7434,.T.);
#5570=EDGE_CURVE('',#6749,#6736,#7435,.T.);
#5571=EDGE_CURVE('',#6750,#6751,#679,.T.);
#5572=EDGE_CURVE('',#6752,#6750,#680,.T.);
#5573=EDGE_CURVE('',#6752,#6753,#681,.T.);
#5574=EDGE_CURVE('',#6753,#6751,#682,.T.);
#5575=EDGE_CURVE('',#6751,#6754,#7436,.T.);
#5576=EDGE_CURVE('',#6753,#6755,#7437,.T.);
#5577=EDGE_CURVE('',#6755,#6754,#683,.T.);
#5578=EDGE_CURVE('',#6754,#6756,#684,.T.);
#5579=EDGE_CURVE('',#6755,#6757,#685,.T.);
#5580=EDGE_CURVE('',#6757,#6756,#686,.T.);
#5581=EDGE_CURVE('',#6756,#6758,#7438,.T.);
#5582=EDGE_CURVE('',#6757,#6759,#7439,.T.);
#5583=EDGE_CURVE('',#6759,#6758,#687,.T.);
#5584=EDGE_CURVE('',#6760,#6758,#688,.T.);
#5585=EDGE_CURVE('',#6761,#6759,#689,.T.);
#5586=EDGE_CURVE('',#6761,#6760,#690,.T.);
#5587=EDGE_CURVE('',#6760,#6762,#7440,.T.);
#5588=EDGE_CURVE('',#6761,#6763,#7441,.T.);
#5589=EDGE_CURVE('',#6763,#6762,#691,.T.);
#5590=EDGE_CURVE('',#6764,#6762,#692,.T.);
#5591=EDGE_CURVE('',#6765,#6763,#693,.T.);
#5592=EDGE_CURVE('',#6765,#6764,#694,.T.);
#5593=EDGE_CURVE('',#6764,#6750,#7442,.T.);
#5594=EDGE_CURVE('',#6765,#6752,#7443,.T.);
#5595=EDGE_CURVE('',#6766,#6767,#695,.T.);
#5596=EDGE_CURVE('',#6768,#6766,#696,.T.);
#5597=EDGE_CURVE('',#6768,#6769,#697,.T.);
#5598=EDGE_CURVE('',#6769,#6767,#698,.T.);
#5599=EDGE_CURVE('',#6767,#6770,#7444,.T.);
#5600=EDGE_CURVE('',#6769,#6771,#7445,.T.);
#5601=EDGE_CURVE('',#6771,#6770,#699,.T.);
#5602=EDGE_CURVE('',#6770,#6772,#700,.T.);
#5603=EDGE_CURVE('',#6771,#6773,#701,.T.);
#5604=EDGE_CURVE('',#6773,#6772,#702,.T.);
#5605=EDGE_CURVE('',#6772,#6774,#7446,.T.);
#5606=EDGE_CURVE('',#6773,#6775,#7447,.T.);
#5607=EDGE_CURVE('',#6775,#6774,#703,.T.);
#5608=EDGE_CURVE('',#6776,#6774,#704,.T.);
#5609=EDGE_CURVE('',#6777,#6775,#705,.T.);
#5610=EDGE_CURVE('',#6777,#6776,#706,.T.);
#5611=EDGE_CURVE('',#6776,#6778,#7448,.T.);
#5612=EDGE_CURVE('',#6777,#6779,#7449,.T.);
#5613=EDGE_CURVE('',#6779,#6778,#707,.T.);
#5614=EDGE_CURVE('',#6780,#6778,#708,.T.);
#5615=EDGE_CURVE('',#6781,#6779,#709,.T.);
#5616=EDGE_CURVE('',#6781,#6780,#710,.T.);
#5617=EDGE_CURVE('',#6780,#6766,#7450,.T.);
#5618=EDGE_CURVE('',#6781,#6768,#7451,.T.);
#5619=EDGE_CURVE('',#6782,#6783,#711,.T.);
#5620=EDGE_CURVE('',#6784,#6782,#712,.T.);
#5621=EDGE_CURVE('',#6784,#6785,#713,.T.);
#5622=EDGE_CURVE('',#6785,#6783,#714,.T.);
#5623=EDGE_CURVE('',#6783,#6786,#7452,.T.);
#5624=EDGE_CURVE('',#6785,#6787,#7453,.T.);
#5625=EDGE_CURVE('',#6787,#6786,#715,.T.);
#5626=EDGE_CURVE('',#6786,#6788,#716,.T.);
#5627=EDGE_CURVE('',#6787,#6789,#717,.T.);
#5628=EDGE_CURVE('',#6789,#6788,#718,.T.);
#5629=EDGE_CURVE('',#6788,#6790,#7454,.T.);
#5630=EDGE_CURVE('',#6789,#6791,#7455,.T.);
#5631=EDGE_CURVE('',#6791,#6790,#719,.T.);
#5632=EDGE_CURVE('',#6792,#6790,#720,.T.);
#5633=EDGE_CURVE('',#6793,#6791,#721,.T.);
#5634=EDGE_CURVE('',#6793,#6792,#722,.T.);
#5635=EDGE_CURVE('',#6792,#6794,#7456,.T.);
#5636=EDGE_CURVE('',#6793,#6795,#7457,.T.);
#5637=EDGE_CURVE('',#6795,#6794,#723,.T.);
#5638=EDGE_CURVE('',#6796,#6794,#724,.T.);
#5639=EDGE_CURVE('',#6797,#6795,#725,.T.);
#5640=EDGE_CURVE('',#6797,#6796,#726,.T.);
#5641=EDGE_CURVE('',#6796,#6782,#7458,.T.);
#5642=EDGE_CURVE('',#6797,#6784,#7459,.T.);
#5643=EDGE_CURVE('',#6798,#6799,#727,.T.);
#5644=EDGE_CURVE('',#6800,#6798,#728,.T.);
#5645=EDGE_CURVE('',#6800,#6801,#729,.T.);
#5646=EDGE_CURVE('',#6801,#6799,#730,.T.);
#5647=EDGE_CURVE('',#6799,#6802,#7460,.T.);
#5648=EDGE_CURVE('',#6801,#6803,#7461,.T.);
#5649=EDGE_CURVE('',#6803,#6802,#731,.T.);
#5650=EDGE_CURVE('',#6802,#6804,#732,.T.);
#5651=EDGE_CURVE('',#6803,#6805,#733,.T.);
#5652=EDGE_CURVE('',#6805,#6804,#734,.T.);
#5653=EDGE_CURVE('',#6804,#6806,#7462,.T.);
#5654=EDGE_CURVE('',#6805,#6807,#7463,.T.);
#5655=EDGE_CURVE('',#6807,#6806,#735,.T.);
#5656=EDGE_CURVE('',#6808,#6806,#736,.T.);
#5657=EDGE_CURVE('',#6809,#6807,#737,.T.);
#5658=EDGE_CURVE('',#6809,#6808,#738,.T.);
#5659=EDGE_CURVE('',#6808,#6810,#7464,.T.);
#5660=EDGE_CURVE('',#6809,#6811,#7465,.T.);
#5661=EDGE_CURVE('',#6811,#6810,#739,.T.);
#5662=EDGE_CURVE('',#6812,#6810,#740,.T.);
#5663=EDGE_CURVE('',#6813,#6811,#741,.T.);
#5664=EDGE_CURVE('',#6813,#6812,#742,.T.);
#5665=EDGE_CURVE('',#6812,#6798,#7466,.T.);
#5666=EDGE_CURVE('',#6813,#6800,#7467,.T.);
#5667=EDGE_CURVE('',#6814,#6815,#743,.T.);
#5668=EDGE_CURVE('',#6816,#6814,#744,.T.);
#5669=EDGE_CURVE('',#6816,#6817,#745,.T.);
#5670=EDGE_CURVE('',#6817,#6815,#746,.T.);
#5671=EDGE_CURVE('',#6815,#6818,#7468,.T.);
#5672=EDGE_CURVE('',#6817,#6819,#7469,.T.);
#5673=EDGE_CURVE('',#6819,#6818,#747,.T.);
#5674=EDGE_CURVE('',#6818,#6820,#748,.T.);
#5675=EDGE_CURVE('',#6819,#6821,#749,.T.);
#5676=EDGE_CURVE('',#6821,#6820,#750,.T.);
#5677=EDGE_CURVE('',#6820,#6822,#7470,.T.);
#5678=EDGE_CURVE('',#6821,#6823,#7471,.T.);
#5679=EDGE_CURVE('',#6823,#6822,#751,.T.);
#5680=EDGE_CURVE('',#6824,#6822,#752,.T.);
#5681=EDGE_CURVE('',#6825,#6823,#753,.T.);
#5682=EDGE_CURVE('',#6825,#6824,#754,.T.);
#5683=EDGE_CURVE('',#6824,#6826,#7472,.T.);
#5684=EDGE_CURVE('',#6825,#6827,#7473,.T.);
#5685=EDGE_CURVE('',#6827,#6826,#755,.T.);
#5686=EDGE_CURVE('',#6828,#6826,#756,.T.);
#5687=EDGE_CURVE('',#6829,#6827,#757,.T.);
#5688=EDGE_CURVE('',#6829,#6828,#758,.T.);
#5689=EDGE_CURVE('',#6828,#6814,#7474,.T.);
#5690=EDGE_CURVE('',#6829,#6816,#7475,.T.);
#5691=EDGE_CURVE('',#6830,#6831,#759,.T.);
#5692=EDGE_CURVE('',#6832,#6830,#760,.T.);
#5693=EDGE_CURVE('',#6832,#6833,#761,.T.);
#5694=EDGE_CURVE('',#6833,#6831,#762,.T.);
#5695=EDGE_CURVE('',#6831,#6834,#7476,.T.);
#5696=EDGE_CURVE('',#6833,#6835,#7477,.T.);
#5697=EDGE_CURVE('',#6835,#6834,#763,.T.);
#5698=EDGE_CURVE('',#6834,#6836,#764,.T.);
#5699=EDGE_CURVE('',#6835,#6837,#765,.T.);
#5700=EDGE_CURVE('',#6837,#6836,#766,.T.);
#5701=EDGE_CURVE('',#6836,#6838,#7478,.T.);
#5702=EDGE_CURVE('',#6837,#6839,#7479,.T.);
#5703=EDGE_CURVE('',#6839,#6838,#767,.T.);
#5704=EDGE_CURVE('',#6840,#6838,#768,.T.);
#5705=EDGE_CURVE('',#6841,#6839,#769,.T.);
#5706=EDGE_CURVE('',#6841,#6840,#770,.T.);
#5707=EDGE_CURVE('',#6840,#6842,#7480,.T.);
#5708=EDGE_CURVE('',#6841,#6843,#7481,.T.);
#5709=EDGE_CURVE('',#6843,#6842,#771,.T.);
#5710=EDGE_CURVE('',#6844,#6842,#772,.T.);
#5711=EDGE_CURVE('',#6845,#6843,#773,.T.);
#5712=EDGE_CURVE('',#6845,#6844,#774,.T.);
#5713=EDGE_CURVE('',#6844,#6830,#7482,.T.);
#5714=EDGE_CURVE('',#6845,#6832,#7483,.T.);
#5715=EDGE_CURVE('',#6846,#6847,#775,.T.);
#5716=EDGE_CURVE('',#6848,#6846,#776,.T.);
#5717=EDGE_CURVE('',#6848,#6849,#777,.T.);
#5718=EDGE_CURVE('',#6849,#6847,#778,.T.);
#5719=EDGE_CURVE('',#6847,#6850,#7484,.T.);
#5720=EDGE_CURVE('',#6849,#6851,#7485,.T.);
#5721=EDGE_CURVE('',#6851,#6850,#779,.T.);
#5722=EDGE_CURVE('',#6850,#6852,#780,.T.);
#5723=EDGE_CURVE('',#6851,#6853,#781,.T.);
#5724=EDGE_CURVE('',#6853,#6852,#782,.T.);
#5725=EDGE_CURVE('',#6852,#6854,#7486,.T.);
#5726=EDGE_CURVE('',#6853,#6855,#7487,.T.);
#5727=EDGE_CURVE('',#6855,#6854,#783,.T.);
#5728=EDGE_CURVE('',#6856,#6854,#784,.T.);
#5729=EDGE_CURVE('',#6857,#6855,#785,.T.);
#5730=EDGE_CURVE('',#6857,#6856,#786,.T.);
#5731=EDGE_CURVE('',#6856,#6858,#7488,.T.);
#5732=EDGE_CURVE('',#6857,#6859,#7489,.T.);
#5733=EDGE_CURVE('',#6859,#6858,#787,.T.);
#5734=EDGE_CURVE('',#6860,#6858,#788,.T.);
#5735=EDGE_CURVE('',#6861,#6859,#789,.T.);
#5736=EDGE_CURVE('',#6861,#6860,#790,.T.);
#5737=EDGE_CURVE('',#6860,#6846,#7490,.T.);
#5738=EDGE_CURVE('',#6861,#6848,#7491,.T.);
#5739=EDGE_CURVE('',#6862,#6863,#791,.T.);
#5740=EDGE_CURVE('',#6864,#6862,#792,.T.);
#5741=EDGE_CURVE('',#6864,#6865,#793,.T.);
#5742=EDGE_CURVE('',#6865,#6863,#794,.T.);
#5743=EDGE_CURVE('',#6863,#6866,#7492,.T.);
#5744=EDGE_CURVE('',#6865,#6867,#7493,.T.);
#5745=EDGE_CURVE('',#6867,#6866,#795,.T.);
#5746=EDGE_CURVE('',#6866,#6868,#796,.T.);
#5747=EDGE_CURVE('',#6867,#6869,#797,.T.);
#5748=EDGE_CURVE('',#6869,#6868,#798,.T.);
#5749=EDGE_CURVE('',#6868,#6870,#7494,.T.);
#5750=EDGE_CURVE('',#6869,#6871,#7495,.T.);
#5751=EDGE_CURVE('',#6871,#6870,#799,.T.);
#5752=EDGE_CURVE('',#6872,#6870,#800,.T.);
#5753=EDGE_CURVE('',#6873,#6871,#801,.T.);
#5754=EDGE_CURVE('',#6873,#6872,#802,.T.);
#5755=EDGE_CURVE('',#6872,#6874,#7496,.T.);
#5756=EDGE_CURVE('',#6873,#6875,#7497,.T.);
#5757=EDGE_CURVE('',#6875,#6874,#803,.T.);
#5758=EDGE_CURVE('',#6876,#6874,#804,.T.);
#5759=EDGE_CURVE('',#6877,#6875,#805,.T.);
#5760=EDGE_CURVE('',#6877,#6876,#806,.T.);
#5761=EDGE_CURVE('',#6876,#6862,#7498,.T.);
#5762=EDGE_CURVE('',#6877,#6864,#7499,.T.);
#5763=EDGE_CURVE('',#6878,#6879,#807,.T.);
#5764=EDGE_CURVE('',#6880,#6878,#808,.T.);
#5765=EDGE_CURVE('',#6880,#6881,#809,.T.);
#5766=EDGE_CURVE('',#6881,#6879,#810,.T.);
#5767=EDGE_CURVE('',#6879,#6882,#7500,.T.);
#5768=EDGE_CURVE('',#6881,#6883,#7501,.T.);
#5769=EDGE_CURVE('',#6883,#6882,#811,.T.);
#5770=EDGE_CURVE('',#6882,#6884,#812,.T.);
#5771=EDGE_CURVE('',#6883,#6885,#813,.T.);
#5772=EDGE_CURVE('',#6885,#6884,#814,.T.);
#5773=EDGE_CURVE('',#6884,#6886,#7502,.T.);
#5774=EDGE_CURVE('',#6885,#6887,#7503,.T.);
#5775=EDGE_CURVE('',#6887,#6886,#815,.T.);
#5776=EDGE_CURVE('',#6888,#6886,#816,.T.);
#5777=EDGE_CURVE('',#6889,#6887,#817,.T.);
#5778=EDGE_CURVE('',#6889,#6888,#818,.T.);
#5779=EDGE_CURVE('',#6888,#6890,#7504,.T.);
#5780=EDGE_CURVE('',#6889,#6891,#7505,.T.);
#5781=EDGE_CURVE('',#6891,#6890,#819,.T.);
#5782=EDGE_CURVE('',#6892,#6890,#820,.T.);
#5783=EDGE_CURVE('',#6893,#6891,#821,.T.);
#5784=EDGE_CURVE('',#6893,#6892,#822,.T.);
#5785=EDGE_CURVE('',#6892,#6878,#7506,.T.);
#5786=EDGE_CURVE('',#6893,#6880,#7507,.T.);
#5787=EDGE_CURVE('',#6894,#6895,#823,.T.);
#5788=EDGE_CURVE('',#6896,#6894,#824,.T.);
#5789=EDGE_CURVE('',#6896,#6897,#825,.T.);
#5790=EDGE_CURVE('',#6897,#6895,#826,.T.);
#5791=EDGE_CURVE('',#6895,#6898,#7508,.T.);
#5792=EDGE_CURVE('',#6897,#6899,#7509,.T.);
#5793=EDGE_CURVE('',#6899,#6898,#827,.T.);
#5794=EDGE_CURVE('',#6898,#6900,#828,.T.);
#5795=EDGE_CURVE('',#6899,#6901,#829,.T.);
#5796=EDGE_CURVE('',#6901,#6900,#830,.T.);
#5797=EDGE_CURVE('',#6900,#6902,#7510,.T.);
#5798=EDGE_CURVE('',#6901,#6903,#7511,.T.);
#5799=EDGE_CURVE('',#6903,#6902,#831,.T.);
#5800=EDGE_CURVE('',#6904,#6902,#832,.T.);
#5801=EDGE_CURVE('',#6905,#6903,#833,.T.);
#5802=EDGE_CURVE('',#6905,#6904,#834,.T.);
#5803=EDGE_CURVE('',#6904,#6906,#7512,.T.);
#5804=EDGE_CURVE('',#6905,#6907,#7513,.T.);
#5805=EDGE_CURVE('',#6907,#6906,#835,.T.);
#5806=EDGE_CURVE('',#6908,#6906,#836,.T.);
#5807=EDGE_CURVE('',#6909,#6907,#837,.T.);
#5808=EDGE_CURVE('',#6909,#6908,#838,.T.);
#5809=EDGE_CURVE('',#6908,#6894,#7514,.T.);
#5810=EDGE_CURVE('',#6909,#6896,#7515,.T.);
#5811=EDGE_CURVE('',#6910,#6911,#839,.T.);
#5812=EDGE_CURVE('',#6912,#6910,#840,.T.);
#5813=EDGE_CURVE('',#6912,#6913,#841,.T.);
#5814=EDGE_CURVE('',#6913,#6911,#842,.T.);
#5815=EDGE_CURVE('',#6911,#6914,#7516,.T.);
#5816=EDGE_CURVE('',#6913,#6915,#7517,.T.);
#5817=EDGE_CURVE('',#6915,#6914,#843,.T.);
#5818=EDGE_CURVE('',#6914,#6916,#844,.T.);
#5819=EDGE_CURVE('',#6915,#6917,#845,.T.);
#5820=EDGE_CURVE('',#6917,#6916,#846,.T.);
#5821=EDGE_CURVE('',#6916,#6918,#7518,.T.);
#5822=EDGE_CURVE('',#6917,#6919,#7519,.T.);
#5823=EDGE_CURVE('',#6919,#6918,#847,.T.);
#5824=EDGE_CURVE('',#6920,#6918,#848,.T.);
#5825=EDGE_CURVE('',#6921,#6919,#849,.T.);
#5826=EDGE_CURVE('',#6921,#6920,#850,.T.);
#5827=EDGE_CURVE('',#6920,#6922,#7520,.T.);
#5828=EDGE_CURVE('',#6921,#6923,#7521,.T.);
#5829=EDGE_CURVE('',#6923,#6922,#851,.T.);
#5830=EDGE_CURVE('',#6924,#6922,#852,.T.);
#5831=EDGE_CURVE('',#6925,#6923,#853,.T.);
#5832=EDGE_CURVE('',#6925,#6924,#854,.T.);
#5833=EDGE_CURVE('',#6924,#6910,#7522,.T.);
#5834=EDGE_CURVE('',#6925,#6912,#7523,.T.);
#5835=EDGE_CURVE('',#6926,#6927,#855,.T.);
#5836=EDGE_CURVE('',#6928,#6926,#856,.T.);
#5837=EDGE_CURVE('',#6928,#6929,#857,.T.);
#5838=EDGE_CURVE('',#6929,#6927,#858,.T.);
#5839=EDGE_CURVE('',#6927,#6930,#7524,.T.);
#5840=EDGE_CURVE('',#6929,#6931,#7525,.T.);
#5841=EDGE_CURVE('',#6931,#6930,#859,.T.);
#5842=EDGE_CURVE('',#6930,#6932,#860,.T.);
#5843=EDGE_CURVE('',#6931,#6933,#861,.T.);
#5844=EDGE_CURVE('',#6933,#6932,#862,.T.);
#5845=EDGE_CURVE('',#6932,#6934,#7526,.T.);
#5846=EDGE_CURVE('',#6933,#6935,#7527,.T.);
#5847=EDGE_CURVE('',#6935,#6934,#863,.T.);
#5848=EDGE_CURVE('',#6936,#6934,#864,.T.);
#5849=EDGE_CURVE('',#6937,#6935,#865,.T.);
#5850=EDGE_CURVE('',#6937,#6936,#866,.T.);
#5851=EDGE_CURVE('',#6936,#6938,#7528,.T.);
#5852=EDGE_CURVE('',#6937,#6939,#7529,.T.);
#5853=EDGE_CURVE('',#6939,#6938,#867,.T.);
#5854=EDGE_CURVE('',#6940,#6938,#868,.T.);
#5855=EDGE_CURVE('',#6941,#6939,#869,.T.);
#5856=EDGE_CURVE('',#6941,#6940,#870,.T.);
#5857=EDGE_CURVE('',#6940,#6926,#7530,.T.);
#5858=EDGE_CURVE('',#6941,#6928,#7531,.T.);
#5859=EDGE_CURVE('',#6308,#6942,#871,.T.);
#5860=EDGE_CURVE('',#6943,#6942,#7532,.T.);
#5861=EDGE_CURVE('',#6309,#6943,#872,.T.);
#5862=EDGE_CURVE('',#6944,#6943,#873,.T.);
#5863=EDGE_CURVE('',#6310,#6944,#874,.T.);
#5864=EDGE_CURVE('',#6311,#6945,#875,.T.);
#5865=EDGE_CURVE('',#6944,#6945,#7533,.T.);
#5866=EDGE_CURVE('',#6312,#6946,#876,.T.);
#5867=EDGE_CURVE('',#6945,#6946,#877,.T.);
#5868=EDGE_CURVE('',#6947,#6946,#7534,.T.);
#5869=EDGE_CURVE('',#6313,#6947,#878,.T.);
#5870=EDGE_CURVE('',#6948,#6947,#879,.T.);
#5871=EDGE_CURVE('',#6314,#6948,#880,.T.);
#5872=EDGE_CURVE('',#6949,#6948,#7535,.T.);
#5873=EDGE_CURVE('',#6315,#6949,#881,.T.);
#5874=EDGE_CURVE('',#6950,#6949,#882,.T.);
#5875=EDGE_CURVE('',#6316,#6950,#883,.T.);
#5876=EDGE_CURVE('',#6317,#6951,#884,.T.);
#5877=EDGE_CURVE('',#6950,#6951,#7536,.T.);
#5878=EDGE_CURVE('',#6952,#6951,#885,.T.);
#5879=EDGE_CURVE('',#6318,#6952,#886,.T.);
#5880=EDGE_CURVE('',#6953,#6952,#7537,.T.);
#5881=EDGE_CURVE('',#6319,#6953,#887,.T.);
#5882=EDGE_CURVE('',#6354,#6353,#888,.T.);
#5883=EDGE_CURVE('',#6953,#6954,#889,.T.);
#5884=EDGE_CURVE('',#6276,#6954,#890,.T.);
#5885=EDGE_CURVE('',#6955,#6954,#7538,.T.);
#5886=EDGE_CURVE('',#6277,#6955,#891,.T.);
#5887=EDGE_CURVE('',#6278,#6956,#892,.T.);
#5888=EDGE_CURVE('',#6955,#6956,#893,.T.);
#5889=EDGE_CURVE('',#6957,#6956,#7539,.T.);
#5890=EDGE_CURVE('',#6279,#6957,#894,.T.);
#5891=EDGE_CURVE('',#6958,#6350,#895,.T.);
#5892=EDGE_CURVE('',#6959,#6957,#896,.T.);
#5893=EDGE_CURVE('',#6958,#6959,#897,.T.);
#5894=EDGE_CURVE('',#6960,#6961,#898,.T.);
#5895=EDGE_CURVE('',#6961,#6958,#899,.T.);
#5896=EDGE_CURVE('',#6960,#6959,#900,.T.);
#5897=EDGE_CURVE('',#6962,#6960,#901,.T.);
#5898=EDGE_CURVE('',#6962,#6963,#902,.T.);
#5899=EDGE_CURVE('',#6963,#6961,#903,.T.);
#5900=EDGE_CURVE('',#6963,#6964,#7540,.T.);
#5901=EDGE_CURVE('',#6962,#6965,#7541,.T.);
#5902=EDGE_CURVE('',#6965,#6964,#904,.T.);
#5903=EDGE_CURVE('',#6966,#6964,#905,.T.);
#5904=EDGE_CURVE('',#6967,#6965,#906,.T.);
#5905=EDGE_CURVE('',#6967,#6966,#907,.T.);
#5906=EDGE_CURVE('',#6966,#6968,#7542,.T.);
#5907=EDGE_CURVE('',#6967,#6969,#7543,.T.);
#5908=EDGE_CURVE('',#6969,#6968,#908,.T.);
#5909=EDGE_CURVE('',#6969,#6970,#909,.T.);
#5910=EDGE_CURVE('',#6970,#6971,#910,.T.);
#5911=EDGE_CURVE('',#6968,#6971,#911,.T.);
#5912=EDGE_CURVE('',#6972,#6970,#912,.T.);
#5913=EDGE_CURVE('',#6973,#6972,#913,.T.);
#5914=EDGE_CURVE('',#6973,#6971,#914,.T.);
#5915=EDGE_CURVE('',#6972,#6974,#915,.T.);
#5916=EDGE_CURVE('',#6289,#6974,#916,.T.);
#5917=EDGE_CURVE('',#6973,#6365,#917,.T.);
#5918=EDGE_CURVE('',#6290,#6975,#918,.T.);
#5919=EDGE_CURVE('',#6974,#6975,#7544,.T.);
#5920=EDGE_CURVE('',#6976,#6975,#919,.T.);
#5921=EDGE_CURVE('',#6291,#6976,#920,.T.);
#5922=EDGE_CURVE('',#6284,#6977,#921,.T.);
#5923=EDGE_CURVE('',#6976,#6977,#7545,.T.);
#5924=EDGE_CURVE('',#6361,#6363,#922,.T.);
#5925=EDGE_CURVE('',#6978,#6977,#923,.T.);
#5926=EDGE_CURVE('',#6297,#6978,#924,.T.);
#5927=EDGE_CURVE('',#6298,#6979,#925,.T.);
#5928=EDGE_CURVE('',#6978,#6979,#7546,.T.);
#5929=EDGE_CURVE('',#6299,#6980,#926,.T.);
#5930=EDGE_CURVE('',#6979,#6980,#927,.T.);
#5931=EDGE_CURVE('',#6981,#6980,#7547,.T.);
#5932=EDGE_CURVE('',#6300,#6981,#928,.T.);
#5933=EDGE_CURVE('',#6301,#6982,#929,.T.);
#5934=EDGE_CURVE('',#6981,#6982,#930,.T.);
#5935=EDGE_CURVE('',#6302,#6983,#931,.T.);
#5936=EDGE_CURVE('',#6982,#6983,#7548,.T.);
#5937=EDGE_CURVE('',#6303,#6984,#932,.T.);
#5938=EDGE_CURVE('',#6983,#6984,#933,.T.);
#5939=EDGE_CURVE('',#6304,#6985,#934,.T.);
#5940=EDGE_CURVE('',#6984,#6985,#7549,.T.);
#5941=EDGE_CURVE('',#6986,#6985,#935,.T.);
#5942=EDGE_CURVE('',#6305,#6986,#936,.T.);
#5943=EDGE_CURVE('',#6987,#6986,#7550,.T.);
#5944=EDGE_CURVE('',#6306,#6987,#937,.T.);
#5945=EDGE_CURVE('',#6307,#6988,#938,.T.);
#5946=EDGE_CURVE('',#6987,#6988,#939,.T.);
#5947=EDGE_CURVE('',#6293,#6989,#940,.T.);
#5948=EDGE_CURVE('',#6988,#6989,#7551,.T.);
#5949=EDGE_CURVE('',#6359,#6990,#941,.T.);
#5950=EDGE_CURVE('',#6989,#6991,#942,.T.);
#5951=EDGE_CURVE('',#6990,#6991,#943,.T.);
#5952=EDGE_CURVE('',#6992,#6990,#944,.T.);
#5953=EDGE_CURVE('',#6993,#6991,#945,.T.);
#5954=EDGE_CURVE('',#6992,#6993,#946,.T.);
#5955=EDGE_CURVE('',#6992,#6994,#947,.T.);
#5956=EDGE_CURVE('',#6993,#6995,#948,.T.);
#5957=EDGE_CURVE('',#6995,#6994,#949,.T.);
#5958=EDGE_CURVE('',#6994,#6996,#7552,.T.);
#5959=EDGE_CURVE('',#6995,#6997,#7553,.T.);
#5960=EDGE_CURVE('',#6997,#6996,#950,.T.);
#5961=EDGE_CURVE('',#6996,#6998,#951,.T.);
#5962=EDGE_CURVE('',#6997,#6999,#952,.T.);
#5963=EDGE_CURVE('',#6999,#6998,#953,.T.);
#5964=EDGE_CURVE('',#6998,#7000,#7554,.T.);
#5965=EDGE_CURVE('',#6999,#7001,#7555,.T.);
#5966=EDGE_CURVE('',#7001,#7000,#954,.T.);
#5967=EDGE_CURVE('',#7002,#7003,#955,.T.);
#5968=EDGE_CURVE('',#7002,#7000,#956,.T.);
#5969=EDGE_CURVE('',#7003,#7001,#957,.T.);
#5970=EDGE_CURVE('',#7004,#7003,#958,.T.);
#5971=EDGE_CURVE('',#7005,#7004,#959,.T.);
#5972=EDGE_CURVE('',#7005,#7002,#960,.T.);
#5973=EDGE_CURVE('',#6942,#7004,#961,.T.);
#5974=EDGE_CURVE('',#6357,#7005,#962,.T.);
#5975=EDGE_CURVE('',#7006,#7007,#963,.T.);
#5976=EDGE_CURVE('',#7008,#7007,#964,.T.);
#5977=EDGE_CURVE('',#7009,#7008,#965,.T.);
#5978=EDGE_CURVE('',#7009,#7006,#966,.T.);
#5979=EDGE_CURVE('',#7006,#7010,#7556,.T.);
#5980=EDGE_CURVE('',#7009,#7011,#7557,.T.);
#5981=EDGE_CURVE('',#7011,#7010,#967,.T.);
#5982=EDGE_CURVE('',#7012,#7010,#968,.T.);
#5983=EDGE_CURVE('',#7013,#7011,#969,.T.);
#5984=EDGE_CURVE('',#7013,#7012,#970,.T.);
#5985=EDGE_CURVE('',#7012,#7014,#7558,.T.);
#5986=EDGE_CURVE('',#7013,#7015,#7559,.T.);
#5987=EDGE_CURVE('',#7015,#7014,#971,.T.);
#5988=EDGE_CURVE('',#7014,#7016,#972,.T.);
#5989=EDGE_CURVE('',#7015,#7017,#973,.T.);
#5990=EDGE_CURVE('',#7017,#7016,#974,.T.);
#5991=EDGE_CURVE('',#7016,#7018,#7560,.T.);
#5992=EDGE_CURVE('',#7017,#7019,#7561,.T.);
#5993=EDGE_CURVE('',#7019,#7018,#975,.T.);
#5994=EDGE_CURVE('',#7019,#7020,#976,.T.);
#5995=EDGE_CURVE('',#7020,#7021,#977,.T.);
#5996=EDGE_CURVE('',#7018,#7021,#978,.T.);
#5997=EDGE_CURVE('',#7021,#7007,#7562,.T.);
#5998=EDGE_CURVE('',#7020,#7008,#7563,.T.);
#5999=EDGE_CURVE('',#7022,#7023,#7564,.T.);
#6000=EDGE_CURVE('',#7024,#7022,#979,.T.);
#6001=EDGE_CURVE('',#7024,#7025,#7565,.T.);
#6002=EDGE_CURVE('',#7025,#7023,#980,.T.);
#6003=EDGE_CURVE('',#7023,#7026,#981,.T.);
#6004=EDGE_CURVE('',#7025,#7027,#982,.T.);
#6005=EDGE_CURVE('',#7027,#7026,#983,.T.);
#6006=EDGE_CURVE('',#7026,#7028,#7566,.T.);
#6007=EDGE_CURVE('',#7027,#7029,#7567,.T.);
#6008=EDGE_CURVE('',#7029,#7028,#984,.T.);
#6009=EDGE_CURVE('',#7028,#7030,#985,.T.);
#6010=EDGE_CURVE('',#7029,#7031,#986,.T.);
#6011=EDGE_CURVE('',#7031,#7030,#987,.T.);
#6012=EDGE_CURVE('',#7030,#7032,#7568,.T.);
#6013=EDGE_CURVE('',#7031,#7033,#7569,.T.);
#6014=EDGE_CURVE('',#7033,#7032,#988,.T.);
#6015=EDGE_CURVE('',#7034,#7032,#989,.T.);
#6016=EDGE_CURVE('',#7035,#7033,#990,.T.);
#6017=EDGE_CURVE('',#7035,#7034,#991,.T.);
#6018=EDGE_CURVE('',#7034,#7036,#7570,.T.);
#6019=EDGE_CURVE('',#7035,#7037,#7571,.T.);
#6020=EDGE_CURVE('',#7037,#7036,#992,.T.);
#6021=EDGE_CURVE('',#7022,#7036,#993,.T.);
#6022=EDGE_CURVE('',#7024,#7037,#994,.T.);
#6023=EDGE_CURVE('',#7038,#7039,#995,.T.);
#6024=EDGE_CURVE('',#7040,#7038,#996,.T.);
#6025=EDGE_CURVE('',#7040,#7041,#997,.T.);
#6026=EDGE_CURVE('',#7041,#7039,#998,.T.);
#6027=EDGE_CURVE('',#7041,#7042,#7572,.T.);
#6028=EDGE_CURVE('',#7040,#7043,#7573,.T.);
#6029=EDGE_CURVE('',#7043,#7042,#999,.T.);
#6030=EDGE_CURVE('',#7044,#7042,#1000,.T.);
#6031=EDGE_CURVE('',#7045,#7043,#1001,.T.);
#6032=EDGE_CURVE('',#7045,#7044,#1002,.T.);
#6033=EDGE_CURVE('',#7044,#7046,#7574,.T.);
#6034=EDGE_CURVE('',#7045,#7047,#7575,.T.);
#6035=EDGE_CURVE('',#7047,#7046,#1003,.T.);
#6036=EDGE_CURVE('',#7047,#7048,#1004,.T.);
#6037=EDGE_CURVE('',#7048,#7049,#1005,.T.);
#6038=EDGE_CURVE('',#7046,#7049,#1006,.T.);
#6039=EDGE_CURVE('',#7050,#7048,#1007,.T.);
#6040=EDGE_CURVE('',#7051,#7050,#1008,.T.);
#6041=EDGE_CURVE('',#7051,#7049,#1009,.T.);
#6042=EDGE_CURVE('',#7050,#7052,#1010,.T.);
#6043=EDGE_CURVE('',#6329,#7052,#1011,.T.);
#6044=EDGE_CURVE('',#7051,#6349,#1012,.T.);
#6045=EDGE_CURVE('',#6330,#7053,#1013,.T.);
#6046=EDGE_CURVE('',#7052,#7053,#7576,.T.);
#6047=EDGE_CURVE('',#7054,#7053,#1014,.T.);
#6048=EDGE_CURVE('',#6331,#7054,#1015,.T.);
#6049=EDGE_CURVE('',#6324,#7055,#1016,.T.);
#6050=EDGE_CURVE('',#7054,#7055,#7577,.T.);
#6051=EDGE_CURVE('',#7056,#6347,#1017,.T.);
#6052=EDGE_CURVE('',#7057,#7055,#1018,.T.);
#6053=EDGE_CURVE('',#6333,#7057,#1019,.T.);
#6054=EDGE_CURVE('',#6332,#7056,#1020,.T.);
#6055=EDGE_CURVE('',#6334,#7058,#1021,.T.);
#6056=EDGE_CURVE('',#7057,#7058,#7578,.T.);
#6057=EDGE_CURVE('',#6335,#7059,#1022,.T.);
#6058=EDGE_CURVE('',#7058,#7059,#1023,.T.);
#6059=EDGE_CURVE('',#7060,#7059,#7579,.T.);
#6060=EDGE_CURVE('',#6336,#7060,#1024,.T.);
#6061=EDGE_CURVE('',#6337,#7061,#1025,.T.);
#6062=EDGE_CURVE('',#7060,#7061,#1026,.T.);
#6063=EDGE_CURVE('',#6338,#7062,#1027,.T.);
#6064=EDGE_CURVE('',#7061,#7062,#7580,.T.);
#6065=EDGE_CURVE('',#6339,#7063,#1028,.T.);
#6066=EDGE_CURVE('',#7062,#7063,#1029,.T.);
#6067=EDGE_CURVE('',#6340,#7064,#1030,.T.);
#6068=EDGE_CURVE('',#7063,#7064,#7581,.T.);
#6069=EDGE_CURVE('',#7065,#7064,#1031,.T.);
#6070=EDGE_CURVE('',#6341,#7065,#1032,.T.);
#6071=EDGE_CURVE('',#7066,#7065,#7582,.T.);
#6072=EDGE_CURVE('',#6342,#7066,#1033,.T.);
#6073=EDGE_CURVE('',#6343,#7067,#1034,.T.);
#6074=EDGE_CURVE('',#7066,#7067,#1035,.T.);
#6075=EDGE_CURVE('',#6344,#7068,#1036,.T.);
#6076=EDGE_CURVE('',#7067,#7068,#7583,.T.);
#6077=EDGE_CURVE('',#7069,#7070,#1037,.T.);
#6078=EDGE_CURVE('',#6345,#7069,#1038,.T.);
#6079=EDGE_CURVE('',#7068,#7071,#1039,.T.);
#6080=EDGE_CURVE('',#7070,#7071,#1040,.T.);
#6081=EDGE_CURVE('',#7072,#7070,#1041,.T.);
#6082=EDGE_CURVE('',#7073,#7071,#1042,.T.);
#6083=EDGE_CURVE('',#7072,#7073,#1043,.T.);
#6084=EDGE_CURVE('',#7072,#7074,#1044,.T.);
#6085=EDGE_CURVE('',#7073,#7075,#1045,.T.);
#6086=EDGE_CURVE('',#7075,#7074,#1046,.T.);
#6087=EDGE_CURVE('',#7074,#7076,#7584,.T.);
#6088=EDGE_CURVE('',#7075,#7077,#7585,.T.);
#6089=EDGE_CURVE('',#7077,#7076,#1047,.T.);
#6090=EDGE_CURVE('',#7077,#7078,#1048,.T.);
#6091=EDGE_CURVE('',#7078,#7079,#1049,.T.);
#6092=EDGE_CURVE('',#7076,#7079,#1050,.T.);
#6093=EDGE_CURVE('',#7079,#7080,#7586,.T.);
#6094=EDGE_CURVE('',#7078,#7081,#7587,.T.);
#6095=EDGE_CURVE('',#7081,#7080,#1051,.T.);
#6096=EDGE_CURVE('',#7082,#7083,#1052,.T.);
#6097=EDGE_CURVE('',#7082,#7080,#1053,.T.);
#6098=EDGE_CURVE('',#7083,#7081,#1054,.T.);
#6099=EDGE_CURVE('',#7084,#7085,#7588,.T.);
#6100=EDGE_CURVE('',#7084,#7086,#1055,.T.);
#6101=EDGE_CURVE('',#7087,#7086,#7589,.T.);
#6102=EDGE_CURVE('',#7085,#7087,#1056,.T.);
#6103=EDGE_CURVE('',#7088,#7089,#1057,.T.);
#6104=EDGE_CURVE('',#7088,#7085,#1058,.T.);
#6105=EDGE_CURVE('',#7087,#7089,#1059,.T.);
#6106=EDGE_CURVE('',#7090,#7091,#1060,.T.);
#6107=EDGE_CURVE('',#7090,#7088,#7590,.T.);
#6108=EDGE_CURVE('',#7089,#7091,#7591,.T.);
#6109=EDGE_CURVE('',#7092,#7093,#1061,.T.);
#6110=EDGE_CURVE('',#7092,#7090,#1062,.T.);
#6111=EDGE_CURVE('',#7091,#7093,#1063,.T.);
#6112=EDGE_CURVE('',#7092,#7094,#7592,.F.);
#6113=EDGE_CURVE('',#7095,#7093,#7593,.T.);
#6114=EDGE_CURVE('',#7094,#7095,#1064,.T.);
#6115=EDGE_CURVE('',#7094,#7096,#1065,.T.);
#6116=EDGE_CURVE('',#7097,#7095,#1066,.T.);
#6117=EDGE_CURVE('',#7096,#7097,#1067,.T.);
#6118=EDGE_CURVE('',#7098,#7099,#1068,.T.);
#6119=EDGE_CURVE('',#7098,#7096,#7594,.F.);
#6120=EDGE_CURVE('',#7097,#7099,#7595,.T.);
#6121=EDGE_CURVE('',#7069,#7098,#1069,.T.);
#6122=EDGE_CURVE('',#7100,#7099,#1070,.T.);
#6123=EDGE_CURVE('',#7101,#7100,#1071,.T.);
#6124=EDGE_CURVE('',#7101,#7056,#1072,.T.);
#6125=EDGE_CURVE('',#7101,#7102,#7596,.T.);
#6126=EDGE_CURVE('',#7103,#7100,#7597,.T.);
#6127=EDGE_CURVE('',#7102,#7103,#1073,.T.);
#6128=EDGE_CURVE('',#7104,#7105,#1074,.T.);
#6129=EDGE_CURVE('',#7104,#7102,#1075,.T.);
#6130=EDGE_CURVE('',#7103,#7105,#1076,.T.);
#6131=EDGE_CURVE('',#7106,#7107,#1077,.T.);
#6132=EDGE_CURVE('',#7106,#7104,#7598,.T.);
#6133=EDGE_CURVE('',#7105,#7107,#7599,.T.);
#6134=EDGE_CURVE('',#7106,#7108,#1078,.T.);
#6135=EDGE_CURVE('',#7109,#7107,#1079,.T.);
#6136=EDGE_CURVE('',#7108,#7109,#1080,.T.);
#6137=EDGE_CURVE('',#7108,#7110,#7600,.F.);
#6138=EDGE_CURVE('',#7111,#7109,#7601,.T.);
#6139=EDGE_CURVE('',#7110,#7111,#1081,.T.);
#6140=EDGE_CURVE('',#7110,#7112,#1082,.T.);
#6141=EDGE_CURVE('',#7113,#7111,#1083,.T.);
#6142=EDGE_CURVE('',#7112,#7113,#1084,.T.);
#6143=EDGE_CURVE('',#7114,#7115,#1085,.T.);
#6144=EDGE_CURVE('',#7114,#7112,#7602,.F.);
#6145=EDGE_CURVE('',#7113,#7115,#7603,.T.);
#6146=EDGE_CURVE('',#7116,#7114,#1086,.T.);
#6147=EDGE_CURVE('',#7117,#7115,#1087,.T.);
#6148=EDGE_CURVE('',#7117,#7116,#1088,.T.);
#6149=EDGE_CURVE('',#7118,#7117,#7604,.T.);
#6150=EDGE_CURVE('',#7119,#7118,#1089,.F.);
#6151=EDGE_CURVE('',#7116,#7119,#7605,.F.);
#6152=EDGE_CURVE('',#7119,#7120,#1090,.T.);
#6153=EDGE_CURVE('',#7118,#7121,#1091,.T.);
#6154=EDGE_CURVE('',#7121,#7120,#1092,.T.);
#6155=EDGE_CURVE('',#7122,#7121,#7606,.T.);
#6156=EDGE_CURVE('',#7123,#7122,#1093,.F.);
#6157=EDGE_CURVE('',#7120,#7123,#7607,.F.);
#6158=EDGE_CURVE('',#7124,#7125,#1094,.T.);
#6159=EDGE_CURVE('',#7123,#7124,#1095,.T.);
#6160=EDGE_CURVE('',#7122,#7125,#1096,.T.);
#6161=EDGE_CURVE('',#7124,#7126,#7608,.T.);
#6162=EDGE_CURVE('',#7127,#7125,#7609,.T.);
#6163=EDGE_CURVE('',#7126,#7127,#1097,.T.);
#6164=EDGE_CURVE('',#7128,#7129,#1098,.T.);
#6165=EDGE_CURVE('',#7128,#7126,#1099,.T.);
#6166=EDGE_CURVE('',#7127,#7129,#1100,.T.);
#6167=EDGE_CURVE('',#7130,#7131,#1101,.T.);
#6168=EDGE_CURVE('',#7130,#7128,#7610,.T.);
#6169=EDGE_CURVE('',#7129,#7131,#7611,.T.);
#6170=EDGE_CURVE('',#7132,#7133,#1102,.T.);
#6171=EDGE_CURVE('',#7132,#7130,#1103,.T.);
#6172=EDGE_CURVE('',#7131,#7133,#1104,.T.);
#6173=EDGE_CURVE('',#7132,#7134,#7612,.F.);
#6174=EDGE_CURVE('',#7135,#7133,#7613,.T.);
#6175=EDGE_CURVE('',#7134,#7135,#1105,.T.);
#6176=EDGE_CURVE('',#7134,#7136,#1106,.T.);
#6177=EDGE_CURVE('',#7137,#7135,#1107,.T.);
#6178=EDGE_CURVE('',#7136,#7137,#1108,.T.);
#6179=EDGE_CURVE('',#7138,#7139,#1109,.T.);
#6180=EDGE_CURVE('',#7138,#7136,#7614,.F.);
#6181=EDGE_CURVE('',#7137,#7139,#7615,.T.);
#6182=EDGE_CURVE('',#7140,#7141,#1110,.T.);
#6183=EDGE_CURVE('',#7138,#7140,#1111,.T.);
#6184=EDGE_CURVE('',#7139,#7141,#1112,.T.);
#6185=EDGE_CURVE('',#7140,#7142,#7616,.T.);
#6186=EDGE_CURVE('',#7143,#7141,#7617,.T.);
#6187=EDGE_CURVE('',#7142,#7143,#1113,.T.);
#6188=EDGE_CURVE('',#7144,#7145,#1114,.T.);
#6189=EDGE_CURVE('',#7144,#7142,#1115,.T.);
#6190=EDGE_CURVE('',#7143,#7145,#1116,.T.);
#6191=EDGE_CURVE('',#7146,#7147,#1117,.T.);
#6192=EDGE_CURVE('',#7146,#7144,#7618,.T.);
#6193=EDGE_CURVE('',#7145,#7147,#7619,.T.);
#6194=EDGE_CURVE('',#7148,#7149,#1118,.T.);
#6195=EDGE_CURVE('',#7148,#7146,#1119,.T.);
#6196=EDGE_CURVE('',#7147,#7149,#1120,.T.);
#6197=EDGE_CURVE('',#7148,#7150,#7620,.F.);
#6198=EDGE_CURVE('',#7151,#7149,#7621,.T.);
#6199=EDGE_CURVE('',#7150,#7151,#1121,.T.);
#6200=EDGE_CURVE('',#7150,#7152,#1122,.T.);
#6201=EDGE_CURVE('',#7153,#7151,#1123,.T.);
#6202=EDGE_CURVE('',#7152,#7153,#1124,.T.);
#6203=EDGE_CURVE('',#7154,#7155,#1125,.T.);
#6204=EDGE_CURVE('',#7154,#7152,#7622,.F.);
#6205=EDGE_CURVE('',#7153,#7155,#7623,.T.);
#6206=EDGE_CURVE('',#7156,#7157,#1126,.T.);
#6207=EDGE_CURVE('',#7156,#7158,#7624,.F.);
#6208=EDGE_CURVE('',#7084,#7158,#1127,.T.);
#6209=EDGE_CURVE('',#7157,#7082,#1128,.T.);
#6210=EDGE_CURVE('',#7086,#7159,#1129,.T.);
#6211=EDGE_CURVE('',#7159,#7160,#7625,.T.);
#6212=EDGE_CURVE('',#7161,#7160,#1130,.T.);
#6213=EDGE_CURVE('',#7161,#7083,#1131,.T.);
#6214=EDGE_CURVE('',#7038,#7162,#1132,.T.);
#6215=EDGE_CURVE('',#7163,#7162,#1133,.T.);
#6216=EDGE_CURVE('',#7164,#7163,#7626,.T.);
#6217=EDGE_CURVE('',#7165,#7164,#1134,.T.);
#6218=EDGE_CURVE('',#7166,#7165,#7627,.T.);
#6219=EDGE_CURVE('',#7167,#7166,#1135,.T.);
#6220=EDGE_CURVE('',#7168,#7167,#7628,.T.);
#6221=EDGE_CURVE('',#7169,#7168,#1136,.T.);
#6222=EDGE_CURVE('',#7170,#7169,#7629,.T.);
#6223=EDGE_CURVE('',#7171,#7170,#1137,.T.);
#6224=EDGE_CURVE('',#7172,#7171,#7630,.T.);
#6225=EDGE_CURVE('',#7173,#7172,#1138,.T.);
#6226=EDGE_CURVE('',#7174,#7173,#7631,.T.);
#6227=EDGE_CURVE('',#7175,#7174,#1139,.T.);
#6228=EDGE_CURVE('',#7176,#7175,#7632,.T.);
#6229=EDGE_CURVE('',#7177,#7176,#1140,.T.);
#6230=EDGE_CURVE('',#7178,#7177,#7633,.T.);
#6231=EDGE_CURVE('',#7179,#7178,#1141,.T.);
#6232=EDGE_CURVE('',#7179,#7180,#7634,.T.);
#6233=EDGE_CURVE('',#7155,#7180,#1142,.T.);
#6234=EDGE_CURVE('',#7161,#7157,#1143,.T.);
#6235=EDGE_CURVE('',#7154,#7181,#1144,.T.);
#6236=EDGE_CURVE('',#7181,#7182,#7635,.F.);
#6237=EDGE_CURVE('',#7183,#7182,#1145,.T.);
#6238=EDGE_CURVE('',#7184,#7183,#7636,.F.);
#6239=EDGE_CURVE('',#7185,#7184,#1146,.T.);
#6240=EDGE_CURVE('',#7186,#7185,#7637,.F.);
#6241=EDGE_CURVE('',#7187,#7186,#1147,.T.);
#6242=EDGE_CURVE('',#7188,#7187,#7638,.F.);
#6243=EDGE_CURVE('',#7189,#7188,#1148,.T.);
#6244=EDGE_CURVE('',#7190,#7189,#7639,.F.);
#6245=EDGE_CURVE('',#7191,#7190,#1149,.T.);
#6246=EDGE_CURVE('',#7192,#7191,#7640,.F.);
#6247=EDGE_CURVE('',#7193,#7192,#1150,.T.);
#6248=EDGE_CURVE('',#7194,#7193,#7641,.F.);
#6249=EDGE_CURVE('',#7195,#7194,#1151,.T.);
#6250=EDGE_CURVE('',#7196,#7195,#7642,.F.);
#6251=EDGE_CURVE('',#7197,#7196,#1152,.T.);
#6252=EDGE_CURVE('',#7198,#7197,#7643,.F.);
#6253=EDGE_CURVE('',#7199,#7198,#1153,.T.);
#6254=EDGE_CURVE('',#7039,#7199,#1154,.T.);
#6255=EDGE_CURVE('',#7199,#7162,#1155,.T.);
#6256=EDGE_CURVE('',#7158,#7159,#1156,.F.);
#6257=EDGE_CURVE('',#7180,#7181,#1157,.F.);
#6258=EDGE_CURVE('',#7176,#7185,#1158,.T.);
#6259=EDGE_CURVE('',#7177,#7184,#1159,.T.);
#6260=EDGE_CURVE('',#7174,#7187,#1160,.T.);
#6261=EDGE_CURVE('',#7175,#7186,#1161,.T.);
#6262=EDGE_CURVE('',#7172,#7189,#1162,.T.);
#6263=EDGE_CURVE('',#7173,#7188,#1163,.T.);
#6264=EDGE_CURVE('',#7170,#7191,#1164,.T.);
#6265=EDGE_CURVE('',#7171,#7190,#1165,.T.);
#6266=EDGE_CURVE('',#7168,#7193,#1166,.T.);
#6267=EDGE_CURVE('',#7169,#7192,#1167,.T.);
#6268=EDGE_CURVE('',#7166,#7195,#1168,.T.);
#6269=EDGE_CURVE('',#7167,#7194,#1169,.T.);
#6270=EDGE_CURVE('',#7164,#7197,#1170,.T.);
#6271=EDGE_CURVE('',#7165,#7196,#1171,.T.);
#6272=EDGE_CURVE('',#7163,#7198,#1172,.T.);
#6273=EDGE_CURVE('',#7178,#7183,#1173,.T.);
#6274=EDGE_CURVE('',#7182,#7179,#1174,.T.);
#6275=EDGE_CURVE('',#7160,#7156,#1175,.T.);
#6276=VERTEX_POINT('',#13118);
#6277=VERTEX_POINT('',#13119);
#6278=VERTEX_POINT('',#13121);
#6279=VERTEX_POINT('',#13123);
#6280=VERTEX_POINT('',#13125);
#6281=VERTEX_POINT('',#13127);
#6282=VERTEX_POINT('',#13129);
#6283=VERTEX_POINT('',#13131);
#6284=VERTEX_POINT('',#13135);
#6285=VERTEX_POINT('',#13136);
#6286=VERTEX_POINT('',#13138);
#6287=VERTEX_POINT('',#13140);
#6288=VERTEX_POINT('',#13142);
#6289=VERTEX_POINT('',#13144);
#6290=VERTEX_POINT('',#13146);
#6291=VERTEX_POINT('',#13148);
#6292=VERTEX_POINT('',#13152);
#6293=VERTEX_POINT('',#13153);
#6294=VERTEX_POINT('',#13155);
#6295=VERTEX_POINT('',#13157);
#6296=VERTEX_POINT('',#13159);
#6297=VERTEX_POINT('',#13161);
#6298=VERTEX_POINT('',#13163);
#6299=VERTEX_POINT('',#13165);
#6300=VERTEX_POINT('',#13167);
#6301=VERTEX_POINT('',#13169);
#6302=VERTEX_POINT('',#13171);
#6303=VERTEX_POINT('',#13173);
#6304=VERTEX_POINT('',#13175);
#6305=VERTEX_POINT('',#13177);
#6306=VERTEX_POINT('',#13179);
#6307=VERTEX_POINT('',#13181);
#6308=VERTEX_POINT('',#13185);
#6309=VERTEX_POINT('',#13186);
#6310=VERTEX_POINT('',#13188);
#6311=VERTEX_POINT('',#13190);
#6312=VERTEX_POINT('',#13192);
#6313=VERTEX_POINT('',#13194);
#6314=VERTEX_POINT('',#13196);
#6315=VERTEX_POINT('',#13198);
#6316=VERTEX_POINT('',#13200);
#6317=VERTEX_POINT('',#13202);
#6318=VERTEX_POINT('',#13204);
#6319=VERTEX_POINT('',#13206);
#6320=VERTEX_POINT('',#13208);
#6321=VERTEX_POINT('',#13210);
#6322=VERTEX_POINT('',#13212);
#6323=VERTEX_POINT('',#13214);
#6324=VERTEX_POINT('',#13218);
#6325=VERTEX_POINT('',#13219);
#6326=VERTEX_POINT('',#13221);
#6327=VERTEX_POINT('',#13223);
#6328=VERTEX_POINT('',#13225);
#6329=VERTEX_POINT('',#13227);
#6330=VERTEX_POINT('',#13229);
#6331=VERTEX_POINT('',#13231);
#6332=VERTEX_POINT('',#13235);
#6333=VERTEX_POINT('',#13236);
#6334=VERTEX_POINT('',#13238);
#6335=VERTEX_POINT('',#13240);
#6336=VERTEX_POINT('',#13242);
#6337=VERTEX_POINT('',#13244);
#6338=VERTEX_POINT('',#13246);
#6339=VERTEX_POINT('',#13248);
#6340=VERTEX_POINT('',#13250);
#6341=VERTEX_POINT('',#13252);
#6342=VERTEX_POINT('',#13254);
#6343=VERTEX_POINT('',#13256);
#6344=VERTEX_POINT('',#13258);
#6345=VERTEX_POINT('',#13260);
#6346=VERTEX_POINT('',#13264);
#6347=VERTEX_POINT('',#13266);
#6348=VERTEX_POINT('',#13270);
#6349=VERTEX_POINT('',#13274);
#6350=VERTEX_POINT('',#13278);
#6351=VERTEX_POINT('',#13279);
#6352=VERTEX_POINT('',#13284);
#6353=VERTEX_POINT('',#13288);
#6354=VERTEX_POINT('',#13292);
#6355=VERTEX_POINT('',#13293);
#6356=VERTEX_POINT('',#13298);
#6357=VERTEX_POINT('',#13302);
#6358=VERTEX_POINT('',#13306);
#6359=VERTEX_POINT('',#13308);
#6360=VERTEX_POINT('',#13312);
#6361=VERTEX_POINT('',#13316);
#6362=VERTEX_POINT('',#13320);
#6363=VERTEX_POINT('',#13322);
#6364=VERTEX_POINT('',#13326);
#6365=VERTEX_POINT('',#13330);
#6366=VERTEX_POINT('',#13334);
#6367=VERTEX_POINT('',#13335);
#6368=VERTEX_POINT('',#13337);
#6369=VERTEX_POINT('',#13339);
#6370=VERTEX_POINT('',#13343);
#6371=VERTEX_POINT('',#13345);
#6372=VERTEX_POINT('',#13349);
#6373=VERTEX_POINT('',#13351);
#6374=VERTEX_POINT('',#13355);
#6375=VERTEX_POINT('',#13357);
#6376=VERTEX_POINT('',#13361);
#6377=VERTEX_POINT('',#13363);
#6378=VERTEX_POINT('',#13367);
#6379=VERTEX_POINT('',#13369);
#6380=VERTEX_POINT('',#13373);
#6381=VERTEX_POINT('',#13375);
#6382=VERTEX_POINT('',#13382);
#6383=VERTEX_POINT('',#13383);
#6384=VERTEX_POINT('',#13385);
#6385=VERTEX_POINT('',#13387);
#6386=VERTEX_POINT('',#13391);
#6387=VERTEX_POINT('',#13393);
#6388=VERTEX_POINT('',#13397);
#6389=VERTEX_POINT('',#13399);
#6390=VERTEX_POINT('',#13403);
#6391=VERTEX_POINT('',#13405);
#6392=VERTEX_POINT('',#13409);
#6393=VERTEX_POINT('',#13411);
#6394=VERTEX_POINT('',#13415);
#6395=VERTEX_POINT('',#13417);
#6396=VERTEX_POINT('',#13421);
#6397=VERTEX_POINT('',#13423);
#6398=VERTEX_POINT('',#13430);
#6399=VERTEX_POINT('',#13431);
#6400=VERTEX_POINT('',#13433);
#6401=VERTEX_POINT('',#13435);
#6402=VERTEX_POINT('',#13439);
#6403=VERTEX_POINT('',#13441);
#6404=VERTEX_POINT('',#13445);
#6405=VERTEX_POINT('',#13447);
#6406=VERTEX_POINT('',#13451);
#6407=VERTEX_POINT('',#13453);
#6408=VERTEX_POINT('',#13457);
#6409=VERTEX_POINT('',#13459);
#6410=VERTEX_POINT('',#13463);
#6411=VERTEX_POINT('',#13465);
#6412=VERTEX_POINT('',#13469);
#6413=VERTEX_POINT('',#13471);
#6414=VERTEX_POINT('',#13478);
#6415=VERTEX_POINT('',#13479);
#6416=VERTEX_POINT('',#13481);
#6417=VERTEX_POINT('',#13483);
#6418=VERTEX_POINT('',#13487);
#6419=VERTEX_POINT('',#13489);
#6420=VERTEX_POINT('',#13493);
#6421=VERTEX_POINT('',#13495);
#6422=VERTEX_POINT('',#13499);
#6423=VERTEX_POINT('',#13501);
#6424=VERTEX_POINT('',#13505);
#6425=VERTEX_POINT('',#13507);
#6426=VERTEX_POINT('',#13511);
#6427=VERTEX_POINT('',#13513);
#6428=VERTEX_POINT('',#13517);
#6429=VERTEX_POINT('',#13519);
#6430=VERTEX_POINT('',#13526);
#6431=VERTEX_POINT('',#13527);
#6432=VERTEX_POINT('',#13529);
#6433=VERTEX_POINT('',#13531);
#6434=VERTEX_POINT('',#13535);
#6435=VERTEX_POINT('',#13537);
#6436=VERTEX_POINT('',#13541);
#6437=VERTEX_POINT('',#13543);
#6438=VERTEX_POINT('',#13547);
#6439=VERTEX_POINT('',#13549);
#6440=VERTEX_POINT('',#13553);
#6441=VERTEX_POINT('',#13555);
#6442=VERTEX_POINT('',#13559);
#6443=VERTEX_POINT('',#13561);
#6444=VERTEX_POINT('',#13565);
#6445=VERTEX_POINT('',#13567);
#6446=VERTEX_POINT('',#13574);
#6447=VERTEX_POINT('',#13575);
#6448=VERTEX_POINT('',#13577);
#6449=VERTEX_POINT('',#13579);
#6450=VERTEX_POINT('',#13583);
#6451=VERTEX_POINT('',#13585);
#6452=VERTEX_POINT('',#13589);
#6453=VERTEX_POINT('',#13591);
#6454=VERTEX_POINT('',#13595);
#6455=VERTEX_POINT('',#13597);
#6456=VERTEX_POINT('',#13601);
#6457=VERTEX_POINT('',#13603);
#6458=VERTEX_POINT('',#13607);
#6459=VERTEX_POINT('',#13609);
#6460=VERTEX_POINT('',#13613);
#6461=VERTEX_POINT('',#13615);
#6462=VERTEX_POINT('',#13622);
#6463=VERTEX_POINT('',#13623);
#6464=VERTEX_POINT('',#13625);
#6465=VERTEX_POINT('',#13627);
#6466=VERTEX_POINT('',#13631);
#6467=VERTEX_POINT('',#13633);
#6468=VERTEX_POINT('',#13637);
#6469=VERTEX_POINT('',#13639);
#6470=VERTEX_POINT('',#13643);
#6471=VERTEX_POINT('',#13645);
#6472=VERTEX_POINT('',#13649);
#6473=VERTEX_POINT('',#13651);
#6474=VERTEX_POINT('',#13655);
#6475=VERTEX_POINT('',#13657);
#6476=VERTEX_POINT('',#13661);
#6477=VERTEX_POINT('',#13663);
#6478=VERTEX_POINT('',#13670);
#6479=VERTEX_POINT('',#13671);
#6480=VERTEX_POINT('',#13673);
#6481=VERTEX_POINT('',#13675);
#6482=VERTEX_POINT('',#13679);
#6483=VERTEX_POINT('',#13681);
#6484=VERTEX_POINT('',#13685);
#6485=VERTEX_POINT('',#13687);
#6486=VERTEX_POINT('',#13691);
#6487=VERTEX_POINT('',#13693);
#6488=VERTEX_POINT('',#13697);
#6489=VERTEX_POINT('',#13699);
#6490=VERTEX_POINT('',#13703);
#6491=VERTEX_POINT('',#13705);
#6492=VERTEX_POINT('',#13709);
#6493=VERTEX_POINT('',#13711);
#6494=VERTEX_POINT('',#13718);
#6495=VERTEX_POINT('',#13719);
#6496=VERTEX_POINT('',#13721);
#6497=VERTEX_POINT('',#13723);
#6498=VERTEX_POINT('',#13727);
#6499=VERTEX_POINT('',#13729);
#6500=VERTEX_POINT('',#13733);
#6501=VERTEX_POINT('',#13735);
#6502=VERTEX_POINT('',#13739);
#6503=VERTEX_POINT('',#13741);
#6504=VERTEX_POINT('',#13745);
#6505=VERTEX_POINT('',#13747);
#6506=VERTEX_POINT('',#13751);
#6507=VERTEX_POINT('',#13753);
#6508=VERTEX_POINT('',#13757);
#6509=VERTEX_POINT('',#13759);
#6510=VERTEX_POINT('',#13766);
#6511=VERTEX_POINT('',#13767);
#6512=VERTEX_POINT('',#13769);
#6513=VERTEX_POINT('',#13771);
#6514=VERTEX_POINT('',#13775);
#6515=VERTEX_POINT('',#13777);
#6516=VERTEX_POINT('',#13781);
#6517=VERTEX_POINT('',#13783);
#6518=VERTEX_POINT('',#13787);
#6519=VERTEX_POINT('',#13789);
#6520=VERTEX_POINT('',#13793);
#6521=VERTEX_POINT('',#13795);
#6522=VERTEX_POINT('',#13799);
#6523=VERTEX_POINT('',#13801);
#6524=VERTEX_POINT('',#13805);
#6525=VERTEX_POINT('',#13807);
#6526=VERTEX_POINT('',#13814);
#6527=VERTEX_POINT('',#13815);
#6528=VERTEX_POINT('',#13817);
#6529=VERTEX_POINT('',#13819);
#6530=VERTEX_POINT('',#13823);
#6531=VERTEX_POINT('',#13825);
#6532=VERTEX_POINT('',#13829);
#6533=VERTEX_POINT('',#13831);
#6534=VERTEX_POINT('',#13835);
#6535=VERTEX_POINT('',#13837);
#6536=VERTEX_POINT('',#13841);
#6537=VERTEX_POINT('',#13843);
#6538=VERTEX_POINT('',#13847);
#6539=VERTEX_POINT('',#13849);
#6540=VERTEX_POINT('',#13853);
#6541=VERTEX_POINT('',#13855);
#6542=VERTEX_POINT('',#13862);
#6543=VERTEX_POINT('',#13863);
#6544=VERTEX_POINT('',#13865);
#6545=VERTEX_POINT('',#13867);
#6546=VERTEX_POINT('',#13871);
#6547=VERTEX_POINT('',#13873);
#6548=VERTEX_POINT('',#13877);
#6549=VERTEX_POINT('',#13879);
#6550=VERTEX_POINT('',#13883);
#6551=VERTEX_POINT('',#13885);
#6552=VERTEX_POINT('',#13889);
#6553=VERTEX_POINT('',#13891);
#6554=VERTEX_POINT('',#13895);
#6555=VERTEX_POINT('',#13897);
#6556=VERTEX_POINT('',#13901);
#6557=VERTEX_POINT('',#13903);
#6558=VERTEX_POINT('',#13910);
#6559=VERTEX_POINT('',#13911);
#6560=VERTEX_POINT('',#13913);
#6561=VERTEX_POINT('',#13915);
#6562=VERTEX_POINT('',#13919);
#6563=VERTEX_POINT('',#13921);
#6564=VERTEX_POINT('',#13925);
#6565=VERTEX_POINT('',#13927);
#6566=VERTEX_POINT('',#13931);
#6567=VERTEX_POINT('',#13933);
#6568=VERTEX_POINT('',#13937);
#6569=VERTEX_POINT('',#13939);
#6570=VERTEX_POINT('',#13943);
#6571=VERTEX_POINT('',#13945);
#6572=VERTEX_POINT('',#13949);
#6573=VERTEX_POINT('',#13951);
#6574=VERTEX_POINT('',#13958);
#6575=VERTEX_POINT('',#13959);
#6576=VERTEX_POINT('',#13961);
#6577=VERTEX_POINT('',#13963);
#6578=VERTEX_POINT('',#13967);
#6579=VERTEX_POINT('',#13969);
#6580=VERTEX_POINT('',#13973);
#6581=VERTEX_POINT('',#13975);
#6582=VERTEX_POINT('',#13979);
#6583=VERTEX_POINT('',#13981);
#6584=VERTEX_POINT('',#13985);
#6585=VERTEX_POINT('',#13987);
#6586=VERTEX_POINT('',#13991);
#6587=VERTEX_POINT('',#13993);
#6588=VERTEX_POINT('',#13997);
#6589=VERTEX_POINT('',#13999);
#6590=VERTEX_POINT('',#14006);
#6591=VERTEX_POINT('',#14007);
#6592=VERTEX_POINT('',#14009);
#6593=VERTEX_POINT('',#14011);
#6594=VERTEX_POINT('',#14015);
#6595=VERTEX_POINT('',#14017);
#6596=VERTEX_POINT('',#14021);
#6597=VERTEX_POINT('',#14023);
#6598=VERTEX_POINT('',#14027);
#6599=VERTEX_POINT('',#14029);
#6600=VERTEX_POINT('',#14033);
#6601=VERTEX_POINT('',#14035);
#6602=VERTEX_POINT('',#14039);
#6603=VERTEX_POINT('',#14041);
#6604=VERTEX_POINT('',#14045);
#6605=VERTEX_POINT('',#14047);
#6606=VERTEX_POINT('',#14054);
#6607=VERTEX_POINT('',#14055);
#6608=VERTEX_POINT('',#14057);
#6609=VERTEX_POINT('',#14059);
#6610=VERTEX_POINT('',#14063);
#6611=VERTEX_POINT('',#14065);
#6612=VERTEX_POINT('',#14069);
#6613=VERTEX_POINT('',#14071);
#6614=VERTEX_POINT('',#14075);
#6615=VERTEX_POINT('',#14077);
#6616=VERTEX_POINT('',#14081);
#6617=VERTEX_POINT('',#14083);
#6618=VERTEX_POINT('',#14087);
#6619=VERTEX_POINT('',#14089);
#6620=VERTEX_POINT('',#14093);
#6621=VERTEX_POINT('',#14095);
#6622=VERTEX_POINT('',#14102);
#6623=VERTEX_POINT('',#14103);
#6624=VERTEX_POINT('',#14105);
#6625=VERTEX_POINT('',#14107);
#6626=VERTEX_POINT('',#14111);
#6627=VERTEX_POINT('',#14113);
#6628=VERTEX_POINT('',#14117);
#6629=VERTEX_POINT('',#14119);
#6630=VERTEX_POINT('',#14123);
#6631=VERTEX_POINT('',#14125);
#6632=VERTEX_POINT('',#14129);
#6633=VERTEX_POINT('',#14131);
#6634=VERTEX_POINT('',#14135);
#6635=VERTEX_POINT('',#14137);
#6636=VERTEX_POINT('',#14141);
#6637=VERTEX_POINT('',#14143);
#6638=VERTEX_POINT('',#14150);
#6639=VERTEX_POINT('',#14151);
#6640=VERTEX_POINT('',#14153);
#6641=VERTEX_POINT('',#14155);
#6642=VERTEX_POINT('',#14159);
#6643=VERTEX_POINT('',#14161);
#6644=VERTEX_POINT('',#14165);
#6645=VERTEX_POINT('',#14167);
#6646=VERTEX_POINT('',#14171);
#6647=VERTEX_POINT('',#14173);
#6648=VERTEX_POINT('',#14177);
#6649=VERTEX_POINT('',#14179);
#6650=VERTEX_POINT('',#14183);
#6651=VERTEX_POINT('',#14185);
#6652=VERTEX_POINT('',#14189);
#6653=VERTEX_POINT('',#14191);
#6654=VERTEX_POINT('',#14198);
#6655=VERTEX_POINT('',#14199);
#6656=VERTEX_POINT('',#14201);
#6657=VERTEX_POINT('',#14203);
#6658=VERTEX_POINT('',#14207);
#6659=VERTEX_POINT('',#14209);
#6660=VERTEX_POINT('',#14213);
#6661=VERTEX_POINT('',#14215);
#6662=VERTEX_POINT('',#14219);
#6663=VERTEX_POINT('',#14221);
#6664=VERTEX_POINT('',#14225);
#6665=VERTEX_POINT('',#14227);
#6666=VERTEX_POINT('',#14231);
#6667=VERTEX_POINT('',#14233);
#6668=VERTEX_POINT('',#14237);
#6669=VERTEX_POINT('',#14239);
#6670=VERTEX_POINT('',#14246);
#6671=VERTEX_POINT('',#14247);
#6672=VERTEX_POINT('',#14249);
#6673=VERTEX_POINT('',#14251);
#6674=VERTEX_POINT('',#14255);
#6675=VERTEX_POINT('',#14257);
#6676=VERTEX_POINT('',#14261);
#6677=VERTEX_POINT('',#14263);
#6678=VERTEX_POINT('',#14267);
#6679=VERTEX_POINT('',#14269);
#6680=VERTEX_POINT('',#14273);
#6681=VERTEX_POINT('',#14275);
#6682=VERTEX_POINT('',#14279);
#6683=VERTEX_POINT('',#14281);
#6684=VERTEX_POINT('',#14285);
#6685=VERTEX_POINT('',#14287);
#6686=VERTEX_POINT('',#14294);
#6687=VERTEX_POINT('',#14295);
#6688=VERTEX_POINT('',#14297);
#6689=VERTEX_POINT('',#14299);
#6690=VERTEX_POINT('',#14303);
#6691=VERTEX_POINT('',#14305);
#6692=VERTEX_POINT('',#14309);
#6693=VERTEX_POINT('',#14311);
#6694=VERTEX_POINT('',#14315);
#6695=VERTEX_POINT('',#14317);
#6696=VERTEX_POINT('',#14321);
#6697=VERTEX_POINT('',#14323);
#6698=VERTEX_POINT('',#14327);
#6699=VERTEX_POINT('',#14329);
#6700=VERTEX_POINT('',#14333);
#6701=VERTEX_POINT('',#14335);
#6702=VERTEX_POINT('',#14342);
#6703=VERTEX_POINT('',#14343);
#6704=VERTEX_POINT('',#14345);
#6705=VERTEX_POINT('',#14347);
#6706=VERTEX_POINT('',#14351);
#6707=VERTEX_POINT('',#14353);
#6708=VERTEX_POINT('',#14357);
#6709=VERTEX_POINT('',#14359);
#6710=VERTEX_POINT('',#14363);
#6711=VERTEX_POINT('',#14365);
#6712=VERTEX_POINT('',#14369);
#6713=VERTEX_POINT('',#14371);
#6714=VERTEX_POINT('',#14375);
#6715=VERTEX_POINT('',#14377);
#6716=VERTEX_POINT('',#14381);
#6717=VERTEX_POINT('',#14383);
#6718=VERTEX_POINT('',#14390);
#6719=VERTEX_POINT('',#14391);
#6720=VERTEX_POINT('',#14393);
#6721=VERTEX_POINT('',#14395);
#6722=VERTEX_POINT('',#14399);
#6723=VERTEX_POINT('',#14401);
#6724=VERTEX_POINT('',#14405);
#6725=VERTEX_POINT('',#14407);
#6726=VERTEX_POINT('',#14411);
#6727=VERTEX_POINT('',#14413);
#6728=VERTEX_POINT('',#14417);
#6729=VERTEX_POINT('',#14419);
#6730=VERTEX_POINT('',#14423);
#6731=VERTEX_POINT('',#14425);
#6732=VERTEX_POINT('',#14429);
#6733=VERTEX_POINT('',#14431);
#6734=VERTEX_POINT('',#14438);
#6735=VERTEX_POINT('',#14439);
#6736=VERTEX_POINT('',#14441);
#6737=VERTEX_POINT('',#14443);
#6738=VERTEX_POINT('',#14447);
#6739=VERTEX_POINT('',#14449);
#6740=VERTEX_POINT('',#14453);
#6741=VERTEX_POINT('',#14455);
#6742=VERTEX_POINT('',#14459);
#6743=VERTEX_POINT('',#14461);
#6744=VERTEX_POINT('',#14465);
#6745=VERTEX_POINT('',#14467);
#6746=VERTEX_POINT('',#14471);
#6747=VERTEX_POINT('',#14473);
#6748=VERTEX_POINT('',#14477);
#6749=VERTEX_POINT('',#14479);
#6750=VERTEX_POINT('',#14486);
#6751=VERTEX_POINT('',#14487);
#6752=VERTEX_POINT('',#14489);
#6753=VERTEX_POINT('',#14491);
#6754=VERTEX_POINT('',#14495);
#6755=VERTEX_POINT('',#14497);
#6756=VERTEX_POINT('',#14501);
#6757=VERTEX_POINT('',#14503);
#6758=VERTEX_POINT('',#14507);
#6759=VERTEX_POINT('',#14509);
#6760=VERTEX_POINT('',#14513);
#6761=VERTEX_POINT('',#14515);
#6762=VERTEX_POINT('',#14519);
#6763=VERTEX_POINT('',#14521);
#6764=VERTEX_POINT('',#14525);
#6765=VERTEX_POINT('',#14527);
#6766=VERTEX_POINT('',#14534);
#6767=VERTEX_POINT('',#14535);
#6768=VERTEX_POINT('',#14537);
#6769=VERTEX_POINT('',#14539);
#6770=VERTEX_POINT('',#14543);
#6771=VERTEX_POINT('',#14545);
#6772=VERTEX_POINT('',#14549);
#6773=VERTEX_POINT('',#14551);
#6774=VERTEX_POINT('',#14555);
#6775=VERTEX_POINT('',#14557);
#6776=VERTEX_POINT('',#14561);
#6777=VERTEX_POINT('',#14563);
#6778=VERTEX_POINT('',#14567);
#6779=VERTEX_POINT('',#14569);
#6780=VERTEX_POINT('',#14573);
#6781=VERTEX_POINT('',#14575);
#6782=VERTEX_POINT('',#14582);
#6783=VERTEX_POINT('',#14583);
#6784=VERTEX_POINT('',#14585);
#6785=VERTEX_POINT('',#14587);
#6786=VERTEX_POINT('',#14591);
#6787=VERTEX_POINT('',#14593);
#6788=VERTEX_POINT('',#14597);
#6789=VERTEX_POINT('',#14599);
#6790=VERTEX_POINT('',#14603);
#6791=VERTEX_POINT('',#14605);
#6792=VERTEX_POINT('',#14609);
#6793=VERTEX_POINT('',#14611);
#6794=VERTEX_POINT('',#14615);
#6795=VERTEX_POINT('',#14617);
#6796=VERTEX_POINT('',#14621);
#6797=VERTEX_POINT('',#14623);
#6798=VERTEX_POINT('',#14630);
#6799=VERTEX_POINT('',#14631);
#6800=VERTEX_POINT('',#14633);
#6801=VERTEX_POINT('',#14635);
#6802=VERTEX_POINT('',#14639);
#6803=VERTEX_POINT('',#14641);
#6804=VERTEX_POINT('',#14645);
#6805=VERTEX_POINT('',#14647);
#6806=VERTEX_POINT('',#14651);
#6807=VERTEX_POINT('',#14653);
#6808=VERTEX_POINT('',#14657);
#6809=VERTEX_POINT('',#14659);
#6810=VERTEX_POINT('',#14663);
#6811=VERTEX_POINT('',#14665);
#6812=VERTEX_POINT('',#14669);
#6813=VERTEX_POINT('',#14671);
#6814=VERTEX_POINT('',#14678);
#6815=VERTEX_POINT('',#14679);
#6816=VERTEX_POINT('',#14681);
#6817=VERTEX_POINT('',#14683);
#6818=VERTEX_POINT('',#14687);
#6819=VERTEX_POINT('',#14689);
#6820=VERTEX_POINT('',#14693);
#6821=VERTEX_POINT('',#14695);
#6822=VERTEX_POINT('',#14699);
#6823=VERTEX_POINT('',#14701);
#6824=VERTEX_POINT('',#14705);
#6825=VERTEX_POINT('',#14707);
#6826=VERTEX_POINT('',#14711);
#6827=VERTEX_POINT('',#14713);
#6828=VERTEX_POINT('',#14717);
#6829=VERTEX_POINT('',#14719);
#6830=VERTEX_POINT('',#14726);
#6831=VERTEX_POINT('',#14727);
#6832=VERTEX_POINT('',#14729);
#6833=VERTEX_POINT('',#14731);
#6834=VERTEX_POINT('',#14735);
#6835=VERTEX_POINT('',#14737);
#6836=VERTEX_POINT('',#14741);
#6837=VERTEX_POINT('',#14743);
#6838=VERTEX_POINT('',#14747);
#6839=VERTEX_POINT('',#14749);
#6840=VERTEX_POINT('',#14753);
#6841=VERTEX_POINT('',#14755);
#6842=VERTEX_POINT('',#14759);
#6843=VERTEX_POINT('',#14761);
#6844=VERTEX_POINT('',#14765);
#6845=VERTEX_POINT('',#14767);
#6846=VERTEX_POINT('',#14774);
#6847=VERTEX_POINT('',#14775);
#6848=VERTEX_POINT('',#14777);
#6849=VERTEX_POINT('',#14779);
#6850=VERTEX_POINT('',#14783);
#6851=VERTEX_POINT('',#14785);
#6852=VERTEX_POINT('',#14789);
#6853=VERTEX_POINT('',#14791);
#6854=VERTEX_POINT('',#14795);
#6855=VERTEX_POINT('',#14797);
#6856=VERTEX_POINT('',#14801);
#6857=VERTEX_POINT('',#14803);
#6858=VERTEX_POINT('',#14807);
#6859=VERTEX_POINT('',#14809);
#6860=VERTEX_POINT('',#14813);
#6861=VERTEX_POINT('',#14815);
#6862=VERTEX_POINT('',#14822);
#6863=VERTEX_POINT('',#14823);
#6864=VERTEX_POINT('',#14825);
#6865=VERTEX_POINT('',#14827);
#6866=VERTEX_POINT('',#14831);
#6867=VERTEX_POINT('',#14833);
#6868=VERTEX_POINT('',#14837);
#6869=VERTEX_POINT('',#14839);
#6870=VERTEX_POINT('',#14843);
#6871=VERTEX_POINT('',#14845);
#6872=VERTEX_POINT('',#14849);
#6873=VERTEX_POINT('',#14851);
#6874=VERTEX_POINT('',#14855);
#6875=VERTEX_POINT('',#14857);
#6876=VERTEX_POINT('',#14861);
#6877=VERTEX_POINT('',#14863);
#6878=VERTEX_POINT('',#14870);
#6879=VERTEX_POINT('',#14871);
#6880=VERTEX_POINT('',#14873);
#6881=VERTEX_POINT('',#14875);
#6882=VERTEX_POINT('',#14879);
#6883=VERTEX_POINT('',#14881);
#6884=VERTEX_POINT('',#14885);
#6885=VERTEX_POINT('',#14887);
#6886=VERTEX_POINT('',#14891);
#6887=VERTEX_POINT('',#14893);
#6888=VERTEX_POINT('',#14897);
#6889=VERTEX_POINT('',#14899);
#6890=VERTEX_POINT('',#14903);
#6891=VERTEX_POINT('',#14905);
#6892=VERTEX_POINT('',#14909);
#6893=VERTEX_POINT('',#14911);
#6894=VERTEX_POINT('',#14918);
#6895=VERTEX_POINT('',#14919);
#6896=VERTEX_POINT('',#14921);
#6897=VERTEX_POINT('',#14923);
#6898=VERTEX_POINT('',#14927);
#6899=VERTEX_POINT('',#14929);
#6900=VERTEX_POINT('',#14933);
#6901=VERTEX_POINT('',#14935);
#6902=VERTEX_POINT('',#14939);
#6903=VERTEX_POINT('',#14941);
#6904=VERTEX_POINT('',#14945);
#6905=VERTEX_POINT('',#14947);
#6906=VERTEX_POINT('',#14951);
#6907=VERTEX_POINT('',#14953);
#6908=VERTEX_POINT('',#14957);
#6909=VERTEX_POINT('',#14959);
#6910=VERTEX_POINT('',#14966);
#6911=VERTEX_POINT('',#14967);
#6912=VERTEX_POINT('',#14969);
#6913=VERTEX_POINT('',#14971);
#6914=VERTEX_POINT('',#14975);
#6915=VERTEX_POINT('',#14977);
#6916=VERTEX_POINT('',#14981);
#6917=VERTEX_POINT('',#14983);
#6918=VERTEX_POINT('',#14987);
#6919=VERTEX_POINT('',#14989);
#6920=VERTEX_POINT('',#14993);
#6921=VERTEX_POINT('',#14995);
#6922=VERTEX_POINT('',#14999);
#6923=VERTEX_POINT('',#15001);
#6924=VERTEX_POINT('',#15005);
#6925=VERTEX_POINT('',#15007);
#6926=VERTEX_POINT('',#15014);
#6927=VERTEX_POINT('',#15015);
#6928=VERTEX_POINT('',#15017);
#6929=VERTEX_POINT('',#15019);
#6930=VERTEX_POINT('',#15023);
#6931=VERTEX_POINT('',#15025);
#6932=VERTEX_POINT('',#15029);
#6933=VERTEX_POINT('',#15031);
#6934=VERTEX_POINT('',#15035);
#6935=VERTEX_POINT('',#15037);
#6936=VERTEX_POINT('',#15041);
#6937=VERTEX_POINT('',#15043);
#6938=VERTEX_POINT('',#15047);
#6939=VERTEX_POINT('',#15049);
#6940=VERTEX_POINT('',#15053);
#6941=VERTEX_POINT('',#15055);
#6942=VERTEX_POINT('',#15062);
#6943=VERTEX_POINT('',#15064);
#6944=VERTEX_POINT('',#15068);
#6945=VERTEX_POINT('',#15072);
#6946=VERTEX_POINT('',#15076);
#6947=VERTEX_POINT('',#15080);
#6948=VERTEX_POINT('',#15084);
#6949=VERTEX_POINT('',#15088);
#6950=VERTEX_POINT('',#15092);
#6951=VERTEX_POINT('',#15096);
#6952=VERTEX_POINT('',#15100);
#6953=VERTEX_POINT('',#15104);
#6954=VERTEX_POINT('',#15109);
#6955=VERTEX_POINT('',#15113);
#6956=VERTEX_POINT('',#15117);
#6957=VERTEX_POINT('',#15121);
#6958=VERTEX_POINT('',#15125);
#6959=VERTEX_POINT('',#15127);
#6960=VERTEX_POINT('',#15131);
#6961=VERTEX_POINT('',#15132);
#6962=VERTEX_POINT('',#15137);
#6963=VERTEX_POINT('',#15139);
#6964=VERTEX_POINT('',#15143);
#6965=VERTEX_POINT('',#15145);
#6966=VERTEX_POINT('',#15149);
#6967=VERTEX_POINT('',#15151);
#6968=VERTEX_POINT('',#15155);
#6969=VERTEX_POINT('',#15157);
#6970=VERTEX_POINT('',#15161);
#6971=VERTEX_POINT('',#15163);
#6972=VERTEX_POINT('',#15167);
#6973=VERTEX_POINT('',#15169);
#6974=VERTEX_POINT('',#15173);
#6975=VERTEX_POINT('',#15178);
#6976=VERTEX_POINT('',#15182);
#6977=VERTEX_POINT('',#15186);
#6978=VERTEX_POINT('',#15191);
#6979=VERTEX_POINT('',#15195);
#6980=VERTEX_POINT('',#15199);
#6981=VERTEX_POINT('',#15203);
#6982=VERTEX_POINT('',#15207);
#6983=VERTEX_POINT('',#15211);
#6984=VERTEX_POINT('',#15215);
#6985=VERTEX_POINT('',#15219);
#6986=VERTEX_POINT('',#15223);
#6987=VERTEX_POINT('',#15227);
#6988=VERTEX_POINT('',#15231);
#6989=VERTEX_POINT('',#15235);
#6990=VERTEX_POINT('',#15239);
#6991=VERTEX_POINT('',#15241);
#6992=VERTEX_POINT('',#15245);
#6993=VERTEX_POINT('',#15247);
#6994=VERTEX_POINT('',#15251);
#6995=VERTEX_POINT('',#15253);
#6996=VERTEX_POINT('',#15257);
#6997=VERTEX_POINT('',#15259);
#6998=VERTEX_POINT('',#15263);
#6999=VERTEX_POINT('',#15265);
#7000=VERTEX_POINT('',#15269);
#7001=VERTEX_POINT('',#15271);
#7002=VERTEX_POINT('',#15275);
#7003=VERTEX_POINT('',#15276);
#7004=VERTEX_POINT('',#15281);
#7005=VERTEX_POINT('',#15283);
#7006=VERTEX_POINT('',#15290);
#7007=VERTEX_POINT('',#15291);
#7008=VERTEX_POINT('',#15293);
#7009=VERTEX_POINT('',#15295);
#7010=VERTEX_POINT('',#15299);
#7011=VERTEX_POINT('',#15301);
#7012=VERTEX_POINT('',#15305);
#7013=VERTEX_POINT('',#15307);
#7014=VERTEX_POINT('',#15311);
#7015=VERTEX_POINT('',#15313);
#7016=VERTEX_POINT('',#15317);
#7017=VERTEX_POINT('',#15319);
#7018=VERTEX_POINT('',#15323);
#7019=VERTEX_POINT('',#15325);
#7020=VERTEX_POINT('',#15329);
#7021=VERTEX_POINT('',#15331);
#7022=VERTEX_POINT('',#15338);
#7023=VERTEX_POINT('',#15339);
#7024=VERTEX_POINT('',#15341);
#7025=VERTEX_POINT('',#15343);
#7026=VERTEX_POINT('',#15347);
#7027=VERTEX_POINT('',#15349);
#7028=VERTEX_POINT('',#15353);
#7029=VERTEX_POINT('',#15355);
#7030=VERTEX_POINT('',#15359);
#7031=VERTEX_POINT('',#15361);
#7032=VERTEX_POINT('',#15365);
#7033=VERTEX_POINT('',#15367);
#7034=VERTEX_POINT('',#15371);
#7035=VERTEX_POINT('',#15373);
#7036=VERTEX_POINT('',#15377);
#7037=VERTEX_POINT('',#15379);
#7038=VERTEX_POINT('',#15386);
#7039=VERTEX_POINT('',#15387);
#7040=VERTEX_POINT('',#15389);
#7041=VERTEX_POINT('',#15391);
#7042=VERTEX_POINT('',#15395);
#7043=VERTEX_POINT('',#15397);
#7044=VERTEX_POINT('',#15401);
#7045=VERTEX_POINT('',#15403);
#7046=VERTEX_POINT('',#15407);
#7047=VERTEX_POINT('',#15409);
#7048=VERTEX_POINT('',#15413);
#7049=VERTEX_POINT('',#15415);
#7050=VERTEX_POINT('',#15419);
#7051=VERTEX_POINT('',#15421);
#7052=VERTEX_POINT('',#15425);
#7053=VERTEX_POINT('',#15430);
#7054=VERTEX_POINT('',#15434);
#7055=VERTEX_POINT('',#15438);
#7056=VERTEX_POINT('',#15442);
#7057=VERTEX_POINT('',#15444);
#7058=VERTEX_POINT('',#15449);
#7059=VERTEX_POINT('',#15453);
#7060=VERTEX_POINT('',#15457);
#7061=VERTEX_POINT('',#15461);
#7062=VERTEX_POINT('',#15465);
#7063=VERTEX_POINT('',#15469);
#7064=VERTEX_POINT('',#15473);
#7065=VERTEX_POINT('',#15477);
#7066=VERTEX_POINT('',#15481);
#7067=VERTEX_POINT('',#15485);
#7068=VERTEX_POINT('',#15489);
#7069=VERTEX_POINT('',#15493);
#7070=VERTEX_POINT('',#15494);
#7071=VERTEX_POINT('',#15497);
#7072=VERTEX_POINT('',#15501);
#7073=VERTEX_POINT('',#15503);
#7074=VERTEX_POINT('',#15507);
#7075=VERTEX_POINT('',#15509);
#7076=VERTEX_POINT('',#15513);
#7077=VERTEX_POINT('',#15515);
#7078=VERTEX_POINT('',#15519);
#7079=VERTEX_POINT('',#15521);
#7080=VERTEX_POINT('',#15525);
#7081=VERTEX_POINT('',#15527);
#7082=VERTEX_POINT('',#15531);
#7083=VERTEX_POINT('',#15532);
#7084=VERTEX_POINT('',#15537);
#7085=VERTEX_POINT('',#15538);
#7086=VERTEX_POINT('',#15540);
#7087=VERTEX_POINT('',#15542);
#7088=VERTEX_POINT('',#15546);
#7089=VERTEX_POINT('',#15547);
#7090=VERTEX_POINT('',#15552);
#7091=VERTEX_POINT('',#15553);
#7092=VERTEX_POINT('',#15558);
#7093=VERTEX_POINT('',#15559);
#7094=VERTEX_POINT('',#15564);
#7095=VERTEX_POINT('',#15566);
#7096=VERTEX_POINT('',#15570);
#7097=VERTEX_POINT('',#15572);
#7098=VERTEX_POINT('',#15576);
#7099=VERTEX_POINT('',#15577);
#7100=VERTEX_POINT('',#15583);
#7101=VERTEX_POINT('',#15585);
#7102=VERTEX_POINT('',#15589);
#7103=VERTEX_POINT('',#15591);
#7104=VERTEX_POINT('',#15595);
#7105=VERTEX_POINT('',#15596);
#7106=VERTEX_POINT('',#15601);
#7107=VERTEX_POINT('',#15602);
#7108=VERTEX_POINT('',#15607);
#7109=VERTEX_POINT('',#15609);
#7110=VERTEX_POINT('',#15613);
#7111=VERTEX_POINT('',#15615);
#7112=VERTEX_POINT('',#15619);
#7113=VERTEX_POINT('',#15621);
#7114=VERTEX_POINT('',#15625);
#7115=VERTEX_POINT('',#15626);
#7116=VERTEX_POINT('',#15631);
#7117=VERTEX_POINT('',#15633);
#7118=VERTEX_POINT('',#15637);
#7119=VERTEX_POINT('',#15639);
#7120=VERTEX_POINT('',#15643);
#7121=VERTEX_POINT('',#15645);
#7122=VERTEX_POINT('',#15649);
#7123=VERTEX_POINT('',#15651);
#7124=VERTEX_POINT('',#15655);
#7125=VERTEX_POINT('',#15656);
#7126=VERTEX_POINT('',#15661);
#7127=VERTEX_POINT('',#15663);
#7128=VERTEX_POINT('',#15667);
#7129=VERTEX_POINT('',#15668);
#7130=VERTEX_POINT('',#15673);
#7131=VERTEX_POINT('',#15674);
#7132=VERTEX_POINT('',#15679);
#7133=VERTEX_POINT('',#15680);
#7134=VERTEX_POINT('',#15685);
#7135=VERTEX_POINT('',#15687);
#7136=VERTEX_POINT('',#15691);
#7137=VERTEX_POINT('',#15693);
#7138=VERTEX_POINT('',#15697);
#7139=VERTEX_POINT('',#15698);
#7140=VERTEX_POINT('',#15703);
#7141=VERTEX_POINT('',#15704);
#7142=VERTEX_POINT('',#15709);
#7143=VERTEX_POINT('',#15711);
#7144=VERTEX_POINT('',#15715);
#7145=VERTEX_POINT('',#15716);
#7146=VERTEX_POINT('',#15721);
#7147=VERTEX_POINT('',#15722);
#7148=VERTEX_POINT('',#15727);
#7149=VERTEX_POINT('',#15728);
#7150=VERTEX_POINT('',#15733);
#7151=VERTEX_POINT('',#15735);
#7152=VERTEX_POINT('',#15739);
#7153=VERTEX_POINT('',#15741);
#7154=VERTEX_POINT('',#15745);
#7155=VERTEX_POINT('',#15746);
#7156=VERTEX_POINT('',#15751);
#7157=VERTEX_POINT('',#15752);
#7158=VERTEX_POINT('',#15754);
#7159=VERTEX_POINT('',#15759);
#7160=VERTEX_POINT('',#15761);
#7161=VERTEX_POINT('',#15763);
#7162=VERTEX_POINT('',#15766);
#7163=VERTEX_POINT('',#15768);
#7164=VERTEX_POINT('',#15770);
#7165=VERTEX_POINT('',#15772);
#7166=VERTEX_POINT('',#15774);
#7167=VERTEX_POINT('',#15776);
#7168=VERTEX_POINT('',#15778);
#7169=VERTEX_POINT('',#15780);
#7170=VERTEX_POINT('',#15782);
#7171=VERTEX_POINT('',#15784);
#7172=VERTEX_POINT('',#15786);
#7173=VERTEX_POINT('',#15788);
#7174=VERTEX_POINT('',#15790);
#7175=VERTEX_POINT('',#15792);
#7176=VERTEX_POINT('',#15794);
#7177=VERTEX_POINT('',#15796);
#7178=VERTEX_POINT('',#15798);
#7179=VERTEX_POINT('',#15800);
#7180=VERTEX_POINT('',#15802);
#7181=VERTEX_POINT('',#15808);
#7182=VERTEX_POINT('',#15810);
#7183=VERTEX_POINT('',#15812);
#7184=VERTEX_POINT('',#15814);
#7185=VERTEX_POINT('',#15816);
#7186=VERTEX_POINT('',#15818);
#7187=VERTEX_POINT('',#15820);
#7188=VERTEX_POINT('',#15822);
#7189=VERTEX_POINT('',#15824);
#7190=VERTEX_POINT('',#15826);
#7191=VERTEX_POINT('',#15828);
#7192=VERTEX_POINT('',#15830);
#7193=VERTEX_POINT('',#15832);
#7194=VERTEX_POINT('',#15834);
#7195=VERTEX_POINT('',#15836);
#7196=VERTEX_POINT('',#15838);
#7197=VERTEX_POINT('',#15840);
#7198=VERTEX_POINT('',#15842);
#7199=VERTEX_POINT('',#15844);
#7200=CIRCLE('',#9448,0.000499999999999976);
#7201=CIRCLE('',#9449,0.000499999999999994);
#7202=CIRCLE('',#9450,0.0005);
#7203=CIRCLE('',#9451,0.000499999999999962);
#7204=CIRCLE('',#9453,0.000499999999999974);
#7205=CIRCLE('',#9454,0.0005);
#7206=CIRCLE('',#9455,0.0005);
#7207=CIRCLE('',#9456,0.000499999999999976);
#7208=CIRCLE('',#9458,0.000499999999999976);
#7209=CIRCLE('',#9459,0.0005);
#7210=CIRCLE('',#9460,0.000499999999999976);
#7211=CIRCLE('',#9461,0.000499999999999976);
#7212=CIRCLE('',#9462,0.000499999999999976);
#7213=CIRCLE('',#9463,0.000499999999999976);
#7214=CIRCLE('',#9464,0.000499999999999962);
#7215=CIRCLE('',#9465,0.000499999999999976);
#7216=CIRCLE('',#9467,0.000499999999999976);
#7217=CIRCLE('',#9468,0.000499999999999959);
#7218=CIRCLE('',#9469,0.000499999999999976);
#7219=CIRCLE('',#9470,0.000499999999999976);
#7220=CIRCLE('',#9471,0.000499999999999983);
#7221=CIRCLE('',#9472,0.000499999999999969);
#7222=CIRCLE('',#9473,0.0005);
#7223=CIRCLE('',#9474,0.000499999999999983);
#7224=CIRCLE('',#9476,0.000499999999999976);
#7225=CIRCLE('',#9477,0.0005);
#7226=CIRCLE('',#9478,0.000499999999999994);
#7227=CIRCLE('',#9479,0.000499999999999976);
#7228=CIRCLE('',#9481,0.000499999999999966);
#7229=CIRCLE('',#9482,0.000499999999999962);
#7230=CIRCLE('',#9483,0.000499999999999973);
#7231=CIRCLE('',#9484,0.000499999999999983);
#7232=CIRCLE('',#9485,0.000499999999999983);
#7233=CIRCLE('',#9486,0.000499999999999976);
#7234=CIRCLE('',#9488,0.000499999999999976);
#7235=CIRCLE('',#9491,0.0005);
#7236=CIRCLE('',#9493,0.0005);
#7237=CIRCLE('',#9496,0.000499999999999962);
#7238=CIRCLE('',#9498,0.0005);
#7239=CIRCLE('',#9501,0.000499999999999983);
#7240=CIRCLE('',#9503,0.000499999999999976);
#7241=CIRCLE('',#9506,0.0005);
#7242=CIRCLE('',#9508,0.000499999999999974);
#7243=CIRCLE('',#9511,0.0005);
#7244=CIRCLE('',#9514,0.0005);
#7245=CIRCLE('',#9515,0.0005);
#7246=CIRCLE('',#9518,0.0005);
#7247=CIRCLE('',#9519,0.0005);
#7248=CIRCLE('',#9522,0.0005);
#7249=CIRCLE('',#9523,0.0005);
#7250=CIRCLE('',#9526,0.0005);
#7251=CIRCLE('',#9527,0.0005);
#7252=CIRCLE('',#9530,0.0005);
#7253=CIRCLE('',#9531,0.0005);
#7254=CIRCLE('',#9534,0.000499999999999994);
#7255=CIRCLE('',#9535,0.000499999999999994);
#7256=CIRCLE('',#9538,0.0005);
#7257=CIRCLE('',#9539,0.0005);
#7258=CIRCLE('',#9542,0.0005);
#7259=CIRCLE('',#9543,0.0005);
#7260=CIRCLE('',#9546,0.0005);
#7261=CIRCLE('',#9547,0.0005);
#7262=CIRCLE('',#9550,0.000499999999999983);
#7263=CIRCLE('',#9551,0.000499999999999983);
#7264=CIRCLE('',#9554,0.00049999999999999);
#7265=CIRCLE('',#9555,0.00049999999999999);
#7266=CIRCLE('',#9558,0.000500000000000011);
#7267=CIRCLE('',#9559,0.000500000000000011);
#7268=CIRCLE('',#9562,0.000499999999999994);
#7269=CIRCLE('',#9563,0.000499999999999994);
#7270=CIRCLE('',#9566,0.000499999999999994);
#7271=CIRCLE('',#9567,0.000499999999999994);
#7272=CIRCLE('',#9570,0.0005);
#7273=CIRCLE('',#9571,0.0005);
#7274=CIRCLE('',#9574,0.0005);
#7275=CIRCLE('',#9575,0.0005);
#7276=CIRCLE('',#9578,0.000499999999999994);
#7277=CIRCLE('',#9579,0.000499999999999994);
#7278=CIRCLE('',#9582,0.000499999999999987);
#7279=CIRCLE('',#9583,0.000499999999999987);
#7280=CIRCLE('',#9586,0.000499999999999994);
#7281=CIRCLE('',#9587,0.000499999999999994);
#7282=CIRCLE('',#9590,0.0005);
#7283=CIRCLE('',#9591,0.0005);
#7284=CIRCLE('',#9594,0.0005);
#7285=CIRCLE('',#9595,0.0005);
#7286=CIRCLE('',#9598,0.000499999999999994);
#7287=CIRCLE('',#9599,0.000499999999999994);
#7288=CIRCLE('',#9602,0.0005);
#7289=CIRCLE('',#9603,0.0005);
#7290=CIRCLE('',#9606,0.000500000000000007);
#7291=CIRCLE('',#9607,0.000500000000000007);
#7292=CIRCLE('',#9610,0.0005);
#7293=CIRCLE('',#9611,0.0005);
#7294=CIRCLE('',#9614,0.00049999999999999);
#7295=CIRCLE('',#9615,0.00049999999999999);
#7296=CIRCLE('',#9618,0.00049999999999999);
#7297=CIRCLE('',#9619,0.00049999999999999);
#7298=CIRCLE('',#9622,0.0005);
#7299=CIRCLE('',#9623,0.0005);
#7300=CIRCLE('',#9626,0.0005);
#7301=CIRCLE('',#9627,0.0005);
#7302=CIRCLE('',#9630,0.00049999999999999);
#7303=CIRCLE('',#9631,0.00049999999999999);
#7304=CIRCLE('',#9634,0.00049999999999999);
#7305=CIRCLE('',#9635,0.00049999999999999);
#7306=CIRCLE('',#9638,0.0005);
#7307=CIRCLE('',#9639,0.0005);
#7308=CIRCLE('',#9642,0.0005);
#7309=CIRCLE('',#9643,0.0005);
#7310=CIRCLE('',#9646,0.0005);
#7311=CIRCLE('',#9647,0.0005);
#7312=CIRCLE('',#9650,0.0005);
#7313=CIRCLE('',#9651,0.0005);
#7314=CIRCLE('',#9654,0.0005);
#7315=CIRCLE('',#9655,0.0005);
#7316=CIRCLE('',#9658,0.0005);
#7317=CIRCLE('',#9659,0.0005);
#7318=CIRCLE('',#9662,0.0005);
#7319=CIRCLE('',#9663,0.0005);
#7320=CIRCLE('',#9666,0.0005);
#7321=CIRCLE('',#9667,0.0005);
#7322=CIRCLE('',#9670,0.0005);
#7323=CIRCLE('',#9671,0.0005);
#7324=CIRCLE('',#9674,0.0005);
#7325=CIRCLE('',#9675,0.0005);
#7326=CIRCLE('',#9678,0.0005);
#7327=CIRCLE('',#9679,0.0005);
#7328=CIRCLE('',#9682,0.0005);
#7329=CIRCLE('',#9683,0.0005);
#7330=CIRCLE('',#9686,0.0005);
#7331=CIRCLE('',#9687,0.0005);
#7332=CIRCLE('',#9690,0.0005);
#7333=CIRCLE('',#9691,0.0005);
#7334=CIRCLE('',#9694,0.000499999999999994);
#7335=CIRCLE('',#9695,0.000499999999999994);
#7336=CIRCLE('',#9698,0.0005);
#7337=CIRCLE('',#9699,0.0005);
#7338=CIRCLE('',#9702,0.0005);
#7339=CIRCLE('',#9703,0.0005);
#7340=CIRCLE('',#9706,0.0005);
#7341=CIRCLE('',#9707,0.0005);
#7342=CIRCLE('',#9710,0.0005);
#7343=CIRCLE('',#9711,0.0005);
#7344=CIRCLE('',#9714,0.0005);
#7345=CIRCLE('',#9715,0.0005);
#7346=CIRCLE('',#9718,0.0005);
#7347=CIRCLE('',#9719,0.0005);
#7348=CIRCLE('',#9722,0.000500000000000011);
#7349=CIRCLE('',#9723,0.000500000000000011);
#7350=CIRCLE('',#9726,0.00049999999999999);
#7351=CIRCLE('',#9727,0.00049999999999999);
#7352=CIRCLE('',#9730,0.000499999999999988);
#7353=CIRCLE('',#9731,0.000499999999999988);
#7354=CIRCLE('',#9734,0.000500000000000013);
#7355=CIRCLE('',#9735,0.000500000000000013);
#7356=CIRCLE('',#9738,0.0005);
#7357=CIRCLE('',#9739,0.0005);
#7358=CIRCLE('',#9742,0.0005);
#7359=CIRCLE('',#9743,0.0005);
#7360=CIRCLE('',#9746,0.0005);
#7361=CIRCLE('',#9747,0.0005);
#7362=CIRCLE('',#9750,0.0005);
#7363=CIRCLE('',#9751,0.0005);
#7364=CIRCLE('',#9754,0.0005);
#7365=CIRCLE('',#9755,0.0005);
#7366=CIRCLE('',#9758,0.0005);
#7367=CIRCLE('',#9759,0.0005);
#7368=CIRCLE('',#9762,0.0005);
#7369=CIRCLE('',#9763,0.0005);
#7370=CIRCLE('',#9766,0.0005);
#7371=CIRCLE('',#9767,0.0005);
#7372=CIRCLE('',#9770,0.000500000000000006);
#7373=CIRCLE('',#9771,0.000500000000000006);
#7374=CIRCLE('',#9774,0.0005);
#7375=CIRCLE('',#9775,0.0005);
#7376=CIRCLE('',#9778,0.0005);
#7377=CIRCLE('',#9779,0.0005);
#7378=CIRCLE('',#9782,0.000500000000000006);
#7379=CIRCLE('',#9783,0.000500000000000006);
#7380=CIRCLE('',#9786,0.0005);
#7381=CIRCLE('',#9787,0.0005);
#7382=CIRCLE('',#9790,0.0005);
#7383=CIRCLE('',#9791,0.0005);
#7384=CIRCLE('',#9794,0.0005);
#7385=CIRCLE('',#9795,0.0005);
#7386=CIRCLE('',#9798,0.0005);
#7387=CIRCLE('',#9799,0.0005);
#7388=CIRCLE('',#9802,0.000500000000000013);
#7389=CIRCLE('',#9803,0.000500000000000013);
#7390=CIRCLE('',#9806,0.0005);
#7391=CIRCLE('',#9807,0.0005);
#7392=CIRCLE('',#9810,0.0005);
#7393=CIRCLE('',#9811,0.0005);
#7394=CIRCLE('',#9814,0.000500000000000012);
#7395=CIRCLE('',#9815,0.000500000000000012);
#7396=CIRCLE('',#9818,0.0005);
#7397=CIRCLE('',#9819,0.0005);
#7398=CIRCLE('',#9822,0.000499999999999988);
#7399=CIRCLE('',#9823,0.000499999999999988);
#7400=CIRCLE('',#9826,0.000499999999999988);
#7401=CIRCLE('',#9827,0.000499999999999988);
#7402=CIRCLE('',#9830,0.0005);
#7403=CIRCLE('',#9831,0.0005);
#7404=CIRCLE('',#9834,0.0005);
#7405=CIRCLE('',#9835,0.0005);
#7406=CIRCLE('',#9838,0.0005);
#7407=CIRCLE('',#9839,0.0005);
#7408=CIRCLE('',#9842,0.0005);
#7409=CIRCLE('',#9843,0.0005);
#7410=CIRCLE('',#9846,0.0005);
#7411=CIRCLE('',#9847,0.0005);
#7412=CIRCLE('',#9850,0.0005);
#7413=CIRCLE('',#9851,0.0005);
#7414=CIRCLE('',#9854,0.0005);
#7415=CIRCLE('',#9855,0.0005);
#7416=CIRCLE('',#9858,0.0005);
#7417=CIRCLE('',#9859,0.0005);
#7418=CIRCLE('',#9862,0.0005);
#7419=CIRCLE('',#9863,0.0005);
#7420=CIRCLE('',#9866,0.000500000000000006);
#7421=CIRCLE('',#9867,0.000500000000000006);
#7422=CIRCLE('',#9870,0.0005);
#7423=CIRCLE('',#9871,0.0005);
#7424=CIRCLE('',#9874,0.0005);
#7425=CIRCLE('',#9875,0.0005);
#7426=CIRCLE('',#9878,0.000500000000000006);
#7427=CIRCLE('',#9879,0.000500000000000006);
#7428=CIRCLE('',#9882,0.0005);
#7429=CIRCLE('',#9883,0.0005);
#7430=CIRCLE('',#9886,0.0005);
#7431=CIRCLE('',#9887,0.0005);
#7432=CIRCLE('',#9890,0.0005);
#7433=CIRCLE('',#9891,0.0005);
#7434=CIRCLE('',#9894,0.0005);
#7435=CIRCLE('',#9895,0.0005);
#7436=CIRCLE('',#9898,0.0005);
#7437=CIRCLE('',#9899,0.0005);
#7438=CIRCLE('',#9902,0.0005);
#7439=CIRCLE('',#9903,0.0005);
#7440=CIRCLE('',#9906,0.0005);
#7441=CIRCLE('',#9907,0.0005);
#7442=CIRCLE('',#9910,0.0005);
#7443=CIRCLE('',#9911,0.0005);
#7444=CIRCLE('',#9914,0.0005);
#7445=CIRCLE('',#9915,0.0005);
#7446=CIRCLE('',#9918,0.0005);
#7447=CIRCLE('',#9919,0.0005);
#7448=CIRCLE('',#9922,0.0005);
#7449=CIRCLE('',#9923,0.0005);
#7450=CIRCLE('',#9926,0.0005);
#7451=CIRCLE('',#9927,0.0005);
#7452=CIRCLE('',#9930,0.000500000000000012);
#7453=CIRCLE('',#9931,0.000500000000000012);
#7454=CIRCLE('',#9934,0.0005);
#7455=CIRCLE('',#9935,0.0005);
#7456=CIRCLE('',#9938,0.0005);
#7457=CIRCLE('',#9939,0.0005);
#7458=CIRCLE('',#9942,0.000500000000000013);
#7459=CIRCLE('',#9943,0.000500000000000013);
#7460=CIRCLE('',#9946,0.0005);
#7461=CIRCLE('',#9947,0.0005);
#7462=CIRCLE('',#9950,0.0005);
#7463=CIRCLE('',#9951,0.0005);
#7464=CIRCLE('',#9954,0.0005);
#7465=CIRCLE('',#9955,0.0005);
#7466=CIRCLE('',#9958,0.0005);
#7467=CIRCLE('',#9959,0.0005);
#7468=CIRCLE('',#9962,0.0005);
#7469=CIRCLE('',#9963,0.0005);
#7470=CIRCLE('',#9966,0.0005);
#7471=CIRCLE('',#9967,0.0005);
#7472=CIRCLE('',#9970,0.0005);
#7473=CIRCLE('',#9971,0.0005);
#7474=CIRCLE('',#9974,0.0005);
#7475=CIRCLE('',#9975,0.0005);
#7476=CIRCLE('',#9978,0.0005);
#7477=CIRCLE('',#9979,0.0005);
#7478=CIRCLE('',#9982,0.000499999999999994);
#7479=CIRCLE('',#9983,0.000499999999999994);
#7480=CIRCLE('',#9986,0.0005);
#7481=CIRCLE('',#9987,0.0005);
#7482=CIRCLE('',#9990,0.0005);
#7483=CIRCLE('',#9991,0.0005);
#7484=CIRCLE('',#9994,0.0005);
#7485=CIRCLE('',#9995,0.0005);
#7486=CIRCLE('',#9998,0.0005);
#7487=CIRCLE('',#9999,0.0005);
#7488=CIRCLE('',#10002,0.0005);
#7489=CIRCLE('',#10003,0.0005);
#7490=CIRCLE('',#10006,0.0005);
#7491=CIRCLE('',#10007,0.0005);
#7492=CIRCLE('',#10010,0.0005);
#7493=CIRCLE('',#10011,0.0005);
#7494=CIRCLE('',#10014,0.000499999999999992);
#7495=CIRCLE('',#10015,0.000499999999999992);
#7496=CIRCLE('',#10018,0.000499999999999994);
#7497=CIRCLE('',#10019,0.000499999999999994);
#7498=CIRCLE('',#10022,0.0005);
#7499=CIRCLE('',#10023,0.0005);
#7500=CIRCLE('',#10026,0.0005);
#7501=CIRCLE('',#10027,0.0005);
#7502=CIRCLE('',#10030,0.000499999999999988);
#7503=CIRCLE('',#10031,0.000499999999999988);
#7504=CIRCLE('',#10034,0.00049999999999999);
#7505=CIRCLE('',#10035,0.00049999999999999);
#7506=CIRCLE('',#10038,0.0005);
#7507=CIRCLE('',#10039,0.0005);
#7508=CIRCLE('',#10042,0.0005);
#7509=CIRCLE('',#10043,0.0005);
#7510=CIRCLE('',#10046,0.0005);
#7511=CIRCLE('',#10047,0.0005);
#7512=CIRCLE('',#10050,0.0005);
#7513=CIRCLE('',#10051,0.0005);
#7514=CIRCLE('',#10054,0.0005);
#7515=CIRCLE('',#10055,0.0005);
#7516=CIRCLE('',#10058,0.0005);
#7517=CIRCLE('',#10059,0.0005);
#7518=CIRCLE('',#10062,0.000499999999999988);
#7519=CIRCLE('',#10063,0.000499999999999988);
#7520=CIRCLE('',#10066,0.00049999999999999);
#7521=CIRCLE('',#10067,0.00049999999999999);
#7522=CIRCLE('',#10070,0.0005);
#7523=CIRCLE('',#10071,0.0005);
#7524=CIRCLE('',#10074,0.0005);
#7525=CIRCLE('',#10075,0.0005);
#7526=CIRCLE('',#10078,0.0005);
#7527=CIRCLE('',#10079,0.0005);
#7528=CIRCLE('',#10082,0.0005);
#7529=CIRCLE('',#10083,0.0005);
#7530=CIRCLE('',#10086,0.0005);
#7531=CIRCLE('',#10087,0.0005);
#7532=CIRCLE('',#10089,0.000499999999999976);
#7533=CIRCLE('',#10092,0.000499999999999959);
#7534=CIRCLE('',#10095,0.000499999999999976);
#7535=CIRCLE('',#10098,0.000499999999999976);
#7536=CIRCLE('',#10101,0.000499999999999983);
#7537=CIRCLE('',#10104,0.000499999999999969);
#7538=CIRCLE('',#10107,0.000499999999999976);
#7539=CIRCLE('',#10110,0.000499999999999994);
#7540=CIRCLE('',#10115,0.0005);
#7541=CIRCLE('',#10116,0.0005);
#7542=CIRCLE('',#10119,0.0005);
#7543=CIRCLE('',#10120,0.0005);
#7544=CIRCLE('',#10125,0.0005);
#7545=CIRCLE('',#10128,0.000499999999999976);
#7546=CIRCLE('',#10131,0.000499999999999976);
#7547=CIRCLE('',#10134,0.000499999999999976);
#7548=CIRCLE('',#10137,0.000499999999999976);
#7549=CIRCLE('',#10140,0.000499999999999976);
#7550=CIRCLE('',#10143,0.000499999999999962);
#7551=CIRCLE('',#10146,0.000499999999999976);
#7552=CIRCLE('',#10151,0.0005);
#7553=CIRCLE('',#10152,0.0005);
#7554=CIRCLE('',#10155,0.0005);
#7555=CIRCLE('',#10156,0.0005);
#7556=CIRCLE('',#10162,0.0005);
#7557=CIRCLE('',#10163,0.0005);
#7558=CIRCLE('',#10166,0.0005);
#7559=CIRCLE('',#10167,0.0005);
#7560=CIRCLE('',#10170,0.0005);
#7561=CIRCLE('',#10171,0.0005);
#7562=CIRCLE('',#10174,0.0005);
#7563=CIRCLE('',#10175,0.0005);
#7564=CIRCLE('',#10177,0.0005);
#7565=CIRCLE('',#10178,0.0005);
#7566=CIRCLE('',#10181,0.0005);
#7567=CIRCLE('',#10182,0.0005);
#7568=CIRCLE('',#10185,0.000499999999999994);
#7569=CIRCLE('',#10186,0.000499999999999994);
#7570=CIRCLE('',#10189,0.0005);
#7571=CIRCLE('',#10190,0.0005);
#7572=CIRCLE('',#10194,0.0005);
#7573=CIRCLE('',#10195,0.0005);
#7574=CIRCLE('',#10198,0.0005);
#7575=CIRCLE('',#10199,0.0005);
#7576=CIRCLE('',#10204,0.000499999999999994);
#7577=CIRCLE('',#10207,0.000499999999999976);
#7578=CIRCLE('',#10210,0.000499999999999966);
#7579=CIRCLE('',#10213,0.000499999999999962);
#7580=CIRCLE('',#10216,0.000499999999999973);
#7581=CIRCLE('',#10219,0.000499999999999983);
#7582=CIRCLE('',#10222,0.000499999999999983);
#7583=CIRCLE('',#10225,0.000499999999999976);
#7584=CIRCLE('',#10230,0.0005);
#7585=CIRCLE('',#10231,0.0005);
#7586=CIRCLE('',#10234,0.0005);
#7587=CIRCLE('',#10235,0.0005);
#7588=CIRCLE('',#10238,0.002);
#7589=CIRCLE('',#10239,0.002);
#7590=CIRCLE('',#10242,0.002);
#7591=CIRCLE('',#10243,0.002);
#7592=CIRCLE('',#10246,0.002);
#7593=CIRCLE('',#10247,0.002);
#7594=CIRCLE('',#10250,0.002);
#7595=CIRCLE('',#10251,0.002);
#7596=CIRCLE('',#10254,0.002);
#7597=CIRCLE('',#10255,0.002);
#7598=CIRCLE('',#10258,0.002);
#7599=CIRCLE('',#10259,0.002);
#7600=CIRCLE('',#10262,0.002);
#7601=CIRCLE('',#10263,0.002);
#7602=CIRCLE('',#10266,0.002);
#7603=CIRCLE('',#10267,0.002);
#7604=CIRCLE('',#10270,0.004);
#7605=CIRCLE('',#10271,0.004);
#7606=CIRCLE('',#10274,0.004);
#7607=CIRCLE('',#10275,0.004);
#7608=CIRCLE('',#10278,0.002);
#7609=CIRCLE('',#10279,0.002);
#7610=CIRCLE('',#10282,0.002);
#7611=CIRCLE('',#10283,0.002);
#7612=CIRCLE('',#10286,0.002);
#7613=CIRCLE('',#10287,0.002);
#7614=CIRCLE('',#10290,0.002);
#7615=CIRCLE('',#10291,0.002);
#7616=CIRCLE('',#10294,0.002);
#7617=CIRCLE('',#10295,0.002);
#7618=CIRCLE('',#10298,0.002);
#7619=CIRCLE('',#10299,0.002);
#7620=CIRCLE('',#10302,0.002);
#7621=CIRCLE('',#10303,0.002);
#7622=CIRCLE('',#10306,0.002);
#7623=CIRCLE('',#10307,0.002);
#7624=CIRCLE('',#10309,0.004);
#7625=CIRCLE('',#10311,0.004);
#7626=CIRCLE('',#10312,0.00199993366947358);
#7627=CIRCLE('',#10313,0.00199993366947345);
#7628=CIRCLE('',#10314,0.00199993366947357);
#7629=CIRCLE('',#10315,0.00199993366947358);
#7630=CIRCLE('',#10316,0.00199993366947369);
#7631=CIRCLE('',#10317,0.00199993366947357);
#7632=CIRCLE('',#10318,0.00199993366947387);
#7633=CIRCLE('',#10319,0.0019999336694735);
#7634=CIRCLE('',#10320,0.004);
#7635=CIRCLE('',#10323,0.004);
#7636=CIRCLE('',#10324,0.0019999336694735);
#7637=CIRCLE('',#10325,0.00199993366947387);
#7638=CIRCLE('',#10326,0.00199993366947357);
#7639=CIRCLE('',#10327,0.00199993366947369);
#7640=CIRCLE('',#10328,0.00199993366947358);
#7641=CIRCLE('',#10329,0.00199993366947357);
#7642=CIRCLE('',#10330,0.00199993366947345);
#7643=CIRCLE('',#10331,0.00199993366947358);
#7644=EDGE_LOOP('',(#2118,#2119,#2120,#2121,#2122,#2123,#2124,#2125));
#7645=EDGE_LOOP('',(#2126,#2127,#2128,#2129,#2130,#2131,#2132,#2133));
#7646=EDGE_LOOP('',(#2134,#2135,#2136,#2137,#2138,#2139,#2140,#2141,#2142,
#2143,#2144,#2145,#2146,#2147,#2148,#2149));
#7647=EDGE_LOOP('',(#2150,#2151,#2152,#2153,#2154,#2155,#2156,#2157,#2158,
#2159,#2160,#2161,#2162,#2163,#2164,#2165));
#7648=EDGE_LOOP('',(#2166,#2167,#2168,#2169,#2170,#2171,#2172,#2173));
#7649=EDGE_LOOP('',(#2174,#2175,#2176,#2177,#2178,#2179,#2180,#2181,#2182,
#2183,#2184,#2185,#2186,#2187));
#7650=EDGE_LOOP('',(#2188,#2189,#2190,#2191));
#7651=EDGE_LOOP('',(#2192,#2193,#2194,#2195));
#7652=EDGE_LOOP('',(#2196,#2197,#2198,#2199));
#7653=EDGE_LOOP('',(#2200,#2201,#2202,#2203));
#7654=EDGE_LOOP('',(#2204,#2205,#2206,#2207));
#7655=EDGE_LOOP('',(#2208,#2209,#2210,#2211));
#7656=EDGE_LOOP('',(#2212,#2213,#2214,#2215));
#7657=EDGE_LOOP('',(#2216,#2217,#2218,#2219));
#7658=EDGE_LOOP('',(#2220,#2221,#2222,#2223));
#7659=EDGE_LOOP('',(#2224,#2225,#2226,#2227));
#7660=EDGE_LOOP('',(#2228,#2229,#2230,#2231));
#7661=EDGE_LOOP('',(#2232,#2233,#2234,#2235));
#7662=EDGE_LOOP('',(#2236,#2237,#2238,#2239));
#7663=EDGE_LOOP('',(#2240,#2241,#2242,#2243));
#7664=EDGE_LOOP('',(#2244,#2245,#2246,#2247));
#7665=EDGE_LOOP('',(#2248,#2249,#2250,#2251));
#7666=EDGE_LOOP('',(#2252,#2253,#2254,#2255));
#7667=EDGE_LOOP('',(#2256,#2257,#2258,#2259));
#7668=EDGE_LOOP('',(#2260,#2261,#2262,#2263));
#7669=EDGE_LOOP('',(#2264,#2265,#2266,#2267));
#7670=EDGE_LOOP('',(#2268,#2269,#2270,#2271));
#7671=EDGE_LOOP('',(#2272,#2273,#2274,#2275));
#7672=EDGE_LOOP('',(#2276,#2277,#2278,#2279));
#7673=EDGE_LOOP('',(#2280,#2281,#2282,#2283));
#7674=EDGE_LOOP('',(#2284,#2285,#2286,#2287));
#7675=EDGE_LOOP('',(#2288,#2289,#2290,#2291));
#7676=EDGE_LOOP('',(#2292,#2293,#2294,#2295));
#7677=EDGE_LOOP('',(#2296,#2297,#2298,#2299));
#7678=EDGE_LOOP('',(#2300,#2301,#2302,#2303));
#7679=EDGE_LOOP('',(#2304,#2305,#2306,#2307));
#7680=EDGE_LOOP('',(#2308,#2309,#2310,#2311));
#7681=EDGE_LOOP('',(#2312,#2313,#2314,#2315));
#7682=EDGE_LOOP('',(#2316,#2317,#2318,#2319));
#7683=EDGE_LOOP('',(#2320,#2321,#2322,#2323));
#7684=EDGE_LOOP('',(#2324,#2325,#2326,#2327));
#7685=EDGE_LOOP('',(#2328,#2329,#2330,#2331));
#7686=EDGE_LOOP('',(#2332,#2333,#2334,#2335));
#7687=EDGE_LOOP('',(#2336,#2337,#2338,#2339));
#7688=EDGE_LOOP('',(#2340,#2341,#2342,#2343));
#7689=EDGE_LOOP('',(#2344,#2345,#2346,#2347));
#7690=EDGE_LOOP('',(#2348,#2349,#2350,#2351));
#7691=EDGE_LOOP('',(#2352,#2353,#2354,#2355));
#7692=EDGE_LOOP('',(#2356,#2357,#2358,#2359));
#7693=EDGE_LOOP('',(#2360,#2361,#2362,#2363));
#7694=EDGE_LOOP('',(#2364,#2365,#2366,#2367));
#7695=EDGE_LOOP('',(#2368,#2369,#2370,#2371));
#7696=EDGE_LOOP('',(#2372,#2373,#2374,#2375));
#7697=EDGE_LOOP('',(#2376,#2377,#2378,#2379));
#7698=EDGE_LOOP('',(#2380,#2381,#2382,#2383));
#7699=EDGE_LOOP('',(#2384,#2385,#2386,#2387));
#7700=EDGE_LOOP('',(#2388,#2389,#2390,#2391));
#7701=EDGE_LOOP('',(#2392,#2393,#2394,#2395));
#7702=EDGE_LOOP('',(#2396,#2397,#2398,#2399));
#7703=EDGE_LOOP('',(#2400,#2401,#2402,#2403));
#7704=EDGE_LOOP('',(#2404,#2405,#2406,#2407));
#7705=EDGE_LOOP('',(#2408,#2409,#2410,#2411));
#7706=EDGE_LOOP('',(#2412,#2413,#2414,#2415));
#7707=EDGE_LOOP('',(#2416,#2417,#2418,#2419));
#7708=EDGE_LOOP('',(#2420,#2421,#2422,#2423));
#7709=EDGE_LOOP('',(#2424,#2425,#2426,#2427));
#7710=EDGE_LOOP('',(#2428,#2429,#2430,#2431));
#7711=EDGE_LOOP('',(#2432,#2433,#2434,#2435));
#7712=EDGE_LOOP('',(#2436,#2437,#2438,#2439));
#7713=EDGE_LOOP('',(#2440,#2441,#2442,#2443));
#7714=EDGE_LOOP('',(#2444,#2445,#2446,#2447));
#7715=EDGE_LOOP('',(#2448,#2449,#2450,#2451));
#7716=EDGE_LOOP('',(#2452,#2453,#2454,#2455));
#7717=EDGE_LOOP('',(#2456,#2457,#2458,#2459));
#7718=EDGE_LOOP('',(#2460,#2461,#2462,#2463));
#7719=EDGE_LOOP('',(#2464,#2465,#2466,#2467));
#7720=EDGE_LOOP('',(#2468,#2469,#2470,#2471));
#7721=EDGE_LOOP('',(#2472,#2473,#2474,#2475));
#7722=EDGE_LOOP('',(#2476,#2477,#2478,#2479));
#7723=EDGE_LOOP('',(#2480,#2481,#2482,#2483));
#7724=EDGE_LOOP('',(#2484,#2485,#2486,#2487));
#7725=EDGE_LOOP('',(#2488,#2489,#2490,#2491));
#7726=EDGE_LOOP('',(#2492,#2493,#2494,#2495));
#7727=EDGE_LOOP('',(#2496,#2497,#2498,#2499));
#7728=EDGE_LOOP('',(#2500,#2501,#2502,#2503));
#7729=EDGE_LOOP('',(#2504,#2505,#2506,#2507));
#7730=EDGE_LOOP('',(#2508,#2509,#2510,#2511));
#7731=EDGE_LOOP('',(#2512,#2513,#2514,#2515));
#7732=EDGE_LOOP('',(#2516,#2517,#2518,#2519));
#7733=EDGE_LOOP('',(#2520,#2521,#2522,#2523));
#7734=EDGE_LOOP('',(#2524,#2525,#2526,#2527));
#7735=EDGE_LOOP('',(#2528,#2529,#2530,#2531));
#7736=EDGE_LOOP('',(#2532,#2533,#2534,#2535));
#7737=EDGE_LOOP('',(#2536,#2537,#2538,#2539));
#7738=EDGE_LOOP('',(#2540,#2541,#2542,#2543));
#7739=EDGE_LOOP('',(#2544,#2545,#2546,#2547));
#7740=EDGE_LOOP('',(#2548,#2549,#2550,#2551));
#7741=EDGE_LOOP('',(#2552,#2553,#2554,#2555));
#7742=EDGE_LOOP('',(#2556,#2557,#2558,#2559));
#7743=EDGE_LOOP('',(#2560,#2561,#2562,#2563));
#7744=EDGE_LOOP('',(#2564,#2565,#2566,#2567));
#7745=EDGE_LOOP('',(#2568,#2569,#2570,#2571));
#7746=EDGE_LOOP('',(#2572,#2573,#2574,#2575));
#7747=EDGE_LOOP('',(#2576,#2577,#2578,#2579));
#7748=EDGE_LOOP('',(#2580,#2581,#2582,#2583));
#7749=EDGE_LOOP('',(#2584,#2585,#2586,#2587));
#7750=EDGE_LOOP('',(#2588,#2589,#2590,#2591));
#7751=EDGE_LOOP('',(#2592,#2593,#2594,#2595));
#7752=EDGE_LOOP('',(#2596,#2597,#2598,#2599));
#7753=EDGE_LOOP('',(#2600,#2601,#2602,#2603));
#7754=EDGE_LOOP('',(#2604,#2605,#2606,#2607));
#7755=EDGE_LOOP('',(#2608,#2609,#2610,#2611));
#7756=EDGE_LOOP('',(#2612,#2613,#2614,#2615));
#7757=EDGE_LOOP('',(#2616,#2617,#2618,#2619));
#7758=EDGE_LOOP('',(#2620,#2621,#2622,#2623));
#7759=EDGE_LOOP('',(#2624,#2625,#2626,#2627));
#7760=EDGE_LOOP('',(#2628,#2629,#2630,#2631));
#7761=EDGE_LOOP('',(#2632,#2633,#2634,#2635));
#7762=EDGE_LOOP('',(#2636,#2637,#2638,#2639));
#7763=EDGE_LOOP('',(#2640,#2641,#2642,#2643));
#7764=EDGE_LOOP('',(#2644,#2645,#2646,#2647));
#7765=EDGE_LOOP('',(#2648,#2649,#2650,#2651));
#7766=EDGE_LOOP('',(#2652,#2653,#2654,#2655));
#7767=EDGE_LOOP('',(#2656,#2657,#2658,#2659));
#7768=EDGE_LOOP('',(#2660,#2661,#2662,#2663));
#7769=EDGE_LOOP('',(#2664,#2665,#2666,#2667));
#7770=EDGE_LOOP('',(#2668,#2669,#2670,#2671));
#7771=EDGE_LOOP('',(#2672,#2673,#2674,#2675));
#7772=EDGE_LOOP('',(#2676,#2677,#2678,#2679));
#7773=EDGE_LOOP('',(#2680,#2681,#2682,#2683));
#7774=EDGE_LOOP('',(#2684,#2685,#2686,#2687));
#7775=EDGE_LOOP('',(#2688,#2689,#2690,#2691));
#7776=EDGE_LOOP('',(#2692,#2693,#2694,#2695));
#7777=EDGE_LOOP('',(#2696,#2697,#2698,#2699));
#7778=EDGE_LOOP('',(#2700,#2701,#2702,#2703));
#7779=EDGE_LOOP('',(#2704,#2705,#2706,#2707));
#7780=EDGE_LOOP('',(#2708,#2709,#2710,#2711));
#7781=EDGE_LOOP('',(#2712,#2713,#2714,#2715));
#7782=EDGE_LOOP('',(#2716,#2717,#2718,#2719));
#7783=EDGE_LOOP('',(#2720,#2721,#2722,#2723));
#7784=EDGE_LOOP('',(#2724,#2725,#2726,#2727));
#7785=EDGE_LOOP('',(#2728,#2729,#2730,#2731));
#7786=EDGE_LOOP('',(#2732,#2733,#2734,#2735));
#7787=EDGE_LOOP('',(#2736,#2737,#2738,#2739));
#7788=EDGE_LOOP('',(#2740,#2741,#2742,#2743));
#7789=EDGE_LOOP('',(#2744,#2745,#2746,#2747));
#7790=EDGE_LOOP('',(#2748,#2749,#2750,#2751));
#7791=EDGE_LOOP('',(#2752,#2753,#2754,#2755));
#7792=EDGE_LOOP('',(#2756,#2757,#2758,#2759));
#7793=EDGE_LOOP('',(#2760,#2761,#2762,#2763));
#7794=EDGE_LOOP('',(#2764,#2765,#2766,#2767));
#7795=EDGE_LOOP('',(#2768,#2769,#2770,#2771));
#7796=EDGE_LOOP('',(#2772,#2773,#2774,#2775));
#7797=EDGE_LOOP('',(#2776,#2777,#2778,#2779));
#7798=EDGE_LOOP('',(#2780,#2781,#2782,#2783));
#7799=EDGE_LOOP('',(#2784,#2785,#2786,#2787));
#7800=EDGE_LOOP('',(#2788,#2789,#2790,#2791));
#7801=EDGE_LOOP('',(#2792,#2793,#2794,#2795));
#7802=EDGE_LOOP('',(#2796,#2797,#2798,#2799));
#7803=EDGE_LOOP('',(#2800,#2801,#2802,#2803));
#7804=EDGE_LOOP('',(#2804,#2805,#2806,#2807));
#7805=EDGE_LOOP('',(#2808,#2809,#2810,#2811));
#7806=EDGE_LOOP('',(#2812,#2813,#2814,#2815));
#7807=EDGE_LOOP('',(#2816,#2817,#2818,#2819));
#7808=EDGE_LOOP('',(#2820,#2821,#2822,#2823));
#7809=EDGE_LOOP('',(#2824,#2825,#2826,#2827));
#7810=EDGE_LOOP('',(#2828,#2829,#2830,#2831));
#7811=EDGE_LOOP('',(#2832,#2833,#2834,#2835));
#7812=EDGE_LOOP('',(#2836,#2837,#2838,#2839));
#7813=EDGE_LOOP('',(#2840,#2841,#2842,#2843));
#7814=EDGE_LOOP('',(#2844,#2845,#2846,#2847));
#7815=EDGE_LOOP('',(#2848,#2849,#2850,#2851));
#7816=EDGE_LOOP('',(#2852,#2853,#2854,#2855));
#7817=EDGE_LOOP('',(#2856,#2857,#2858,#2859));
#7818=EDGE_LOOP('',(#2860,#2861,#2862,#2863));
#7819=EDGE_LOOP('',(#2864,#2865,#2866,#2867));
#7820=EDGE_LOOP('',(#2868,#2869,#2870,#2871));
#7821=EDGE_LOOP('',(#2872,#2873,#2874,#2875));
#7822=EDGE_LOOP('',(#2876,#2877,#2878,#2879));
#7823=EDGE_LOOP('',(#2880,#2881,#2882,#2883));
#7824=EDGE_LOOP('',(#2884,#2885,#2886,#2887));
#7825=EDGE_LOOP('',(#2888,#2889,#2890,#2891));
#7826=EDGE_LOOP('',(#2892,#2893,#2894,#2895));
#7827=EDGE_LOOP('',(#2896,#2897,#2898,#2899));
#7828=EDGE_LOOP('',(#2900,#2901,#2902,#2903));
#7829=EDGE_LOOP('',(#2904,#2905,#2906,#2907));
#7830=EDGE_LOOP('',(#2908,#2909,#2910,#2911));
#7831=EDGE_LOOP('',(#2912,#2913,#2914,#2915));
#7832=EDGE_LOOP('',(#2916,#2917,#2918,#2919));
#7833=EDGE_LOOP('',(#2920,#2921,#2922,#2923));
#7834=EDGE_LOOP('',(#2924,#2925,#2926,#2927));
#7835=EDGE_LOOP('',(#2928,#2929,#2930,#2931));
#7836=EDGE_LOOP('',(#2932,#2933,#2934,#2935));
#7837=EDGE_LOOP('',(#2936,#2937,#2938,#2939));
#7838=EDGE_LOOP('',(#2940,#2941,#2942,#2943));
#7839=EDGE_LOOP('',(#2944,#2945,#2946,#2947));
#7840=EDGE_LOOP('',(#2948,#2949,#2950,#2951));
#7841=EDGE_LOOP('',(#2952,#2953,#2954,#2955));
#7842=EDGE_LOOP('',(#2956,#2957,#2958,#2959));
#7843=EDGE_LOOP('',(#2960,#2961,#2962,#2963));
#7844=EDGE_LOOP('',(#2964,#2965,#2966,#2967));
#7845=EDGE_LOOP('',(#2968,#2969,#2970,#2971));
#7846=EDGE_LOOP('',(#2972,#2973,#2974,#2975));
#7847=EDGE_LOOP('',(#2976,#2977,#2978,#2979));
#7848=EDGE_LOOP('',(#2980,#2981,#2982,#2983));
#7849=EDGE_LOOP('',(#2984,#2985,#2986,#2987));
#7850=EDGE_LOOP('',(#2988,#2989,#2990,#2991));
#7851=EDGE_LOOP('',(#2992,#2993,#2994,#2995));
#7852=EDGE_LOOP('',(#2996,#2997,#2998,#2999));
#7853=EDGE_LOOP('',(#3000,#3001,#3002,#3003));
#7854=EDGE_LOOP('',(#3004,#3005,#3006,#3007));
#7855=EDGE_LOOP('',(#3008,#3009,#3010,#3011));
#7856=EDGE_LOOP('',(#3012,#3013,#3014,#3015));
#7857=EDGE_LOOP('',(#3016,#3017,#3018,#3019));
#7858=EDGE_LOOP('',(#3020,#3021,#3022,#3023));
#7859=EDGE_LOOP('',(#3024,#3025,#3026,#3027));
#7860=EDGE_LOOP('',(#3028,#3029,#3030,#3031));
#7861=EDGE_LOOP('',(#3032,#3033,#3034,#3035));
#7862=EDGE_LOOP('',(#3036,#3037,#3038,#3039));
#7863=EDGE_LOOP('',(#3040,#3041,#3042,#3043));
#7864=EDGE_LOOP('',(#3044,#3045,#3046,#3047));
#7865=EDGE_LOOP('',(#3048,#3049,#3050,#3051));
#7866=EDGE_LOOP('',(#3052,#3053,#3054,#3055));
#7867=EDGE_LOOP('',(#3056,#3057,#3058,#3059));
#7868=EDGE_LOOP('',(#3060,#3061,#3062,#3063));
#7869=EDGE_LOOP('',(#3064,#3065,#3066,#3067));
#7870=EDGE_LOOP('',(#3068,#3069,#3070,#3071));
#7871=EDGE_LOOP('',(#3072,#3073,#3074,#3075));
#7872=EDGE_LOOP('',(#3076,#3077,#3078,#3079));
#7873=EDGE_LOOP('',(#3080,#3081,#3082,#3083));
#7874=EDGE_LOOP('',(#3084,#3085,#3086,#3087));
#7875=EDGE_LOOP('',(#3088,#3089,#3090,#3091));
#7876=EDGE_LOOP('',(#3092,#3093,#3094,#3095));
#7877=EDGE_LOOP('',(#3096,#3097,#3098,#3099));
#7878=EDGE_LOOP('',(#3100,#3101,#3102,#3103));
#7879=EDGE_LOOP('',(#3104,#3105,#3106,#3107));
#7880=EDGE_LOOP('',(#3108,#3109,#3110,#3111));
#7881=EDGE_LOOP('',(#3112,#3113,#3114,#3115));
#7882=EDGE_LOOP('',(#3116,#3117,#3118,#3119));
#7883=EDGE_LOOP('',(#3120,#3121,#3122,#3123));
#7884=EDGE_LOOP('',(#3124,#3125,#3126,#3127));
#7885=EDGE_LOOP('',(#3128,#3129,#3130,#3131));
#7886=EDGE_LOOP('',(#3132,#3133,#3134,#3135));
#7887=EDGE_LOOP('',(#3136,#3137,#3138,#3139));
#7888=EDGE_LOOP('',(#3140,#3141,#3142,#3143));
#7889=EDGE_LOOP('',(#3144,#3145,#3146,#3147));
#7890=EDGE_LOOP('',(#3148,#3149,#3150,#3151));
#7891=EDGE_LOOP('',(#3152,#3153,#3154,#3155));
#7892=EDGE_LOOP('',(#3156,#3157,#3158,#3159));
#7893=EDGE_LOOP('',(#3160,#3161,#3162,#3163));
#7894=EDGE_LOOP('',(#3164,#3165,#3166,#3167));
#7895=EDGE_LOOP('',(#3168,#3169,#3170,#3171));
#7896=EDGE_LOOP('',(#3172,#3173,#3174,#3175));
#7897=EDGE_LOOP('',(#3176,#3177,#3178,#3179));
#7898=EDGE_LOOP('',(#3180,#3181,#3182,#3183));
#7899=EDGE_LOOP('',(#3184,#3185,#3186,#3187));
#7900=EDGE_LOOP('',(#3188,#3189,#3190,#3191));
#7901=EDGE_LOOP('',(#3192,#3193,#3194,#3195));
#7902=EDGE_LOOP('',(#3196,#3197,#3198,#3199));
#7903=EDGE_LOOP('',(#3200,#3201,#3202,#3203));
#7904=EDGE_LOOP('',(#3204,#3205,#3206,#3207));
#7905=EDGE_LOOP('',(#3208,#3209,#3210,#3211));
#7906=EDGE_LOOP('',(#3212,#3213,#3214,#3215));
#7907=EDGE_LOOP('',(#3216,#3217,#3218,#3219));
#7908=EDGE_LOOP('',(#3220,#3221,#3222,#3223));
#7909=EDGE_LOOP('',(#3224,#3225,#3226,#3227));
#7910=EDGE_LOOP('',(#3228,#3229,#3230,#3231));
#7911=EDGE_LOOP('',(#3232,#3233,#3234,#3235));
#7912=EDGE_LOOP('',(#3236,#3237,#3238,#3239));
#7913=EDGE_LOOP('',(#3240,#3241,#3242,#3243));
#7914=EDGE_LOOP('',(#3244,#3245,#3246,#3247));
#7915=EDGE_LOOP('',(#3248,#3249,#3250,#3251));
#7916=EDGE_LOOP('',(#3252,#3253,#3254,#3255));
#7917=EDGE_LOOP('',(#3256,#3257,#3258,#3259));
#7918=EDGE_LOOP('',(#3260,#3261,#3262,#3263));
#7919=EDGE_LOOP('',(#3264,#3265,#3266,#3267));
#7920=EDGE_LOOP('',(#3268,#3269,#3270,#3271));
#7921=EDGE_LOOP('',(#3272,#3273,#3274,#3275));
#7922=EDGE_LOOP('',(#3276,#3277,#3278,#3279));
#7923=EDGE_LOOP('',(#3280,#3281,#3282,#3283));
#7924=EDGE_LOOP('',(#3284,#3285,#3286,#3287));
#7925=EDGE_LOOP('',(#3288,#3289,#3290,#3291));
#7926=EDGE_LOOP('',(#3292,#3293,#3294,#3295));
#7927=EDGE_LOOP('',(#3296,#3297,#3298,#3299));
#7928=EDGE_LOOP('',(#3300,#3301,#3302,#3303));
#7929=EDGE_LOOP('',(#3304,#3305,#3306,#3307));
#7930=EDGE_LOOP('',(#3308,#3309,#3310,#3311));
#7931=EDGE_LOOP('',(#3312,#3313,#3314,#3315));
#7932=EDGE_LOOP('',(#3316,#3317,#3318,#3319));
#7933=EDGE_LOOP('',(#3320,#3321,#3322,#3323));
#7934=EDGE_LOOP('',(#3324,#3325,#3326,#3327));
#7935=EDGE_LOOP('',(#3328,#3329,#3330,#3331));
#7936=EDGE_LOOP('',(#3332,#3333,#3334,#3335));
#7937=EDGE_LOOP('',(#3336,#3337,#3338,#3339));
#7938=EDGE_LOOP('',(#3340,#3341,#3342,#3343));
#7939=EDGE_LOOP('',(#3344,#3345,#3346,#3347));
#7940=EDGE_LOOP('',(#3348,#3349,#3350,#3351));
#7941=EDGE_LOOP('',(#3352,#3353,#3354,#3355));
#7942=EDGE_LOOP('',(#3356,#3357,#3358,#3359));
#7943=EDGE_LOOP('',(#3360,#3361,#3362,#3363));
#7944=EDGE_LOOP('',(#3364,#3365,#3366,#3367));
#7945=EDGE_LOOP('',(#3368,#3369,#3370,#3371));
#7946=EDGE_LOOP('',(#3372,#3373,#3374,#3375));
#7947=EDGE_LOOP('',(#3376,#3377,#3378,#3379));
#7948=EDGE_LOOP('',(#3380,#3381,#3382,#3383));
#7949=EDGE_LOOP('',(#3384,#3385,#3386,#3387));
#7950=EDGE_LOOP('',(#3388,#3389,#3390,#3391));
#7951=EDGE_LOOP('',(#3392,#3393,#3394,#3395));
#7952=EDGE_LOOP('',(#3396,#3397,#3398,#3399));
#7953=EDGE_LOOP('',(#3400,#3401,#3402,#3403));
#7954=EDGE_LOOP('',(#3404,#3405,#3406,#3407));
#7955=EDGE_LOOP('',(#3408,#3409,#3410,#3411));
#7956=EDGE_LOOP('',(#3412,#3413,#3414,#3415));
#7957=EDGE_LOOP('',(#3416,#3417,#3418,#3419));
#7958=EDGE_LOOP('',(#3420,#3421,#3422,#3423));
#7959=EDGE_LOOP('',(#3424,#3425,#3426,#3427));
#7960=EDGE_LOOP('',(#3428,#3429,#3430,#3431));
#7961=EDGE_LOOP('',(#3432,#3433,#3434,#3435));
#7962=EDGE_LOOP('',(#3436,#3437,#3438,#3439));
#7963=EDGE_LOOP('',(#3440,#3441,#3442,#3443));
#7964=EDGE_LOOP('',(#3444,#3445,#3446,#3447,#3448,#3449,#3450,#3451));
#7965=EDGE_LOOP('',(#3452,#3453,#3454,#3455));
#7966=EDGE_LOOP('',(#3456,#3457,#3458,#3459));
#7967=EDGE_LOOP('',(#3460,#3461,#3462,#3463));
#7968=EDGE_LOOP('',(#3464,#3465,#3466,#3467,#3468,#3469));
#7969=EDGE_LOOP('',(#3470,#3471,#3472,#3473));
#7970=EDGE_LOOP('',(#3474,#3475,#3476,#3477));
#7971=EDGE_LOOP('',(#3478,#3479,#3480,#3481));
#7972=EDGE_LOOP('',(#3482,#3483,#3484,#3485));
#7973=EDGE_LOOP('',(#3486,#3487,#3488,#3489));
#7974=EDGE_LOOP('',(#3490,#3491,#3492,#3493));
#7975=EDGE_LOOP('',(#3494,#3495,#3496,#3497));
#7976=EDGE_LOOP('',(#3498,#3499,#3500,#3501,#3502,#3503));
#7977=EDGE_LOOP('',(#3504,#3505,#3506,#3507));
#7978=EDGE_LOOP('',(#3508,#3509,#3510,#3511));
#7979=EDGE_LOOP('',(#3512,#3513,#3514,#3515));
#7980=EDGE_LOOP('',(#3516,#3517,#3518,#3519,#3520,#3521,#3522,#3523));
#7981=EDGE_LOOP('',(#3524,#3525,#3526,#3527));
#7982=EDGE_LOOP('',(#3528,#3529,#3530,#3531));
#7983=EDGE_LOOP('',(#3532,#3533,#3534,#3535));
#7984=EDGE_LOOP('',(#3536,#3537,#3538,#3539));
#7985=EDGE_LOOP('',(#3540,#3541,#3542,#3543));
#7986=EDGE_LOOP('',(#3544,#3545,#3546,#3547));
#7987=EDGE_LOOP('',(#3548,#3549,#3550,#3551));
#7988=EDGE_LOOP('',(#3552,#3553,#3554,#3555));
#7989=EDGE_LOOP('',(#3556,#3557,#3558,#3559));
#7990=EDGE_LOOP('',(#3560,#3561,#3562,#3563));
#7991=EDGE_LOOP('',(#3564,#3565,#3566,#3567));
#7992=EDGE_LOOP('',(#3568,#3569,#3570,#3571,#3572,#3573));
#7993=EDGE_LOOP('',(#3574,#3575,#3576,#3577));
#7994=EDGE_LOOP('',(#3578,#3579,#3580,#3581));
#7995=EDGE_LOOP('',(#3582,#3583,#3584,#3585));
#7996=EDGE_LOOP('',(#3586,#3587,#3588,#3589));
#7997=EDGE_LOOP('',(#3590,#3591,#3592,#3593));
#7998=EDGE_LOOP('',(#3594,#3595,#3596,#3597));
#7999=EDGE_LOOP('',(#3598,#3599,#3600,#3601));
#8000=EDGE_LOOP('',(#3602,#3603,#3604,#3605,#3606,#3607));
#8001=EDGE_LOOP('',(#3608,#3609,#3610,#3611));
#8002=EDGE_LOOP('',(#3612,#3613,#3614,#3615));
#8003=EDGE_LOOP('',(#3616,#3617,#3618,#3619));
#8004=EDGE_LOOP('',(#3620,#3621,#3622,#3623));
#8005=EDGE_LOOP('',(#3624,#3625,#3626,#3627));
#8006=EDGE_LOOP('',(#3628,#3629,#3630,#3631));
#8007=EDGE_LOOP('',(#3632,#3633,#3634,#3635));
#8008=EDGE_LOOP('',(#3636,#3637,#3638,#3639));
#8009=EDGE_LOOP('',(#3640,#3641,#3642,#3643));
#8010=EDGE_LOOP('',(#3644,#3645,#3646,#3647));
#8011=EDGE_LOOP('',(#3648,#3649,#3650,#3651));
#8012=EDGE_LOOP('',(#3652,#3653,#3654,#3655));
#8013=EDGE_LOOP('',(#3656,#3657,#3658,#3659));
#8014=EDGE_LOOP('',(#3660,#3661,#3662,#3663));
#8015=EDGE_LOOP('',(#3664,#3665,#3666,#3667));
#8016=EDGE_LOOP('',(#3668,#3669,#3670,#3671));
#8017=EDGE_LOOP('',(#3672,#3673,#3674,#3675));
#8018=EDGE_LOOP('',(#3676,#3677,#3678,#3679));
#8019=EDGE_LOOP('',(#3680,#3681,#3682,#3683));
#8020=EDGE_LOOP('',(#3684,#3685,#3686,#3687));
#8021=EDGE_LOOP('',(#3688,#3689,#3690,#3691));
#8022=EDGE_LOOP('',(#3692,#3693,#3694,#3695));
#8023=EDGE_LOOP('',(#3696,#3697,#3698,#3699,#3700,#3701));
#8024=EDGE_LOOP('',(#3702,#3703,#3704,#3705));
#8025=EDGE_LOOP('',(#3706,#3707,#3708,#3709));
#8026=EDGE_LOOP('',(#3710,#3711,#3712,#3713));
#8027=EDGE_LOOP('',(#3714,#3715,#3716,#3717,#3718,#3719,#3720,#3721));
#8028=EDGE_LOOP('',(#3722,#3723,#3724,#3725));
#8029=EDGE_LOOP('',(#3726,#3727,#3728,#3729));
#8030=EDGE_LOOP('',(#3730,#3731,#3732,#3733));
#8031=EDGE_LOOP('',(#3734,#3735,#3736,#3737));
#8032=EDGE_LOOP('',(#3738,#3739,#3740,#3741));
#8033=EDGE_LOOP('',(#3742,#3743,#3744,#3745));
#8034=EDGE_LOOP('',(#3746,#3747,#3748,#3749));
#8035=EDGE_LOOP('',(#3750,#3751,#3752,#3753));
#8036=EDGE_LOOP('',(#3754,#3755,#3756,#3757));
#8037=EDGE_LOOP('',(#3758,#3759,#3760,#3761));
#8038=EDGE_LOOP('',(#3762,#3763,#3764,#3765));
#8039=EDGE_LOOP('',(#3766,#3767,#3768,#3769,#3770,#3771));
#8040=EDGE_LOOP('',(#3772,#3773,#3774,#3775));
#8041=EDGE_LOOP('',(#3776,#3777,#3778,#3779));
#8042=EDGE_LOOP('',(#3780,#3781,#3782,#3783));
#8043=EDGE_LOOP('',(#3784,#3785,#3786,#3787));
#8044=EDGE_LOOP('',(#3788,#3789,#3790,#3791));
#8045=EDGE_LOOP('',(#3792,#3793,#3794,#3795));
#8046=EDGE_LOOP('',(#3796,#3797,#3798,#3799));
#8047=EDGE_LOOP('',(#3800,#3801,#3802,#3803));
#8048=EDGE_LOOP('',(#3804,#3805,#3806,#3807));
#8049=EDGE_LOOP('',(#3808,#3809,#3810,#3811));
#8050=EDGE_LOOP('',(#3812,#3813,#3814,#3815));
#8051=EDGE_LOOP('',(#3816,#3817,#3818,#3819));
#8052=EDGE_LOOP('',(#3820,#3821,#3822,#3823));
#8053=EDGE_LOOP('',(#3824,#3825,#3826,#3827,#3828,#3829,#3830,#3831));
#8054=EDGE_LOOP('',(#3832,#3833,#3834,#3835));
#8055=EDGE_LOOP('',(#3836,#3837,#3838,#3839));
#8056=EDGE_LOOP('',(#3840,#3841,#3842,#3843));
#8057=EDGE_LOOP('',(#3844,#3845,#3846,#3847));
#8058=EDGE_LOOP('',(#3848,#3849,#3850,#3851));
#8059=EDGE_LOOP('',(#3852,#3853,#3854,#3855));
#8060=EDGE_LOOP('',(#3856,#3857,#3858,#3859));
#8061=EDGE_LOOP('',(#3860,#3861,#3862,#3863));
#8062=EDGE_LOOP('',(#3864,#3865,#3866,#3867));
#8063=EDGE_LOOP('',(#3868,#3869,#3870,#3871));
#8064=EDGE_LOOP('',(#3872,#3873,#3874,#3875));
#8065=EDGE_LOOP('',(#3876,#3877,#3878,#3879));
#8066=EDGE_LOOP('',(#3880,#3881,#3882,#3883));
#8067=EDGE_LOOP('',(#3884,#3885,#3886,#3887));
#8068=EDGE_LOOP('',(#3888,#3889,#3890,#3891));
#8069=EDGE_LOOP('',(#3892,#3893,#3894,#3895));
#8070=EDGE_LOOP('',(#3896,#3897,#3898,#3899));
#8071=EDGE_LOOP('',(#3900,#3901,#3902,#3903));
#8072=EDGE_LOOP('',(#3904,#3905,#3906,#3907));
#8073=EDGE_LOOP('',(#3908,#3909,#3910,#3911));
#8074=EDGE_LOOP('',(#3912,#3913,#3914,#3915));
#8075=EDGE_LOOP('',(#3916,#3917,#3918,#3919));
#8076=EDGE_LOOP('',(#3920,#3921,#3922,#3923));
#8077=EDGE_LOOP('',(#3924,#3925,#3926,#3927));
#8078=EDGE_LOOP('',(#3928,#3929,#3930,#3931));
#8079=EDGE_LOOP('',(#3932,#3933,#3934,#3935));
#8080=EDGE_LOOP('',(#3936,#3937,#3938,#3939));
#8081=EDGE_LOOP('',(#3940,#3941,#3942,#3943,#3944,#3945,#3946,#3947,#3948,
#3949,#3950,#3951,#3952,#3953,#3954,#3955,#3956,#3957,#3958));
#8082=EDGE_LOOP('',(#3959,#3960,#3961,#3962,#3963,#3964,#3965,#3966,#3967,
#3968,#3969,#3970,#3971,#3972,#3973,#3974,#3975,#3976,#3977,#3978,#3979,
#3980,#3981,#3982,#3983,#3984,#3985,#3986,#3987,#3988,#3989,#3990,#3991,
#3992,#3993,#3994,#3995,#3996,#3997,#3998,#3999,#4000,#4001,#4002,#4003,
#4004,#4005,#4006,#4007,#4008,#4009,#4010,#4011,#4012,#4013,#4014,#4015,
#4016,#4017,#4018,#4019,#4020,#4021,#4022,#4023,#4024,#4025,#4026,#4027,
#4028,#4029,#4030,#4031,#4032,#4033,#4034,#4035,#4036,#4037,#4038,#4039,
#4040,#4041,#4042,#4043,#4044,#4045,#4046));
#8083=EDGE_LOOP('',(#4047,#4048,#4049,#4050,#4051,#4052,#4053,#4054));
#8084=EDGE_LOOP('',(#4055,#4056,#4057,#4058,#4059,#4060,#4061,#4062));
#8085=EDGE_LOOP('',(#4063,#4064,#4065,#4066,#4067,#4068,#4069,#4070,#4071,
#4072,#4073,#4074,#4075,#4076,#4077,#4078,#4079,#4080,#4081,#4082,#4083,
#4084,#4085,#4086,#4087,#4088,#4089,#4090,#4091,#4092,#4093,#4094,#4095,
#4096,#4097,#4098,#4099,#4100,#4101,#4102,#4103,#4104,#4105,#4106,#4107,
#4108,#4109,#4110));
#8086=EDGE_LOOP('',(#4111,#4112,#4113,#4114,#4115,#4116,#4117,#4118));
#8087=EDGE_LOOP('',(#4119,#4120,#4121,#4122,#4123,#4124,#4125,#4126));
#8088=EDGE_LOOP('',(#4127,#4128,#4129,#4130,#4131,#4132,#4133,#4134));
#8089=EDGE_LOOP('',(#4135,#4136,#4137,#4138,#4139,#4140,#4141,#4142));
#8090=EDGE_LOOP('',(#4143,#4144,#4145,#4146,#4147,#4148,#4149,#4150));
#8091=EDGE_LOOP('',(#4151,#4152,#4153,#4154,#4155,#4156,#4157,#4158));
#8092=EDGE_LOOP('',(#4159,#4160,#4161,#4162,#4163,#4164,#4165,#4166));
#8093=EDGE_LOOP('',(#4167,#4168,#4169,#4170,#4171,#4172,#4173,#4174));
#8094=EDGE_LOOP('',(#4175,#4176,#4177,#4178,#4179,#4180,#4181,#4182));
#8095=EDGE_LOOP('',(#4183,#4184,#4185,#4186,#4187,#4188,#4189,#4190));
#8096=EDGE_LOOP('',(#4191,#4192,#4193,#4194,#4195,#4196,#4197,#4198));
#8097=EDGE_LOOP('',(#4199,#4200,#4201,#4202,#4203,#4204,#4205,#4206));
#8098=EDGE_LOOP('',(#4207,#4208,#4209,#4210,#4211,#4212,#4213,#4214));
#8099=EDGE_LOOP('',(#4215,#4216,#4217,#4218,#4219,#4220,#4221,#4222));
#8100=EDGE_LOOP('',(#4223,#4224,#4225,#4226,#4227,#4228,#4229,#4230));
#8101=EDGE_LOOP('',(#4231,#4232,#4233,#4234,#4235,#4236,#4237,#4238));
#8102=EDGE_LOOP('',(#4239,#4240,#4241,#4242,#4243,#4244,#4245,#4246));
#8103=EDGE_LOOP('',(#4247,#4248,#4249,#4250,#4251,#4252,#4253,#4254));
#8104=EDGE_LOOP('',(#4255,#4256,#4257,#4258,#4259,#4260,#4261,#4262));
#8105=EDGE_LOOP('',(#4263,#4264,#4265,#4266,#4267,#4268,#4269,#4270));
#8106=EDGE_LOOP('',(#4271,#4272,#4273,#4274,#4275,#4276,#4277,#4278));
#8107=EDGE_LOOP('',(#4279,#4280,#4281,#4282,#4283,#4284,#4285,#4286));
#8108=EDGE_LOOP('',(#4287,#4288,#4289,#4290,#4291,#4292,#4293,#4294));
#8109=EDGE_LOOP('',(#4295,#4296,#4297,#4298,#4299,#4300,#4301,#4302));
#8110=EDGE_LOOP('',(#4303,#4304,#4305,#4306,#4307,#4308,#4309,#4310));
#8111=EDGE_LOOP('',(#4311,#4312,#4313,#4314,#4315,#4316,#4317,#4318));
#8112=EDGE_LOOP('',(#4319,#4320,#4321,#4322,#4323,#4324,#4325,#4326));
#8113=EDGE_LOOP('',(#4327,#4328,#4329,#4330,#4331,#4332,#4333,#4334));
#8114=EDGE_LOOP('',(#4335,#4336,#4337,#4338,#4339,#4340,#4341,#4342));
#8115=EDGE_LOOP('',(#4343,#4344,#4345,#4346,#4347,#4348,#4349,#4350));
#8116=EDGE_LOOP('',(#4351,#4352,#4353,#4354,#4355,#4356,#4357,#4358));
#8117=EDGE_LOOP('',(#4359,#4360,#4361,#4362,#4363,#4364,#4365,#4366));
#8118=EDGE_LOOP('',(#4367,#4368,#4369,#4370,#4371,#4372,#4373,#4374));
#8119=EDGE_LOOP('',(#4375,#4376,#4377,#4378,#4379,#4380,#4381,#4382));
#8120=EDGE_LOOP('',(#4383,#4384,#4385,#4386,#4387,#4388,#4389,#4390));
#8121=EDGE_LOOP('',(#4391,#4392,#4393,#4394,#4395,#4396,#4397,#4398));
#8122=EDGE_LOOP('',(#4399,#4400,#4401,#4402));
#8123=EDGE_LOOP('',(#4403,#4404,#4405,#4406,#4407,#4408,#4409,#4410));
#8124=EDGE_LOOP('',(#4411,#4412,#4413,#4414,#4415,#4416,#4417,#4418));
#8125=EDGE_LOOP('',(#4419,#4420,#4421,#4422,#4423,#4424,#4425,#4426));
#8126=EDGE_LOOP('',(#4427,#4428,#4429,#4430,#4431,#4432,#4433,#4434));
#8127=EDGE_LOOP('',(#4435,#4436,#4437,#4438,#4439,#4440,#4441,#4442));
#8128=EDGE_LOOP('',(#4443,#4444,#4445,#4446,#4447,#4448,#4449,#4450));
#8129=EDGE_LOOP('',(#4451,#4452,#4453,#4454,#4455,#4456,#4457,#4458,#4459,
#4460,#4461,#4462,#4463,#4464,#4465,#4466,#4467,#4468,#4469,#4470,#4471,
#4472,#4473,#4474,#4475,#4476,#4477,#4478,#4479,#4480,#4481,#4482));
#8130=EDGE_LOOP('',(#4483,#4484,#4485,#4486,#4487,#4488,#4489,#4490));
#8131=EDGE_LOOP('',(#4491,#4492,#4493,#4494,#4495,#4496,#4497,#4498));
#8132=EDGE_LOOP('',(#4499,#4500,#4501,#4502,#4503,#4504,#4505,#4506));
#8133=EDGE_LOOP('',(#4507,#4508,#4509,#4510,#4511,#4512,#4513,#4514));
#8134=EDGE_LOOP('',(#4515,#4516,#4517,#4518,#4519,#4520,#4521,#4522));
#8135=EDGE_LOOP('',(#4523,#4524,#4525,#4526,#4527,#4528,#4529,#4530));
#8136=EDGE_LOOP('',(#4531,#4532,#4533,#4534,#4535,#4536,#4537,#4538));
#8137=EDGE_LOOP('',(#4539,#4540,#4541,#4542,#4543,#4544,#4545,#4546));
#8138=EDGE_LOOP('',(#4547,#4548,#4549,#4550,#4551,#4552,#4553,#4554));
#8139=EDGE_LOOP('',(#4555,#4556,#4557,#4558,#4559,#4560,#4561,#4562));
#8140=EDGE_LOOP('',(#4563,#4564,#4565,#4566,#4567,#4568,#4569,#4570));
#8141=EDGE_LOOP('',(#4571,#4572,#4573,#4574,#4575,#4576,#4577,#4578));
#8142=EDGE_LOOP('',(#4579,#4580,#4581,#4582,#4583,#4584,#4585,#4586));
#8143=EDGE_LOOP('',(#4587,#4588,#4589,#4590,#4591,#4592,#4593,#4594));
#8144=EDGE_LOOP('',(#4595,#4596,#4597,#4598,#4599,#4600,#4601,#4602));
#8145=EDGE_LOOP('',(#4603,#4604,#4605,#4606,#4607,#4608,#4609,#4610));
#8146=EDGE_LOOP('',(#4611,#4612,#4613,#4614,#4615,#4616,#4617,#4618));
#8147=EDGE_LOOP('',(#4619,#4620,#4621,#4622,#4623,#4624,#4625,#4626));
#8148=EDGE_LOOP('',(#4627,#4628,#4629,#4630,#4631,#4632,#4633,#4634));
#8149=EDGE_LOOP('',(#4635,#4636,#4637,#4638,#4639,#4640,#4641,#4642));
#8150=EDGE_LOOP('',(#4643,#4644,#4645,#4646,#4647,#4648,#4649,#4650));
#8151=EDGE_LOOP('',(#4651,#4652,#4653,#4654,#4655,#4656,#4657,#4658));
#8152=EDGE_LOOP('',(#4659,#4660,#4661,#4662,#4663,#4664,#4665,#4666));
#8153=EDGE_LOOP('',(#4667,#4668,#4669,#4670,#4671,#4672,#4673,#4674));
#8154=EDGE_LOOP('',(#4675,#4676,#4677,#4678,#4679,#4680,#4681,#4682));
#8155=EDGE_LOOP('',(#4683,#4684,#4685,#4686,#4687,#4688,#4689,#4690));
#8156=EDGE_LOOP('',(#4691,#4692,#4693,#4694,#4695,#4696,#4697,#4698));
#8157=EDGE_LOOP('',(#4699,#4700,#4701,#4702,#4703,#4704,#4705,#4706));
#8158=EDGE_LOOP('',(#4707,#4708,#4709,#4710,#4711,#4712,#4713,#4714));
#8159=EDGE_LOOP('',(#4715,#4716,#4717,#4718,#4719,#4720,#4721,#4722));
#8160=EDGE_LOOP('',(#4723,#4724,#4725,#4726,#4727,#4728,#4729,#4730));
#8161=EDGE_LOOP('',(#4731,#4732,#4733,#4734,#4735,#4736,#4737,#4738));
#8162=EDGE_LOOP('',(#4739,#4740,#4741,#4742,#4743,#4744,#4745,#4746,#4747,
#4748,#4749,#4750,#4751,#4752,#4753,#4754,#4755,#4756,#4757,#4758,#4759,
#4760,#4761,#4762,#4763,#4764,#4765,#4766,#4767,#4768,#4769,#4770,#4771,
#4772,#4773,#4774,#4775,#4776,#4777,#4778,#4779,#4780,#4781,#4782,#4783,
#4784,#4785,#4786,#4787,#4788,#4789,#4790,#4791,#4792,#4793,#4794,#4795,
#4796,#4797));
#8163=EDGE_LOOP('',(#4798,#4799,#4800,#4801));
#8164=EDGE_LOOP('',(#4802,#4803,#4804,#4805));
#8165=EDGE_LOOP('',(#4806,#4807,#4808,#4809));
#8166=EDGE_LOOP('',(#4810,#4811,#4812,#4813));
#8167=EDGE_LOOP('',(#4814,#4815,#4816,#4817));
#8168=EDGE_LOOP('',(#4818,#4819,#4820,#4821));
#8169=EDGE_LOOP('',(#4822,#4823,#4824,#4825));
#8170=EDGE_LOOP('',(#4826,#4827,#4828,#4829));
#8171=EDGE_LOOP('',(#4830,#4831,#4832,#4833));
#8172=EDGE_LOOP('',(#4834,#4835,#4836,#4837));
#8173=EDGE_LOOP('',(#4838,#4839,#4840,#4841));
#8174=EDGE_LOOP('',(#4842,#4843,#4844,#4845));
#8175=EDGE_LOOP('',(#4846,#4847,#4848,#4849));
#8176=EDGE_LOOP('',(#4850,#4851,#4852,#4853));
#8177=EDGE_LOOP('',(#4854,#4855,#4856,#4857));
#8178=EDGE_LOOP('',(#4858,#4859,#4860,#4861));
#8179=EDGE_LOOP('',(#4862,#4863,#4864,#4865));
#8180=EDGE_LOOP('',(#4866,#4867,#4868,#4869));
#8181=EDGE_LOOP('',(#4870,#4871,#4872,#4873));
#8182=EDGE_LOOP('',(#4874,#4875,#4876,#4877));
#8183=EDGE_LOOP('',(#4878,#4879,#4880,#4881));
#8184=EDGE_LOOP('',(#4882,#4883,#4884,#4885));
#8185=EDGE_LOOP('',(#4886,#4887,#4888,#4889));
#8186=FACE_BOUND('',#7644,.T.);
#8187=FACE_BOUND('',#7645,.T.);
#8188=FACE_BOUND('',#7646,.T.);
#8189=FACE_BOUND('',#7647,.T.);
#8190=FACE_BOUND('',#7648,.T.);
#8191=FACE_BOUND('',#7649,.T.);
#8192=FACE_BOUND('',#7650,.T.);
#8193=FACE_BOUND('',#7651,.T.);
#8194=FACE_BOUND('',#7652,.T.);
#8195=FACE_BOUND('',#7653,.T.);
#8196=FACE_BOUND('',#7654,.T.);
#8197=FACE_BOUND('',#7655,.T.);
#8198=FACE_BOUND('',#7656,.T.);
#8199=FACE_BOUND('',#7657,.T.);
#8200=FACE_BOUND('',#7658,.T.);
#8201=FACE_BOUND('',#7659,.T.);
#8202=FACE_BOUND('',#7660,.T.);
#8203=FACE_BOUND('',#7661,.T.);
#8204=FACE_BOUND('',#7662,.T.);
#8205=FACE_BOUND('',#7663,.T.);
#8206=FACE_BOUND('',#7664,.T.);
#8207=FACE_BOUND('',#7665,.T.);
#8208=FACE_BOUND('',#7666,.T.);
#8209=FACE_BOUND('',#7667,.T.);
#8210=FACE_BOUND('',#7668,.T.);
#8211=FACE_BOUND('',#7669,.T.);
#8212=FACE_BOUND('',#7670,.T.);
#8213=FACE_BOUND('',#7671,.T.);
#8214=FACE_BOUND('',#7672,.T.);
#8215=FACE_BOUND('',#7673,.T.);
#8216=FACE_BOUND('',#7674,.T.);
#8217=FACE_BOUND('',#7675,.T.);
#8218=FACE_BOUND('',#7676,.T.);
#8219=FACE_BOUND('',#7677,.T.);
#8220=FACE_BOUND('',#7678,.T.);
#8221=FACE_BOUND('',#7679,.T.);
#8222=FACE_BOUND('',#7680,.T.);
#8223=FACE_BOUND('',#7681,.T.);
#8224=FACE_BOUND('',#7682,.T.);
#8225=FACE_BOUND('',#7683,.T.);
#8226=FACE_BOUND('',#7684,.T.);
#8227=FACE_BOUND('',#7685,.T.);
#8228=FACE_BOUND('',#7686,.T.);
#8229=FACE_BOUND('',#7687,.T.);
#8230=FACE_BOUND('',#7688,.T.);
#8231=FACE_BOUND('',#7689,.T.);
#8232=FACE_BOUND('',#7690,.T.);
#8233=FACE_BOUND('',#7691,.T.);
#8234=FACE_BOUND('',#7692,.T.);
#8235=FACE_BOUND('',#7693,.T.);
#8236=FACE_BOUND('',#7694,.T.);
#8237=FACE_BOUND('',#7695,.T.);
#8238=FACE_BOUND('',#7696,.T.);
#8239=FACE_BOUND('',#7697,.T.);
#8240=FACE_BOUND('',#7698,.T.);
#8241=FACE_BOUND('',#7699,.T.);
#8242=FACE_BOUND('',#7700,.T.);
#8243=FACE_BOUND('',#7701,.T.);
#8244=FACE_BOUND('',#7702,.T.);
#8245=FACE_BOUND('',#7703,.T.);
#8246=FACE_BOUND('',#7704,.T.);
#8247=FACE_BOUND('',#7705,.T.);
#8248=FACE_BOUND('',#7706,.T.);
#8249=FACE_BOUND('',#7707,.T.);
#8250=FACE_BOUND('',#7708,.T.);
#8251=FACE_BOUND('',#7709,.T.);
#8252=FACE_BOUND('',#7710,.T.);
#8253=FACE_BOUND('',#7711,.T.);
#8254=FACE_BOUND('',#7712,.T.);
#8255=FACE_BOUND('',#7713,.T.);
#8256=FACE_BOUND('',#7714,.T.);
#8257=FACE_BOUND('',#7715,.T.);
#8258=FACE_BOUND('',#7716,.T.);
#8259=FACE_BOUND('',#7717,.T.);
#8260=FACE_BOUND('',#7718,.T.);
#8261=FACE_BOUND('',#7719,.T.);
#8262=FACE_BOUND('',#7720,.T.);
#8263=FACE_BOUND('',#7721,.T.);
#8264=FACE_BOUND('',#7722,.T.);
#8265=FACE_BOUND('',#7723,.T.);
#8266=FACE_BOUND('',#7724,.T.);
#8267=FACE_BOUND('',#7725,.T.);
#8268=FACE_BOUND('',#7726,.T.);
#8269=FACE_BOUND('',#7727,.T.);
#8270=FACE_BOUND('',#7728,.T.);
#8271=FACE_BOUND('',#7729,.T.);
#8272=FACE_BOUND('',#7730,.T.);
#8273=FACE_BOUND('',#7731,.T.);
#8274=FACE_BOUND('',#7732,.T.);
#8275=FACE_BOUND('',#7733,.T.);
#8276=FACE_BOUND('',#7734,.T.);
#8277=FACE_BOUND('',#7735,.T.);
#8278=FACE_BOUND('',#7736,.T.);
#8279=FACE_BOUND('',#7737,.T.);
#8280=FACE_BOUND('',#7738,.T.);
#8281=FACE_BOUND('',#7739,.T.);
#8282=FACE_BOUND('',#7740,.T.);
#8283=FACE_BOUND('',#7741,.T.);
#8284=FACE_BOUND('',#7742,.T.);
#8285=FACE_BOUND('',#7743,.T.);
#8286=FACE_BOUND('',#7744,.T.);
#8287=FACE_BOUND('',#7745,.T.);
#8288=FACE_BOUND('',#7746,.T.);
#8289=FACE_BOUND('',#7747,.T.);
#8290=FACE_BOUND('',#7748,.T.);
#8291=FACE_BOUND('',#7749,.T.);
#8292=FACE_BOUND('',#7750,.T.);
#8293=FACE_BOUND('',#7751,.T.);
#8294=FACE_BOUND('',#7752,.T.);
#8295=FACE_BOUND('',#7753,.T.);
#8296=FACE_BOUND('',#7754,.T.);
#8297=FACE_BOUND('',#7755,.T.);
#8298=FACE_BOUND('',#7756,.T.);
#8299=FACE_BOUND('',#7757,.T.);
#8300=FACE_BOUND('',#7758,.T.);
#8301=FACE_BOUND('',#7759,.T.);
#8302=FACE_BOUND('',#7760,.T.);
#8303=FACE_BOUND('',#7761,.T.);
#8304=FACE_BOUND('',#7762,.T.);
#8305=FACE_BOUND('',#7763,.T.);
#8306=FACE_BOUND('',#7764,.T.);
#8307=FACE_BOUND('',#7765,.T.);
#8308=FACE_BOUND('',#7766,.T.);
#8309=FACE_BOUND('',#7767,.T.);
#8310=FACE_BOUND('',#7768,.T.);
#8311=FACE_BOUND('',#7769,.T.);
#8312=FACE_BOUND('',#7770,.T.);
#8313=FACE_BOUND('',#7771,.T.);
#8314=FACE_BOUND('',#7772,.T.);
#8315=FACE_BOUND('',#7773,.T.);
#8316=FACE_BOUND('',#7774,.T.);
#8317=FACE_BOUND('',#7775,.T.);
#8318=FACE_BOUND('',#7776,.T.);
#8319=FACE_BOUND('',#7777,.T.);
#8320=FACE_BOUND('',#7778,.T.);
#8321=FACE_BOUND('',#7779,.T.);
#8322=FACE_BOUND('',#7780,.T.);
#8323=FACE_BOUND('',#7781,.T.);
#8324=FACE_BOUND('',#7782,.T.);
#8325=FACE_BOUND('',#7783,.T.);
#8326=FACE_BOUND('',#7784,.T.);
#8327=FACE_BOUND('',#7785,.T.);
#8328=FACE_BOUND('',#7786,.T.);
#8329=FACE_BOUND('',#7787,.T.);
#8330=FACE_BOUND('',#7788,.T.);
#8331=FACE_BOUND('',#7789,.T.);
#8332=FACE_BOUND('',#7790,.T.);
#8333=FACE_BOUND('',#7791,.T.);
#8334=FACE_BOUND('',#7792,.T.);
#8335=FACE_BOUND('',#7793,.T.);
#8336=FACE_BOUND('',#7794,.T.);
#8337=FACE_BOUND('',#7795,.T.);
#8338=FACE_BOUND('',#7796,.T.);
#8339=FACE_BOUND('',#7797,.T.);
#8340=FACE_BOUND('',#7798,.T.);
#8341=FACE_BOUND('',#7799,.T.);
#8342=FACE_BOUND('',#7800,.T.);
#8343=FACE_BOUND('',#7801,.T.);
#8344=FACE_BOUND('',#7802,.T.);
#8345=FACE_BOUND('',#7803,.T.);
#8346=FACE_BOUND('',#7804,.T.);
#8347=FACE_BOUND('',#7805,.T.);
#8348=FACE_BOUND('',#7806,.T.);
#8349=FACE_BOUND('',#7807,.T.);
#8350=FACE_BOUND('',#7808,.T.);
#8351=FACE_BOUND('',#7809,.T.);
#8352=FACE_BOUND('',#7810,.T.);
#8353=FACE_BOUND('',#7811,.T.);
#8354=FACE_BOUND('',#7812,.T.);
#8355=FACE_BOUND('',#7813,.T.);
#8356=FACE_BOUND('',#7814,.T.);
#8357=FACE_BOUND('',#7815,.T.);
#8358=FACE_BOUND('',#7816,.T.);
#8359=FACE_BOUND('',#7817,.T.);
#8360=FACE_BOUND('',#7818,.T.);
#8361=FACE_BOUND('',#7819,.T.);
#8362=FACE_BOUND('',#7820,.T.);
#8363=FACE_BOUND('',#7821,.T.);
#8364=FACE_BOUND('',#7822,.T.);
#8365=FACE_BOUND('',#7823,.T.);
#8366=FACE_BOUND('',#7824,.T.);
#8367=FACE_BOUND('',#7825,.T.);
#8368=FACE_BOUND('',#7826,.T.);
#8369=FACE_BOUND('',#7827,.T.);
#8370=FACE_BOUND('',#7828,.T.);
#8371=FACE_BOUND('',#7829,.T.);
#8372=FACE_BOUND('',#7830,.T.);
#8373=FACE_BOUND('',#7831,.T.);
#8374=FACE_BOUND('',#7832,.T.);
#8375=FACE_BOUND('',#7833,.T.);
#8376=FACE_BOUND('',#7834,.T.);
#8377=FACE_BOUND('',#7835,.T.);
#8378=FACE_BOUND('',#7836,.T.);
#8379=FACE_BOUND('',#7837,.T.);
#8380=FACE_BOUND('',#7838,.T.);
#8381=FACE_BOUND('',#7839,.T.);
#8382=FACE_BOUND('',#7840,.T.);
#8383=FACE_BOUND('',#7841,.T.);
#8384=FACE_BOUND('',#7842,.T.);
#8385=FACE_BOUND('',#7843,.T.);
#8386=FACE_BOUND('',#7844,.T.);
#8387=FACE_BOUND('',#7845,.T.);
#8388=FACE_BOUND('',#7846,.T.);
#8389=FACE_BOUND('',#7847,.T.);
#8390=FACE_BOUND('',#7848,.T.);
#8391=FACE_BOUND('',#7849,.T.);
#8392=FACE_BOUND('',#7850,.T.);
#8393=FACE_BOUND('',#7851,.T.);
#8394=FACE_BOUND('',#7852,.T.);
#8395=FACE_BOUND('',#7853,.T.);
#8396=FACE_BOUND('',#7854,.T.);
#8397=FACE_BOUND('',#7855,.T.);
#8398=FACE_BOUND('',#7856,.T.);
#8399=FACE_BOUND('',#7857,.T.);
#8400=FACE_BOUND('',#7858,.T.);
#8401=FACE_BOUND('',#7859,.T.);
#8402=FACE_BOUND('',#7860,.T.);
#8403=FACE_BOUND('',#7861,.T.);
#8404=FACE_BOUND('',#7862,.T.);
#8405=FACE_BOUND('',#7863,.T.);
#8406=FACE_BOUND('',#7864,.T.);
#8407=FACE_BOUND('',#7865,.T.);
#8408=FACE_BOUND('',#7866,.T.);
#8409=FACE_BOUND('',#7867,.T.);
#8410=FACE_BOUND('',#7868,.T.);
#8411=FACE_BOUND('',#7869,.T.);
#8412=FACE_BOUND('',#7870,.T.);
#8413=FACE_BOUND('',#7871,.T.);
#8414=FACE_BOUND('',#7872,.T.);
#8415=FACE_BOUND('',#7873,.T.);
#8416=FACE_BOUND('',#7874,.T.);
#8417=FACE_BOUND('',#7875,.T.);
#8418=FACE_BOUND('',#7876,.T.);
#8419=FACE_BOUND('',#7877,.T.);
#8420=FACE_BOUND('',#7878,.T.);
#8421=FACE_BOUND('',#7879,.T.);
#8422=FACE_BOUND('',#7880,.T.);
#8423=FACE_BOUND('',#7881,.T.);
#8424=FACE_BOUND('',#7882,.T.);
#8425=FACE_BOUND('',#7883,.T.);
#8426=FACE_BOUND('',#7884,.T.);
#8427=FACE_BOUND('',#7885,.T.);
#8428=FACE_BOUND('',#7886,.T.);
#8429=FACE_BOUND('',#7887,.T.);
#8430=FACE_BOUND('',#7888,.T.);
#8431=FACE_BOUND('',#7889,.T.);
#8432=FACE_BOUND('',#7890,.T.);
#8433=FACE_BOUND('',#7891,.T.);
#8434=FACE_BOUND('',#7892,.T.);
#8435=FACE_BOUND('',#7893,.T.);
#8436=FACE_BOUND('',#7894,.T.);
#8437=FACE_BOUND('',#7895,.T.);
#8438=FACE_BOUND('',#7896,.T.);
#8439=FACE_BOUND('',#7897,.T.);
#8440=FACE_BOUND('',#7898,.T.);
#8441=FACE_BOUND('',#7899,.T.);
#8442=FACE_BOUND('',#7900,.T.);
#8443=FACE_BOUND('',#7901,.T.);
#8444=FACE_BOUND('',#7902,.T.);
#8445=FACE_BOUND('',#7903,.T.);
#8446=FACE_BOUND('',#7904,.T.);
#8447=FACE_BOUND('',#7905,.T.);
#8448=FACE_BOUND('',#7906,.T.);
#8449=FACE_BOUND('',#7907,.T.);
#8450=FACE_BOUND('',#7908,.T.);
#8451=FACE_BOUND('',#7909,.T.);
#8452=FACE_BOUND('',#7910,.T.);
#8453=FACE_BOUND('',#7911,.T.);
#8454=FACE_BOUND('',#7912,.T.);
#8455=FACE_BOUND('',#7913,.T.);
#8456=FACE_BOUND('',#7914,.T.);
#8457=FACE_BOUND('',#7915,.T.);
#8458=FACE_BOUND('',#7916,.T.);
#8459=FACE_BOUND('',#7917,.T.);
#8460=FACE_BOUND('',#7918,.T.);
#8461=FACE_BOUND('',#7919,.T.);
#8462=FACE_BOUND('',#7920,.T.);
#8463=FACE_BOUND('',#7921,.T.);
#8464=FACE_BOUND('',#7922,.T.);
#8465=FACE_BOUND('',#7923,.T.);
#8466=FACE_BOUND('',#7924,.T.);
#8467=FACE_BOUND('',#7925,.T.);
#8468=FACE_BOUND('',#7926,.T.);
#8469=FACE_BOUND('',#7927,.T.);
#8470=FACE_BOUND('',#7928,.T.);
#8471=FACE_BOUND('',#7929,.T.);
#8472=FACE_BOUND('',#7930,.T.);
#8473=FACE_BOUND('',#7931,.T.);
#8474=FACE_BOUND('',#7932,.T.);
#8475=FACE_BOUND('',#7933,.T.);
#8476=FACE_BOUND('',#7934,.T.);
#8477=FACE_BOUND('',#7935,.T.);
#8478=FACE_BOUND('',#7936,.T.);
#8479=FACE_BOUND('',#7937,.T.);
#8480=FACE_BOUND('',#7938,.T.);
#8481=FACE_BOUND('',#7939,.T.);
#8482=FACE_BOUND('',#7940,.T.);
#8483=FACE_BOUND('',#7941,.T.);
#8484=FACE_BOUND('',#7942,.T.);
#8485=FACE_BOUND('',#7943,.T.);
#8486=FACE_BOUND('',#7944,.T.);
#8487=FACE_BOUND('',#7945,.T.);
#8488=FACE_BOUND('',#7946,.T.);
#8489=FACE_BOUND('',#7947,.T.);
#8490=FACE_BOUND('',#7948,.T.);
#8491=FACE_BOUND('',#7949,.T.);
#8492=FACE_BOUND('',#7950,.T.);
#8493=FACE_BOUND('',#7951,.T.);
#8494=FACE_BOUND('',#7952,.T.);
#8495=FACE_BOUND('',#7953,.T.);
#8496=FACE_BOUND('',#7954,.T.);
#8497=FACE_BOUND('',#7955,.T.);
#8498=FACE_BOUND('',#7956,.T.);
#8499=FACE_BOUND('',#7957,.T.);
#8500=FACE_BOUND('',#7958,.T.);
#8501=FACE_BOUND('',#7959,.T.);
#8502=FACE_BOUND('',#7960,.T.);
#8503=FACE_BOUND('',#7961,.T.);
#8504=FACE_BOUND('',#7962,.T.);
#8505=FACE_BOUND('',#7963,.T.);
#8506=FACE_BOUND('',#7964,.T.);
#8507=FACE_BOUND('',#7965,.T.);
#8508=FACE_BOUND('',#7966,.T.);
#8509=FACE_BOUND('',#7967,.T.);
#8510=FACE_BOUND('',#7968,.T.);
#8511=FACE_BOUND('',#7969,.T.);
#8512=FACE_BOUND('',#7970,.T.);
#8513=FACE_BOUND('',#7971,.T.);
#8514=FACE_BOUND('',#7972,.T.);
#8515=FACE_BOUND('',#7973,.T.);
#8516=FACE_BOUND('',#7974,.T.);
#8517=FACE_BOUND('',#7975,.T.);
#8518=FACE_BOUND('',#7976,.T.);
#8519=FACE_BOUND('',#7977,.T.);
#8520=FACE_BOUND('',#7978,.T.);
#8521=FACE_BOUND('',#7979,.T.);
#8522=FACE_BOUND('',#7980,.T.);
#8523=FACE_BOUND('',#7981,.T.);
#8524=FACE_BOUND('',#7982,.T.);
#8525=FACE_BOUND('',#7983,.T.);
#8526=FACE_BOUND('',#7984,.T.);
#8527=FACE_BOUND('',#7985,.T.);
#8528=FACE_BOUND('',#7986,.T.);
#8529=FACE_BOUND('',#7987,.T.);
#8530=FACE_BOUND('',#7988,.T.);
#8531=FACE_BOUND('',#7989,.T.);
#8532=FACE_BOUND('',#7990,.T.);
#8533=FACE_BOUND('',#7991,.T.);
#8534=FACE_BOUND('',#7992,.T.);
#8535=FACE_BOUND('',#7993,.T.);
#8536=FACE_BOUND('',#7994,.T.);
#8537=FACE_BOUND('',#7995,.T.);
#8538=FACE_BOUND('',#7996,.T.);
#8539=FACE_BOUND('',#7997,.T.);
#8540=FACE_BOUND('',#7998,.T.);
#8541=FACE_BOUND('',#7999,.T.);
#8542=FACE_BOUND('',#8000,.T.);
#8543=FACE_BOUND('',#8001,.T.);
#8544=FACE_BOUND('',#8002,.T.);
#8545=FACE_BOUND('',#8003,.T.);
#8546=FACE_BOUND('',#8004,.T.);
#8547=FACE_BOUND('',#8005,.T.);
#8548=FACE_BOUND('',#8006,.T.);
#8549=FACE_BOUND('',#8007,.T.);
#8550=FACE_BOUND('',#8008,.T.);
#8551=FACE_BOUND('',#8009,.T.);
#8552=FACE_BOUND('',#8010,.T.);
#8553=FACE_BOUND('',#8011,.T.);
#8554=FACE_BOUND('',#8012,.T.);
#8555=FACE_BOUND('',#8013,.T.);
#8556=FACE_BOUND('',#8014,.T.);
#8557=FACE_BOUND('',#8015,.T.);
#8558=FACE_BOUND('',#8016,.T.);
#8559=FACE_BOUND('',#8017,.T.);
#8560=FACE_BOUND('',#8018,.T.);
#8561=FACE_BOUND('',#8019,.T.);
#8562=FACE_BOUND('',#8020,.T.);
#8563=FACE_BOUND('',#8021,.T.);
#8564=FACE_BOUND('',#8022,.T.);
#8565=FACE_BOUND('',#8023,.T.);
#8566=FACE_BOUND('',#8024,.T.);
#8567=FACE_BOUND('',#8025,.T.);
#8568=FACE_BOUND('',#8026,.T.);
#8569=FACE_BOUND('',#8027,.T.);
#8570=FACE_BOUND('',#8028,.T.);
#8571=FACE_BOUND('',#8029,.T.);
#8572=FACE_BOUND('',#8030,.T.);
#8573=FACE_BOUND('',#8031,.T.);
#8574=FACE_BOUND('',#8032,.T.);
#8575=FACE_BOUND('',#8033,.T.);
#8576=FACE_BOUND('',#8034,.T.);
#8577=FACE_BOUND('',#8035,.T.);
#8578=FACE_BOUND('',#8036,.T.);
#8579=FACE_BOUND('',#8037,.T.);
#8580=FACE_BOUND('',#8038,.T.);
#8581=FACE_BOUND('',#8039,.T.);
#8582=FACE_BOUND('',#8040,.T.);
#8583=FACE_BOUND('',#8041,.T.);
#8584=FACE_BOUND('',#8042,.T.);
#8585=FACE_BOUND('',#8043,.T.);
#8586=FACE_BOUND('',#8044,.T.);
#8587=FACE_BOUND('',#8045,.T.);
#8588=FACE_BOUND('',#8046,.T.);
#8589=FACE_BOUND('',#8047,.T.);
#8590=FACE_BOUND('',#8048,.T.);
#8591=FACE_BOUND('',#8049,.T.);
#8592=FACE_BOUND('',#8050,.T.);
#8593=FACE_BOUND('',#8051,.T.);
#8594=FACE_BOUND('',#8052,.T.);
#8595=FACE_BOUND('',#8053,.T.);
#8596=FACE_BOUND('',#8054,.T.);
#8597=FACE_BOUND('',#8055,.T.);
#8598=FACE_BOUND('',#8056,.T.);
#8599=FACE_BOUND('',#8057,.T.);
#8600=FACE_BOUND('',#8058,.T.);
#8601=FACE_BOUND('',#8059,.T.);
#8602=FACE_BOUND('',#8060,.T.);
#8603=FACE_BOUND('',#8061,.T.);
#8604=FACE_BOUND('',#8062,.T.);
#8605=FACE_BOUND('',#8063,.T.);
#8606=FACE_BOUND('',#8064,.T.);
#8607=FACE_BOUND('',#8065,.T.);
#8608=FACE_BOUND('',#8066,.T.);
#8609=FACE_BOUND('',#8067,.T.);
#8610=FACE_BOUND('',#8068,.T.);
#8611=FACE_BOUND('',#8069,.T.);
#8612=FACE_BOUND('',#8070,.T.);
#8613=FACE_BOUND('',#8071,.T.);
#8614=FACE_BOUND('',#8072,.T.);
#8615=FACE_BOUND('',#8073,.T.);
#8616=FACE_BOUND('',#8074,.T.);
#8617=FACE_BOUND('',#8075,.T.);
#8618=FACE_BOUND('',#8076,.T.);
#8619=FACE_BOUND('',#8077,.T.);
#8620=FACE_BOUND('',#8078,.T.);
#8621=FACE_BOUND('',#8079,.T.);
#8622=FACE_BOUND('',#8080,.T.);
#8623=FACE_BOUND('',#8081,.T.);
#8624=FACE_BOUND('',#8082,.T.);
#8625=FACE_BOUND('',#8083,.T.);
#8626=FACE_BOUND('',#8084,.T.);
#8627=FACE_BOUND('',#8085,.T.);
#8628=FACE_BOUND('',#8086,.T.);
#8629=FACE_BOUND('',#8087,.T.);
#8630=FACE_BOUND('',#8088,.T.);
#8631=FACE_BOUND('',#8089,.T.);
#8632=FACE_BOUND('',#8090,.T.);
#8633=FACE_BOUND('',#8091,.T.);
#8634=FACE_BOUND('',#8092,.T.);
#8635=FACE_BOUND('',#8093,.T.);
#8636=FACE_BOUND('',#8094,.T.);
#8637=FACE_BOUND('',#8095,.T.);
#8638=FACE_BOUND('',#8096,.T.);
#8639=FACE_BOUND('',#8097,.T.);
#8640=FACE_BOUND('',#8098,.T.);
#8641=FACE_BOUND('',#8099,.T.);
#8642=FACE_BOUND('',#8100,.T.);
#8643=FACE_BOUND('',#8101,.T.);
#8644=FACE_BOUND('',#8102,.T.);
#8645=FACE_BOUND('',#8103,.T.);
#8646=FACE_BOUND('',#8104,.T.);
#8647=FACE_BOUND('',#8105,.T.);
#8648=FACE_BOUND('',#8106,.T.);
#8649=FACE_BOUND('',#8107,.T.);
#8650=FACE_BOUND('',#8108,.T.);
#8651=FACE_BOUND('',#8109,.T.);
#8652=FACE_BOUND('',#8110,.T.);
#8653=FACE_BOUND('',#8111,.T.);
#8654=FACE_BOUND('',#8112,.T.);
#8655=FACE_BOUND('',#8113,.T.);
#8656=FACE_BOUND('',#8114,.T.);
#8657=FACE_BOUND('',#8115,.T.);
#8658=FACE_BOUND('',#8116,.T.);
#8659=FACE_BOUND('',#8117,.T.);
#8660=FACE_BOUND('',#8118,.T.);
#8661=FACE_BOUND('',#8119,.T.);
#8662=FACE_BOUND('',#8120,.T.);
#8663=FACE_BOUND('',#8121,.T.);
#8664=FACE_BOUND('',#8122,.T.);
#8665=FACE_BOUND('',#8123,.T.);
#8666=FACE_BOUND('',#8124,.T.);
#8667=FACE_BOUND('',#8125,.T.);
#8668=FACE_BOUND('',#8126,.T.);
#8669=FACE_BOUND('',#8127,.T.);
#8670=FACE_BOUND('',#8128,.T.);
#8671=FACE_BOUND('',#8129,.T.);
#8672=FACE_BOUND('',#8130,.T.);
#8673=FACE_BOUND('',#8131,.T.);
#8674=FACE_BOUND('',#8132,.T.);
#8675=FACE_BOUND('',#8133,.T.);
#8676=FACE_BOUND('',#8134,.T.);
#8677=FACE_BOUND('',#8135,.T.);
#8678=FACE_BOUND('',#8136,.T.);
#8679=FACE_BOUND('',#8137,.T.);
#8680=FACE_BOUND('',#8138,.T.);
#8681=FACE_BOUND('',#8139,.T.);
#8682=FACE_BOUND('',#8140,.T.);
#8683=FACE_BOUND('',#8141,.T.);
#8684=FACE_BOUND('',#8142,.T.);
#8685=FACE_BOUND('',#8143,.T.);
#8686=FACE_BOUND('',#8144,.T.);
#8687=FACE_BOUND('',#8145,.T.);
#8688=FACE_BOUND('',#8146,.T.);
#8689=FACE_BOUND('',#8147,.T.);
#8690=FACE_BOUND('',#8148,.T.);
#8691=FACE_BOUND('',#8149,.T.);
#8692=FACE_BOUND('',#8150,.T.);
#8693=FACE_BOUND('',#8151,.T.);
#8694=FACE_BOUND('',#8152,.T.);
#8695=FACE_BOUND('',#8153,.T.);
#8696=FACE_BOUND('',#8154,.T.);
#8697=FACE_BOUND('',#8155,.T.);
#8698=FACE_BOUND('',#8156,.T.);
#8699=FACE_BOUND('',#8157,.T.);
#8700=FACE_BOUND('',#8158,.T.);
#8701=FACE_BOUND('',#8159,.T.);
#8702=FACE_BOUND('',#8160,.T.);
#8703=FACE_BOUND('',#8161,.T.);
#8704=FACE_BOUND('',#8162,.T.);
#8705=FACE_BOUND('',#8163,.T.);
#8706=FACE_BOUND('',#8164,.T.);
#8707=FACE_BOUND('',#8165,.T.);
#8708=FACE_BOUND('',#8166,.T.);
#8709=FACE_BOUND('',#8167,.T.);
#8710=FACE_BOUND('',#8168,.T.);
#8711=FACE_BOUND('',#8169,.T.);
#8712=FACE_BOUND('',#8170,.T.);
#8713=FACE_BOUND('',#8171,.T.);
#8714=FACE_BOUND('',#8172,.T.);
#8715=FACE_BOUND('',#8173,.T.);
#8716=FACE_BOUND('',#8174,.T.);
#8717=FACE_BOUND('',#8175,.T.);
#8718=FACE_BOUND('',#8176,.T.);
#8719=FACE_BOUND('',#8177,.T.);
#8720=FACE_BOUND('',#8178,.T.);
#8721=FACE_BOUND('',#8179,.T.);
#8722=FACE_BOUND('',#8180,.T.);
#8723=FACE_BOUND('',#8181,.T.);
#8724=FACE_BOUND('',#8182,.T.);
#8725=FACE_BOUND('',#8183,.T.);
#8726=FACE_BOUND('',#8184,.T.);
#8727=FACE_BOUND('',#8185,.T.);
#8728=PLANE('',#9447);
#8729=PLANE('',#9452);
#8730=PLANE('',#9457);
#8731=PLANE('',#9466);
#8732=PLANE('',#9475);
#8733=PLANE('',#9480);
#8734=PLANE('',#9489);
#8735=PLANE('',#9494);
#8736=PLANE('',#9499);
#8737=PLANE('',#9504);
#8738=PLANE('',#9509);
#8739=PLANE('',#9512);
#8740=PLANE('',#9516);
#8741=PLANE('',#9520);
#8742=PLANE('',#9524);
#8743=PLANE('',#9528);
#8744=PLANE('',#9532);
#8745=PLANE('',#9536);
#8746=PLANE('',#9540);
#8747=PLANE('',#9544);
#8748=PLANE('',#9548);
#8749=PLANE('',#9552);
#8750=PLANE('',#9556);
#8751=PLANE('',#9560);
#8752=PLANE('',#9564);
#8753=PLANE('',#9568);
#8754=PLANE('',#9572);
#8755=PLANE('',#9576);
#8756=PLANE('',#9580);
#8757=PLANE('',#9584);
#8758=PLANE('',#9588);
#8759=PLANE('',#9592);
#8760=PLANE('',#9596);
#8761=PLANE('',#9600);
#8762=PLANE('',#9604);
#8763=PLANE('',#9608);
#8764=PLANE('',#9612);
#8765=PLANE('',#9616);
#8766=PLANE('',#9620);
#8767=PLANE('',#9624);
#8768=PLANE('',#9628);
#8769=PLANE('',#9632);
#8770=PLANE('',#9636);
#8771=PLANE('',#9640);
#8772=PLANE('',#9644);
#8773=PLANE('',#9648);
#8774=PLANE('',#9652);
#8775=PLANE('',#9656);
#8776=PLANE('',#9660);
#8777=PLANE('',#9664);
#8778=PLANE('',#9668);
#8779=PLANE('',#9672);
#8780=PLANE('',#9676);
#8781=PLANE('',#9680);
#8782=PLANE('',#9684);
#8783=PLANE('',#9688);
#8784=PLANE('',#9692);
#8785=PLANE('',#9696);
#8786=PLANE('',#9700);
#8787=PLANE('',#9704);
#8788=PLANE('',#9708);
#8789=PLANE('',#9712);
#8790=PLANE('',#9716);
#8791=PLANE('',#9720);
#8792=PLANE('',#9724);
#8793=PLANE('',#9728);
#8794=PLANE('',#9732);
#8795=PLANE('',#9736);
#8796=PLANE('',#9740);
#8797=PLANE('',#9744);
#8798=PLANE('',#9748);
#8799=PLANE('',#9752);
#8800=PLANE('',#9756);
#8801=PLANE('',#9760);
#8802=PLANE('',#9764);
#8803=PLANE('',#9768);
#8804=PLANE('',#9772);
#8805=PLANE('',#9776);
#8806=PLANE('',#9780);
#8807=PLANE('',#9784);
#8808=PLANE('',#9788);
#8809=PLANE('',#9792);
#8810=PLANE('',#9796);
#8811=PLANE('',#9800);
#8812=PLANE('',#9804);
#8813=PLANE('',#9808);
#8814=PLANE('',#9812);
#8815=PLANE('',#9816);
#8816=PLANE('',#9820);
#8817=PLANE('',#9824);
#8818=PLANE('',#9828);
#8819=PLANE('',#9832);
#8820=PLANE('',#9836);
#8821=PLANE('',#9840);
#8822=PLANE('',#9844);
#8823=PLANE('',#9848);
#8824=PLANE('',#9852);
#8825=PLANE('',#9856);
#8826=PLANE('',#9860);
#8827=PLANE('',#9864);
#8828=PLANE('',#9868);
#8829=PLANE('',#9872);
#8830=PLANE('',#9876);
#8831=PLANE('',#9880);
#8832=PLANE('',#9884);
#8833=PLANE('',#9888);
#8834=PLANE('',#9892);
#8835=PLANE('',#9896);
#8836=PLANE('',#9900);
#8837=PLANE('',#9904);
#8838=PLANE('',#9908);
#8839=PLANE('',#9912);
#8840=PLANE('',#9916);
#8841=PLANE('',#9920);
#8842=PLANE('',#9924);
#8843=PLANE('',#9928);
#8844=PLANE('',#9932);
#8845=PLANE('',#9936);
#8846=PLANE('',#9940);
#8847=PLANE('',#9944);
#8848=PLANE('',#9948);
#8849=PLANE('',#9952);
#8850=PLANE('',#9956);
#8851=PLANE('',#9960);
#8852=PLANE('',#9964);
#8853=PLANE('',#9968);
#8854=PLANE('',#9972);
#8855=PLANE('',#9976);
#8856=PLANE('',#9980);
#8857=PLANE('',#9984);
#8858=PLANE('',#9988);
#8859=PLANE('',#9992);
#8860=PLANE('',#9996);
#8861=PLANE('',#10000);
#8862=PLANE('',#10004);
#8863=PLANE('',#10008);
#8864=PLANE('',#10012);
#8865=PLANE('',#10016);
#8866=PLANE('',#10020);
#8867=PLANE('',#10024);
#8868=PLANE('',#10028);
#8869=PLANE('',#10032);
#8870=PLANE('',#10036);
#8871=PLANE('',#10040);
#8872=PLANE('',#10044);
#8873=PLANE('',#10048);
#8874=PLANE('',#10052);
#8875=PLANE('',#10056);
#8876=PLANE('',#10060);
#8877=PLANE('',#10064);
#8878=PLANE('',#10068);
#8879=PLANE('',#10072);
#8880=PLANE('',#10076);
#8881=PLANE('',#10080);
#8882=PLANE('',#10084);
#8883=PLANE('',#10090);
#8884=PLANE('',#10093);
#8885=PLANE('',#10096);
#8886=PLANE('',#10099);
#8887=PLANE('',#10102);
#8888=PLANE('',#10105);
#8889=PLANE('',#10108);
#8890=PLANE('',#10111);
#8891=PLANE('',#10112);
#8892=PLANE('',#10113);
#8893=PLANE('',#10117);
#8894=PLANE('',#10121);
#8895=PLANE('',#10122);
#8896=PLANE('',#10123);
#8897=PLANE('',#10126);
#8898=PLANE('',#10129);
#8899=PLANE('',#10132);
#8900=PLANE('',#10135);
#8901=PLANE('',#10138);
#8902=PLANE('',#10141);
#8903=PLANE('',#10144);
#8904=PLANE('',#10147);
#8905=PLANE('',#10148);
#8906=PLANE('',#10149);
#8907=PLANE('',#10153);
#8908=PLANE('',#10157);
#8909=PLANE('',#10158);
#8910=PLANE('',#10159);
#8911=PLANE('',#10160);
#8912=PLANE('',#10164);
#8913=PLANE('',#10168);
#8914=PLANE('',#10172);
#8915=PLANE('',#10179);
#8916=PLANE('',#10183);
#8917=PLANE('',#10187);
#8918=PLANE('',#10191);
#8919=PLANE('',#10192);
#8920=PLANE('',#10196);
#8921=PLANE('',#10200);
#8922=PLANE('',#10201);
#8923=PLANE('',#10202);
#8924=PLANE('',#10205);
#8925=PLANE('',#10208);
#8926=PLANE('',#10211);
#8927=PLANE('',#10214);
#8928=PLANE('',#10217);
#8929=PLANE('',#10220);
#8930=PLANE('',#10223);
#8931=PLANE('',#10226);
#8932=PLANE('',#10227);
#8933=PLANE('',#10228);
#8934=PLANE('',#10232);
#8935=PLANE('',#10236);
#8936=PLANE('',#10240);
#8937=PLANE('',#10244);
#8938=PLANE('',#10248);
#8939=PLANE('',#10252);
#8940=PLANE('',#10256);
#8941=PLANE('',#10260);
#8942=PLANE('',#10264);
#8943=PLANE('',#10268);
#8944=PLANE('',#10272);
#8945=PLANE('',#10276);
#8946=PLANE('',#10280);
#8947=PLANE('',#10284);
#8948=PLANE('',#10288);
#8949=PLANE('',#10292);
#8950=PLANE('',#10296);
#8951=PLANE('',#10300);
#8952=PLANE('',#10304);
#8953=PLANE('',#10308);
#8954=PLANE('',#10310);
#8955=PLANE('',#10321);
#8956=PLANE('',#10322);
#8957=PLANE('',#10332);
#8958=PLANE('',#10333);
#8959=PLANE('',#10334);
#8960=PLANE('',#10335);
#8961=PLANE('',#10336);
#8962=PLANE('',#10337);
#8963=PLANE('',#10338);
#8964=PLANE('',#10339);
#8965=PLANE('',#10340);
#8966=PLANE('',#10341);
#8967=PLANE('',#10342);
#8968=PLANE('',#10351);
#8969=PLANE('',#10352);
#8970=ADVANCED_FACE('',(#8186),#8728,.F.);
#8971=ADVANCED_FACE('',(#8187),#8729,.F.);
#8972=ADVANCED_FACE('',(#8188),#8730,.F.);
#8973=ADVANCED_FACE('',(#8189),#8731,.F.);
#8974=ADVANCED_FACE('',(#8190),#8732,.F.);
#8975=ADVANCED_FACE('',(#8191),#8733,.F.);
#8976=ADVANCED_FACE('',(#8192),#12,.F.);
#8977=ADVANCED_FACE('',(#8193),#8734,.T.);
#8978=ADVANCED_FACE('',(#8194),#13,.F.);
#8979=ADVANCED_FACE('',(#8195),#14,.F.);
#8980=ADVANCED_FACE('',(#8196),#8735,.F.);
#8981=ADVANCED_FACE('',(#8197),#15,.F.);
#8982=ADVANCED_FACE('',(#8198),#16,.F.);
#8983=ADVANCED_FACE('',(#8199),#8736,.T.);
#8984=ADVANCED_FACE('',(#8200),#17,.F.);
#8985=ADVANCED_FACE('',(#8201),#18,.F.);
#8986=ADVANCED_FACE('',(#8202),#8737,.F.);
#8987=ADVANCED_FACE('',(#8203),#19,.F.);
#8988=ADVANCED_FACE('',(#8204),#20,.F.);
#8989=ADVANCED_FACE('',(#8205),#8738,.T.);
#8990=ADVANCED_FACE('',(#8206),#21,.F.);
#8991=ADVANCED_FACE('',(#8207),#8739,.T.);
#8992=ADVANCED_FACE('',(#8208),#22,.F.);
#8993=ADVANCED_FACE('',(#8209),#8740,.T.);
#8994=ADVANCED_FACE('',(#8210),#23,.F.);
#8995=ADVANCED_FACE('',(#8211),#8741,.F.);
#8996=ADVANCED_FACE('',(#8212),#24,.F.);
#8997=ADVANCED_FACE('',(#8213),#8742,.F.);
#8998=ADVANCED_FACE('',(#8214),#25,.F.);
#8999=ADVANCED_FACE('',(#8215),#8743,.T.);
#9000=ADVANCED_FACE('',(#8216),#26,.F.);
#9001=ADVANCED_FACE('',(#8217),#8744,.T.);
#9002=ADVANCED_FACE('',(#8218),#27,.F.);
#9003=ADVANCED_FACE('',(#8219),#8745,.F.);
#9004=ADVANCED_FACE('',(#8220),#28,.F.);
#9005=ADVANCED_FACE('',(#8221),#8746,.F.);
#9006=ADVANCED_FACE('',(#8222),#29,.F.);
#9007=ADVANCED_FACE('',(#8223),#8747,.T.);
#9008=ADVANCED_FACE('',(#8224),#30,.F.);
#9009=ADVANCED_FACE('',(#8225),#8748,.T.);
#9010=ADVANCED_FACE('',(#8226),#31,.F.);
#9011=ADVANCED_FACE('',(#8227),#8749,.F.);
#9012=ADVANCED_FACE('',(#8228),#32,.F.);
#9013=ADVANCED_FACE('',(#8229),#8750,.F.);
#9014=ADVANCED_FACE('',(#8230),#33,.F.);
#9015=ADVANCED_FACE('',(#8231),#8751,.T.);
#9016=ADVANCED_FACE('',(#8232),#34,.F.);
#9017=ADVANCED_FACE('',(#8233),#8752,.T.);
#9018=ADVANCED_FACE('',(#8234),#35,.F.);
#9019=ADVANCED_FACE('',(#8235),#8753,.F.);
#9020=ADVANCED_FACE('',(#8236),#36,.F.);
#9021=ADVANCED_FACE('',(#8237),#8754,.F.);
#9022=ADVANCED_FACE('',(#8238),#37,.F.);
#9023=ADVANCED_FACE('',(#8239),#8755,.T.);
#9024=ADVANCED_FACE('',(#8240),#38,.F.);
#9025=ADVANCED_FACE('',(#8241),#8756,.T.);
#9026=ADVANCED_FACE('',(#8242),#39,.F.);
#9027=ADVANCED_FACE('',(#8243),#8757,.F.);
#9028=ADVANCED_FACE('',(#8244),#40,.F.);
#9029=ADVANCED_FACE('',(#8245),#8758,.F.);
#9030=ADVANCED_FACE('',(#8246),#41,.F.);
#9031=ADVANCED_FACE('',(#8247),#8759,.T.);
#9032=ADVANCED_FACE('',(#8248),#42,.F.);
#9033=ADVANCED_FACE('',(#8249),#8760,.T.);
#9034=ADVANCED_FACE('',(#8250),#43,.F.);
#9035=ADVANCED_FACE('',(#8251),#8761,.F.);
#9036=ADVANCED_FACE('',(#8252),#44,.F.);
#9037=ADVANCED_FACE('',(#8253),#8762,.F.);
#9038=ADVANCED_FACE('',(#8254),#45,.F.);
#9039=ADVANCED_FACE('',(#8255),#8763,.T.);
#9040=ADVANCED_FACE('',(#8256),#46,.F.);
#9041=ADVANCED_FACE('',(#8257),#8764,.T.);
#9042=ADVANCED_FACE('',(#8258),#47,.F.);
#9043=ADVANCED_FACE('',(#8259),#8765,.F.);
#9044=ADVANCED_FACE('',(#8260),#48,.F.);
#9045=ADVANCED_FACE('',(#8261),#8766,.F.);
#9046=ADVANCED_FACE('',(#8262),#49,.F.);
#9047=ADVANCED_FACE('',(#8263),#8767,.T.);
#9048=ADVANCED_FACE('',(#8264),#50,.F.);
#9049=ADVANCED_FACE('',(#8265),#8768,.T.);
#9050=ADVANCED_FACE('',(#8266),#51,.F.);
#9051=ADVANCED_FACE('',(#8267),#8769,.F.);
#9052=ADVANCED_FACE('',(#8268),#52,.F.);
#9053=ADVANCED_FACE('',(#8269),#8770,.F.);
#9054=ADVANCED_FACE('',(#8270),#53,.F.);
#9055=ADVANCED_FACE('',(#8271),#8771,.T.);
#9056=ADVANCED_FACE('',(#8272),#54,.F.);
#9057=ADVANCED_FACE('',(#8273),#8772,.T.);
#9058=ADVANCED_FACE('',(#8274),#55,.F.);
#9059=ADVANCED_FACE('',(#8275),#8773,.F.);
#9060=ADVANCED_FACE('',(#8276),#56,.F.);
#9061=ADVANCED_FACE('',(#8277),#8774,.F.);
#9062=ADVANCED_FACE('',(#8278),#57,.F.);
#9063=ADVANCED_FACE('',(#8279),#8775,.T.);
#9064=ADVANCED_FACE('',(#8280),#58,.F.);
#9065=ADVANCED_FACE('',(#8281),#8776,.T.);
#9066=ADVANCED_FACE('',(#8282),#59,.F.);
#9067=ADVANCED_FACE('',(#8283),#8777,.F.);
#9068=ADVANCED_FACE('',(#8284),#60,.F.);
#9069=ADVANCED_FACE('',(#8285),#8778,.F.);
#9070=ADVANCED_FACE('',(#8286),#61,.F.);
#9071=ADVANCED_FACE('',(#8287),#8779,.T.);
#9072=ADVANCED_FACE('',(#8288),#62,.F.);
#9073=ADVANCED_FACE('',(#8289),#8780,.T.);
#9074=ADVANCED_FACE('',(#8290),#63,.F.);
#9075=ADVANCED_FACE('',(#8291),#8781,.F.);
#9076=ADVANCED_FACE('',(#8292),#64,.F.);
#9077=ADVANCED_FACE('',(#8293),#8782,.F.);
#9078=ADVANCED_FACE('',(#8294),#65,.F.);
#9079=ADVANCED_FACE('',(#8295),#8783,.T.);
#9080=ADVANCED_FACE('',(#8296),#66,.F.);
#9081=ADVANCED_FACE('',(#8297),#8784,.T.);
#9082=ADVANCED_FACE('',(#8298),#67,.F.);
#9083=ADVANCED_FACE('',(#8299),#8785,.F.);
#9084=ADVANCED_FACE('',(#8300),#68,.F.);
#9085=ADVANCED_FACE('',(#8301),#8786,.F.);
#9086=ADVANCED_FACE('',(#8302),#69,.F.);
#9087=ADVANCED_FACE('',(#8303),#8787,.T.);
#9088=ADVANCED_FACE('',(#8304),#70,.F.);
#9089=ADVANCED_FACE('',(#8305),#8788,.T.);
#9090=ADVANCED_FACE('',(#8306),#71,.F.);
#9091=ADVANCED_FACE('',(#8307),#8789,.F.);
#9092=ADVANCED_FACE('',(#8308),#72,.F.);
#9093=ADVANCED_FACE('',(#8309),#8790,.F.);
#9094=ADVANCED_FACE('',(#8310),#73,.F.);
#9095=ADVANCED_FACE('',(#8311),#8791,.T.);
#9096=ADVANCED_FACE('',(#8312),#74,.F.);
#9097=ADVANCED_FACE('',(#8313),#8792,.T.);
#9098=ADVANCED_FACE('',(#8314),#75,.F.);
#9099=ADVANCED_FACE('',(#8315),#8793,.F.);
#9100=ADVANCED_FACE('',(#8316),#76,.F.);
#9101=ADVANCED_FACE('',(#8317),#8794,.F.);
#9102=ADVANCED_FACE('',(#8318),#77,.F.);
#9103=ADVANCED_FACE('',(#8319),#8795,.T.);
#9104=ADVANCED_FACE('',(#8320),#78,.F.);
#9105=ADVANCED_FACE('',(#8321),#8796,.T.);
#9106=ADVANCED_FACE('',(#8322),#79,.F.);
#9107=ADVANCED_FACE('',(#8323),#8797,.F.);
#9108=ADVANCED_FACE('',(#8324),#80,.F.);
#9109=ADVANCED_FACE('',(#8325),#8798,.F.);
#9110=ADVANCED_FACE('',(#8326),#81,.F.);
#9111=ADVANCED_FACE('',(#8327),#8799,.T.);
#9112=ADVANCED_FACE('',(#8328),#82,.F.);
#9113=ADVANCED_FACE('',(#8329),#8800,.T.);
#9114=ADVANCED_FACE('',(#8330),#83,.F.);
#9115=ADVANCED_FACE('',(#8331),#8801,.F.);
#9116=ADVANCED_FACE('',(#8332),#84,.F.);
#9117=ADVANCED_FACE('',(#8333),#8802,.F.);
#9118=ADVANCED_FACE('',(#8334),#85,.F.);
#9119=ADVANCED_FACE('',(#8335),#8803,.T.);
#9120=ADVANCED_FACE('',(#8336),#86,.F.);
#9121=ADVANCED_FACE('',(#8337),#8804,.T.);
#9122=ADVANCED_FACE('',(#8338),#87,.F.);
#9123=ADVANCED_FACE('',(#8339),#8805,.F.);
#9124=ADVANCED_FACE('',(#8340),#88,.F.);
#9125=ADVANCED_FACE('',(#8341),#8806,.F.);
#9126=ADVANCED_FACE('',(#8342),#89,.F.);
#9127=ADVANCED_FACE('',(#8343),#8807,.T.);
#9128=ADVANCED_FACE('',(#8344),#90,.F.);
#9129=ADVANCED_FACE('',(#8345),#8808,.T.);
#9130=ADVANCED_FACE('',(#8346),#91,.F.);
#9131=ADVANCED_FACE('',(#8347),#8809,.F.);
#9132=ADVANCED_FACE('',(#8348),#92,.F.);
#9133=ADVANCED_FACE('',(#8349),#8810,.F.);
#9134=ADVANCED_FACE('',(#8350),#93,.F.);
#9135=ADVANCED_FACE('',(#8351),#8811,.T.);
#9136=ADVANCED_FACE('',(#8352),#94,.F.);
#9137=ADVANCED_FACE('',(#8353),#8812,.T.);
#9138=ADVANCED_FACE('',(#8354),#95,.F.);
#9139=ADVANCED_FACE('',(#8355),#8813,.F.);
#9140=ADVANCED_FACE('',(#8356),#96,.F.);
#9141=ADVANCED_FACE('',(#8357),#8814,.F.);
#9142=ADVANCED_FACE('',(#8358),#97,.F.);
#9143=ADVANCED_FACE('',(#8359),#8815,.T.);
#9144=ADVANCED_FACE('',(#8360),#98,.F.);
#9145=ADVANCED_FACE('',(#8361),#8816,.T.);
#9146=ADVANCED_FACE('',(#8362),#99,.F.);
#9147=ADVANCED_FACE('',(#8363),#8817,.F.);
#9148=ADVANCED_FACE('',(#8364),#100,.F.);
#9149=ADVANCED_FACE('',(#8365),#8818,.F.);
#9150=ADVANCED_FACE('',(#8366),#101,.F.);
#9151=ADVANCED_FACE('',(#8367),#8819,.T.);
#9152=ADVANCED_FACE('',(#8368),#102,.F.);
#9153=ADVANCED_FACE('',(#8369),#8820,.T.);
#9154=ADVANCED_FACE('',(#8370),#103,.F.);
#9155=ADVANCED_FACE('',(#8371),#8821,.F.);
#9156=ADVANCED_FACE('',(#8372),#104,.F.);
#9157=ADVANCED_FACE('',(#8373),#8822,.F.);
#9158=ADVANCED_FACE('',(#8374),#105,.F.);
#9159=ADVANCED_FACE('',(#8375),#8823,.T.);
#9160=ADVANCED_FACE('',(#8376),#106,.F.);
#9161=ADVANCED_FACE('',(#8377),#8824,.T.);
#9162=ADVANCED_FACE('',(#8378),#107,.F.);
#9163=ADVANCED_FACE('',(#8379),#8825,.F.);
#9164=ADVANCED_FACE('',(#8380),#108,.F.);
#9165=ADVANCED_FACE('',(#8381),#8826,.F.);
#9166=ADVANCED_FACE('',(#8382),#109,.F.);
#9167=ADVANCED_FACE('',(#8383),#8827,.T.);
#9168=ADVANCED_FACE('',(#8384),#110,.F.);
#9169=ADVANCED_FACE('',(#8385),#8828,.T.);
#9170=ADVANCED_FACE('',(#8386),#111,.F.);
#9171=ADVANCED_FACE('',(#8387),#8829,.F.);
#9172=ADVANCED_FACE('',(#8388),#112,.F.);
#9173=ADVANCED_FACE('',(#8389),#8830,.F.);
#9174=ADVANCED_FACE('',(#8390),#113,.F.);
#9175=ADVANCED_FACE('',(#8391),#8831,.T.);
#9176=ADVANCED_FACE('',(#8392),#114,.F.);
#9177=ADVANCED_FACE('',(#8393),#8832,.T.);
#9178=ADVANCED_FACE('',(#8394),#115,.F.);
#9179=ADVANCED_FACE('',(#8395),#8833,.F.);
#9180=ADVANCED_FACE('',(#8396),#116,.F.);
#9181=ADVANCED_FACE('',(#8397),#8834,.F.);
#9182=ADVANCED_FACE('',(#8398),#117,.F.);
#9183=ADVANCED_FACE('',(#8399),#8835,.T.);
#9184=ADVANCED_FACE('',(#8400),#118,.F.);
#9185=ADVANCED_FACE('',(#8401),#8836,.T.);
#9186=ADVANCED_FACE('',(#8402),#119,.F.);
#9187=ADVANCED_FACE('',(#8403),#8837,.F.);
#9188=ADVANCED_FACE('',(#8404),#120,.F.);
#9189=ADVANCED_FACE('',(#8405),#8838,.F.);
#9190=ADVANCED_FACE('',(#8406),#121,.F.);
#9191=ADVANCED_FACE('',(#8407),#8839,.T.);
#9192=ADVANCED_FACE('',(#8408),#122,.F.);
#9193=ADVANCED_FACE('',(#8409),#8840,.T.);
#9194=ADVANCED_FACE('',(#8410),#123,.F.);
#9195=ADVANCED_FACE('',(#8411),#8841,.F.);
#9196=ADVANCED_FACE('',(#8412),#124,.F.);
#9197=ADVANCED_FACE('',(#8413),#8842,.F.);
#9198=ADVANCED_FACE('',(#8414),#125,.F.);
#9199=ADVANCED_FACE('',(#8415),#8843,.T.);
#9200=ADVANCED_FACE('',(#8416),#126,.F.);
#9201=ADVANCED_FACE('',(#8417),#8844,.T.);
#9202=ADVANCED_FACE('',(#8418),#127,.F.);
#9203=ADVANCED_FACE('',(#8419),#8845,.F.);
#9204=ADVANCED_FACE('',(#8420),#128,.F.);
#9205=ADVANCED_FACE('',(#8421),#8846,.F.);
#9206=ADVANCED_FACE('',(#8422),#129,.F.);
#9207=ADVANCED_FACE('',(#8423),#8847,.T.);
#9208=ADVANCED_FACE('',(#8424),#130,.F.);
#9209=ADVANCED_FACE('',(#8425),#8848,.T.);
#9210=ADVANCED_FACE('',(#8426),#131,.F.);
#9211=ADVANCED_FACE('',(#8427),#8849,.F.);
#9212=ADVANCED_FACE('',(#8428),#132,.F.);
#9213=ADVANCED_FACE('',(#8429),#8850,.F.);
#9214=ADVANCED_FACE('',(#8430),#133,.F.);
#9215=ADVANCED_FACE('',(#8431),#8851,.T.);
#9216=ADVANCED_FACE('',(#8432),#134,.F.);
#9217=ADVANCED_FACE('',(#8433),#8852,.T.);
#9218=ADVANCED_FACE('',(#8434),#135,.F.);
#9219=ADVANCED_FACE('',(#8435),#8853,.F.);
#9220=ADVANCED_FACE('',(#8436),#136,.F.);
#9221=ADVANCED_FACE('',(#8437),#8854,.F.);
#9222=ADVANCED_FACE('',(#8438),#137,.F.);
#9223=ADVANCED_FACE('',(#8439),#8855,.T.);
#9224=ADVANCED_FACE('',(#8440),#138,.F.);
#9225=ADVANCED_FACE('',(#8441),#8856,.T.);
#9226=ADVANCED_FACE('',(#8442),#139,.F.);
#9227=ADVANCED_FACE('',(#8443),#8857,.F.);
#9228=ADVANCED_FACE('',(#8444),#140,.F.);
#9229=ADVANCED_FACE('',(#8445),#8858,.F.);
#9230=ADVANCED_FACE('',(#8446),#141,.F.);
#9231=ADVANCED_FACE('',(#8447),#8859,.T.);
#9232=ADVANCED_FACE('',(#8448),#142,.F.);
#9233=ADVANCED_FACE('',(#8449),#8860,.T.);
#9234=ADVANCED_FACE('',(#8450),#143,.F.);
#9235=ADVANCED_FACE('',(#8451),#8861,.F.);
#9236=ADVANCED_FACE('',(#8452),#144,.F.);
#9237=ADVANCED_FACE('',(#8453),#8862,.F.);
#9238=ADVANCED_FACE('',(#8454),#145,.F.);
#9239=ADVANCED_FACE('',(#8455),#8863,.T.);
#9240=ADVANCED_FACE('',(#8456),#146,.F.);
#9241=ADVANCED_FACE('',(#8457),#8864,.T.);
#9242=ADVANCED_FACE('',(#8458),#147,.F.);
#9243=ADVANCED_FACE('',(#8459),#8865,.F.);
#9244=ADVANCED_FACE('',(#8460),#148,.F.);
#9245=ADVANCED_FACE('',(#8461),#8866,.F.);
#9246=ADVANCED_FACE('',(#8462),#149,.F.);
#9247=ADVANCED_FACE('',(#8463),#8867,.T.);
#9248=ADVANCED_FACE('',(#8464),#150,.F.);
#9249=ADVANCED_FACE('',(#8465),#8868,.T.);
#9250=ADVANCED_FACE('',(#8466),#151,.F.);
#9251=ADVANCED_FACE('',(#8467),#8869,.F.);
#9252=ADVANCED_FACE('',(#8468),#152,.F.);
#9253=ADVANCED_FACE('',(#8469),#8870,.F.);
#9254=ADVANCED_FACE('',(#8470),#153,.F.);
#9255=ADVANCED_FACE('',(#8471),#8871,.T.);
#9256=ADVANCED_FACE('',(#8472),#154,.F.);
#9257=ADVANCED_FACE('',(#8473),#8872,.T.);
#9258=ADVANCED_FACE('',(#8474),#155,.F.);
#9259=ADVANCED_FACE('',(#8475),#8873,.F.);
#9260=ADVANCED_FACE('',(#8476),#156,.F.);
#9261=ADVANCED_FACE('',(#8477),#8874,.F.);
#9262=ADVANCED_FACE('',(#8478),#157,.F.);
#9263=ADVANCED_FACE('',(#8479),#8875,.T.);
#9264=ADVANCED_FACE('',(#8480),#158,.F.);
#9265=ADVANCED_FACE('',(#8481),#8876,.T.);
#9266=ADVANCED_FACE('',(#8482),#159,.F.);
#9267=ADVANCED_FACE('',(#8483),#8877,.F.);
#9268=ADVANCED_FACE('',(#8484),#160,.F.);
#9269=ADVANCED_FACE('',(#8485),#8878,.F.);
#9270=ADVANCED_FACE('',(#8486),#161,.F.);
#9271=ADVANCED_FACE('',(#8487),#8879,.T.);
#9272=ADVANCED_FACE('',(#8488),#162,.F.);
#9273=ADVANCED_FACE('',(#8489),#8880,.T.);
#9274=ADVANCED_FACE('',(#8490),#163,.F.);
#9275=ADVANCED_FACE('',(#8491),#8881,.F.);
#9276=ADVANCED_FACE('',(#8492),#164,.F.);
#9277=ADVANCED_FACE('',(#8493),#8882,.F.);
#9278=ADVANCED_FACE('',(#8494),#165,.F.);
#9279=ADVANCED_FACE('',(#8495),#166,.F.);
#9280=ADVANCED_FACE('',(#8496),#8883,.T.);
#9281=ADVANCED_FACE('',(#8497),#167,.T.);
#9282=ADVANCED_FACE('',(#8498),#8884,.F.);
#9283=ADVANCED_FACE('',(#8499),#168,.F.);
#9284=ADVANCED_FACE('',(#8500),#8885,.T.);
#9285=ADVANCED_FACE('',(#8501),#169,.F.);
#9286=ADVANCED_FACE('',(#8502),#8886,.T.);
#9287=ADVANCED_FACE('',(#8503),#170,.T.);
#9288=ADVANCED_FACE('',(#8504),#8887,.T.);
#9289=ADVANCED_FACE('',(#8505),#171,.F.);
#9290=ADVANCED_FACE('',(#8506),#8888,.F.);
#9291=ADVANCED_FACE('',(#8507),#172,.F.);
#9292=ADVANCED_FACE('',(#8508),#8889,.F.);
#9293=ADVANCED_FACE('',(#8509),#173,.F.);
#9294=ADVANCED_FACE('',(#8510),#8890,.T.);
#9295=ADVANCED_FACE('',(#8511),#8891,.T.);
#9296=ADVANCED_FACE('',(#8512),#8892,.F.);
#9297=ADVANCED_FACE('',(#8513),#174,.F.);
#9298=ADVANCED_FACE('',(#8514),#8893,.F.);
#9299=ADVANCED_FACE('',(#8515),#175,.F.);
#9300=ADVANCED_FACE('',(#8516),#8894,.T.);
#9301=ADVANCED_FACE('',(#8517),#8895,.T.);
#9302=ADVANCED_FACE('',(#8518),#8896,.F.);
#9303=ADVANCED_FACE('',(#8519),#176,.F.);
#9304=ADVANCED_FACE('',(#8520),#8897,.T.);
#9305=ADVANCED_FACE('',(#8521),#177,.F.);
#9306=ADVANCED_FACE('',(#8522),#8898,.T.);
#9307=ADVANCED_FACE('',(#8523),#178,.F.);
#9308=ADVANCED_FACE('',(#8524),#8899,.F.);
#9309=ADVANCED_FACE('',(#8525),#179,.T.);
#9310=ADVANCED_FACE('',(#8526),#8900,.F.);
#9311=ADVANCED_FACE('',(#8527),#180,.F.);
#9312=ADVANCED_FACE('',(#8528),#8901,.F.);
#9313=ADVANCED_FACE('',(#8529),#181,.F.);
#9314=ADVANCED_FACE('',(#8530),#8902,.T.);
#9315=ADVANCED_FACE('',(#8531),#182,.T.);
#9316=ADVANCED_FACE('',(#8532),#8903,.F.);
#9317=ADVANCED_FACE('',(#8533),#183,.F.);
#9318=ADVANCED_FACE('',(#8534),#8904,.F.);
#9319=ADVANCED_FACE('',(#8535),#8905,.T.);
#9320=ADVANCED_FACE('',(#8536),#8906,.T.);
#9321=ADVANCED_FACE('',(#8537),#184,.F.);
#9322=ADVANCED_FACE('',(#8538),#8907,.T.);
#9323=ADVANCED_FACE('',(#8539),#185,.F.);
#9324=ADVANCED_FACE('',(#8540),#8908,.F.);
#9325=ADVANCED_FACE('',(#8541),#8909,.T.);
#9326=ADVANCED_FACE('',(#8542),#8910,.T.);
#9327=ADVANCED_FACE('',(#8543),#8911,.F.);
#9328=ADVANCED_FACE('',(#8544),#186,.F.);
#9329=ADVANCED_FACE('',(#8545),#8912,.F.);
#9330=ADVANCED_FACE('',(#8546),#187,.F.);
#9331=ADVANCED_FACE('',(#8547),#8913,.T.);
#9332=ADVANCED_FACE('',(#8548),#188,.F.);
#9333=ADVANCED_FACE('',(#8549),#8914,.T.);
#9334=ADVANCED_FACE('',(#8550),#189,.F.);
#9335=ADVANCED_FACE('',(#8551),#190,.F.);
#9336=ADVANCED_FACE('',(#8552),#8915,.T.);
#9337=ADVANCED_FACE('',(#8553),#191,.F.);
#9338=ADVANCED_FACE('',(#8554),#8916,.T.);
#9339=ADVANCED_FACE('',(#8555),#192,.F.);
#9340=ADVANCED_FACE('',(#8556),#8917,.F.);
#9341=ADVANCED_FACE('',(#8557),#193,.F.);
#9342=ADVANCED_FACE('',(#8558),#8918,.F.);
#9343=ADVANCED_FACE('',(#8559),#8919,.F.);
#9344=ADVANCED_FACE('',(#8560),#194,.F.);
#9345=ADVANCED_FACE('',(#8561),#8920,.F.);
#9346=ADVANCED_FACE('',(#8562),#195,.F.);
#9347=ADVANCED_FACE('',(#8563),#8921,.T.);
#9348=ADVANCED_FACE('',(#8564),#8922,.T.);
#9349=ADVANCED_FACE('',(#8565),#8923,.F.);
#9350=ADVANCED_FACE('',(#8566),#196,.F.);
#9351=ADVANCED_FACE('',(#8567),#8924,.T.);
#9352=ADVANCED_FACE('',(#8568),#197,.F.);
#9353=ADVANCED_FACE('',(#8569),#8925,.T.);
#9354=ADVANCED_FACE('',(#8570),#198,.F.);
#9355=ADVANCED_FACE('',(#8571),#8926,.F.);
#9356=ADVANCED_FACE('',(#8572),#199,.T.);
#9357=ADVANCED_FACE('',(#8573),#8927,.F.);
#9358=ADVANCED_FACE('',(#8574),#200,.F.);
#9359=ADVANCED_FACE('',(#8575),#8928,.F.);
#9360=ADVANCED_FACE('',(#8576),#201,.F.);
#9361=ADVANCED_FACE('',(#8577),#8929,.T.);
#9362=ADVANCED_FACE('',(#8578),#202,.T.);
#9363=ADVANCED_FACE('',(#8579),#8930,.F.);
#9364=ADVANCED_FACE('',(#8580),#203,.F.);
#9365=ADVANCED_FACE('',(#8581),#8931,.F.);
#9366=ADVANCED_FACE('',(#8582),#8932,.T.);
#9367=ADVANCED_FACE('',(#8583),#8933,.T.);
#9368=ADVANCED_FACE('',(#8584),#204,.F.);
#9369=ADVANCED_FACE('',(#8585),#8934,.T.);
#9370=ADVANCED_FACE('',(#8586),#205,.F.);
#9371=ADVANCED_FACE('',(#8587),#8935,.F.);
#9372=ADVANCED_FACE('',(#8588),#206,.F.);
#9373=ADVANCED_FACE('',(#8589),#8936,.F.);
#9374=ADVANCED_FACE('',(#8590),#207,.T.);
#9375=ADVANCED_FACE('',(#8591),#8937,.F.);
#9376=ADVANCED_FACE('',(#8592),#208,.T.);
#9377=ADVANCED_FACE('',(#8593),#8938,.T.);
#9378=ADVANCED_FACE('',(#8594),#209,.F.);
#9379=ADVANCED_FACE('',(#8595),#8939,.F.);
#9380=ADVANCED_FACE('',(#8596),#210,.F.);
#9381=ADVANCED_FACE('',(#8597),#8940,.F.);
#9382=ADVANCED_FACE('',(#8598),#211,.T.);
#9383=ADVANCED_FACE('',(#8599),#8941,.T.);
#9384=ADVANCED_FACE('',(#8600),#212,.T.);
#9385=ADVANCED_FACE('',(#8601),#8942,.T.);
#9386=ADVANCED_FACE('',(#8602),#213,.F.);
#9387=ADVANCED_FACE('',(#8603),#8943,.F.);
#9388=ADVANCED_FACE('',(#8604),#214,.T.);
#9389=ADVANCED_FACE('',(#8605),#8944,.T.);
#9390=ADVANCED_FACE('',(#8606),#215,.T.);
#9391=ADVANCED_FACE('',(#8607),#8945,.T.);
#9392=ADVANCED_FACE('',(#8608),#216,.F.);
#9393=ADVANCED_FACE('',(#8609),#8946,.F.);
#9394=ADVANCED_FACE('',(#8610),#217,.T.);
#9395=ADVANCED_FACE('',(#8611),#8947,.F.);
#9396=ADVANCED_FACE('',(#8612),#218,.T.);
#9397=ADVANCED_FACE('',(#8613),#8948,.T.);
#9398=ADVANCED_FACE('',(#8614),#219,.F.);
#9399=ADVANCED_FACE('',(#8615),#8949,.T.);
#9400=ADVANCED_FACE('',(#8616),#220,.F.);
#9401=ADVANCED_FACE('',(#8617),#8950,.F.);
#9402=ADVANCED_FACE('',(#8618),#221,.T.);
#9403=ADVANCED_FACE('',(#8619),#8951,.F.);
#9404=ADVANCED_FACE('',(#8620),#222,.T.);
#9405=ADVANCED_FACE('',(#8621),#8952,.T.);
#9406=ADVANCED_FACE('',(#8622),#223,.F.);
#9407=ADVANCED_FACE('',(#8623),#8953,.F.);
#9408=ADVANCED_FACE('',(#8624,#8625,#8626,#8627,#8628,#8629,#8630,#8631,
#8632,#8633,#8634,#8635,#8636,#8637,#8638,#8639,#8640,#8641,#8642,#8643,
#8644,#8645,#8646,#8647,#8648,#8649,#8650,#8651,#8652,#8653,#8654,#8655,
#8656,#8657,#8658,#8659,#8660,#8661,#8662,#8663),#8954,.T.);
#9409=ADVANCED_FACE('',(#8664),#8955,.T.);
#9410=ADVANCED_FACE('',(#8665,#8666,#8667,#8668,#8669,#8670,#8671,#8672,
#8673,#8674,#8675,#8676,#8677,#8678,#8679,#8680,#8681,#8682,#8683,#8684,
#8685,#8686,#8687,#8688,#8689,#8690,#8691,#8692,#8693,#8694,#8695,#8696,
#8697,#8698,#8699,#8700,#8701,#8702,#8703,#8704),#8956,.F.);
#9411=ADVANCED_FACE('',(#8705),#8957,.T.);
#9412=ADVANCED_FACE('',(#8706),#8958,.F.);
#9413=ADVANCED_FACE('',(#8707),#8959,.T.);
#9414=ADVANCED_FACE('',(#8708),#8960,.T.);
#9415=ADVANCED_FACE('',(#8709),#8961,.T.);
#9416=ADVANCED_FACE('',(#8710),#8962,.T.);
#9417=ADVANCED_FACE('',(#8711),#8963,.T.);
#9418=ADVANCED_FACE('',(#8712),#8964,.T.);
#9419=ADVANCED_FACE('',(#8713),#8965,.T.);
#9420=ADVANCED_FACE('',(#8714),#8966,.T.);
#9421=ADVANCED_FACE('',(#8715),#8967,.T.);
#9422=ADVANCED_FACE('',(#8716),#224,.T.);
#9423=ADVANCED_FACE('',(#8717),#225,.F.);
#9424=ADVANCED_FACE('',(#8718),#226,.T.);
#9425=ADVANCED_FACE('',(#8719),#227,.F.);
#9426=ADVANCED_FACE('',(#8720),#228,.F.);
#9427=ADVANCED_FACE('',(#8721),#229,.T.);
#9428=ADVANCED_FACE('',(#8722),#230,.T.);
#9429=ADVANCED_FACE('',(#8723),#231,.F.);
#9430=ADVANCED_FACE('',(#8724),#8968,.T.);
#9431=ADVANCED_FACE('',(#8725),#8969,.T.);
#9432=ADVANCED_FACE('',(#8726),#232,.T.);
#9433=ADVANCED_FACE('',(#8727),#233,.T.);
#9434=CLOSED_SHELL('',(#8970,#8971,#8972,#8973,#8974,#8975,#8976,#8977,
#8978,#8979,#8980,#8981,#8982,#8983,#8984,#8985,#8986,#8987,#8988,#8989,
#8990,#8991,#8992,#8993,#8994,#8995,#8996,#8997,#8998,#8999,#9000,#9001,
#9002,#9003,#9004,#9005,#9006,#9007,#9008,#9009,#9010,#9011,#9012,#9013,
#9014,#9015,#9016,#9017,#9018,#9019,#9020,#9021,#9022,#9023,#9024,#9025,
#9026,#9027,#9028,#9029,#9030,#9031,#9032,#9033,#9034,#9035,#9036,#9037,
#9038,#9039,#9040,#9041,#9042,#9043,#9044,#9045,#9046,#9047,#9048,#9049,
#9050,#9051,#9052,#9053,#9054,#9055,#9056,#9057,#9058,#9059,#9060,#9061,
#9062,#9063,#9064,#9065,#9066,#9067,#9068,#9069,#9070,#9071,#9072,#9073,
#9074,#9075,#9076,#9077,#9078,#9079,#9080,#9081,#9082,#9083,#9084,#9085,
#9086,#9087,#9088,#9089,#9090,#9091,#9092,#9093,#9094,#9095,#9096,#9097,
#9098,#9099,#9100,#9101,#9102,#9103,#9104,#9105,#9106,#9107,#9108,#9109,
#9110,#9111,#9112,#9113,#9114,#9115,#9116,#9117,#9118,#9119,#9120,#9121,
#9122,#9123,#9124,#9125,#9126,#9127,#9128,#9129,#9130,#9131,#9132,#9133,
#9134,#9135,#9136,#9137,#9138,#9139,#9140,#9141,#9142,#9143,#9144,#9145,
#9146,#9147,#9148,#9149,#9150,#9151,#9152,#9153,#9154,#9155,#9156,#9157,
#9158,#9159,#9160,#9161,#9162,#9163,#9164,#9165,#9166,#9167,#9168,#9169,
#9170,#9171,#9172,#9173,#9174,#9175,#9176,#9177,#9178,#9179,#9180,#9181,
#9182,#9183,#9184,#9185,#9186,#9187,#9188,#9189,#9190,#9191,#9192,#9193,
#9194,#9195,#9196,#9197,#9198,#9199,#9200,#9201,#9202,#9203,#9204,#9205,
#9206,#9207,#9208,#9209,#9210,#9211,#9212,#9213,#9214,#9215,#9216,#9217,
#9218,#9219,#9220,#9221,#9222,#9223,#9224,#9225,#9226,#9227,#9228,#9229,
#9230,#9231,#9232,#9233,#9234,#9235,#9236,#9237,#9238,#9239,#9240,#9241,
#9242,#9243,#9244,#9245,#9246,#9247,#9248,#9249,#9250,#9251,#9252,#9253,
#9254,#9255,#9256,#9257,#9258,#9259,#9260,#9261,#9262,#9263,#9264,#9265,
#9266,#9267,#9268,#9269,#9270,#9271,#9272,#9273,#9274,#9275,#9276,#9277,
#9278,#9279,#9280,#9281,#9282,#9283,#9284,#9285,#9286,#9287,#9288,#9289,
#9290,#9291,#9292,#9293,#9294,#9295,#9296,#9297,#9298,#9299,#9300,#9301,
#9302,#9303,#9304,#9305,#9306,#9307,#9308,#9309,#9310,#9311,#9312,#9313,
#9314,#9315,#9316,#9317,#9318,#9319,#9320,#9321,#9322,#9323,#9324,#9325,
#9326,#9327,#9328,#9329,#9330,#9331,#9332,#9333,#9334,#9335,#9336,#9337,
#9338,#9339,#9340,#9341,#9342,#9343,#9344,#9345,#9346,#9347,#9348,#9349,
#9350,#9351,#9352,#9353,#9354,#9355,#9356,#9357,#9358,#9359,#9360,#9361,
#9362,#9363,#9364,#9365,#9366,#9367,#9368,#9369,#9370,#9371,#9372,#9373,
#9374,#9375,#9376,#9377,#9378,#9379,#9380,#9381,#9382,#9383,#9384,#9385,
#9386,#9387,#9388,#9389,#9390,#9391,#9392,#9393,#9394,#9395,#9396,#9397,
#9398,#9399,#9400,#9401,#9402,#9403,#9404,#9405,#9406,#9407,#9408,#9409,
#9410,#9411,#9412,#9413,#9414,#9415,#9416,#9417,#9418,#9419,#9420,#9421,
#9422,#9423,#9424,#9425,#9426,#9427,#9428,#9429,#9430,#9431,#9432,#9433));
#9435=STYLED_ITEM('',(#9436),#9443);
#9436=PRESENTATION_STYLE_ASSIGNMENT((#9437));
#9437=SURFACE_STYLE_USAGE(.BOTH.,#9438);
#9438=SURFACE_SIDE_STYLE('',(#9439));
#9439=SURFACE_STYLE_FILL_AREA(#9440);
#9440=FILL_AREA_STYLE('',(#9441));
#9441=FILL_AREA_STYLE_COLOUR('',#9442);
#9442=COLOUR_RGB('',0.917647058823529,0.917647058823529,0.917647058823529);
#9443=MANIFOLD_SOLID_BREP('Plate-L',#9434);
#9444=SHAPE_DEFINITION_REPRESENTATION(#15896,#9445);
#9445=SHAPE_REPRESENTATION('Plate-L',(#9446),#15891);
#9446=AXIS2_PLACEMENT_3D('',#13115,#10355,#10356);
#9447=AXIS2_PLACEMENT_3D('',#13116,#10357,#10358);
#9448=AXIS2_PLACEMENT_3D('',#13117,#10359,#10360);
#9449=AXIS2_PLACEMENT_3D('',#13122,#10362,#10363);
#9450=AXIS2_PLACEMENT_3D('',#13126,#10365,#10366);
#9451=AXIS2_PLACEMENT_3D('',#13130,#10368,#10369);
#9452=AXIS2_PLACEMENT_3D('',#13133,#10371,#10372);
#9453=AXIS2_PLACEMENT_3D('',#13137,#10374,#10375);
#9454=AXIS2_PLACEMENT_3D('',#13141,#10377,#10378);
#9455=AXIS2_PLACEMENT_3D('',#13145,#10380,#10381);
#9456=AXIS2_PLACEMENT_3D('',#13149,#10383,#10384);
#9457=AXIS2_PLACEMENT_3D('',#13150,#10385,#10386);
#9458=AXIS2_PLACEMENT_3D('',#13154,#10388,#10389);
#9459=AXIS2_PLACEMENT_3D('',#13158,#10391,#10392);
#9460=AXIS2_PLACEMENT_3D('',#13162,#10394,#10395);
#9461=AXIS2_PLACEMENT_3D('',#13166,#10397,#10398);
#9462=AXIS2_PLACEMENT_3D('',#13170,#10400,#10401);
#9463=AXIS2_PLACEMENT_3D('',#13174,#10403,#10404);
#9464=AXIS2_PLACEMENT_3D('',#13178,#10406,#10407);
#9465=AXIS2_PLACEMENT_3D('',#13182,#10409,#10410);
#9466=AXIS2_PLACEMENT_3D('',#13183,#10411,#10412);
#9467=AXIS2_PLACEMENT_3D('',#13184,#10413,#10414);
#9468=AXIS2_PLACEMENT_3D('',#13189,#10416,#10417);
#9469=AXIS2_PLACEMENT_3D('',#13193,#10419,#10420);
#9470=AXIS2_PLACEMENT_3D('',#13197,#10422,#10423);
#9471=AXIS2_PLACEMENT_3D('',#13201,#10425,#10426);
#9472=AXIS2_PLACEMENT_3D('',#13205,#10428,#10429);
#9473=AXIS2_PLACEMENT_3D('',#13209,#10431,#10432);
#9474=AXIS2_PLACEMENT_3D('',#13213,#10434,#10435);
#9475=AXIS2_PLACEMENT_3D('',#13216,#10437,#10438);
#9476=AXIS2_PLACEMENT_3D('',#13220,#10440,#10441);
#9477=AXIS2_PLACEMENT_3D('',#13224,#10443,#10444);
#9478=AXIS2_PLACEMENT_3D('',#13228,#10446,#10447);
#9479=AXIS2_PLACEMENT_3D('',#13232,#10449,#10450);
#9480=AXIS2_PLACEMENT_3D('',#13233,#10451,#10452);
#9481=AXIS2_PLACEMENT_3D('',#13237,#10454,#10455);
#9482=AXIS2_PLACEMENT_3D('',#13241,#10457,#10458);
#9483=AXIS2_PLACEMENT_3D('',#13245,#10460,#10461);
#9484=AXIS2_PLACEMENT_3D('',#13249,#10463,#10464);
#9485=AXIS2_PLACEMENT_3D('',#13253,#10466,#10467);
#9486=AXIS2_PLACEMENT_3D('',#13257,#10469,#10470);
#9487=AXIS2_PLACEMENT_3D('',#13262,#10473,#10474);
#9488=AXIS2_PLACEMENT_3D('',#13267,#10477,#10478);
#9489=AXIS2_PLACEMENT_3D('',#13268,#10479,#10480);
#9490=AXIS2_PLACEMENT_3D('',#13272,#10483,#10484);
#9491=AXIS2_PLACEMENT_3D('',#13275,#10486,#10487);
#9492=AXIS2_PLACEMENT_3D('',#13276,#10488,#10489);
#9493=AXIS2_PLACEMENT_3D('',#13277,#10490,#10491);
#9494=AXIS2_PLACEMENT_3D('',#13282,#10494,#10495);
#9495=AXIS2_PLACEMENT_3D('',#13286,#10498,#10499);
#9496=AXIS2_PLACEMENT_3D('',#13287,#10500,#10501);
#9497=AXIS2_PLACEMENT_3D('',#13290,#10503,#10504);
#9498=AXIS2_PLACEMENT_3D('',#13291,#10505,#10506);
#9499=AXIS2_PLACEMENT_3D('',#13296,#10509,#10510);
#9500=AXIS2_PLACEMENT_3D('',#13300,#10513,#10514);
#9501=AXIS2_PLACEMENT_3D('',#13301,#10515,#10516);
#9502=AXIS2_PLACEMENT_3D('',#13304,#10518,#10519);
#9503=AXIS2_PLACEMENT_3D('',#13309,#10522,#10523);
#9504=AXIS2_PLACEMENT_3D('',#13310,#10524,#10525);
#9505=AXIS2_PLACEMENT_3D('',#13314,#10528,#10529);
#9506=AXIS2_PLACEMENT_3D('',#13317,#10531,#10532);
#9507=AXIS2_PLACEMENT_3D('',#13318,#10533,#10534);
#9508=AXIS2_PLACEMENT_3D('',#13323,#10537,#10538);
#9509=AXIS2_PLACEMENT_3D('',#13324,#10539,#10540);
#9510=AXIS2_PLACEMENT_3D('',#13328,#10543,#10544);
#9511=AXIS2_PLACEMENT_3D('',#13331,#10546,#10547);
#9512=AXIS2_PLACEMENT_3D('',#13332,#10548,#10549);
#9513=AXIS2_PLACEMENT_3D('',#13341,#10554,#10555);
#9514=AXIS2_PLACEMENT_3D('',#13342,#10556,#10557);
#9515=AXIS2_PLACEMENT_3D('',#13344,#10558,#10559);
#9516=AXIS2_PLACEMENT_3D('',#13347,#10561,#10562);
#9517=AXIS2_PLACEMENT_3D('',#13353,#10566,#10567);
#9518=AXIS2_PLACEMENT_3D('',#13354,#10568,#10569);
#9519=AXIS2_PLACEMENT_3D('',#13356,#10570,#10571);
#9520=AXIS2_PLACEMENT_3D('',#13359,#10573,#10574);
#9521=AXIS2_PLACEMENT_3D('',#13365,#10578,#10579);
#9522=AXIS2_PLACEMENT_3D('',#13366,#10580,#10581);
#9523=AXIS2_PLACEMENT_3D('',#13368,#10582,#10583);
#9524=AXIS2_PLACEMENT_3D('',#13371,#10585,#10586);
#9525=AXIS2_PLACEMENT_3D('',#13377,#10590,#10591);
#9526=AXIS2_PLACEMENT_3D('',#13378,#10592,#10593);
#9527=AXIS2_PLACEMENT_3D('',#13379,#10594,#10595);
#9528=AXIS2_PLACEMENT_3D('',#13380,#10596,#10597);
#9529=AXIS2_PLACEMENT_3D('',#13389,#10602,#10603);
#9530=AXIS2_PLACEMENT_3D('',#13390,#10604,#10605);
#9531=AXIS2_PLACEMENT_3D('',#13392,#10606,#10607);
#9532=AXIS2_PLACEMENT_3D('',#13395,#10609,#10610);
#9533=AXIS2_PLACEMENT_3D('',#13401,#10614,#10615);
#9534=AXIS2_PLACEMENT_3D('',#13402,#10616,#10617);
#9535=AXIS2_PLACEMENT_3D('',#13404,#10618,#10619);
#9536=AXIS2_PLACEMENT_3D('',#13407,#10621,#10622);
#9537=AXIS2_PLACEMENT_3D('',#13413,#10626,#10627);
#9538=AXIS2_PLACEMENT_3D('',#13414,#10628,#10629);
#9539=AXIS2_PLACEMENT_3D('',#13416,#10630,#10631);
#9540=AXIS2_PLACEMENT_3D('',#13419,#10633,#10634);
#9541=AXIS2_PLACEMENT_3D('',#13425,#10638,#10639);
#9542=AXIS2_PLACEMENT_3D('',#13426,#10640,#10641);
#9543=AXIS2_PLACEMENT_3D('',#13427,#10642,#10643);
#9544=AXIS2_PLACEMENT_3D('',#13428,#10644,#10645);
#9545=AXIS2_PLACEMENT_3D('',#13437,#10650,#10651);
#9546=AXIS2_PLACEMENT_3D('',#13438,#10652,#10653);
#9547=AXIS2_PLACEMENT_3D('',#13440,#10654,#10655);
#9548=AXIS2_PLACEMENT_3D('',#13443,#10657,#10658);
#9549=AXIS2_PLACEMENT_3D('',#13449,#10662,#10663);
#9550=AXIS2_PLACEMENT_3D('',#13450,#10664,#10665);
#9551=AXIS2_PLACEMENT_3D('',#13452,#10666,#10667);
#9552=AXIS2_PLACEMENT_3D('',#13455,#10669,#10670);
#9553=AXIS2_PLACEMENT_3D('',#13461,#10674,#10675);
#9554=AXIS2_PLACEMENT_3D('',#13462,#10676,#10677);
#9555=AXIS2_PLACEMENT_3D('',#13464,#10678,#10679);
#9556=AXIS2_PLACEMENT_3D('',#13467,#10681,#10682);
#9557=AXIS2_PLACEMENT_3D('',#13473,#10686,#10687);
#9558=AXIS2_PLACEMENT_3D('',#13474,#10688,#10689);
#9559=AXIS2_PLACEMENT_3D('',#13475,#10690,#10691);
#9560=AXIS2_PLACEMENT_3D('',#13476,#10692,#10693);
#9561=AXIS2_PLACEMENT_3D('',#13485,#10698,#10699);
#9562=AXIS2_PLACEMENT_3D('',#13486,#10700,#10701);
#9563=AXIS2_PLACEMENT_3D('',#13488,#10702,#10703);
#9564=AXIS2_PLACEMENT_3D('',#13491,#10705,#10706);
#9565=AXIS2_PLACEMENT_3D('',#13497,#10710,#10711);
#9566=AXIS2_PLACEMENT_3D('',#13498,#10712,#10713);
#9567=AXIS2_PLACEMENT_3D('',#13500,#10714,#10715);
#9568=AXIS2_PLACEMENT_3D('',#13503,#10717,#10718);
#9569=AXIS2_PLACEMENT_3D('',#13509,#10722,#10723);
#9570=AXIS2_PLACEMENT_3D('',#13510,#10724,#10725);
#9571=AXIS2_PLACEMENT_3D('',#13512,#10726,#10727);
#9572=AXIS2_PLACEMENT_3D('',#13515,#10729,#10730);
#9573=AXIS2_PLACEMENT_3D('',#13521,#10734,#10735);
#9574=AXIS2_PLACEMENT_3D('',#13522,#10736,#10737);
#9575=AXIS2_PLACEMENT_3D('',#13523,#10738,#10739);
#9576=AXIS2_PLACEMENT_3D('',#13524,#10740,#10741);
#9577=AXIS2_PLACEMENT_3D('',#13533,#10746,#10747);
#9578=AXIS2_PLACEMENT_3D('',#13534,#10748,#10749);
#9579=AXIS2_PLACEMENT_3D('',#13536,#10750,#10751);
#9580=AXIS2_PLACEMENT_3D('',#13539,#10753,#10754);
#9581=AXIS2_PLACEMENT_3D('',#13545,#10758,#10759);
#9582=AXIS2_PLACEMENT_3D('',#13546,#10760,#10761);
#9583=AXIS2_PLACEMENT_3D('',#13548,#10762,#10763);
#9584=AXIS2_PLACEMENT_3D('',#13551,#10765,#10766);
#9585=AXIS2_PLACEMENT_3D('',#13557,#10770,#10771);
#9586=AXIS2_PLACEMENT_3D('',#13558,#10772,#10773);
#9587=AXIS2_PLACEMENT_3D('',#13560,#10774,#10775);
#9588=AXIS2_PLACEMENT_3D('',#13563,#10777,#10778);
#9589=AXIS2_PLACEMENT_3D('',#13569,#10782,#10783);
#9590=AXIS2_PLACEMENT_3D('',#13570,#10784,#10785);
#9591=AXIS2_PLACEMENT_3D('',#13571,#10786,#10787);
#9592=AXIS2_PLACEMENT_3D('',#13572,#10788,#10789);
#9593=AXIS2_PLACEMENT_3D('',#13581,#10794,#10795);
#9594=AXIS2_PLACEMENT_3D('',#13582,#10796,#10797);
#9595=AXIS2_PLACEMENT_3D('',#13584,#10798,#10799);
#9596=AXIS2_PLACEMENT_3D('',#13587,#10801,#10802);
#9597=AXIS2_PLACEMENT_3D('',#13593,#10806,#10807);
#9598=AXIS2_PLACEMENT_3D('',#13594,#10808,#10809);
#9599=AXIS2_PLACEMENT_3D('',#13596,#10810,#10811);
#9600=AXIS2_PLACEMENT_3D('',#13599,#10813,#10814);
#9601=AXIS2_PLACEMENT_3D('',#13605,#10818,#10819);
#9602=AXIS2_PLACEMENT_3D('',#13606,#10820,#10821);
#9603=AXIS2_PLACEMENT_3D('',#13608,#10822,#10823);
#9604=AXIS2_PLACEMENT_3D('',#13611,#10825,#10826);
#9605=AXIS2_PLACEMENT_3D('',#13617,#10830,#10831);
#9606=AXIS2_PLACEMENT_3D('',#13618,#10832,#10833);
#9607=AXIS2_PLACEMENT_3D('',#13619,#10834,#10835);
#9608=AXIS2_PLACEMENT_3D('',#13620,#10836,#10837);
#9609=AXIS2_PLACEMENT_3D('',#13629,#10842,#10843);
#9610=AXIS2_PLACEMENT_3D('',#13630,#10844,#10845);
#9611=AXIS2_PLACEMENT_3D('',#13632,#10846,#10847);
#9612=AXIS2_PLACEMENT_3D('',#13635,#10849,#10850);
#9613=AXIS2_PLACEMENT_3D('',#13641,#10854,#10855);
#9614=AXIS2_PLACEMENT_3D('',#13642,#10856,#10857);
#9615=AXIS2_PLACEMENT_3D('',#13644,#10858,#10859);
#9616=AXIS2_PLACEMENT_3D('',#13647,#10861,#10862);
#9617=AXIS2_PLACEMENT_3D('',#13653,#10866,#10867);
#9618=AXIS2_PLACEMENT_3D('',#13654,#10868,#10869);
#9619=AXIS2_PLACEMENT_3D('',#13656,#10870,#10871);
#9620=AXIS2_PLACEMENT_3D('',#13659,#10873,#10874);
#9621=AXIS2_PLACEMENT_3D('',#13665,#10878,#10879);
#9622=AXIS2_PLACEMENT_3D('',#13666,#10880,#10881);
#9623=AXIS2_PLACEMENT_3D('',#13667,#10882,#10883);
#9624=AXIS2_PLACEMENT_3D('',#13668,#10884,#10885);
#9625=AXIS2_PLACEMENT_3D('',#13677,#10890,#10891);
#9626=AXIS2_PLACEMENT_3D('',#13678,#10892,#10893);
#9627=AXIS2_PLACEMENT_3D('',#13680,#10894,#10895);
#9628=AXIS2_PLACEMENT_3D('',#13683,#10897,#10898);
#9629=AXIS2_PLACEMENT_3D('',#13689,#10902,#10903);
#9630=AXIS2_PLACEMENT_3D('',#13690,#10904,#10905);
#9631=AXIS2_PLACEMENT_3D('',#13692,#10906,#10907);
#9632=AXIS2_PLACEMENT_3D('',#13695,#10909,#10910);
#9633=AXIS2_PLACEMENT_3D('',#13701,#10914,#10915);
#9634=AXIS2_PLACEMENT_3D('',#13702,#10916,#10917);
#9635=AXIS2_PLACEMENT_3D('',#13704,#10918,#10919);
#9636=AXIS2_PLACEMENT_3D('',#13707,#10921,#10922);
#9637=AXIS2_PLACEMENT_3D('',#13713,#10926,#10927);
#9638=AXIS2_PLACEMENT_3D('',#13714,#10928,#10929);
#9639=AXIS2_PLACEMENT_3D('',#13715,#10930,#10931);
#9640=AXIS2_PLACEMENT_3D('',#13716,#10932,#10933);
#9641=AXIS2_PLACEMENT_3D('',#13725,#10938,#10939);
#9642=AXIS2_PLACEMENT_3D('',#13726,#10940,#10941);
#9643=AXIS2_PLACEMENT_3D('',#13728,#10942,#10943);
#9644=AXIS2_PLACEMENT_3D('',#13731,#10945,#10946);
#9645=AXIS2_PLACEMENT_3D('',#13737,#10950,#10951);
#9646=AXIS2_PLACEMENT_3D('',#13738,#10952,#10953);
#9647=AXIS2_PLACEMENT_3D('',#13740,#10954,#10955);
#9648=AXIS2_PLACEMENT_3D('',#13743,#10957,#10958);
#9649=AXIS2_PLACEMENT_3D('',#13749,#10962,#10963);
#9650=AXIS2_PLACEMENT_3D('',#13750,#10964,#10965);
#9651=AXIS2_PLACEMENT_3D('',#13752,#10966,#10967);
#9652=AXIS2_PLACEMENT_3D('',#13755,#10969,#10970);
#9653=AXIS2_PLACEMENT_3D('',#13761,#10974,#10975);
#9654=AXIS2_PLACEMENT_3D('',#13762,#10976,#10977);
#9655=AXIS2_PLACEMENT_3D('',#13763,#10978,#10979);
#9656=AXIS2_PLACEMENT_3D('',#13764,#10980,#10981);
#9657=AXIS2_PLACEMENT_3D('',#13773,#10986,#10987);
#9658=AXIS2_PLACEMENT_3D('',#13774,#10988,#10989);
#9659=AXIS2_PLACEMENT_3D('',#13776,#10990,#10991);
#9660=AXIS2_PLACEMENT_3D('',#13779,#10993,#10994);
#9661=AXIS2_PLACEMENT_3D('',#13785,#10998,#10999);
#9662=AXIS2_PLACEMENT_3D('',#13786,#11000,#11001);
#9663=AXIS2_PLACEMENT_3D('',#13788,#11002,#11003);
#9664=AXIS2_PLACEMENT_3D('',#13791,#11005,#11006);
#9665=AXIS2_PLACEMENT_3D('',#13797,#11010,#11011);
#9666=AXIS2_PLACEMENT_3D('',#13798,#11012,#11013);
#9667=AXIS2_PLACEMENT_3D('',#13800,#11014,#11015);
#9668=AXIS2_PLACEMENT_3D('',#13803,#11017,#11018);
#9669=AXIS2_PLACEMENT_3D('',#13809,#11022,#11023);
#9670=AXIS2_PLACEMENT_3D('',#13810,#11024,#11025);
#9671=AXIS2_PLACEMENT_3D('',#13811,#11026,#11027);
#9672=AXIS2_PLACEMENT_3D('',#13812,#11028,#11029);
#9673=AXIS2_PLACEMENT_3D('',#13821,#11034,#11035);
#9674=AXIS2_PLACEMENT_3D('',#13822,#11036,#11037);
#9675=AXIS2_PLACEMENT_3D('',#13824,#11038,#11039);
#9676=AXIS2_PLACEMENT_3D('',#13827,#11041,#11042);
#9677=AXIS2_PLACEMENT_3D('',#13833,#11046,#11047);
#9678=AXIS2_PLACEMENT_3D('',#13834,#11048,#11049);
#9679=AXIS2_PLACEMENT_3D('',#13836,#11050,#11051);
#9680=AXIS2_PLACEMENT_3D('',#13839,#11053,#11054);
#9681=AXIS2_PLACEMENT_3D('',#13845,#11058,#11059);
#9682=AXIS2_PLACEMENT_3D('',#13846,#11060,#11061);
#9683=AXIS2_PLACEMENT_3D('',#13848,#11062,#11063);
#9684=AXIS2_PLACEMENT_3D('',#13851,#11065,#11066);
#9685=AXIS2_PLACEMENT_3D('',#13857,#11070,#11071);
#9686=AXIS2_PLACEMENT_3D('',#13858,#11072,#11073);
#9687=AXIS2_PLACEMENT_3D('',#13859,#11074,#11075);
#9688=AXIS2_PLACEMENT_3D('',#13860,#11076,#11077);
#9689=AXIS2_PLACEMENT_3D('',#13869,#11082,#11083);
#9690=AXIS2_PLACEMENT_3D('',#13870,#11084,#11085);
#9691=AXIS2_PLACEMENT_3D('',#13872,#11086,#11087);
#9692=AXIS2_PLACEMENT_3D('',#13875,#11089,#11090);
#9693=AXIS2_PLACEMENT_3D('',#13881,#11094,#11095);
#9694=AXIS2_PLACEMENT_3D('',#13882,#11096,#11097);
#9695=AXIS2_PLACEMENT_3D('',#13884,#11098,#11099);
#9696=AXIS2_PLACEMENT_3D('',#13887,#11101,#11102);
#9697=AXIS2_PLACEMENT_3D('',#13893,#11106,#11107);
#9698=AXIS2_PLACEMENT_3D('',#13894,#11108,#11109);
#9699=AXIS2_PLACEMENT_3D('',#13896,#11110,#11111);
#9700=AXIS2_PLACEMENT_3D('',#13899,#11113,#11114);
#9701=AXIS2_PLACEMENT_3D('',#13905,#11118,#11119);
#9702=AXIS2_PLACEMENT_3D('',#13906,#11120,#11121);
#9703=AXIS2_PLACEMENT_3D('',#13907,#11122,#11123);
#9704=AXIS2_PLACEMENT_3D('',#13908,#11124,#11125);
#9705=AXIS2_PLACEMENT_3D('',#13917,#11130,#11131);
#9706=AXIS2_PLACEMENT_3D('',#13918,#11132,#11133);
#9707=AXIS2_PLACEMENT_3D('',#13920,#11134,#11135);
#9708=AXIS2_PLACEMENT_3D('',#13923,#11137,#11138);
#9709=AXIS2_PLACEMENT_3D('',#13929,#11142,#11143);
#9710=AXIS2_PLACEMENT_3D('',#13930,#11144,#11145);
#9711=AXIS2_PLACEMENT_3D('',#13932,#11146,#11147);
#9712=AXIS2_PLACEMENT_3D('',#13935,#11149,#11150);
#9713=AXIS2_PLACEMENT_3D('',#13941,#11154,#11155);
#9714=AXIS2_PLACEMENT_3D('',#13942,#11156,#11157);
#9715=AXIS2_PLACEMENT_3D('',#13944,#11158,#11159);
#9716=AXIS2_PLACEMENT_3D('',#13947,#11161,#11162);
#9717=AXIS2_PLACEMENT_3D('',#13953,#11166,#11167);
#9718=AXIS2_PLACEMENT_3D('',#13954,#11168,#11169);
#9719=AXIS2_PLACEMENT_3D('',#13955,#11170,#11171);
#9720=AXIS2_PLACEMENT_3D('',#13956,#11172,#11173);
#9721=AXIS2_PLACEMENT_3D('',#13965,#11178,#11179);
#9722=AXIS2_PLACEMENT_3D('',#13966,#11180,#11181);
#9723=AXIS2_PLACEMENT_3D('',#13968,#11182,#11183);
#9724=AXIS2_PLACEMENT_3D('',#13971,#11185,#11186);
#9725=AXIS2_PLACEMENT_3D('',#13977,#11190,#11191);
#9726=AXIS2_PLACEMENT_3D('',#13978,#11192,#11193);
#9727=AXIS2_PLACEMENT_3D('',#13980,#11194,#11195);
#9728=AXIS2_PLACEMENT_3D('',#13983,#11197,#11198);
#9729=AXIS2_PLACEMENT_3D('',#13989,#11202,#11203);
#9730=AXIS2_PLACEMENT_3D('',#13990,#11204,#11205);
#9731=AXIS2_PLACEMENT_3D('',#13992,#11206,#11207);
#9732=AXIS2_PLACEMENT_3D('',#13995,#11209,#11210);
#9733=AXIS2_PLACEMENT_3D('',#14001,#11214,#11215);
#9734=AXIS2_PLACEMENT_3D('',#14002,#11216,#11217);
#9735=AXIS2_PLACEMENT_3D('',#14003,#11218,#11219);
#9736=AXIS2_PLACEMENT_3D('',#14004,#11220,#11221);
#9737=AXIS2_PLACEMENT_3D('',#14013,#11226,#11227);
#9738=AXIS2_PLACEMENT_3D('',#14014,#11228,#11229);
#9739=AXIS2_PLACEMENT_3D('',#14016,#11230,#11231);
#9740=AXIS2_PLACEMENT_3D('',#14019,#11233,#11234);
#9741=AXIS2_PLACEMENT_3D('',#14025,#11238,#11239);
#9742=AXIS2_PLACEMENT_3D('',#14026,#11240,#11241);
#9743=AXIS2_PLACEMENT_3D('',#14028,#11242,#11243);
#9744=AXIS2_PLACEMENT_3D('',#14031,#11245,#11246);
#9745=AXIS2_PLACEMENT_3D('',#14037,#11250,#11251);
#9746=AXIS2_PLACEMENT_3D('',#14038,#11252,#11253);
#9747=AXIS2_PLACEMENT_3D('',#14040,#11254,#11255);
#9748=AXIS2_PLACEMENT_3D('',#14043,#11257,#11258);
#9749=AXIS2_PLACEMENT_3D('',#14049,#11262,#11263);
#9750=AXIS2_PLACEMENT_3D('',#14050,#11264,#11265);
#9751=AXIS2_PLACEMENT_3D('',#14051,#11266,#11267);
#9752=AXIS2_PLACEMENT_3D('',#14052,#11268,#11269);
#9753=AXIS2_PLACEMENT_3D('',#14061,#11274,#11275);
#9754=AXIS2_PLACEMENT_3D('',#14062,#11276,#11277);
#9755=AXIS2_PLACEMENT_3D('',#14064,#11278,#11279);
#9756=AXIS2_PLACEMENT_3D('',#14067,#11281,#11282);
#9757=AXIS2_PLACEMENT_3D('',#14073,#11286,#11287);
#9758=AXIS2_PLACEMENT_3D('',#14074,#11288,#11289);
#9759=AXIS2_PLACEMENT_3D('',#14076,#11290,#11291);
#9760=AXIS2_PLACEMENT_3D('',#14079,#11293,#11294);
#9761=AXIS2_PLACEMENT_3D('',#14085,#11298,#11299);
#9762=AXIS2_PLACEMENT_3D('',#14086,#11300,#11301);
#9763=AXIS2_PLACEMENT_3D('',#14088,#11302,#11303);
#9764=AXIS2_PLACEMENT_3D('',#14091,#11305,#11306);
#9765=AXIS2_PLACEMENT_3D('',#14097,#11310,#11311);
#9766=AXIS2_PLACEMENT_3D('',#14098,#11312,#11313);
#9767=AXIS2_PLACEMENT_3D('',#14099,#11314,#11315);
#9768=AXIS2_PLACEMENT_3D('',#14100,#11316,#11317);
#9769=AXIS2_PLACEMENT_3D('',#14109,#11322,#11323);
#9770=AXIS2_PLACEMENT_3D('',#14110,#11324,#11325);
#9771=AXIS2_PLACEMENT_3D('',#14112,#11326,#11327);
#9772=AXIS2_PLACEMENT_3D('',#14115,#11329,#11330);
#9773=AXIS2_PLACEMENT_3D('',#14121,#11334,#11335);
#9774=AXIS2_PLACEMENT_3D('',#14122,#11336,#11337);
#9775=AXIS2_PLACEMENT_3D('',#14124,#11338,#11339);
#9776=AXIS2_PLACEMENT_3D('',#14127,#11341,#11342);
#9777=AXIS2_PLACEMENT_3D('',#14133,#11346,#11347);
#9778=AXIS2_PLACEMENT_3D('',#14134,#11348,#11349);
#9779=AXIS2_PLACEMENT_3D('',#14136,#11350,#11351);
#9780=AXIS2_PLACEMENT_3D('',#14139,#11353,#11354);
#9781=AXIS2_PLACEMENT_3D('',#14145,#11358,#11359);
#9782=AXIS2_PLACEMENT_3D('',#14146,#11360,#11361);
#9783=AXIS2_PLACEMENT_3D('',#14147,#11362,#11363);
#9784=AXIS2_PLACEMENT_3D('',#14148,#11364,#11365);
#9785=AXIS2_PLACEMENT_3D('',#14157,#11370,#11371);
#9786=AXIS2_PLACEMENT_3D('',#14158,#11372,#11373);
#9787=AXIS2_PLACEMENT_3D('',#14160,#11374,#11375);
#9788=AXIS2_PLACEMENT_3D('',#14163,#11377,#11378);
#9789=AXIS2_PLACEMENT_3D('',#14169,#11382,#11383);
#9790=AXIS2_PLACEMENT_3D('',#14170,#11384,#11385);
#9791=AXIS2_PLACEMENT_3D('',#14172,#11386,#11387);
#9792=AXIS2_PLACEMENT_3D('',#14175,#11389,#11390);
#9793=AXIS2_PLACEMENT_3D('',#14181,#11394,#11395);
#9794=AXIS2_PLACEMENT_3D('',#14182,#11396,#11397);
#9795=AXIS2_PLACEMENT_3D('',#14184,#11398,#11399);
#9796=AXIS2_PLACEMENT_3D('',#14187,#11401,#11402);
#9797=AXIS2_PLACEMENT_3D('',#14193,#11406,#11407);
#9798=AXIS2_PLACEMENT_3D('',#14194,#11408,#11409);
#9799=AXIS2_PLACEMENT_3D('',#14195,#11410,#11411);
#9800=AXIS2_PLACEMENT_3D('',#14196,#11412,#11413);
#9801=AXIS2_PLACEMENT_3D('',#14205,#11418,#11419);
#9802=AXIS2_PLACEMENT_3D('',#14206,#11420,#11421);
#9803=AXIS2_PLACEMENT_3D('',#14208,#11422,#11423);
#9804=AXIS2_PLACEMENT_3D('',#14211,#11425,#11426);
#9805=AXIS2_PLACEMENT_3D('',#14217,#11430,#11431);
#9806=AXIS2_PLACEMENT_3D('',#14218,#11432,#11433);
#9807=AXIS2_PLACEMENT_3D('',#14220,#11434,#11435);
#9808=AXIS2_PLACEMENT_3D('',#14223,#11437,#11438);
#9809=AXIS2_PLACEMENT_3D('',#14229,#11442,#11443);
#9810=AXIS2_PLACEMENT_3D('',#14230,#11444,#11445);
#9811=AXIS2_PLACEMENT_3D('',#14232,#11446,#11447);
#9812=AXIS2_PLACEMENT_3D('',#14235,#11449,#11450);
#9813=AXIS2_PLACEMENT_3D('',#14241,#11454,#11455);
#9814=AXIS2_PLACEMENT_3D('',#14242,#11456,#11457);
#9815=AXIS2_PLACEMENT_3D('',#14243,#11458,#11459);
#9816=AXIS2_PLACEMENT_3D('',#14244,#11460,#11461);
#9817=AXIS2_PLACEMENT_3D('',#14253,#11466,#11467);
#9818=AXIS2_PLACEMENT_3D('',#14254,#11468,#11469);
#9819=AXIS2_PLACEMENT_3D('',#14256,#11470,#11471);
#9820=AXIS2_PLACEMENT_3D('',#14259,#11473,#11474);
#9821=AXIS2_PLACEMENT_3D('',#14265,#11478,#11479);
#9822=AXIS2_PLACEMENT_3D('',#14266,#11480,#11481);
#9823=AXIS2_PLACEMENT_3D('',#14268,#11482,#11483);
#9824=AXIS2_PLACEMENT_3D('',#14271,#11485,#11486);
#9825=AXIS2_PLACEMENT_3D('',#14277,#11490,#11491);
#9826=AXIS2_PLACEMENT_3D('',#14278,#11492,#11493);
#9827=AXIS2_PLACEMENT_3D('',#14280,#11494,#11495);
#9828=AXIS2_PLACEMENT_3D('',#14283,#11497,#11498);
#9829=AXIS2_PLACEMENT_3D('',#14289,#11502,#11503);
#9830=AXIS2_PLACEMENT_3D('',#14290,#11504,#11505);
#9831=AXIS2_PLACEMENT_3D('',#14291,#11506,#11507);
#9832=AXIS2_PLACEMENT_3D('',#14292,#11508,#11509);
#9833=AXIS2_PLACEMENT_3D('',#14301,#11514,#11515);
#9834=AXIS2_PLACEMENT_3D('',#14302,#11516,#11517);
#9835=AXIS2_PLACEMENT_3D('',#14304,#11518,#11519);
#9836=AXIS2_PLACEMENT_3D('',#14307,#11521,#11522);
#9837=AXIS2_PLACEMENT_3D('',#14313,#11526,#11527);
#9838=AXIS2_PLACEMENT_3D('',#14314,#11528,#11529);
#9839=AXIS2_PLACEMENT_3D('',#14316,#11530,#11531);
#9840=AXIS2_PLACEMENT_3D('',#14319,#11533,#11534);
#9841=AXIS2_PLACEMENT_3D('',#14325,#11538,#11539);
#9842=AXIS2_PLACEMENT_3D('',#14326,#11540,#11541);
#9843=AXIS2_PLACEMENT_3D('',#14328,#11542,#11543);
#9844=AXIS2_PLACEMENT_3D('',#14331,#11545,#11546);
#9845=AXIS2_PLACEMENT_3D('',#14337,#11550,#11551);
#9846=AXIS2_PLACEMENT_3D('',#14338,#11552,#11553);
#9847=AXIS2_PLACEMENT_3D('',#14339,#11554,#11555);
#9848=AXIS2_PLACEMENT_3D('',#14340,#11556,#11557);
#9849=AXIS2_PLACEMENT_3D('',#14349,#11562,#11563);
#9850=AXIS2_PLACEMENT_3D('',#14350,#11564,#11565);
#9851=AXIS2_PLACEMENT_3D('',#14352,#11566,#11567);
#9852=AXIS2_PLACEMENT_3D('',#14355,#11569,#11570);
#9853=AXIS2_PLACEMENT_3D('',#14361,#11574,#11575);
#9854=AXIS2_PLACEMENT_3D('',#14362,#11576,#11577);
#9855=AXIS2_PLACEMENT_3D('',#14364,#11578,#11579);
#9856=AXIS2_PLACEMENT_3D('',#14367,#11581,#11582);
#9857=AXIS2_PLACEMENT_3D('',#14373,#11586,#11587);
#9858=AXIS2_PLACEMENT_3D('',#14374,#11588,#11589);
#9859=AXIS2_PLACEMENT_3D('',#14376,#11590,#11591);
#9860=AXIS2_PLACEMENT_3D('',#14379,#11593,#11594);
#9861=AXIS2_PLACEMENT_3D('',#14385,#11598,#11599);
#9862=AXIS2_PLACEMENT_3D('',#14386,#11600,#11601);
#9863=AXIS2_PLACEMENT_3D('',#14387,#11602,#11603);
#9864=AXIS2_PLACEMENT_3D('',#14388,#11604,#11605);
#9865=AXIS2_PLACEMENT_3D('',#14397,#11610,#11611);
#9866=AXIS2_PLACEMENT_3D('',#14398,#11612,#11613);
#9867=AXIS2_PLACEMENT_3D('',#14400,#11614,#11615);
#9868=AXIS2_PLACEMENT_3D('',#14403,#11617,#11618);
#9869=AXIS2_PLACEMENT_3D('',#14409,#11622,#11623);
#9870=AXIS2_PLACEMENT_3D('',#14410,#11624,#11625);
#9871=AXIS2_PLACEMENT_3D('',#14412,#11626,#11627);
#9872=AXIS2_PLACEMENT_3D('',#14415,#11629,#11630);
#9873=AXIS2_PLACEMENT_3D('',#14421,#11634,#11635);
#9874=AXIS2_PLACEMENT_3D('',#14422,#11636,#11637);
#9875=AXIS2_PLACEMENT_3D('',#14424,#11638,#11639);
#9876=AXIS2_PLACEMENT_3D('',#14427,#11641,#11642);
#9877=AXIS2_PLACEMENT_3D('',#14433,#11646,#11647);
#9878=AXIS2_PLACEMENT_3D('',#14434,#11648,#11649);
#9879=AXIS2_PLACEMENT_3D('',#14435,#11650,#11651);
#9880=AXIS2_PLACEMENT_3D('',#14436,#11652,#11653);
#9881=AXIS2_PLACEMENT_3D('',#14445,#11658,#11659);
#9882=AXIS2_PLACEMENT_3D('',#14446,#11660,#11661);
#9883=AXIS2_PLACEMENT_3D('',#14448,#11662,#11663);
#9884=AXIS2_PLACEMENT_3D('',#14451,#11665,#11666);
#9885=AXIS2_PLACEMENT_3D('',#14457,#11670,#11671);
#9886=AXIS2_PLACEMENT_3D('',#14458,#11672,#11673);
#9887=AXIS2_PLACEMENT_3D('',#14460,#11674,#11675);
#9888=AXIS2_PLACEMENT_3D('',#14463,#11677,#11678);
#9889=AXIS2_PLACEMENT_3D('',#14469,#11682,#11683);
#9890=AXIS2_PLACEMENT_3D('',#14470,#11684,#11685);
#9891=AXIS2_PLACEMENT_3D('',#14472,#11686,#11687);
#9892=AXIS2_PLACEMENT_3D('',#14475,#11689,#11690);
#9893=AXIS2_PLACEMENT_3D('',#14481,#11694,#11695);
#9894=AXIS2_PLACEMENT_3D('',#14482,#11696,#11697);
#9895=AXIS2_PLACEMENT_3D('',#14483,#11698,#11699);
#9896=AXIS2_PLACEMENT_3D('',#14484,#11700,#11701);
#9897=AXIS2_PLACEMENT_3D('',#14493,#11706,#11707);
#9898=AXIS2_PLACEMENT_3D('',#14494,#11708,#11709);
#9899=AXIS2_PLACEMENT_3D('',#14496,#11710,#11711);
#9900=AXIS2_PLACEMENT_3D('',#14499,#11713,#11714);
#9901=AXIS2_PLACEMENT_3D('',#14505,#11718,#11719);
#9902=AXIS2_PLACEMENT_3D('',#14506,#11720,#11721);
#9903=AXIS2_PLACEMENT_3D('',#14508,#11722,#11723);
#9904=AXIS2_PLACEMENT_3D('',#14511,#11725,#11726);
#9905=AXIS2_PLACEMENT_3D('',#14517,#11730,#11731);
#9906=AXIS2_PLACEMENT_3D('',#14518,#11732,#11733);
#9907=AXIS2_PLACEMENT_3D('',#14520,#11734,#11735);
#9908=AXIS2_PLACEMENT_3D('',#14523,#11737,#11738);
#9909=AXIS2_PLACEMENT_3D('',#14529,#11742,#11743);
#9910=AXIS2_PLACEMENT_3D('',#14530,#11744,#11745);
#9911=AXIS2_PLACEMENT_3D('',#14531,#11746,#11747);
#9912=AXIS2_PLACEMENT_3D('',#14532,#11748,#11749);
#9913=AXIS2_PLACEMENT_3D('',#14541,#11754,#11755);
#9914=AXIS2_PLACEMENT_3D('',#14542,#11756,#11757);
#9915=AXIS2_PLACEMENT_3D('',#14544,#11758,#11759);
#9916=AXIS2_PLACEMENT_3D('',#14547,#11761,#11762);
#9917=AXIS2_PLACEMENT_3D('',#14553,#11766,#11767);
#9918=AXIS2_PLACEMENT_3D('',#14554,#11768,#11769);
#9919=AXIS2_PLACEMENT_3D('',#14556,#11770,#11771);
#9920=AXIS2_PLACEMENT_3D('',#14559,#11773,#11774);
#9921=AXIS2_PLACEMENT_3D('',#14565,#11778,#11779);
#9922=AXIS2_PLACEMENT_3D('',#14566,#11780,#11781);
#9923=AXIS2_PLACEMENT_3D('',#14568,#11782,#11783);
#9924=AXIS2_PLACEMENT_3D('',#14571,#11785,#11786);
#9925=AXIS2_PLACEMENT_3D('',#14577,#11790,#11791);
#9926=AXIS2_PLACEMENT_3D('',#14578,#11792,#11793);
#9927=AXIS2_PLACEMENT_3D('',#14579,#11794,#11795);
#9928=AXIS2_PLACEMENT_3D('',#14580,#11796,#11797);
#9929=AXIS2_PLACEMENT_3D('',#14589,#11802,#11803);
#9930=AXIS2_PLACEMENT_3D('',#14590,#11804,#11805);
#9931=AXIS2_PLACEMENT_3D('',#14592,#11806,#11807);
#9932=AXIS2_PLACEMENT_3D('',#14595,#11809,#11810);
#9933=AXIS2_PLACEMENT_3D('',#14601,#11814,#11815);
#9934=AXIS2_PLACEMENT_3D('',#14602,#11816,#11817);
#9935=AXIS2_PLACEMENT_3D('',#14604,#11818,#11819);
#9936=AXIS2_PLACEMENT_3D('',#14607,#11821,#11822);
#9937=AXIS2_PLACEMENT_3D('',#14613,#11826,#11827);
#9938=AXIS2_PLACEMENT_3D('',#14614,#11828,#11829);
#9939=AXIS2_PLACEMENT_3D('',#14616,#11830,#11831);
#9940=AXIS2_PLACEMENT_3D('',#14619,#11833,#11834);
#9941=AXIS2_PLACEMENT_3D('',#14625,#11838,#11839);
#9942=AXIS2_PLACEMENT_3D('',#14626,#11840,#11841);
#9943=AXIS2_PLACEMENT_3D('',#14627,#11842,#11843);
#9944=AXIS2_PLACEMENT_3D('',#14628,#11844,#11845);
#9945=AXIS2_PLACEMENT_3D('',#14637,#11850,#11851);
#9946=AXIS2_PLACEMENT_3D('',#14638,#11852,#11853);
#9947=AXIS2_PLACEMENT_3D('',#14640,#11854,#11855);
#9948=AXIS2_PLACEMENT_3D('',#14643,#11857,#11858);
#9949=AXIS2_PLACEMENT_3D('',#14649,#11862,#11863);
#9950=AXIS2_PLACEMENT_3D('',#14650,#11864,#11865);
#9951=AXIS2_PLACEMENT_3D('',#14652,#11866,#11867);
#9952=AXIS2_PLACEMENT_3D('',#14655,#11869,#11870);
#9953=AXIS2_PLACEMENT_3D('',#14661,#11874,#11875);
#9954=AXIS2_PLACEMENT_3D('',#14662,#11876,#11877);
#9955=AXIS2_PLACEMENT_3D('',#14664,#11878,#11879);
#9956=AXIS2_PLACEMENT_3D('',#14667,#11881,#11882);
#9957=AXIS2_PLACEMENT_3D('',#14673,#11886,#11887);
#9958=AXIS2_PLACEMENT_3D('',#14674,#11888,#11889);
#9959=AXIS2_PLACEMENT_3D('',#14675,#11890,#11891);
#9960=AXIS2_PLACEMENT_3D('',#14676,#11892,#11893);
#9961=AXIS2_PLACEMENT_3D('',#14685,#11898,#11899);
#9962=AXIS2_PLACEMENT_3D('',#14686,#11900,#11901);
#9963=AXIS2_PLACEMENT_3D('',#14688,#11902,#11903);
#9964=AXIS2_PLACEMENT_3D('',#14691,#11905,#11906);
#9965=AXIS2_PLACEMENT_3D('',#14697,#11910,#11911);
#9966=AXIS2_PLACEMENT_3D('',#14698,#11912,#11913);
#9967=AXIS2_PLACEMENT_3D('',#14700,#11914,#11915);
#9968=AXIS2_PLACEMENT_3D('',#14703,#11917,#11918);
#9969=AXIS2_PLACEMENT_3D('',#14709,#11922,#11923);
#9970=AXIS2_PLACEMENT_3D('',#14710,#11924,#11925);
#9971=AXIS2_PLACEMENT_3D('',#14712,#11926,#11927);
#9972=AXIS2_PLACEMENT_3D('',#14715,#11929,#11930);
#9973=AXIS2_PLACEMENT_3D('',#14721,#11934,#11935);
#9974=AXIS2_PLACEMENT_3D('',#14722,#11936,#11937);
#9975=AXIS2_PLACEMENT_3D('',#14723,#11938,#11939);
#9976=AXIS2_PLACEMENT_3D('',#14724,#11940,#11941);
#9977=AXIS2_PLACEMENT_3D('',#14733,#11946,#11947);
#9978=AXIS2_PLACEMENT_3D('',#14734,#11948,#11949);
#9979=AXIS2_PLACEMENT_3D('',#14736,#11950,#11951);
#9980=AXIS2_PLACEMENT_3D('',#14739,#11953,#11954);
#9981=AXIS2_PLACEMENT_3D('',#14745,#11958,#11959);
#9982=AXIS2_PLACEMENT_3D('',#14746,#11960,#11961);
#9983=AXIS2_PLACEMENT_3D('',#14748,#11962,#11963);
#9984=AXIS2_PLACEMENT_3D('',#14751,#11965,#11966);
#9985=AXIS2_PLACEMENT_3D('',#14757,#11970,#11971);
#9986=AXIS2_PLACEMENT_3D('',#14758,#11972,#11973);
#9987=AXIS2_PLACEMENT_3D('',#14760,#11974,#11975);
#9988=AXIS2_PLACEMENT_3D('',#14763,#11977,#11978);
#9989=AXIS2_PLACEMENT_3D('',#14769,#11982,#11983);
#9990=AXIS2_PLACEMENT_3D('',#14770,#11984,#11985);
#9991=AXIS2_PLACEMENT_3D('',#14771,#11986,#11987);
#9992=AXIS2_PLACEMENT_3D('',#14772,#11988,#11989);
#9993=AXIS2_PLACEMENT_3D('',#14781,#11994,#11995);
#9994=AXIS2_PLACEMENT_3D('',#14782,#11996,#11997);
#9995=AXIS2_PLACEMENT_3D('',#14784,#11998,#11999);
#9996=AXIS2_PLACEMENT_3D('',#14787,#12001,#12002);
#9997=AXIS2_PLACEMENT_3D('',#14793,#12006,#12007);
#9998=AXIS2_PLACEMENT_3D('',#14794,#12008,#12009);
#9999=AXIS2_PLACEMENT_3D('',#14796,#12010,#12011);
#10000=AXIS2_PLACEMENT_3D('',#14799,#12013,#12014);
#10001=AXIS2_PLACEMENT_3D('',#14805,#12018,#12019);
#10002=AXIS2_PLACEMENT_3D('',#14806,#12020,#12021);
#10003=AXIS2_PLACEMENT_3D('',#14808,#12022,#12023);
#10004=AXIS2_PLACEMENT_3D('',#14811,#12025,#12026);
#10005=AXIS2_PLACEMENT_3D('',#14817,#12030,#12031);
#10006=AXIS2_PLACEMENT_3D('',#14818,#12032,#12033);
#10007=AXIS2_PLACEMENT_3D('',#14819,#12034,#12035);
#10008=AXIS2_PLACEMENT_3D('',#14820,#12036,#12037);
#10009=AXIS2_PLACEMENT_3D('',#14829,#12042,#12043);
#10010=AXIS2_PLACEMENT_3D('',#14830,#12044,#12045);
#10011=AXIS2_PLACEMENT_3D('',#14832,#12046,#12047);
#10012=AXIS2_PLACEMENT_3D('',#14835,#12049,#12050);
#10013=AXIS2_PLACEMENT_3D('',#14841,#12054,#12055);
#10014=AXIS2_PLACEMENT_3D('',#14842,#12056,#12057);
#10015=AXIS2_PLACEMENT_3D('',#14844,#12058,#12059);
#10016=AXIS2_PLACEMENT_3D('',#14847,#12061,#12062);
#10017=AXIS2_PLACEMENT_3D('',#14853,#12066,#12067);
#10018=AXIS2_PLACEMENT_3D('',#14854,#12068,#12069);
#10019=AXIS2_PLACEMENT_3D('',#14856,#12070,#12071);
#10020=AXIS2_PLACEMENT_3D('',#14859,#12073,#12074);
#10021=AXIS2_PLACEMENT_3D('',#14865,#12078,#12079);
#10022=AXIS2_PLACEMENT_3D('',#14866,#12080,#12081);
#10023=AXIS2_PLACEMENT_3D('',#14867,#12082,#12083);
#10024=AXIS2_PLACEMENT_3D('',#14868,#12084,#12085);
#10025=AXIS2_PLACEMENT_3D('',#14877,#12090,#12091);
#10026=AXIS2_PLACEMENT_3D('',#14878,#12092,#12093);
#10027=AXIS2_PLACEMENT_3D('',#14880,#12094,#12095);
#10028=AXIS2_PLACEMENT_3D('',#14883,#12097,#12098);
#10029=AXIS2_PLACEMENT_3D('',#14889,#12102,#12103);
#10030=AXIS2_PLACEMENT_3D('',#14890,#12104,#12105);
#10031=AXIS2_PLACEMENT_3D('',#14892,#12106,#12107);
#10032=AXIS2_PLACEMENT_3D('',#14895,#12109,#12110);
#10033=AXIS2_PLACEMENT_3D('',#14901,#12114,#12115);
#10034=AXIS2_PLACEMENT_3D('',#14902,#12116,#12117);
#10035=AXIS2_PLACEMENT_3D('',#14904,#12118,#12119);
#10036=AXIS2_PLACEMENT_3D('',#14907,#12121,#12122);
#10037=AXIS2_PLACEMENT_3D('',#14913,#12126,#12127);
#10038=AXIS2_PLACEMENT_3D('',#14914,#12128,#12129);
#10039=AXIS2_PLACEMENT_3D('',#14915,#12130,#12131);
#10040=AXIS2_PLACEMENT_3D('',#14916,#12132,#12133);
#10041=AXIS2_PLACEMENT_3D('',#14925,#12138,#12139);
#10042=AXIS2_PLACEMENT_3D('',#14926,#12140,#12141);
#10043=AXIS2_PLACEMENT_3D('',#14928,#12142,#12143);
#10044=AXIS2_PLACEMENT_3D('',#14931,#12145,#12146);
#10045=AXIS2_PLACEMENT_3D('',#14937,#12150,#12151);
#10046=AXIS2_PLACEMENT_3D('',#14938,#12152,#12153);
#10047=AXIS2_PLACEMENT_3D('',#14940,#12154,#12155);
#10048=AXIS2_PLACEMENT_3D('',#14943,#12157,#12158);
#10049=AXIS2_PLACEMENT_3D('',#14949,#12162,#12163);
#10050=AXIS2_PLACEMENT_3D('',#14950,#12164,#12165);
#10051=AXIS2_PLACEMENT_3D('',#14952,#12166,#12167);
#10052=AXIS2_PLACEMENT_3D('',#14955,#12169,#12170);
#10053=AXIS2_PLACEMENT_3D('',#14961,#12174,#12175);
#10054=AXIS2_PLACEMENT_3D('',#14962,#12176,#12177);
#10055=AXIS2_PLACEMENT_3D('',#14963,#12178,#12179);
#10056=AXIS2_PLACEMENT_3D('',#14964,#12180,#12181);
#10057=AXIS2_PLACEMENT_3D('',#14973,#12186,#12187);
#10058=AXIS2_PLACEMENT_3D('',#14974,#12188,#12189);
#10059=AXIS2_PLACEMENT_3D('',#14976,#12190,#12191);
#10060=AXIS2_PLACEMENT_3D('',#14979,#12193,#12194);
#10061=AXIS2_PLACEMENT_3D('',#14985,#12198,#12199);
#10062=AXIS2_PLACEMENT_3D('',#14986,#12200,#12201);
#10063=AXIS2_PLACEMENT_3D('',#14988,#12202,#12203);
#10064=AXIS2_PLACEMENT_3D('',#14991,#12205,#12206);
#10065=AXIS2_PLACEMENT_3D('',#14997,#12210,#12211);
#10066=AXIS2_PLACEMENT_3D('',#14998,#12212,#12213);
#10067=AXIS2_PLACEMENT_3D('',#15000,#12214,#12215);
#10068=AXIS2_PLACEMENT_3D('',#15003,#12217,#12218);
#10069=AXIS2_PLACEMENT_3D('',#15009,#12222,#12223);
#10070=AXIS2_PLACEMENT_3D('',#15010,#12224,#12225);
#10071=AXIS2_PLACEMENT_3D('',#15011,#12226,#12227);
#10072=AXIS2_PLACEMENT_3D('',#15012,#12228,#12229);
#10073=AXIS2_PLACEMENT_3D('',#15021,#12234,#12235);
#10074=AXIS2_PLACEMENT_3D('',#15022,#12236,#12237);
#10075=AXIS2_PLACEMENT_3D('',#15024,#12238,#12239);
#10076=AXIS2_PLACEMENT_3D('',#15027,#12241,#12242);
#10077=AXIS2_PLACEMENT_3D('',#15033,#12246,#12247);
#10078=AXIS2_PLACEMENT_3D('',#15034,#12248,#12249);
#10079=AXIS2_PLACEMENT_3D('',#15036,#12250,#12251);
#10080=AXIS2_PLACEMENT_3D('',#15039,#12253,#12254);
#10081=AXIS2_PLACEMENT_3D('',#15045,#12258,#12259);
#10082=AXIS2_PLACEMENT_3D('',#15046,#12260,#12261);
#10083=AXIS2_PLACEMENT_3D('',#15048,#12262,#12263);
#10084=AXIS2_PLACEMENT_3D('',#15051,#12265,#12266);
#10085=AXIS2_PLACEMENT_3D('',#15057,#12270,#12271);
#10086=AXIS2_PLACEMENT_3D('',#15058,#12272,#12273);
#10087=AXIS2_PLACEMENT_3D('',#15059,#12274,#12275);
#10088=AXIS2_PLACEMENT_3D('',#15060,#12276,#12277);
#10089=AXIS2_PLACEMENT_3D('',#15063,#12279,#12280);
#10090=AXIS2_PLACEMENT_3D('',#15066,#12282,#12283);
#10091=AXIS2_PLACEMENT_3D('',#15070,#12286,#12287);
#10092=AXIS2_PLACEMENT_3D('',#15073,#12289,#12290);
#10093=AXIS2_PLACEMENT_3D('',#15074,#12291,#12292);
#10094=AXIS2_PLACEMENT_3D('',#15078,#12295,#12296);
#10095=AXIS2_PLACEMENT_3D('',#15079,#12297,#12298);
#10096=AXIS2_PLACEMENT_3D('',#15082,#12300,#12301);
#10097=AXIS2_PLACEMENT_3D('',#15086,#12304,#12305);
#10098=AXIS2_PLACEMENT_3D('',#15087,#12306,#12307);
#10099=AXIS2_PLACEMENT_3D('',#15090,#12309,#12310);
#10100=AXIS2_PLACEMENT_3D('',#15094,#12313,#12314);
#10101=AXIS2_PLACEMENT_3D('',#15097,#12316,#12317);
#10102=AXIS2_PLACEMENT_3D('',#15098,#12318,#12319);
#10103=AXIS2_PLACEMENT_3D('',#15102,#12322,#12323);
#10104=AXIS2_PLACEMENT_3D('',#15103,#12324,#12325);
#10105=AXIS2_PLACEMENT_3D('',#15106,#12327,#12328);
#10106=AXIS2_PLACEMENT_3D('',#15111,#12332,#12333);
#10107=AXIS2_PLACEMENT_3D('',#15112,#12334,#12335);
#10108=AXIS2_PLACEMENT_3D('',#15115,#12337,#12338);
#10109=AXIS2_PLACEMENT_3D('',#15119,#12341,#12342);
#10110=AXIS2_PLACEMENT_3D('',#15120,#12343,#12344);
#10111=AXIS2_PLACEMENT_3D('',#15123,#12346,#12347);
#10112=AXIS2_PLACEMENT_3D('',#15129,#12351,#12352);
#10113=AXIS2_PLACEMENT_3D('',#15135,#12356,#12357);
#10114=AXIS2_PLACEMENT_3D('',#15141,#12361,#12362);
#10115=AXIS2_PLACEMENT_3D('',#15142,#12363,#12364);
#10116=AXIS2_PLACEMENT_3D('',#15144,#12365,#12366);
#10117=AXIS2_PLACEMENT_3D('',#15147,#12368,#12369);
#10118=AXIS2_PLACEMENT_3D('',#15153,#12373,#12374);
#10119=AXIS2_PLACEMENT_3D('',#15154,#12375,#12376);
#10120=AXIS2_PLACEMENT_3D('',#15156,#12377,#12378);
#10121=AXIS2_PLACEMENT_3D('',#15159,#12380,#12381);
#10122=AXIS2_PLACEMENT_3D('',#15165,#12385,#12386);
#10123=AXIS2_PLACEMENT_3D('',#15171,#12390,#12391);
#10124=AXIS2_PLACEMENT_3D('',#15176,#12395,#12396);
#10125=AXIS2_PLACEMENT_3D('',#15179,#12398,#12399);
#10126=AXIS2_PLACEMENT_3D('',#15180,#12400,#12401);
#10127=AXIS2_PLACEMENT_3D('',#15184,#12404,#12405);
#10128=AXIS2_PLACEMENT_3D('',#15187,#12407,#12408);
#10129=AXIS2_PLACEMENT_3D('',#15188,#12409,#12410);
#10130=AXIS2_PLACEMENT_3D('',#15193,#12414,#12415);
#10131=AXIS2_PLACEMENT_3D('',#15196,#12417,#12418);
#10132=AXIS2_PLACEMENT_3D('',#15197,#12419,#12420);
#10133=AXIS2_PLACEMENT_3D('',#15201,#12423,#12424);
#10134=AXIS2_PLACEMENT_3D('',#15202,#12425,#12426);
#10135=AXIS2_PLACEMENT_3D('',#15205,#12428,#12429);
#10136=AXIS2_PLACEMENT_3D('',#15209,#12432,#12433);
#10137=AXIS2_PLACEMENT_3D('',#15212,#12435,#12436);
#10138=AXIS2_PLACEMENT_3D('',#15213,#12437,#12438);
#10139=AXIS2_PLACEMENT_3D('',#15217,#12441,#12442);
#10140=AXIS2_PLACEMENT_3D('',#15220,#12444,#12445);
#10141=AXIS2_PLACEMENT_3D('',#15221,#12446,#12447);
#10142=AXIS2_PLACEMENT_3D('',#15225,#12450,#12451);
#10143=AXIS2_PLACEMENT_3D('',#15226,#12452,#12453);
#10144=AXIS2_PLACEMENT_3D('',#15229,#12455,#12456);
#10145=AXIS2_PLACEMENT_3D('',#15233,#12459,#12460);
#10146=AXIS2_PLACEMENT_3D('',#15236,#12462,#12463);
#10147=AXIS2_PLACEMENT_3D('',#15237,#12464,#12465);
#10148=AXIS2_PLACEMENT_3D('',#15243,#12469,#12470);
#10149=AXIS2_PLACEMENT_3D('',#15249,#12474,#12475);
#10150=AXIS2_PLACEMENT_3D('',#15255,#12479,#12480);
#10151=AXIS2_PLACEMENT_3D('',#15256,#12481,#12482);
#10152=AXIS2_PLACEMENT_3D('',#15258,#12483,#12484);
#10153=AXIS2_PLACEMENT_3D('',#15261,#12486,#12487);
#10154=AXIS2_PLACEMENT_3D('',#15267,#12491,#12492);
#10155=AXIS2_PLACEMENT_3D('',#15268,#12493,#12494);
#10156=AXIS2_PLACEMENT_3D('',#15270,#12495,#12496);
#10157=AXIS2_PLACEMENT_3D('',#15273,#12498,#12499);
#10158=AXIS2_PLACEMENT_3D('',#15279,#12503,#12504);
#10159=AXIS2_PLACEMENT_3D('',#15285,#12508,#12509);
#10160=AXIS2_PLACEMENT_3D('',#15288,#12512,#12513);
#10161=AXIS2_PLACEMENT_3D('',#15297,#12518,#12519);
#10162=AXIS2_PLACEMENT_3D('',#15298,#12520,#12521);
#10163=AXIS2_PLACEMENT_3D('',#15300,#12522,#12523);
#10164=AXIS2_PLACEMENT_3D('',#15303,#12525,#12526);
#10165=AXIS2_PLACEMENT_3D('',#15309,#12530,#12531);
#10166=AXIS2_PLACEMENT_3D('',#15310,#12532,#12533);
#10167=AXIS2_PLACEMENT_3D('',#15312,#12534,#12535);
#10168=AXIS2_PLACEMENT_3D('',#15315,#12537,#12538);
#10169=AXIS2_PLACEMENT_3D('',#15321,#12542,#12543);
#10170=AXIS2_PLACEMENT_3D('',#15322,#12544,#12545);
#10171=AXIS2_PLACEMENT_3D('',#15324,#12546,#12547);
#10172=AXIS2_PLACEMENT_3D('',#15327,#12549,#12550);
#10173=AXIS2_PLACEMENT_3D('',#15333,#12554,#12555);
#10174=AXIS2_PLACEMENT_3D('',#15334,#12556,#12557);
#10175=AXIS2_PLACEMENT_3D('',#15335,#12558,#12559);
#10176=AXIS2_PLACEMENT_3D('',#15336,#12560,#12561);
#10177=AXIS2_PLACEMENT_3D('',#15337,#12562,#12563);
#10178=AXIS2_PLACEMENT_3D('',#15342,#12565,#12566);
#10179=AXIS2_PLACEMENT_3D('',#15345,#12568,#12569);
#10180=AXIS2_PLACEMENT_3D('',#15351,#12573,#12574);
#10181=AXIS2_PLACEMENT_3D('',#15352,#12575,#12576);
#10182=AXIS2_PLACEMENT_3D('',#15354,#12577,#12578);
#10183=AXIS2_PLACEMENT_3D('',#15357,#12580,#12581);
#10184=AXIS2_PLACEMENT_3D('',#15363,#12585,#12586);
#10185=AXIS2_PLACEMENT_3D('',#15364,#12587,#12588);
#10186=AXIS2_PLACEMENT_3D('',#15366,#12589,#12590);
#10187=AXIS2_PLACEMENT_3D('',#15369,#12592,#12593);
#10188=AXIS2_PLACEMENT_3D('',#15375,#12597,#12598);
#10189=AXIS2_PLACEMENT_3D('',#15376,#12599,#12600);
#10190=AXIS2_PLACEMENT_3D('',#15378,#12601,#12602);
#10191=AXIS2_PLACEMENT_3D('',#15381,#12604,#12605);
#10192=AXIS2_PLACEMENT_3D('',#15384,#12608,#12609);
#10193=AXIS2_PLACEMENT_3D('',#15393,#12614,#12615);
#10194=AXIS2_PLACEMENT_3D('',#15394,#12616,#12617);
#10195=AXIS2_PLACEMENT_3D('',#15396,#12618,#12619);
#10196=AXIS2_PLACEMENT_3D('',#15399,#12621,#12622);
#10197=AXIS2_PLACEMENT_3D('',#15405,#12626,#12627);
#10198=AXIS2_PLACEMENT_3D('',#15406,#12628,#12629);
#10199=AXIS2_PLACEMENT_3D('',#15408,#12630,#12631);
#10200=AXIS2_PLACEMENT_3D('',#15411,#12633,#12634);
#10201=AXIS2_PLACEMENT_3D('',#15417,#12638,#12639);
#10202=AXIS2_PLACEMENT_3D('',#15423,#12643,#12644);
#10203=AXIS2_PLACEMENT_3D('',#15428,#12648,#12649);
#10204=AXIS2_PLACEMENT_3D('',#15431,#12651,#12652);
#10205=AXIS2_PLACEMENT_3D('',#15432,#12653,#12654);
#10206=AXIS2_PLACEMENT_3D('',#15436,#12657,#12658);
#10207=AXIS2_PLACEMENT_3D('',#15439,#12660,#12661);
#10208=AXIS2_PLACEMENT_3D('',#15440,#12662,#12663);
#10209=AXIS2_PLACEMENT_3D('',#15447,#12668,#12669);
#10210=AXIS2_PLACEMENT_3D('',#15450,#12671,#12672);
#10211=AXIS2_PLACEMENT_3D('',#15451,#12673,#12674);
#10212=AXIS2_PLACEMENT_3D('',#15455,#12677,#12678);
#10213=AXIS2_PLACEMENT_3D('',#15456,#12679,#12680);
#10214=AXIS2_PLACEMENT_3D('',#15459,#12682,#12683);
#10215=AXIS2_PLACEMENT_3D('',#15463,#12686,#12687);
#10216=AXIS2_PLACEMENT_3D('',#15466,#12689,#12690);
#10217=AXIS2_PLACEMENT_3D('',#15467,#12691,#12692);
#10218=AXIS2_PLACEMENT_3D('',#15471,#12695,#12696);
#10219=AXIS2_PLACEMENT_3D('',#15474,#12698,#12699);
#10220=AXIS2_PLACEMENT_3D('',#15475,#12700,#12701);
#10221=AXIS2_PLACEMENT_3D('',#15479,#12704,#12705);
#10222=AXIS2_PLACEMENT_3D('',#15480,#12706,#12707);
#10223=AXIS2_PLACEMENT_3D('',#15483,#12709,#12710);
#10224=AXIS2_PLACEMENT_3D('',#15487,#12713,#12714);
#10225=AXIS2_PLACEMENT_3D('',#15490,#12716,#12717);
#10226=AXIS2_PLACEMENT_3D('',#15491,#12718,#12719);
#10227=AXIS2_PLACEMENT_3D('',#15499,#12724,#12725);
#10228=AXIS2_PLACEMENT_3D('',#15505,#12729,#12730);
#10229=AXIS2_PLACEMENT_3D('',#15511,#12734,#12735);
#10230=AXIS2_PLACEMENT_3D('',#15512,#12736,#12737);
#10231=AXIS2_PLACEMENT_3D('',#15514,#12738,#12739);
#10232=AXIS2_PLACEMENT_3D('',#15517,#12741,#12742);
#10233=AXIS2_PLACEMENT_3D('',#15523,#12746,#12747);
#10234=AXIS2_PLACEMENT_3D('',#15524,#12748,#12749);
#10235=AXIS2_PLACEMENT_3D('',#15526,#12750,#12751);
#10236=AXIS2_PLACEMENT_3D('',#15529,#12753,#12754);
#10237=AXIS2_PLACEMENT_3D('',#15535,#12758,#12759);
#10238=AXIS2_PLACEMENT_3D('',#15536,#12760,#12761);
#10239=AXIS2_PLACEMENT_3D('',#15541,#12763,#12764);
#10240=AXIS2_PLACEMENT_3D('',#15544,#12766,#12767);
#10241=AXIS2_PLACEMENT_3D('',#15550,#12771,#12772);
#10242=AXIS2_PLACEMENT_3D('',#15554,#12774,#12775);
#10243=AXIS2_PLACEMENT_3D('',#15555,#12776,#12777);
#10244=AXIS2_PLACEMENT_3D('',#15556,#12778,#12779);
#10245=AXIS2_PLACEMENT_3D('',#15562,#12783,#12784);
#10246=AXIS2_PLACEMENT_3D('',#15563,#12785,#12786);
#10247=AXIS2_PLACEMENT_3D('',#15565,#12787,#12788);
#10248=AXIS2_PLACEMENT_3D('',#15568,#12790,#12791);
#10249=AXIS2_PLACEMENT_3D('',#15574,#12795,#12796);
#10250=AXIS2_PLACEMENT_3D('',#15578,#12798,#12799);
#10251=AXIS2_PLACEMENT_3D('',#15579,#12800,#12801);
#10252=AXIS2_PLACEMENT_3D('',#15580,#12802,#12803);
#10253=AXIS2_PLACEMENT_3D('',#15587,#12808,#12809);
#10254=AXIS2_PLACEMENT_3D('',#15588,#12810,#12811);
#10255=AXIS2_PLACEMENT_3D('',#15590,#12812,#12813);
#10256=AXIS2_PLACEMENT_3D('',#15593,#12815,#12816);
#10257=AXIS2_PLACEMENT_3D('',#15599,#12820,#12821);
#10258=AXIS2_PLACEMENT_3D('',#15603,#12823,#12824);
#10259=AXIS2_PLACEMENT_3D('',#15604,#12825,#12826);
#10260=AXIS2_PLACEMENT_3D('',#15605,#12827,#12828);
#10261=AXIS2_PLACEMENT_3D('',#15611,#12832,#12833);
#10262=AXIS2_PLACEMENT_3D('',#15612,#12834,#12835);
#10263=AXIS2_PLACEMENT_3D('',#15614,#12836,#12837);
#10264=AXIS2_PLACEMENT_3D('',#15617,#12839,#12840);
#10265=AXIS2_PLACEMENT_3D('',#15623,#12844,#12845);
#10266=AXIS2_PLACEMENT_3D('',#15627,#12847,#12848);
#10267=AXIS2_PLACEMENT_3D('',#15628,#12849,#12850);
#10268=AXIS2_PLACEMENT_3D('',#15629,#12851,#12852);
#10269=AXIS2_PLACEMENT_3D('',#15635,#12856,#12857);
#10270=AXIS2_PLACEMENT_3D('',#15636,#12858,#12859);
#10271=AXIS2_PLACEMENT_3D('',#15640,#12861,#12862);
#10272=AXIS2_PLACEMENT_3D('',#15641,#12863,#12864);
#10273=AXIS2_PLACEMENT_3D('',#15647,#12868,#12869);
#10274=AXIS2_PLACEMENT_3D('',#15648,#12870,#12871);
#10275=AXIS2_PLACEMENT_3D('',#15652,#12873,#12874);
#10276=AXIS2_PLACEMENT_3D('',#15653,#12875,#12876);
#10277=AXIS2_PLACEMENT_3D('',#15659,#12880,#12881);
#10278=AXIS2_PLACEMENT_3D('',#15660,#12882,#12883);
#10279=AXIS2_PLACEMENT_3D('',#15662,#12884,#12885);
#10280=AXIS2_PLACEMENT_3D('',#15665,#12887,#12888);
#10281=AXIS2_PLACEMENT_3D('',#15671,#12892,#12893);
#10282=AXIS2_PLACEMENT_3D('',#15675,#12895,#12896);
#10283=AXIS2_PLACEMENT_3D('',#15676,#12897,#12898);
#10284=AXIS2_PLACEMENT_3D('',#15677,#12899,#12900);
#10285=AXIS2_PLACEMENT_3D('',#15683,#12904,#12905);
#10286=AXIS2_PLACEMENT_3D('',#15684,#12906,#12907);
#10287=AXIS2_PLACEMENT_3D('',#15686,#12908,#12909);
#10288=AXIS2_PLACEMENT_3D('',#15689,#12911,#12912);
#10289=AXIS2_PLACEMENT_3D('',#15695,#12916,#12917);
#10290=AXIS2_PLACEMENT_3D('',#15699,#12919,#12920);
#10291=AXIS2_PLACEMENT_3D('',#15700,#12921,#12922);
#10292=AXIS2_PLACEMENT_3D('',#15701,#12923,#12924);
#10293=AXIS2_PLACEMENT_3D('',#15707,#12928,#12929);
#10294=AXIS2_PLACEMENT_3D('',#15708,#12930,#12931);
#10295=AXIS2_PLACEMENT_3D('',#15710,#12932,#12933);
#10296=AXIS2_PLACEMENT_3D('',#15713,#12935,#12936);
#10297=AXIS2_PLACEMENT_3D('',#15719,#12940,#12941);
#10298=AXIS2_PLACEMENT_3D('',#15723,#12943,#12944);
#10299=AXIS2_PLACEMENT_3D('',#15724,#12945,#12946);
#10300=AXIS2_PLACEMENT_3D('',#15725,#12947,#12948);
#10301=AXIS2_PLACEMENT_3D('',#15731,#12952,#12953);
#10302=AXIS2_PLACEMENT_3D('',#15732,#12954,#12955);
#10303=AXIS2_PLACEMENT_3D('',#15734,#12956,#12957);
#10304=AXIS2_PLACEMENT_3D('',#15737,#12959,#12960);
#10305=AXIS2_PLACEMENT_3D('',#15743,#12964,#12965);
#10306=AXIS2_PLACEMENT_3D('',#15747,#12967,#12968);
#10307=AXIS2_PLACEMENT_3D('',#15748,#12969,#12970);
#10308=AXIS2_PLACEMENT_3D('',#15749,#12971,#12972);
#10309=AXIS2_PLACEMENT_3D('',#15753,#12974,#12975);
#10310=AXIS2_PLACEMENT_3D('',#15757,#12978,#12979);
#10311=AXIS2_PLACEMENT_3D('',#15760,#12981,#12982);
#10312=AXIS2_PLACEMENT_3D('',#15769,#12987,#12988);
#10313=AXIS2_PLACEMENT_3D('',#15773,#12990,#12991);
#10314=AXIS2_PLACEMENT_3D('',#15777,#12993,#12994);
#10315=AXIS2_PLACEMENT_3D('',#15781,#12996,#12997);
#10316=AXIS2_PLACEMENT_3D('',#15785,#12999,#13000);
#10317=AXIS2_PLACEMENT_3D('',#15789,#13002,#13003);
#10318=AXIS2_PLACEMENT_3D('',#15793,#13005,#13006);
#10319=AXIS2_PLACEMENT_3D('',#15797,#13008,#13009);
#10320=AXIS2_PLACEMENT_3D('',#15801,#13011,#13012);
#10321=AXIS2_PLACEMENT_3D('',#15804,#13014,#13015);
#10322=AXIS2_PLACEMENT_3D('',#15806,#13017,#13018);
#10323=AXIS2_PLACEMENT_3D('',#15809,#13020,#13021);
#10324=AXIS2_PLACEMENT_3D('',#15813,#13023,#13024);
#10325=AXIS2_PLACEMENT_3D('',#15817,#13026,#13027);
#10326=AXIS2_PLACEMENT_3D('',#15821,#13029,#13030);
#10327=AXIS2_PLACEMENT_3D('',#15825,#13032,#13033);
#10328=AXIS2_PLACEMENT_3D('',#15829,#13035,#13036);
#10329=AXIS2_PLACEMENT_3D('',#15833,#13038,#13039);
#10330=AXIS2_PLACEMENT_3D('',#15837,#13041,#13042);
#10331=AXIS2_PLACEMENT_3D('',#15841,#13044,#13045);
#10332=AXIS2_PLACEMENT_3D('',#15846,#13048,#13049);
#10333=AXIS2_PLACEMENT_3D('',#15848,#13051,#13052);
#10334=AXIS2_PLACEMENT_3D('',#15850,#13054,#13055);
#10335=AXIS2_PLACEMENT_3D('',#15852,#13057,#13058);
#10336=AXIS2_PLACEMENT_3D('',#15855,#13061,#13062);
#10337=AXIS2_PLACEMENT_3D('',#15858,#13065,#13066);
#10338=AXIS2_PLACEMENT_3D('',#15861,#13069,#13070);
#10339=AXIS2_PLACEMENT_3D('',#15864,#13073,#13074);
#10340=AXIS2_PLACEMENT_3D('',#15867,#13077,#13078);
#10341=AXIS2_PLACEMENT_3D('',#15870,#13081,#13082);
#10342=AXIS2_PLACEMENT_3D('',#15873,#13085,#13086);
#10343=AXIS2_PLACEMENT_3D('',#15875,#13088,#13089);
#10344=AXIS2_PLACEMENT_3D('',#15876,#13090,#13091);
#10345=AXIS2_PLACEMENT_3D('',#15877,#13092,#13093);
#10346=AXIS2_PLACEMENT_3D('',#15878,#13094,#13095);
#10347=AXIS2_PLACEMENT_3D('',#15879,#13096,#13097);
#10348=AXIS2_PLACEMENT_3D('',#15880,#13098,#13099);
#10349=AXIS2_PLACEMENT_3D('',#15881,#13100,#13101);
#10350=AXIS2_PLACEMENT_3D('',#15882,#13102,#13103);
#10351=AXIS2_PLACEMENT_3D('',#15884,#13105,#13106);
#10352=AXIS2_PLACEMENT_3D('',#15886,#13108,#13109);
#10353=AXIS2_PLACEMENT_3D('',#15888,#13111,#13112);
#10354=AXIS2_PLACEMENT_3D('',#15889,#13113,#13114);
#10355=DIRECTION('',(0.,0.,1.));
#10356=DIRECTION('',(1.,0.,0.));
#10357=DIRECTION('',(0.,0.,1.));
#10358=DIRECTION('',(1.,0.,0.));
#10359=DIRECTION('',(0.,0.,1.));
#10360=DIRECTION('',(1.,0.,0.));
#10361=DIRECTION('',(1.,0.,0.));
#10362=DIRECTION('',(0.,0.,1.));
#10363=DIRECTION('',(1.,0.,0.));
#10364=DIRECTION('',(0.,1.,0.));
#10365=DIRECTION('',(0.,0.,-1.));
#10366=DIRECTION('',(1.,0.,0.));
#10367=DIRECTION('',(-1.,0.,0.));
#10368=DIRECTION('',(0.,0.,-1.));
#10369=DIRECTION('',(1.,0.,0.));
#10370=DIRECTION('',(0.,1.,0.));
#10371=DIRECTION('',(0.,0.,1.));
#10372=DIRECTION('',(1.,0.,0.));
#10373=DIRECTION('',(0.,1.,0.));
#10374=DIRECTION('',(0.,0.,1.));
#10375=DIRECTION('',(1.,0.,0.));
#10376=DIRECTION('',(1.,0.,0.));
#10377=DIRECTION('',(0.,0.,1.));
#10378=DIRECTION('',(1.,0.,0.));
#10379=DIRECTION('',(0.,1.,0.));
#10380=DIRECTION('',(0.,0.,1.));
#10381=DIRECTION('',(1.,0.,0.));
#10382=DIRECTION('',(-1.,0.,0.));
#10383=DIRECTION('',(0.,0.,1.));
#10384=DIRECTION('',(1.,0.,0.));
#10385=DIRECTION('',(0.,0.,1.));
#10386=DIRECTION('',(1.,0.,0.));
#10387=DIRECTION('',(0.,1.,0.));
#10388=DIRECTION('',(0.,0.,1.));
#10389=DIRECTION('',(1.,0.,0.));
#10390=DIRECTION('',(1.,0.,0.));
#10391=DIRECTION('',(0.,0.,1.));
#10392=DIRECTION('',(1.,0.,0.));
#10393=DIRECTION('',(0.,1.,0.));
#10394=DIRECTION('',(0.,0.,1.));
#10395=DIRECTION('',(1.,0.,0.));
#10396=DIRECTION('',(-1.,0.,0.));
#10397=DIRECTION('',(0.,0.,1.));
#10398=DIRECTION('',(1.,0.,0.));
#10399=DIRECTION('',(0.,1.,0.));
#10400=DIRECTION('',(0.,0.,1.));
#10401=DIRECTION('',(1.,0.,0.));
#10402=DIRECTION('',(-1.,0.,0.));
#10403=DIRECTION('',(0.,0.,1.));
#10404=DIRECTION('',(1.,0.,0.));
#10405=DIRECTION('',(0.,1.,0.));
#10406=DIRECTION('',(0.,0.,1.));
#10407=DIRECTION('',(1.,0.,0.));
#10408=DIRECTION('',(-1.,0.,0.));
#10409=DIRECTION('',(0.,0.,1.));
#10410=DIRECTION('',(1.,0.,0.));
#10411=DIRECTION('',(0.,0.,1.));
#10412=DIRECTION('',(1.,0.,0.));
#10413=DIRECTION('',(0.,0.,1.));
#10414=DIRECTION('',(1.,0.,0.));
#10415=DIRECTION('',(1.,0.,0.));
#10416=DIRECTION('',(0.,0.,1.));
#10417=DIRECTION('',(1.,0.,0.));
#10418=DIRECTION('',(0.,1.,0.));
#10419=DIRECTION('',(0.,0.,1.));
#10420=DIRECTION('',(1.,0.,0.));
#10421=DIRECTION('',(1.,0.,0.));
#10422=DIRECTION('',(0.,0.,1.));
#10423=DIRECTION('',(1.,0.,0.));
#10424=DIRECTION('',(0.,1.,0.));
#10425=DIRECTION('',(0.,0.,1.));
#10426=DIRECTION('',(1.,0.,0.));
#10427=DIRECTION('',(1.,0.,0.));
#10428=DIRECTION('',(0.,0.,1.));
#10429=DIRECTION('',(1.,0.,0.));
#10430=DIRECTION('',(0.,1.,0.));
#10431=DIRECTION('',(0.,0.,-1.));
#10432=DIRECTION('',(1.,0.,0.));
#10433=DIRECTION('',(-1.,0.,0.));
#10434=DIRECTION('',(0.,0.,-1.));
#10435=DIRECTION('',(1.,0.,0.));
#10436=DIRECTION('',(0.,1.,0.));
#10437=DIRECTION('',(0.,0.,1.));
#10438=DIRECTION('',(1.,0.,0.));
#10439=DIRECTION('',(0.,1.,0.));
#10440=DIRECTION('',(0.,0.,1.));
#10441=DIRECTION('',(1.,0.,0.));
#10442=DIRECTION('',(1.,0.,0.));
#10443=DIRECTION('',(0.,0.,1.));
#10444=DIRECTION('',(1.,0.,0.));
#10445=DIRECTION('',(0.,1.,0.));
#10446=DIRECTION('',(0.,0.,1.));
#10447=DIRECTION('',(1.,0.,0.));
#10448=DIRECTION('',(-1.,0.,0.));
#10449=DIRECTION('',(0.,0.,1.));
#10450=DIRECTION('',(1.,0.,0.));
#10451=DIRECTION('',(0.,0.,1.));
#10452=DIRECTION('',(1.,0.,0.));
#10453=DIRECTION('',(0.,1.,0.));
#10454=DIRECTION('',(0.,0.,1.));
#10455=DIRECTION('',(1.,0.,0.));
#10456=DIRECTION('',(-1.,0.,0.));
#10457=DIRECTION('',(0.,0.,1.));
#10458=DIRECTION('',(1.,0.,0.));
#10459=DIRECTION('',(0.,1.,0.));
#10460=DIRECTION('',(0.,0.,1.));
#10461=DIRECTION('',(1.,0.,0.));
#10462=DIRECTION('',(-1.,0.,0.));
#10463=DIRECTION('',(0.,0.,1.));
#10464=DIRECTION('',(1.,0.,0.));
#10465=DIRECTION('',(0.,1.,0.));
#10466=DIRECTION('',(0.,0.,1.));
#10467=DIRECTION('',(1.,0.,0.));
#10468=DIRECTION('',(-1.,0.,0.));
#10469=DIRECTION('',(0.,0.,1.));
#10470=DIRECTION('',(1.,0.,0.));
#10471=DIRECTION('',(0.,1.,0.));
#10472=DIRECTION('',(1.,0.,0.));
#10473=DIRECTION('',(0.,0.,1.));
#10474=DIRECTION('',(1.,0.,0.));
#10475=DIRECTION('',(0.,0.,1.));
#10476=DIRECTION('',(0.,0.,1.));
#10477=DIRECTION('',(0.,0.,1.));
#10478=DIRECTION('',(1.,0.,0.));
#10479=DIRECTION('',(0.,-1.,0.));
#10480=DIRECTION('',(0.,0.,-1.));
#10481=DIRECTION('',(1.,0.,0.));
#10482=DIRECTION('',(0.,0.,1.));
#10483=DIRECTION('',(0.,0.,1.));
#10484=DIRECTION('',(1.,0.,0.));
#10485=DIRECTION('',(0.,0.,1.));
#10486=DIRECTION('',(0.,0.,1.));
#10487=DIRECTION('',(1.,0.,0.));
#10488=DIRECTION('',(0.,0.,1.));
#10489=DIRECTION('',(1.,0.,0.));
#10490=DIRECTION('',(0.,0.,1.));
#10491=DIRECTION('',(1.,0.,0.));
#10492=DIRECTION('',(0.,0.,1.));
#10493=DIRECTION('',(0.,0.,1.));
#10494=DIRECTION('',(0.,1.,0.));
#10495=DIRECTION('',(0.,0.,1.));
#10496=DIRECTION('',(0.,0.,1.));
#10497=DIRECTION('',(-1.,0.,0.));
#10498=DIRECTION('',(0.,0.,1.));
#10499=DIRECTION('',(1.,0.,0.));
#10500=DIRECTION('',(0.,0.,1.));
#10501=DIRECTION('',(1.,0.,0.));
#10502=DIRECTION('',(0.,0.,1.));
#10503=DIRECTION('',(0.,0.,1.));
#10504=DIRECTION('',(1.,0.,0.));
#10505=DIRECTION('',(0.,0.,1.));
#10506=DIRECTION('',(1.,0.,0.));
#10507=DIRECTION('',(0.,0.,1.));
#10508=DIRECTION('',(0.,0.,1.));
#10509=DIRECTION('',(0.,1.,0.));
#10510=DIRECTION('',(0.,0.,1.));
#10511=DIRECTION('',(-1.,0.,0.));
#10512=DIRECTION('',(0.,0.,1.));
#10513=DIRECTION('',(0.,0.,1.));
#10514=DIRECTION('',(1.,0.,0.));
#10515=DIRECTION('',(0.,0.,1.));
#10516=DIRECTION('',(1.,0.,0.));
#10517=DIRECTION('',(0.,0.,1.));
#10518=DIRECTION('',(0.,0.,1.));
#10519=DIRECTION('',(1.,0.,0.));
#10520=DIRECTION('',(0.,0.,1.));
#10521=DIRECTION('',(0.,0.,1.));
#10522=DIRECTION('',(0.,0.,1.));
#10523=DIRECTION('',(1.,0.,0.));
#10524=DIRECTION('',(0.,-1.,0.));
#10525=DIRECTION('',(0.,0.,-1.));
#10526=DIRECTION('',(0.,0.,1.));
#10527=DIRECTION('',(1.,0.,0.));
#10528=DIRECTION('',(0.,0.,1.));
#10529=DIRECTION('',(1.,0.,0.));
#10530=DIRECTION('',(0.,0.,1.));
#10531=DIRECTION('',(0.,0.,1.));
#10532=DIRECTION('',(1.,0.,0.));
#10533=DIRECTION('',(0.,0.,1.));
#10534=DIRECTION('',(1.,0.,0.));
#10535=DIRECTION('',(0.,0.,1.));
#10536=DIRECTION('',(0.,0.,1.));
#10537=DIRECTION('',(0.,0.,1.));
#10538=DIRECTION('',(1.,0.,0.));
#10539=DIRECTION('',(0.,-1.,0.));
#10540=DIRECTION('',(0.,0.,-1.));
#10541=DIRECTION('',(1.,0.,0.));
#10542=DIRECTION('',(0.,0.,1.));
#10543=DIRECTION('',(0.,0.,1.));
#10544=DIRECTION('',(1.,0.,0.));
#10545=DIRECTION('',(0.,0.,1.));
#10546=DIRECTION('',(0.,0.,1.));
#10547=DIRECTION('',(1.,0.,0.));
#10548=DIRECTION('',(1.,0.,0.));
#10549=DIRECTION('',(0.,0.,-1.));
#10550=DIRECTION('',(0.,-1.,0.));
#10551=DIRECTION('',(0.,0.,-1.));
#10552=DIRECTION('',(0.,-1.,0.));
#10553=DIRECTION('',(0.,0.,-1.));
#10554=DIRECTION('',(0.,0.,-1.));
#10555=DIRECTION('',(-1.,0.,0.));
#10556=DIRECTION('',(0.,0.,1.));
#10557=DIRECTION('',(1.,0.,0.));
#10558=DIRECTION('',(0.,0.,1.));
#10559=DIRECTION('',(1.,0.,0.));
#10560=DIRECTION('',(0.,0.,-1.));
#10561=DIRECTION('',(0.,1.,0.));
#10562=DIRECTION('',(0.,0.,1.));
#10563=DIRECTION('',(1.,0.,0.));
#10564=DIRECTION('',(1.,0.,0.));
#10565=DIRECTION('',(0.,0.,-1.));
#10566=DIRECTION('',(0.,0.,-1.));
#10567=DIRECTION('',(-1.,0.,0.));
#10568=DIRECTION('',(0.,0.,1.));
#10569=DIRECTION('',(1.,0.,0.));
#10570=DIRECTION('',(0.,0.,1.));
#10571=DIRECTION('',(1.,0.,0.));
#10572=DIRECTION('',(0.,0.,-1.));
#10573=DIRECTION('',(1.,0.,0.));
#10574=DIRECTION('',(0.,0.,-1.));
#10575=DIRECTION('',(0.,-1.,0.));
#10576=DIRECTION('',(0.,-1.,0.));
#10577=DIRECTION('',(0.,0.,-1.));
#10578=DIRECTION('',(0.,0.,-1.));
#10579=DIRECTION('',(-1.,0.,0.));
#10580=DIRECTION('',(0.,0.,1.));
#10581=DIRECTION('',(1.,0.,0.));
#10582=DIRECTION('',(0.,0.,1.));
#10583=DIRECTION('',(1.,0.,0.));
#10584=DIRECTION('',(0.,0.,-1.));
#10585=DIRECTION('',(0.,1.,0.));
#10586=DIRECTION('',(0.,0.,1.));
#10587=DIRECTION('',(1.,0.,0.));
#10588=DIRECTION('',(1.,0.,0.));
#10589=DIRECTION('',(0.,0.,-1.));
#10590=DIRECTION('',(0.,0.,-1.));
#10591=DIRECTION('',(-1.,0.,0.));
#10592=DIRECTION('',(0.,0.,1.));
#10593=DIRECTION('',(1.,0.,0.));
#10594=DIRECTION('',(0.,0.,1.));
#10595=DIRECTION('',(1.,0.,0.));
#10596=DIRECTION('',(1.,0.,0.));
#10597=DIRECTION('',(0.,0.,-1.));
#10598=DIRECTION('',(0.,-1.,0.));
#10599=DIRECTION('',(0.,0.,-1.));
#10600=DIRECTION('',(0.,-1.,0.));
#10601=DIRECTION('',(0.,0.,-1.));
#10602=DIRECTION('',(0.,0.,-1.));
#10603=DIRECTION('',(-1.,0.,0.));
#10604=DIRECTION('',(0.,0.,1.));
#10605=DIRECTION('',(1.,0.,0.));
#10606=DIRECTION('',(0.,0.,1.));
#10607=DIRECTION('',(1.,0.,0.));
#10608=DIRECTION('',(0.,0.,-1.));
#10609=DIRECTION('',(0.,1.,0.));
#10610=DIRECTION('',(0.,0.,1.));
#10611=DIRECTION('',(1.,0.,0.));
#10612=DIRECTION('',(1.,0.,0.));
#10613=DIRECTION('',(0.,0.,-1.));
#10614=DIRECTION('',(0.,0.,-1.));
#10615=DIRECTION('',(-1.,0.,0.));
#10616=DIRECTION('',(0.,0.,1.));
#10617=DIRECTION('',(1.,0.,0.));
#10618=DIRECTION('',(0.,0.,1.));
#10619=DIRECTION('',(1.,0.,0.));
#10620=DIRECTION('',(0.,0.,-1.));
#10621=DIRECTION('',(1.,0.,0.));
#10622=DIRECTION('',(0.,0.,-1.));
#10623=DIRECTION('',(0.,-1.,0.));
#10624=DIRECTION('',(0.,-1.,0.));
#10625=DIRECTION('',(0.,0.,-1.));
#10626=DIRECTION('',(0.,0.,-1.));
#10627=DIRECTION('',(-1.,0.,0.));
#10628=DIRECTION('',(0.,0.,1.));
#10629=DIRECTION('',(1.,0.,0.));
#10630=DIRECTION('',(0.,0.,1.));
#10631=DIRECTION('',(1.,0.,0.));
#10632=DIRECTION('',(0.,0.,-1.));
#10633=DIRECTION('',(0.,1.,0.));
#10634=DIRECTION('',(0.,0.,1.));
#10635=DIRECTION('',(1.,0.,0.));
#10636=DIRECTION('',(1.,0.,0.));
#10637=DIRECTION('',(0.,0.,-1.));
#10638=DIRECTION('',(0.,0.,-1.));
#10639=DIRECTION('',(-1.,0.,0.));
#10640=DIRECTION('',(0.,0.,1.));
#10641=DIRECTION('',(1.,0.,0.));
#10642=DIRECTION('',(0.,0.,1.));
#10643=DIRECTION('',(1.,0.,0.));
#10644=DIRECTION('',(1.,0.,0.));
#10645=DIRECTION('',(0.,0.,-1.));
#10646=DIRECTION('',(0.,-1.,0.));
#10647=DIRECTION('',(0.,0.,-1.));
#10648=DIRECTION('',(0.,-1.,0.));
#10649=DIRECTION('',(0.,0.,-1.));
#10650=DIRECTION('',(0.,0.,-1.));
#10651=DIRECTION('',(-1.,0.,0.));
#10652=DIRECTION('',(0.,0.,1.));
#10653=DIRECTION('',(1.,0.,0.));
#10654=DIRECTION('',(0.,0.,1.));
#10655=DIRECTION('',(1.,0.,0.));
#10656=DIRECTION('',(0.,0.,-1.));
#10657=DIRECTION('',(0.,1.,0.));
#10658=DIRECTION('',(0.,0.,1.));
#10659=DIRECTION('',(1.,0.,0.));
#10660=DIRECTION('',(1.,0.,0.));
#10661=DIRECTION('',(0.,0.,-1.));
#10662=DIRECTION('',(0.,0.,-1.));
#10663=DIRECTION('',(-1.,0.,0.));
#10664=DIRECTION('',(0.,0.,1.));
#10665=DIRECTION('',(1.,0.,0.));
#10666=DIRECTION('',(0.,0.,1.));
#10667=DIRECTION('',(1.,0.,0.));
#10668=DIRECTION('',(0.,0.,-1.));
#10669=DIRECTION('',(1.,0.,0.));
#10670=DIRECTION('',(0.,0.,-1.));
#10671=DIRECTION('',(0.,-1.,0.));
#10672=DIRECTION('',(0.,-1.,0.));
#10673=DIRECTION('',(0.,0.,-1.));
#10674=DIRECTION('',(0.,0.,-1.));
#10675=DIRECTION('',(-1.,0.,0.));
#10676=DIRECTION('',(0.,0.,1.));
#10677=DIRECTION('',(1.,0.,0.));
#10678=DIRECTION('',(0.,0.,1.));
#10679=DIRECTION('',(1.,0.,0.));
#10680=DIRECTION('',(0.,0.,-1.));
#10681=DIRECTION('',(0.,1.,0.));
#10682=DIRECTION('',(0.,0.,1.));
#10683=DIRECTION('',(1.,0.,0.));
#10684=DIRECTION('',(1.,0.,0.));
#10685=DIRECTION('',(0.,0.,-1.));
#10686=DIRECTION('',(0.,0.,-1.));
#10687=DIRECTION('',(-1.,0.,0.));
#10688=DIRECTION('',(0.,0.,1.));
#10689=DIRECTION('',(1.,0.,0.));
#10690=DIRECTION('',(0.,0.,1.));
#10691=DIRECTION('',(1.,0.,0.));
#10692=DIRECTION('',(1.,0.,0.));
#10693=DIRECTION('',(0.,0.,-1.));
#10694=DIRECTION('',(0.,-1.,0.));
#10695=DIRECTION('',(0.,0.,-1.));
#10696=DIRECTION('',(0.,-1.,0.));
#10697=DIRECTION('',(0.,0.,-1.));
#10698=DIRECTION('',(0.,0.,-1.));
#10699=DIRECTION('',(-1.,0.,0.));
#10700=DIRECTION('',(0.,0.,1.));
#10701=DIRECTION('',(1.,0.,0.));
#10702=DIRECTION('',(0.,0.,1.));
#10703=DIRECTION('',(1.,0.,0.));
#10704=DIRECTION('',(0.,0.,-1.));
#10705=DIRECTION('',(0.,1.,0.));
#10706=DIRECTION('',(0.,0.,1.));
#10707=DIRECTION('',(1.,0.,0.));
#10708=DIRECTION('',(1.,0.,0.));
#10709=DIRECTION('',(0.,0.,-1.));
#10710=DIRECTION('',(0.,0.,-1.));
#10711=DIRECTION('',(-1.,0.,0.));
#10712=DIRECTION('',(0.,0.,1.));
#10713=DIRECTION('',(1.,0.,0.));
#10714=DIRECTION('',(0.,0.,1.));
#10715=DIRECTION('',(1.,0.,0.));
#10716=DIRECTION('',(0.,0.,-1.));
#10717=DIRECTION('',(1.,0.,0.));
#10718=DIRECTION('',(0.,0.,-1.));
#10719=DIRECTION('',(0.,-1.,0.));
#10720=DIRECTION('',(0.,-1.,0.));
#10721=DIRECTION('',(0.,0.,-1.));
#10722=DIRECTION('',(0.,0.,-1.));
#10723=DIRECTION('',(-1.,0.,0.));
#10724=DIRECTION('',(0.,0.,1.));
#10725=DIRECTION('',(1.,0.,0.));
#10726=DIRECTION('',(0.,0.,1.));
#10727=DIRECTION('',(1.,0.,0.));
#10728=DIRECTION('',(0.,0.,-1.));
#10729=DIRECTION('',(0.,1.,0.));
#10730=DIRECTION('',(0.,0.,1.));
#10731=DIRECTION('',(1.,0.,0.));
#10732=DIRECTION('',(1.,0.,0.));
#10733=DIRECTION('',(0.,0.,-1.));
#10734=DIRECTION('',(0.,0.,-1.));
#10735=DIRECTION('',(-1.,0.,0.));
#10736=DIRECTION('',(0.,0.,1.));
#10737=DIRECTION('',(1.,0.,0.));
#10738=DIRECTION('',(0.,0.,1.));
#10739=DIRECTION('',(1.,0.,0.));
#10740=DIRECTION('',(1.,0.,0.));
#10741=DIRECTION('',(0.,0.,-1.));
#10742=DIRECTION('',(0.,-1.,0.));
#10743=DIRECTION('',(0.,0.,-1.));
#10744=DIRECTION('',(0.,-1.,0.));
#10745=DIRECTION('',(0.,0.,-1.));
#10746=DIRECTION('',(0.,0.,-1.));
#10747=DIRECTION('',(-1.,0.,0.));
#10748=DIRECTION('',(0.,0.,1.));
#10749=DIRECTION('',(1.,0.,0.));
#10750=DIRECTION('',(0.,0.,1.));
#10751=DIRECTION('',(1.,0.,0.));
#10752=DIRECTION('',(0.,0.,-1.));
#10753=DIRECTION('',(0.,1.,0.));
#10754=DIRECTION('',(0.,0.,1.));
#10755=DIRECTION('',(1.,0.,0.));
#10756=DIRECTION('',(1.,0.,0.));
#10757=DIRECTION('',(0.,0.,-1.));
#10758=DIRECTION('',(0.,0.,-1.));
#10759=DIRECTION('',(-1.,0.,0.));
#10760=DIRECTION('',(0.,0.,1.));
#10761=DIRECTION('',(1.,0.,0.));
#10762=DIRECTION('',(0.,0.,1.));
#10763=DIRECTION('',(1.,0.,0.));
#10764=DIRECTION('',(0.,0.,-1.));
#10765=DIRECTION('',(1.,0.,0.));
#10766=DIRECTION('',(0.,0.,-1.));
#10767=DIRECTION('',(0.,-1.,0.));
#10768=DIRECTION('',(0.,-1.,0.));
#10769=DIRECTION('',(0.,0.,-1.));
#10770=DIRECTION('',(0.,0.,-1.));
#10771=DIRECTION('',(-1.,0.,0.));
#10772=DIRECTION('',(0.,0.,1.));
#10773=DIRECTION('',(1.,0.,0.));
#10774=DIRECTION('',(0.,0.,1.));
#10775=DIRECTION('',(1.,0.,0.));
#10776=DIRECTION('',(0.,0.,-1.));
#10777=DIRECTION('',(0.,1.,0.));
#10778=DIRECTION('',(0.,0.,1.));
#10779=DIRECTION('',(1.,0.,0.));
#10780=DIRECTION('',(1.,0.,0.));
#10781=DIRECTION('',(0.,0.,-1.));
#10782=DIRECTION('',(0.,0.,-1.));
#10783=DIRECTION('',(-1.,0.,0.));
#10784=DIRECTION('',(0.,0.,1.));
#10785=DIRECTION('',(1.,0.,0.));
#10786=DIRECTION('',(0.,0.,1.));
#10787=DIRECTION('',(1.,0.,0.));
#10788=DIRECTION('',(1.,0.,0.));
#10789=DIRECTION('',(0.,0.,-1.));
#10790=DIRECTION('',(0.,-1.,0.));
#10791=DIRECTION('',(0.,0.,-1.));
#10792=DIRECTION('',(0.,-1.,0.));
#10793=DIRECTION('',(0.,0.,-1.));
#10794=DIRECTION('',(0.,0.,-1.));
#10795=DIRECTION('',(-1.,0.,0.));
#10796=DIRECTION('',(0.,0.,1.));
#10797=DIRECTION('',(1.,0.,0.));
#10798=DIRECTION('',(0.,0.,1.));
#10799=DIRECTION('',(1.,0.,0.));
#10800=DIRECTION('',(0.,0.,-1.));
#10801=DIRECTION('',(0.,1.,0.));
#10802=DIRECTION('',(0.,0.,1.));
#10803=DIRECTION('',(1.,0.,0.));
#10804=DIRECTION('',(1.,0.,0.));
#10805=DIRECTION('',(0.,0.,-1.));
#10806=DIRECTION('',(0.,0.,-1.));
#10807=DIRECTION('',(-1.,0.,0.));
#10808=DIRECTION('',(0.,0.,1.));
#10809=DIRECTION('',(1.,0.,0.));
#10810=DIRECTION('',(0.,0.,1.));
#10811=DIRECTION('',(1.,0.,0.));
#10812=DIRECTION('',(0.,0.,-1.));
#10813=DIRECTION('',(1.,0.,0.));
#10814=DIRECTION('',(0.,0.,-1.));
#10815=DIRECTION('',(0.,-1.,0.));
#10816=DIRECTION('',(0.,-1.,0.));
#10817=DIRECTION('',(0.,0.,-1.));
#10818=DIRECTION('',(0.,0.,-1.));
#10819=DIRECTION('',(-1.,0.,0.));
#10820=DIRECTION('',(0.,0.,1.));
#10821=DIRECTION('',(1.,0.,0.));
#10822=DIRECTION('',(0.,0.,1.));
#10823=DIRECTION('',(1.,0.,0.));
#10824=DIRECTION('',(0.,0.,-1.));
#10825=DIRECTION('',(0.,1.,0.));
#10826=DIRECTION('',(0.,0.,1.));
#10827=DIRECTION('',(1.,0.,0.));
#10828=DIRECTION('',(1.,0.,0.));
#10829=DIRECTION('',(0.,0.,-1.));
#10830=DIRECTION('',(0.,0.,-1.));
#10831=DIRECTION('',(-1.,0.,0.));
#10832=DIRECTION('',(0.,0.,1.));
#10833=DIRECTION('',(1.,0.,0.));
#10834=DIRECTION('',(0.,0.,1.));
#10835=DIRECTION('',(1.,0.,0.));
#10836=DIRECTION('',(1.,0.,0.));
#10837=DIRECTION('',(0.,0.,-1.));
#10838=DIRECTION('',(0.,-1.,0.));
#10839=DIRECTION('',(0.,0.,-1.));
#10840=DIRECTION('',(0.,-1.,0.));
#10841=DIRECTION('',(0.,0.,-1.));
#10842=DIRECTION('',(0.,0.,-1.));
#10843=DIRECTION('',(-1.,0.,0.));
#10844=DIRECTION('',(0.,0.,1.));
#10845=DIRECTION('',(1.,0.,0.));
#10846=DIRECTION('',(0.,0.,1.));
#10847=DIRECTION('',(1.,0.,0.));
#10848=DIRECTION('',(0.,0.,-1.));
#10849=DIRECTION('',(0.,1.,0.));
#10850=DIRECTION('',(0.,0.,1.));
#10851=DIRECTION('',(1.,0.,0.));
#10852=DIRECTION('',(1.,0.,0.));
#10853=DIRECTION('',(0.,0.,-1.));
#10854=DIRECTION('',(0.,0.,-1.));
#10855=DIRECTION('',(-1.,0.,0.));
#10856=DIRECTION('',(0.,0.,1.));
#10857=DIRECTION('',(1.,0.,0.));
#10858=DIRECTION('',(0.,0.,1.));
#10859=DIRECTION('',(1.,0.,0.));
#10860=DIRECTION('',(0.,0.,-1.));
#10861=DIRECTION('',(1.,0.,0.));
#10862=DIRECTION('',(0.,0.,-1.));
#10863=DIRECTION('',(0.,-1.,0.));
#10864=DIRECTION('',(0.,-1.,0.));
#10865=DIRECTION('',(0.,0.,-1.));
#10866=DIRECTION('',(0.,0.,-1.));
#10867=DIRECTION('',(-1.,0.,0.));
#10868=DIRECTION('',(0.,0.,1.));
#10869=DIRECTION('',(1.,0.,0.));
#10870=DIRECTION('',(0.,0.,1.));
#10871=DIRECTION('',(1.,0.,0.));
#10872=DIRECTION('',(0.,0.,-1.));
#10873=DIRECTION('',(0.,1.,0.));
#10874=DIRECTION('',(0.,0.,1.));
#10875=DIRECTION('',(1.,0.,0.));
#10876=DIRECTION('',(1.,0.,0.));
#10877=DIRECTION('',(0.,0.,-1.));
#10878=DIRECTION('',(0.,0.,-1.));
#10879=DIRECTION('',(-1.,0.,0.));
#10880=DIRECTION('',(0.,0.,1.));
#10881=DIRECTION('',(1.,0.,0.));
#10882=DIRECTION('',(0.,0.,1.));
#10883=DIRECTION('',(1.,0.,0.));
#10884=DIRECTION('',(1.,0.,0.));
#10885=DIRECTION('',(0.,0.,-1.));
#10886=DIRECTION('',(0.,-1.,0.));
#10887=DIRECTION('',(0.,0.,-1.));
#10888=DIRECTION('',(0.,-1.,0.));
#10889=DIRECTION('',(0.,0.,-1.));
#10890=DIRECTION('',(0.,0.,-1.));
#10891=DIRECTION('',(-1.,0.,0.));
#10892=DIRECTION('',(0.,0.,1.));
#10893=DIRECTION('',(1.,0.,0.));
#10894=DIRECTION('',(0.,0.,1.));
#10895=DIRECTION('',(1.,0.,0.));
#10896=DIRECTION('',(0.,0.,-1.));
#10897=DIRECTION('',(0.,1.,0.));
#10898=DIRECTION('',(0.,0.,1.));
#10899=DIRECTION('',(1.,0.,0.));
#10900=DIRECTION('',(1.,0.,0.));
#10901=DIRECTION('',(0.,0.,-1.));
#10902=DIRECTION('',(0.,0.,-1.));
#10903=DIRECTION('',(-1.,0.,0.));
#10904=DIRECTION('',(0.,0.,1.));
#10905=DIRECTION('',(1.,0.,0.));
#10906=DIRECTION('',(0.,0.,1.));
#10907=DIRECTION('',(1.,0.,0.));
#10908=DIRECTION('',(0.,0.,-1.));
#10909=DIRECTION('',(1.,0.,0.));
#10910=DIRECTION('',(0.,0.,-1.));
#10911=DIRECTION('',(0.,-1.,0.));
#10912=DIRECTION('',(0.,-1.,0.));
#10913=DIRECTION('',(0.,0.,-1.));
#10914=DIRECTION('',(0.,0.,-1.));
#10915=DIRECTION('',(-1.,0.,0.));
#10916=DIRECTION('',(0.,0.,1.));
#10917=DIRECTION('',(1.,0.,0.));
#10918=DIRECTION('',(0.,0.,1.));
#10919=DIRECTION('',(1.,0.,0.));
#10920=DIRECTION('',(0.,0.,-1.));
#10921=DIRECTION('',(0.,1.,0.));
#10922=DIRECTION('',(0.,0.,1.));
#10923=DIRECTION('',(1.,0.,0.));
#10924=DIRECTION('',(1.,0.,0.));
#10925=DIRECTION('',(0.,0.,-1.));
#10926=DIRECTION('',(0.,0.,-1.));
#10927=DIRECTION('',(-1.,0.,0.));
#10928=DIRECTION('',(0.,0.,1.));
#10929=DIRECTION('',(1.,0.,0.));
#10930=DIRECTION('',(0.,0.,1.));
#10931=DIRECTION('',(1.,0.,0.));
#10932=DIRECTION('',(1.,0.,0.));
#10933=DIRECTION('',(0.,0.,-1.));
#10934=DIRECTION('',(0.,-1.,0.));
#10935=DIRECTION('',(0.,0.,-1.));
#10936=DIRECTION('',(0.,-1.,0.));
#10937=DIRECTION('',(0.,0.,-1.));
#10938=DIRECTION('',(0.,0.,-1.));
#10939=DIRECTION('',(-1.,0.,0.));
#10940=DIRECTION('',(0.,0.,1.));
#10941=DIRECTION('',(1.,0.,0.));
#10942=DIRECTION('',(0.,0.,1.));
#10943=DIRECTION('',(1.,0.,0.));
#10944=DIRECTION('',(0.,0.,-1.));
#10945=DIRECTION('',(0.,1.,0.));
#10946=DIRECTION('',(0.,0.,1.));
#10947=DIRECTION('',(1.,0.,0.));
#10948=DIRECTION('',(1.,0.,0.));
#10949=DIRECTION('',(0.,0.,-1.));
#10950=DIRECTION('',(0.,0.,-1.));
#10951=DIRECTION('',(-1.,0.,0.));
#10952=DIRECTION('',(0.,0.,1.));
#10953=DIRECTION('',(1.,0.,0.));
#10954=DIRECTION('',(0.,0.,1.));
#10955=DIRECTION('',(1.,0.,0.));
#10956=DIRECTION('',(0.,0.,-1.));
#10957=DIRECTION('',(1.,0.,0.));
#10958=DIRECTION('',(0.,0.,-1.));
#10959=DIRECTION('',(0.,-1.,0.));
#10960=DIRECTION('',(0.,-1.,0.));
#10961=DIRECTION('',(0.,0.,-1.));
#10962=DIRECTION('',(0.,0.,-1.));
#10963=DIRECTION('',(-1.,0.,0.));
#10964=DIRECTION('',(0.,0.,1.));
#10965=DIRECTION('',(1.,0.,0.));
#10966=DIRECTION('',(0.,0.,1.));
#10967=DIRECTION('',(1.,0.,0.));
#10968=DIRECTION('',(0.,0.,-1.));
#10969=DIRECTION('',(0.,1.,0.));
#10970=DIRECTION('',(0.,0.,1.));
#10971=DIRECTION('',(1.,0.,0.));
#10972=DIRECTION('',(1.,0.,0.));
#10973=DIRECTION('',(0.,0.,-1.));
#10974=DIRECTION('',(0.,0.,-1.));
#10975=DIRECTION('',(-1.,0.,0.));
#10976=DIRECTION('',(0.,0.,1.));
#10977=DIRECTION('',(1.,0.,0.));
#10978=DIRECTION('',(0.,0.,1.));
#10979=DIRECTION('',(1.,0.,0.));
#10980=DIRECTION('',(1.,0.,0.));
#10981=DIRECTION('',(0.,0.,-1.));
#10982=DIRECTION('',(0.,-1.,0.));
#10983=DIRECTION('',(0.,0.,-1.));
#10984=DIRECTION('',(0.,-1.,0.));
#10985=DIRECTION('',(0.,0.,-1.));
#10986=DIRECTION('',(0.,0.,-1.));
#10987=DIRECTION('',(-1.,0.,0.));
#10988=DIRECTION('',(0.,0.,1.));
#10989=DIRECTION('',(1.,0.,0.));
#10990=DIRECTION('',(0.,0.,1.));
#10991=DIRECTION('',(1.,0.,0.));
#10992=DIRECTION('',(0.,0.,-1.));
#10993=DIRECTION('',(0.,1.,0.));
#10994=DIRECTION('',(0.,0.,1.));
#10995=DIRECTION('',(1.,0.,0.));
#10996=DIRECTION('',(1.,0.,0.));
#10997=DIRECTION('',(0.,0.,-1.));
#10998=DIRECTION('',(0.,0.,-1.));
#10999=DIRECTION('',(-1.,0.,0.));
#11000=DIRECTION('',(0.,0.,1.));
#11001=DIRECTION('',(1.,0.,0.));
#11002=DIRECTION('',(0.,0.,1.));
#11003=DIRECTION('',(1.,0.,0.));
#11004=DIRECTION('',(0.,0.,-1.));
#11005=DIRECTION('',(1.,0.,0.));
#11006=DIRECTION('',(0.,0.,-1.));
#11007=DIRECTION('',(0.,-1.,0.));
#11008=DIRECTION('',(0.,-1.,0.));
#11009=DIRECTION('',(0.,0.,-1.));
#11010=DIRECTION('',(0.,0.,-1.));
#11011=DIRECTION('',(-1.,0.,0.));
#11012=DIRECTION('',(0.,0.,1.));
#11013=DIRECTION('',(1.,0.,0.));
#11014=DIRECTION('',(0.,0.,1.));
#11015=DIRECTION('',(1.,0.,0.));
#11016=DIRECTION('',(0.,0.,-1.));
#11017=DIRECTION('',(0.,1.,0.));
#11018=DIRECTION('',(0.,0.,1.));
#11019=DIRECTION('',(1.,0.,0.));
#11020=DIRECTION('',(1.,0.,0.));
#11021=DIRECTION('',(0.,0.,-1.));
#11022=DIRECTION('',(0.,0.,-1.));
#11023=DIRECTION('',(-1.,0.,0.));
#11024=DIRECTION('',(0.,0.,1.));
#11025=DIRECTION('',(1.,0.,0.));
#11026=DIRECTION('',(0.,0.,1.));
#11027=DIRECTION('',(1.,0.,0.));
#11028=DIRECTION('',(1.,0.,0.));
#11029=DIRECTION('',(0.,0.,-1.));
#11030=DIRECTION('',(0.,-1.,0.));
#11031=DIRECTION('',(0.,0.,-1.));
#11032=DIRECTION('',(0.,-1.,0.));
#11033=DIRECTION('',(0.,0.,-1.));
#11034=DIRECTION('',(0.,0.,-1.));
#11035=DIRECTION('',(-1.,0.,0.));
#11036=DIRECTION('',(0.,0.,1.));
#11037=DIRECTION('',(1.,0.,0.));
#11038=DIRECTION('',(0.,0.,1.));
#11039=DIRECTION('',(1.,0.,0.));
#11040=DIRECTION('',(0.,0.,-1.));
#11041=DIRECTION('',(0.,1.,0.));
#11042=DIRECTION('',(0.,0.,1.));
#11043=DIRECTION('',(1.,0.,0.));
#11044=DIRECTION('',(1.,0.,0.));
#11045=DIRECTION('',(0.,0.,-1.));
#11046=DIRECTION('',(0.,0.,-1.));
#11047=DIRECTION('',(-1.,0.,0.));
#11048=DIRECTION('',(0.,0.,1.));
#11049=DIRECTION('',(1.,0.,0.));
#11050=DIRECTION('',(0.,0.,1.));
#11051=DIRECTION('',(1.,0.,0.));
#11052=DIRECTION('',(0.,0.,-1.));
#11053=DIRECTION('',(1.,0.,0.));
#11054=DIRECTION('',(0.,0.,-1.));
#11055=DIRECTION('',(0.,-1.,0.));
#11056=DIRECTION('',(0.,-1.,0.));
#11057=DIRECTION('',(0.,0.,-1.));
#11058=DIRECTION('',(0.,0.,-1.));
#11059=DIRECTION('',(-1.,0.,0.));
#11060=DIRECTION('',(0.,0.,1.));
#11061=DIRECTION('',(1.,0.,0.));
#11062=DIRECTION('',(0.,0.,1.));
#11063=DIRECTION('',(1.,0.,0.));
#11064=DIRECTION('',(0.,0.,-1.));
#11065=DIRECTION('',(0.,1.,0.));
#11066=DIRECTION('',(0.,0.,1.));
#11067=DIRECTION('',(1.,0.,0.));
#11068=DIRECTION('',(1.,0.,0.));
#11069=DIRECTION('',(0.,0.,-1.));
#11070=DIRECTION('',(0.,0.,-1.));
#11071=DIRECTION('',(-1.,0.,0.));
#11072=DIRECTION('',(0.,0.,1.));
#11073=DIRECTION('',(1.,0.,0.));
#11074=DIRECTION('',(0.,0.,1.));
#11075=DIRECTION('',(1.,0.,0.));
#11076=DIRECTION('',(1.,0.,0.));
#11077=DIRECTION('',(0.,0.,-1.));
#11078=DIRECTION('',(0.,-1.,0.));
#11079=DIRECTION('',(0.,0.,-1.));
#11080=DIRECTION('',(0.,-1.,0.));
#11081=DIRECTION('',(0.,0.,-1.));
#11082=DIRECTION('',(0.,0.,-1.));
#11083=DIRECTION('',(-1.,0.,0.));
#11084=DIRECTION('',(0.,0.,1.));
#11085=DIRECTION('',(1.,0.,0.));
#11086=DIRECTION('',(0.,0.,1.));
#11087=DIRECTION('',(1.,0.,0.));
#11088=DIRECTION('',(0.,0.,-1.));
#11089=DIRECTION('',(0.,1.,0.));
#11090=DIRECTION('',(0.,0.,1.));
#11091=DIRECTION('',(1.,0.,0.));
#11092=DIRECTION('',(1.,0.,0.));
#11093=DIRECTION('',(0.,0.,-1.));
#11094=DIRECTION('',(0.,0.,-1.));
#11095=DIRECTION('',(-1.,0.,0.));
#11096=DIRECTION('',(0.,0.,1.));
#11097=DIRECTION('',(1.,0.,0.));
#11098=DIRECTION('',(0.,0.,1.));
#11099=DIRECTION('',(1.,0.,0.));
#11100=DIRECTION('',(0.,0.,-1.));
#11101=DIRECTION('',(1.,0.,0.));
#11102=DIRECTION('',(0.,0.,-1.));
#11103=DIRECTION('',(0.,-1.,0.));
#11104=DIRECTION('',(0.,-1.,0.));
#11105=DIRECTION('',(0.,0.,-1.));
#11106=DIRECTION('',(0.,0.,-1.));
#11107=DIRECTION('',(-1.,0.,0.));
#11108=DIRECTION('',(0.,0.,1.));
#11109=DIRECTION('',(1.,0.,0.));
#11110=DIRECTION('',(0.,0.,1.));
#11111=DIRECTION('',(1.,0.,0.));
#11112=DIRECTION('',(0.,0.,-1.));
#11113=DIRECTION('',(0.,1.,0.));
#11114=DIRECTION('',(0.,0.,1.));
#11115=DIRECTION('',(1.,0.,0.));
#11116=DIRECTION('',(1.,0.,0.));
#11117=DIRECTION('',(0.,0.,-1.));
#11118=DIRECTION('',(0.,0.,-1.));
#11119=DIRECTION('',(-1.,0.,0.));
#11120=DIRECTION('',(0.,0.,1.));
#11121=DIRECTION('',(1.,0.,0.));
#11122=DIRECTION('',(0.,0.,1.));
#11123=DIRECTION('',(1.,0.,0.));
#11124=DIRECTION('',(1.,0.,0.));
#11125=DIRECTION('',(0.,0.,-1.));
#11126=DIRECTION('',(0.,-1.,0.));
#11127=DIRECTION('',(0.,0.,-1.));
#11128=DIRECTION('',(0.,-1.,0.));
#11129=DIRECTION('',(0.,0.,-1.));
#11130=DIRECTION('',(0.,0.,-1.));
#11131=DIRECTION('',(-1.,0.,0.));
#11132=DIRECTION('',(0.,0.,1.));
#11133=DIRECTION('',(1.,0.,0.));
#11134=DIRECTION('',(0.,0.,1.));
#11135=DIRECTION('',(1.,0.,0.));
#11136=DIRECTION('',(0.,0.,-1.));
#11137=DIRECTION('',(0.,1.,0.));
#11138=DIRECTION('',(0.,0.,1.));
#11139=DIRECTION('',(1.,0.,0.));
#11140=DIRECTION('',(1.,0.,0.));
#11141=DIRECTION('',(0.,0.,-1.));
#11142=DIRECTION('',(0.,0.,-1.));
#11143=DIRECTION('',(-1.,0.,0.));
#11144=DIRECTION('',(0.,0.,1.));
#11145=DIRECTION('',(1.,0.,0.));
#11146=DIRECTION('',(0.,0.,1.));
#11147=DIRECTION('',(1.,0.,0.));
#11148=DIRECTION('',(0.,0.,-1.));
#11149=DIRECTION('',(1.,0.,0.));
#11150=DIRECTION('',(0.,0.,-1.));
#11151=DIRECTION('',(0.,-1.,0.));
#11152=DIRECTION('',(0.,-1.,0.));
#11153=DIRECTION('',(0.,0.,-1.));
#11154=DIRECTION('',(0.,0.,-1.));
#11155=DIRECTION('',(-1.,0.,0.));
#11156=DIRECTION('',(0.,0.,1.));
#11157=DIRECTION('',(1.,0.,0.));
#11158=DIRECTION('',(0.,0.,1.));
#11159=DIRECTION('',(1.,0.,0.));
#11160=DIRECTION('',(0.,0.,-1.));
#11161=DIRECTION('',(0.,1.,0.));
#11162=DIRECTION('',(0.,0.,1.));
#11163=DIRECTION('',(1.,0.,0.));
#11164=DIRECTION('',(1.,0.,0.));
#11165=DIRECTION('',(0.,0.,-1.));
#11166=DIRECTION('',(0.,0.,-1.));
#11167=DIRECTION('',(-1.,0.,0.));
#11168=DIRECTION('',(0.,0.,1.));
#11169=DIRECTION('',(1.,0.,0.));
#11170=DIRECTION('',(0.,0.,1.));
#11171=DIRECTION('',(1.,0.,0.));
#11172=DIRECTION('',(1.,0.,0.));
#11173=DIRECTION('',(0.,0.,-1.));
#11174=DIRECTION('',(0.,-1.,0.));
#11175=DIRECTION('',(0.,0.,-1.));
#11176=DIRECTION('',(0.,-1.,0.));
#11177=DIRECTION('',(0.,0.,-1.));
#11178=DIRECTION('',(0.,0.,-1.));
#11179=DIRECTION('',(-1.,0.,0.));
#11180=DIRECTION('',(0.,0.,1.));
#11181=DIRECTION('',(1.,0.,0.));
#11182=DIRECTION('',(0.,0.,1.));
#11183=DIRECTION('',(1.,0.,0.));
#11184=DIRECTION('',(0.,0.,-1.));
#11185=DIRECTION('',(0.,1.,0.));
#11186=DIRECTION('',(0.,0.,1.));
#11187=DIRECTION('',(1.,0.,0.));
#11188=DIRECTION('',(1.,0.,0.));
#11189=DIRECTION('',(0.,0.,-1.));
#11190=DIRECTION('',(0.,0.,-1.));
#11191=DIRECTION('',(-1.,0.,0.));
#11192=DIRECTION('',(0.,0.,1.));
#11193=DIRECTION('',(1.,0.,0.));
#11194=DIRECTION('',(0.,0.,1.));
#11195=DIRECTION('',(1.,0.,0.));
#11196=DIRECTION('',(0.,0.,-1.));
#11197=DIRECTION('',(1.,0.,0.));
#11198=DIRECTION('',(0.,0.,-1.));
#11199=DIRECTION('',(0.,-1.,0.));
#11200=DIRECTION('',(0.,-1.,0.));
#11201=DIRECTION('',(0.,0.,-1.));
#11202=DIRECTION('',(0.,0.,-1.));
#11203=DIRECTION('',(-1.,0.,0.));
#11204=DIRECTION('',(0.,0.,1.));
#11205=DIRECTION('',(1.,0.,0.));
#11206=DIRECTION('',(0.,0.,1.));
#11207=DIRECTION('',(1.,0.,0.));
#11208=DIRECTION('',(0.,0.,-1.));
#11209=DIRECTION('',(0.,1.,0.));
#11210=DIRECTION('',(0.,0.,1.));
#11211=DIRECTION('',(1.,0.,0.));
#11212=DIRECTION('',(1.,0.,0.));
#11213=DIRECTION('',(0.,0.,-1.));
#11214=DIRECTION('',(0.,0.,-1.));
#11215=DIRECTION('',(-1.,0.,0.));
#11216=DIRECTION('',(0.,0.,1.));
#11217=DIRECTION('',(1.,0.,0.));
#11218=DIRECTION('',(0.,0.,1.));
#11219=DIRECTION('',(1.,0.,0.));
#11220=DIRECTION('',(1.,0.,0.));
#11221=DIRECTION('',(0.,0.,-1.));
#11222=DIRECTION('',(0.,-1.,0.));
#11223=DIRECTION('',(0.,0.,-1.));
#11224=DIRECTION('',(0.,-1.,0.));
#11225=DIRECTION('',(0.,0.,-1.));
#11226=DIRECTION('',(0.,0.,-1.));
#11227=DIRECTION('',(-1.,0.,0.));
#11228=DIRECTION('',(0.,0.,1.));
#11229=DIRECTION('',(1.,0.,0.));
#11230=DIRECTION('',(0.,0.,1.));
#11231=DIRECTION('',(1.,0.,0.));
#11232=DIRECTION('',(0.,0.,-1.));
#11233=DIRECTION('',(0.,1.,0.));
#11234=DIRECTION('',(0.,0.,1.));
#11235=DIRECTION('',(1.,0.,0.));
#11236=DIRECTION('',(1.,0.,0.));
#11237=DIRECTION('',(0.,0.,-1.));
#11238=DIRECTION('',(0.,0.,-1.));
#11239=DIRECTION('',(-1.,0.,0.));
#11240=DIRECTION('',(0.,0.,1.));
#11241=DIRECTION('',(1.,0.,0.));
#11242=DIRECTION('',(0.,0.,1.));
#11243=DIRECTION('',(1.,0.,0.));
#11244=DIRECTION('',(0.,0.,-1.));
#11245=DIRECTION('',(1.,0.,0.));
#11246=DIRECTION('',(0.,0.,-1.));
#11247=DIRECTION('',(0.,-1.,0.));
#11248=DIRECTION('',(0.,-1.,0.));
#11249=DIRECTION('',(0.,0.,-1.));
#11250=DIRECTION('',(0.,0.,-1.));
#11251=DIRECTION('',(-1.,0.,0.));
#11252=DIRECTION('',(0.,0.,1.));
#11253=DIRECTION('',(1.,0.,0.));
#11254=DIRECTION('',(0.,0.,1.));
#11255=DIRECTION('',(1.,0.,0.));
#11256=DIRECTION('',(0.,0.,-1.));
#11257=DIRECTION('',(0.,1.,0.));
#11258=DIRECTION('',(0.,0.,1.));
#11259=DIRECTION('',(1.,0.,0.));
#11260=DIRECTION('',(1.,0.,0.));
#11261=DIRECTION('',(0.,0.,-1.));
#11262=DIRECTION('',(0.,0.,-1.));
#11263=DIRECTION('',(-1.,0.,0.));
#11264=DIRECTION('',(0.,0.,1.));
#11265=DIRECTION('',(1.,0.,0.));
#11266=DIRECTION('',(0.,0.,1.));
#11267=DIRECTION('',(1.,0.,0.));
#11268=DIRECTION('',(1.,0.,0.));
#11269=DIRECTION('',(0.,0.,-1.));
#11270=DIRECTION('',(0.,-1.,0.));
#11271=DIRECTION('',(0.,0.,-1.));
#11272=DIRECTION('',(0.,-1.,0.));
#11273=DIRECTION('',(0.,0.,-1.));
#11274=DIRECTION('',(0.,0.,-1.));
#11275=DIRECTION('',(-1.,0.,0.));
#11276=DIRECTION('',(0.,0.,1.));
#11277=DIRECTION('',(1.,0.,0.));
#11278=DIRECTION('',(0.,0.,1.));
#11279=DIRECTION('',(1.,0.,0.));
#11280=DIRECTION('',(0.,0.,-1.));
#11281=DIRECTION('',(0.,1.,0.));
#11282=DIRECTION('',(0.,0.,1.));
#11283=DIRECTION('',(1.,0.,0.));
#11284=DIRECTION('',(1.,0.,0.));
#11285=DIRECTION('',(0.,0.,-1.));
#11286=DIRECTION('',(0.,0.,-1.));
#11287=DIRECTION('',(-1.,0.,0.));
#11288=DIRECTION('',(0.,0.,1.));
#11289=DIRECTION('',(1.,0.,0.));
#11290=DIRECTION('',(0.,0.,1.));
#11291=DIRECTION('',(1.,0.,0.));
#11292=DIRECTION('',(0.,0.,-1.));
#11293=DIRECTION('',(1.,0.,0.));
#11294=DIRECTION('',(0.,0.,-1.));
#11295=DIRECTION('',(0.,-1.,0.));
#11296=DIRECTION('',(0.,-1.,0.));
#11297=DIRECTION('',(0.,0.,-1.));
#11298=DIRECTION('',(0.,0.,-1.));
#11299=DIRECTION('',(-1.,0.,0.));
#11300=DIRECTION('',(0.,0.,1.));
#11301=DIRECTION('',(1.,0.,0.));
#11302=DIRECTION('',(0.,0.,1.));
#11303=DIRECTION('',(1.,0.,0.));
#11304=DIRECTION('',(0.,0.,-1.));
#11305=DIRECTION('',(0.,1.,0.));
#11306=DIRECTION('',(0.,0.,1.));
#11307=DIRECTION('',(1.,0.,0.));
#11308=DIRECTION('',(1.,0.,0.));
#11309=DIRECTION('',(0.,0.,-1.));
#11310=DIRECTION('',(0.,0.,-1.));
#11311=DIRECTION('',(-1.,0.,0.));
#11312=DIRECTION('',(0.,0.,1.));
#11313=DIRECTION('',(1.,0.,0.));
#11314=DIRECTION('',(0.,0.,1.));
#11315=DIRECTION('',(1.,0.,0.));
#11316=DIRECTION('',(1.,0.,0.));
#11317=DIRECTION('',(0.,0.,-1.));
#11318=DIRECTION('',(0.,-1.,0.));
#11319=DIRECTION('',(0.,0.,-1.));
#11320=DIRECTION('',(0.,-1.,0.));
#11321=DIRECTION('',(0.,0.,-1.));
#11322=DIRECTION('',(0.,0.,-1.));
#11323=DIRECTION('',(-1.,0.,0.));
#11324=DIRECTION('',(0.,0.,1.));
#11325=DIRECTION('',(1.,0.,0.));
#11326=DIRECTION('',(0.,0.,1.));
#11327=DIRECTION('',(1.,0.,0.));
#11328=DIRECTION('',(0.,0.,-1.));
#11329=DIRECTION('',(0.,1.,0.));
#11330=DIRECTION('',(0.,0.,1.));
#11331=DIRECTION('',(1.,0.,0.));
#11332=DIRECTION('',(1.,0.,0.));
#11333=DIRECTION('',(0.,0.,-1.));
#11334=DIRECTION('',(0.,0.,-1.));
#11335=DIRECTION('',(-1.,0.,0.));
#11336=DIRECTION('',(0.,0.,1.));
#11337=DIRECTION('',(1.,0.,0.));
#11338=DIRECTION('',(0.,0.,1.));
#11339=DIRECTION('',(1.,0.,0.));
#11340=DIRECTION('',(0.,0.,-1.));
#11341=DIRECTION('',(1.,0.,0.));
#11342=DIRECTION('',(0.,0.,-1.));
#11343=DIRECTION('',(0.,-1.,0.));
#11344=DIRECTION('',(0.,-1.,0.));
#11345=DIRECTION('',(0.,0.,-1.));
#11346=DIRECTION('',(0.,0.,-1.));
#11347=DIRECTION('',(-1.,0.,0.));
#11348=DIRECTION('',(0.,0.,1.));
#11349=DIRECTION('',(1.,0.,0.));
#11350=DIRECTION('',(0.,0.,1.));
#11351=DIRECTION('',(1.,0.,0.));
#11352=DIRECTION('',(0.,0.,-1.));
#11353=DIRECTION('',(0.,1.,0.));
#11354=DIRECTION('',(0.,0.,1.));
#11355=DIRECTION('',(1.,0.,0.));
#11356=DIRECTION('',(1.,0.,0.));
#11357=DIRECTION('',(0.,0.,-1.));
#11358=DIRECTION('',(0.,0.,-1.));
#11359=DIRECTION('',(-1.,0.,0.));
#11360=DIRECTION('',(0.,0.,1.));
#11361=DIRECTION('',(1.,0.,0.));
#11362=DIRECTION('',(0.,0.,1.));
#11363=DIRECTION('',(1.,0.,0.));
#11364=DIRECTION('',(1.,0.,0.));
#11365=DIRECTION('',(0.,0.,-1.));
#11366=DIRECTION('',(0.,-1.,0.));
#11367=DIRECTION('',(0.,0.,-1.));
#11368=DIRECTION('',(0.,-1.,0.));
#11369=DIRECTION('',(0.,0.,-1.));
#11370=DIRECTION('',(0.,0.,-1.));
#11371=DIRECTION('',(-1.,0.,0.));
#11372=DIRECTION('',(0.,0.,1.));
#11373=DIRECTION('',(1.,0.,0.));
#11374=DIRECTION('',(0.,0.,1.));
#11375=DIRECTION('',(1.,0.,0.));
#11376=DIRECTION('',(0.,0.,-1.));
#11377=DIRECTION('',(0.,1.,0.));
#11378=DIRECTION('',(0.,0.,1.));
#11379=DIRECTION('',(1.,0.,0.));
#11380=DIRECTION('',(1.,0.,0.));
#11381=DIRECTION('',(0.,0.,-1.));
#11382=DIRECTION('',(0.,0.,-1.));
#11383=DIRECTION('',(-1.,0.,0.));
#11384=DIRECTION('',(0.,0.,1.));
#11385=DIRECTION('',(1.,0.,0.));
#11386=DIRECTION('',(0.,0.,1.));
#11387=DIRECTION('',(1.,0.,0.));
#11388=DIRECTION('',(0.,0.,-1.));
#11389=DIRECTION('',(1.,0.,0.));
#11390=DIRECTION('',(0.,0.,-1.));
#11391=DIRECTION('',(0.,-1.,0.));
#11392=DIRECTION('',(0.,-1.,0.));
#11393=DIRECTION('',(0.,0.,-1.));
#11394=DIRECTION('',(0.,0.,-1.));
#11395=DIRECTION('',(-1.,0.,0.));
#11396=DIRECTION('',(0.,0.,1.));
#11397=DIRECTION('',(1.,0.,0.));
#11398=DIRECTION('',(0.,0.,1.));
#11399=DIRECTION('',(1.,0.,0.));
#11400=DIRECTION('',(0.,0.,-1.));
#11401=DIRECTION('',(0.,1.,0.));
#11402=DIRECTION('',(0.,0.,1.));
#11403=DIRECTION('',(1.,0.,0.));
#11404=DIRECTION('',(1.,0.,0.));
#11405=DIRECTION('',(0.,0.,-1.));
#11406=DIRECTION('',(0.,0.,-1.));
#11407=DIRECTION('',(-1.,0.,0.));
#11408=DIRECTION('',(0.,0.,1.));
#11409=DIRECTION('',(1.,0.,0.));
#11410=DIRECTION('',(0.,0.,1.));
#11411=DIRECTION('',(1.,0.,0.));
#11412=DIRECTION('',(1.,0.,0.));
#11413=DIRECTION('',(0.,0.,-1.));
#11414=DIRECTION('',(0.,-1.,0.));
#11415=DIRECTION('',(0.,0.,-1.));
#11416=DIRECTION('',(0.,-1.,0.));
#11417=DIRECTION('',(0.,0.,-1.));
#11418=DIRECTION('',(0.,0.,-1.));
#11419=DIRECTION('',(-1.,0.,0.));
#11420=DIRECTION('',(0.,0.,1.));
#11421=DIRECTION('',(1.,0.,0.));
#11422=DIRECTION('',(0.,0.,1.));
#11423=DIRECTION('',(1.,0.,0.));
#11424=DIRECTION('',(0.,0.,-1.));
#11425=DIRECTION('',(0.,1.,0.));
#11426=DIRECTION('',(0.,0.,1.));
#11427=DIRECTION('',(1.,0.,0.));
#11428=DIRECTION('',(1.,0.,0.));
#11429=DIRECTION('',(0.,0.,-1.));
#11430=DIRECTION('',(0.,0.,-1.));
#11431=DIRECTION('',(-1.,0.,0.));
#11432=DIRECTION('',(0.,0.,1.));
#11433=DIRECTION('',(1.,0.,0.));
#11434=DIRECTION('',(0.,0.,1.));
#11435=DIRECTION('',(1.,0.,0.));
#11436=DIRECTION('',(0.,0.,-1.));
#11437=DIRECTION('',(1.,0.,0.));
#11438=DIRECTION('',(0.,0.,-1.));
#11439=DIRECTION('',(0.,-1.,0.));
#11440=DIRECTION('',(0.,-1.,0.));
#11441=DIRECTION('',(0.,0.,-1.));
#11442=DIRECTION('',(0.,0.,-1.));
#11443=DIRECTION('',(-1.,0.,0.));
#11444=DIRECTION('',(0.,0.,1.));
#11445=DIRECTION('',(1.,0.,0.));
#11446=DIRECTION('',(0.,0.,1.));
#11447=DIRECTION('',(1.,0.,0.));
#11448=DIRECTION('',(0.,0.,-1.));
#11449=DIRECTION('',(0.,1.,0.));
#11450=DIRECTION('',(0.,0.,1.));
#11451=DIRECTION('',(1.,0.,0.));
#11452=DIRECTION('',(1.,0.,0.));
#11453=DIRECTION('',(0.,0.,-1.));
#11454=DIRECTION('',(0.,0.,-1.));
#11455=DIRECTION('',(-1.,0.,0.));
#11456=DIRECTION('',(0.,0.,1.));
#11457=DIRECTION('',(1.,0.,0.));
#11458=DIRECTION('',(0.,0.,1.));
#11459=DIRECTION('',(1.,0.,0.));
#11460=DIRECTION('',(1.,0.,0.));
#11461=DIRECTION('',(0.,0.,-1.));
#11462=DIRECTION('',(0.,-1.,0.));
#11463=DIRECTION('',(0.,0.,-1.));
#11464=DIRECTION('',(0.,-1.,0.));
#11465=DIRECTION('',(0.,0.,-1.));
#11466=DIRECTION('',(0.,0.,-1.));
#11467=DIRECTION('',(-1.,0.,0.));
#11468=DIRECTION('',(0.,0.,1.));
#11469=DIRECTION('',(1.,0.,0.));
#11470=DIRECTION('',(0.,0.,1.));
#11471=DIRECTION('',(1.,0.,0.));
#11472=DIRECTION('',(0.,0.,-1.));
#11473=DIRECTION('',(0.,1.,0.));
#11474=DIRECTION('',(0.,0.,1.));
#11475=DIRECTION('',(1.,0.,0.));
#11476=DIRECTION('',(1.,0.,0.));
#11477=DIRECTION('',(0.,0.,-1.));
#11478=DIRECTION('',(0.,0.,-1.));
#11479=DIRECTION('',(-1.,0.,0.));
#11480=DIRECTION('',(0.,0.,1.));
#11481=DIRECTION('',(1.,0.,0.));
#11482=DIRECTION('',(0.,0.,1.));
#11483=DIRECTION('',(1.,0.,0.));
#11484=DIRECTION('',(0.,0.,-1.));
#11485=DIRECTION('',(1.,0.,0.));
#11486=DIRECTION('',(0.,0.,-1.));
#11487=DIRECTION('',(0.,-1.,0.));
#11488=DIRECTION('',(0.,-1.,0.));
#11489=DIRECTION('',(0.,0.,-1.));
#11490=DIRECTION('',(0.,0.,-1.));
#11491=DIRECTION('',(-1.,0.,0.));
#11492=DIRECTION('',(0.,0.,1.));
#11493=DIRECTION('',(1.,0.,0.));
#11494=DIRECTION('',(0.,0.,1.));
#11495=DIRECTION('',(1.,0.,0.));
#11496=DIRECTION('',(0.,0.,-1.));
#11497=DIRECTION('',(0.,1.,0.));
#11498=DIRECTION('',(0.,0.,1.));
#11499=DIRECTION('',(1.,0.,0.));
#11500=DIRECTION('',(1.,0.,0.));
#11501=DIRECTION('',(0.,0.,-1.));
#11502=DIRECTION('',(0.,0.,-1.));
#11503=DIRECTION('',(-1.,0.,0.));
#11504=DIRECTION('',(0.,0.,1.));
#11505=DIRECTION('',(1.,0.,0.));
#11506=DIRECTION('',(0.,0.,1.));
#11507=DIRECTION('',(1.,0.,0.));
#11508=DIRECTION('',(1.,0.,0.));
#11509=DIRECTION('',(0.,0.,-1.));
#11510=DIRECTION('',(0.,-1.,0.));
#11511=DIRECTION('',(0.,0.,-1.));
#11512=DIRECTION('',(0.,-1.,0.));
#11513=DIRECTION('',(0.,0.,-1.));
#11514=DIRECTION('',(0.,0.,-1.));
#11515=DIRECTION('',(-1.,0.,0.));
#11516=DIRECTION('',(0.,0.,1.));
#11517=DIRECTION('',(1.,0.,0.));
#11518=DIRECTION('',(0.,0.,1.));
#11519=DIRECTION('',(1.,0.,0.));
#11520=DIRECTION('',(0.,0.,-1.));
#11521=DIRECTION('',(0.,1.,0.));
#11522=DIRECTION('',(0.,0.,1.));
#11523=DIRECTION('',(1.,0.,0.));
#11524=DIRECTION('',(1.,0.,0.));
#11525=DIRECTION('',(0.,0.,-1.));
#11526=DIRECTION('',(0.,0.,-1.));
#11527=DIRECTION('',(-1.,0.,0.));
#11528=DIRECTION('',(0.,0.,1.));
#11529=DIRECTION('',(1.,0.,0.));
#11530=DIRECTION('',(0.,0.,1.));
#11531=DIRECTION('',(1.,0.,0.));
#11532=DIRECTION('',(0.,0.,-1.));
#11533=DIRECTION('',(1.,0.,0.));
#11534=DIRECTION('',(0.,0.,-1.));
#11535=DIRECTION('',(0.,-1.,0.));
#11536=DIRECTION('',(0.,-1.,0.));
#11537=DIRECTION('',(0.,0.,-1.));
#11538=DIRECTION('',(0.,0.,-1.));
#11539=DIRECTION('',(-1.,0.,0.));
#11540=DIRECTION('',(0.,0.,1.));
#11541=DIRECTION('',(1.,0.,0.));
#11542=DIRECTION('',(0.,0.,1.));
#11543=DIRECTION('',(1.,0.,0.));
#11544=DIRECTION('',(0.,0.,-1.));
#11545=DIRECTION('',(0.,1.,0.));
#11546=DIRECTION('',(0.,0.,1.));
#11547=DIRECTION('',(1.,0.,0.));
#11548=DIRECTION('',(1.,0.,0.));
#11549=DIRECTION('',(0.,0.,-1.));
#11550=DIRECTION('',(0.,0.,-1.));
#11551=DIRECTION('',(-1.,0.,0.));
#11552=DIRECTION('',(0.,0.,1.));
#11553=DIRECTION('',(1.,0.,0.));
#11554=DIRECTION('',(0.,0.,1.));
#11555=DIRECTION('',(1.,0.,0.));
#11556=DIRECTION('',(1.,0.,0.));
#11557=DIRECTION('',(0.,0.,-1.));
#11558=DIRECTION('',(0.,-1.,0.));
#11559=DIRECTION('',(0.,0.,-1.));
#11560=DIRECTION('',(0.,-1.,0.));
#11561=DIRECTION('',(0.,0.,-1.));
#11562=DIRECTION('',(0.,0.,-1.));
#11563=DIRECTION('',(-1.,0.,0.));
#11564=DIRECTION('',(0.,0.,1.));
#11565=DIRECTION('',(1.,0.,0.));
#11566=DIRECTION('',(0.,0.,1.));
#11567=DIRECTION('',(1.,0.,0.));
#11568=DIRECTION('',(0.,0.,-1.));
#11569=DIRECTION('',(0.,1.,0.));
#11570=DIRECTION('',(0.,0.,1.));
#11571=DIRECTION('',(1.,0.,0.));
#11572=DIRECTION('',(1.,0.,0.));
#11573=DIRECTION('',(0.,0.,-1.));
#11574=DIRECTION('',(0.,0.,-1.));
#11575=DIRECTION('',(-1.,0.,0.));
#11576=DIRECTION('',(0.,0.,1.));
#11577=DIRECTION('',(1.,0.,0.));
#11578=DIRECTION('',(0.,0.,1.));
#11579=DIRECTION('',(1.,0.,0.));
#11580=DIRECTION('',(0.,0.,-1.));
#11581=DIRECTION('',(1.,0.,0.));
#11582=DIRECTION('',(0.,0.,-1.));
#11583=DIRECTION('',(0.,-1.,0.));
#11584=DIRECTION('',(0.,-1.,0.));
#11585=DIRECTION('',(0.,0.,-1.));
#11586=DIRECTION('',(0.,0.,-1.));
#11587=DIRECTION('',(-1.,0.,0.));
#11588=DIRECTION('',(0.,0.,1.));
#11589=DIRECTION('',(1.,0.,0.));
#11590=DIRECTION('',(0.,0.,1.));
#11591=DIRECTION('',(1.,0.,0.));
#11592=DIRECTION('',(0.,0.,-1.));
#11593=DIRECTION('',(0.,1.,0.));
#11594=DIRECTION('',(0.,0.,1.));
#11595=DIRECTION('',(1.,0.,0.));
#11596=DIRECTION('',(1.,0.,0.));
#11597=DIRECTION('',(0.,0.,-1.));
#11598=DIRECTION('',(0.,0.,-1.));
#11599=DIRECTION('',(-1.,0.,0.));
#11600=DIRECTION('',(0.,0.,1.));
#11601=DIRECTION('',(1.,0.,0.));
#11602=DIRECTION('',(0.,0.,1.));
#11603=DIRECTION('',(1.,0.,0.));
#11604=DIRECTION('',(1.,0.,0.));
#11605=DIRECTION('',(0.,0.,-1.));
#11606=DIRECTION('',(0.,-1.,0.));
#11607=DIRECTION('',(0.,0.,-1.));
#11608=DIRECTION('',(0.,-1.,0.));
#11609=DIRECTION('',(0.,0.,-1.));
#11610=DIRECTION('',(0.,0.,-1.));
#11611=DIRECTION('',(-1.,0.,0.));
#11612=DIRECTION('',(0.,0.,1.));
#11613=DIRECTION('',(1.,0.,0.));
#11614=DIRECTION('',(0.,0.,1.));
#11615=DIRECTION('',(1.,0.,0.));
#11616=DIRECTION('',(0.,0.,-1.));
#11617=DIRECTION('',(0.,1.,0.));
#11618=DIRECTION('',(0.,0.,1.));
#11619=DIRECTION('',(1.,0.,0.));
#11620=DIRECTION('',(1.,0.,0.));
#11621=DIRECTION('',(0.,0.,-1.));
#11622=DIRECTION('',(0.,0.,-1.));
#11623=DIRECTION('',(-1.,0.,0.));
#11624=DIRECTION('',(0.,0.,1.));
#11625=DIRECTION('',(1.,0.,0.));
#11626=DIRECTION('',(0.,0.,1.));
#11627=DIRECTION('',(1.,0.,0.));
#11628=DIRECTION('',(0.,0.,-1.));
#11629=DIRECTION('',(1.,0.,0.));
#11630=DIRECTION('',(0.,0.,-1.));
#11631=DIRECTION('',(0.,-1.,0.));
#11632=DIRECTION('',(0.,-1.,0.));
#11633=DIRECTION('',(0.,0.,-1.));
#11634=DIRECTION('',(0.,0.,-1.));
#11635=DIRECTION('',(-1.,0.,0.));
#11636=DIRECTION('',(0.,0.,1.));
#11637=DIRECTION('',(1.,0.,0.));
#11638=DIRECTION('',(0.,0.,1.));
#11639=DIRECTION('',(1.,0.,0.));
#11640=DIRECTION('',(0.,0.,-1.));
#11641=DIRECTION('',(0.,1.,0.));
#11642=DIRECTION('',(0.,0.,1.));
#11643=DIRECTION('',(1.,0.,0.));
#11644=DIRECTION('',(1.,0.,0.));
#11645=DIRECTION('',(0.,0.,-1.));
#11646=DIRECTION('',(0.,0.,-1.));
#11647=DIRECTION('',(-1.,0.,0.));
#11648=DIRECTION('',(0.,0.,1.));
#11649=DIRECTION('',(1.,0.,0.));
#11650=DIRECTION('',(0.,0.,1.));
#11651=DIRECTION('',(1.,0.,0.));
#11652=DIRECTION('',(1.,0.,0.));
#11653=DIRECTION('',(0.,0.,-1.));
#11654=DIRECTION('',(0.,-1.,0.));
#11655=DIRECTION('',(0.,0.,-1.));
#11656=DIRECTION('',(0.,-1.,0.));
#11657=DIRECTION('',(0.,0.,-1.));
#11658=DIRECTION('',(0.,0.,-1.));
#11659=DIRECTION('',(-1.,0.,0.));
#11660=DIRECTION('',(0.,0.,1.));
#11661=DIRECTION('',(1.,0.,0.));
#11662=DIRECTION('',(0.,0.,1.));
#11663=DIRECTION('',(1.,0.,0.));
#11664=DIRECTION('',(0.,0.,-1.));
#11665=DIRECTION('',(0.,1.,0.));
#11666=DIRECTION('',(0.,0.,1.));
#11667=DIRECTION('',(1.,0.,0.));
#11668=DIRECTION('',(1.,0.,0.));
#11669=DIRECTION('',(0.,0.,-1.));
#11670=DIRECTION('',(0.,0.,-1.));
#11671=DIRECTION('',(-1.,0.,0.));
#11672=DIRECTION('',(0.,0.,1.));
#11673=DIRECTION('',(1.,0.,0.));
#11674=DIRECTION('',(0.,0.,1.));
#11675=DIRECTION('',(1.,0.,0.));
#11676=DIRECTION('',(0.,0.,-1.));
#11677=DIRECTION('',(1.,0.,0.));
#11678=DIRECTION('',(0.,0.,-1.));
#11679=DIRECTION('',(0.,-1.,0.));
#11680=DIRECTION('',(0.,-1.,0.));
#11681=DIRECTION('',(0.,0.,-1.));
#11682=DIRECTION('',(0.,0.,-1.));
#11683=DIRECTION('',(-1.,0.,0.));
#11684=DIRECTION('',(0.,0.,1.));
#11685=DIRECTION('',(1.,0.,0.));
#11686=DIRECTION('',(0.,0.,1.));
#11687=DIRECTION('',(1.,0.,0.));
#11688=DIRECTION('',(0.,0.,-1.));
#11689=DIRECTION('',(0.,1.,0.));
#11690=DIRECTION('',(0.,0.,1.));
#11691=DIRECTION('',(1.,0.,0.));
#11692=DIRECTION('',(1.,0.,0.));
#11693=DIRECTION('',(0.,0.,-1.));
#11694=DIRECTION('',(0.,0.,-1.));
#11695=DIRECTION('',(-1.,0.,0.));
#11696=DIRECTION('',(0.,0.,1.));
#11697=DIRECTION('',(1.,0.,0.));
#11698=DIRECTION('',(0.,0.,1.));
#11699=DIRECTION('',(1.,0.,0.));
#11700=DIRECTION('',(1.,0.,0.));
#11701=DIRECTION('',(0.,0.,-1.));
#11702=DIRECTION('',(0.,-1.,0.));
#11703=DIRECTION('',(0.,0.,-1.));
#11704=DIRECTION('',(0.,-1.,0.));
#11705=DIRECTION('',(0.,0.,-1.));
#11706=DIRECTION('',(0.,0.,-1.));
#11707=DIRECTION('',(-1.,0.,0.));
#11708=DIRECTION('',(0.,0.,1.));
#11709=DIRECTION('',(1.,0.,0.));
#11710=DIRECTION('',(0.,0.,1.));
#11711=DIRECTION('',(1.,0.,0.));
#11712=DIRECTION('',(0.,0.,-1.));
#11713=DIRECTION('',(0.,1.,0.));
#11714=DIRECTION('',(0.,0.,1.));
#11715=DIRECTION('',(1.,0.,0.));
#11716=DIRECTION('',(1.,0.,0.));
#11717=DIRECTION('',(0.,0.,-1.));
#11718=DIRECTION('',(0.,0.,-1.));
#11719=DIRECTION('',(-1.,0.,0.));
#11720=DIRECTION('',(0.,0.,1.));
#11721=DIRECTION('',(1.,0.,0.));
#11722=DIRECTION('',(0.,0.,1.));
#11723=DIRECTION('',(1.,0.,0.));
#11724=DIRECTION('',(0.,0.,-1.));
#11725=DIRECTION('',(1.,0.,0.));
#11726=DIRECTION('',(0.,0.,-1.));
#11727=DIRECTION('',(0.,-1.,0.));
#11728=DIRECTION('',(0.,-1.,0.));
#11729=DIRECTION('',(0.,0.,-1.));
#11730=DIRECTION('',(0.,0.,-1.));
#11731=DIRECTION('',(-1.,0.,0.));
#11732=DIRECTION('',(0.,0.,1.));
#11733=DIRECTION('',(1.,0.,0.));
#11734=DIRECTION('',(0.,0.,1.));
#11735=DIRECTION('',(1.,0.,0.));
#11736=DIRECTION('',(0.,0.,-1.));
#11737=DIRECTION('',(0.,1.,0.));
#11738=DIRECTION('',(0.,0.,1.));
#11739=DIRECTION('',(1.,0.,0.));
#11740=DIRECTION('',(1.,0.,0.));
#11741=DIRECTION('',(0.,0.,-1.));
#11742=DIRECTION('',(0.,0.,-1.));
#11743=DIRECTION('',(-1.,0.,0.));
#11744=DIRECTION('',(0.,0.,1.));
#11745=DIRECTION('',(1.,0.,0.));
#11746=DIRECTION('',(0.,0.,1.));
#11747=DIRECTION('',(1.,0.,0.));
#11748=DIRECTION('',(1.,0.,0.));
#11749=DIRECTION('',(0.,0.,-1.));
#11750=DIRECTION('',(0.,-1.,0.));
#11751=DIRECTION('',(0.,0.,-1.));
#11752=DIRECTION('',(0.,-1.,0.));
#11753=DIRECTION('',(0.,0.,-1.));
#11754=DIRECTION('',(0.,0.,-1.));
#11755=DIRECTION('',(-1.,0.,0.));
#11756=DIRECTION('',(0.,0.,1.));
#11757=DIRECTION('',(1.,0.,0.));
#11758=DIRECTION('',(0.,0.,1.));
#11759=DIRECTION('',(1.,0.,0.));
#11760=DIRECTION('',(0.,0.,-1.));
#11761=DIRECTION('',(0.,1.,0.));
#11762=DIRECTION('',(0.,0.,1.));
#11763=DIRECTION('',(1.,0.,0.));
#11764=DIRECTION('',(1.,0.,0.));
#11765=DIRECTION('',(0.,0.,-1.));
#11766=DIRECTION('',(0.,0.,-1.));
#11767=DIRECTION('',(-1.,0.,0.));
#11768=DIRECTION('',(0.,0.,1.));
#11769=DIRECTION('',(1.,0.,0.));
#11770=DIRECTION('',(0.,0.,1.));
#11771=DIRECTION('',(1.,0.,0.));
#11772=DIRECTION('',(0.,0.,-1.));
#11773=DIRECTION('',(1.,0.,0.));
#11774=DIRECTION('',(0.,0.,-1.));
#11775=DIRECTION('',(0.,-1.,0.));
#11776=DIRECTION('',(0.,-1.,0.));
#11777=DIRECTION('',(0.,0.,-1.));
#11778=DIRECTION('',(0.,0.,-1.));
#11779=DIRECTION('',(-1.,0.,0.));
#11780=DIRECTION('',(0.,0.,1.));
#11781=DIRECTION('',(1.,0.,0.));
#11782=DIRECTION('',(0.,0.,1.));
#11783=DIRECTION('',(1.,0.,0.));
#11784=DIRECTION('',(0.,0.,-1.));
#11785=DIRECTION('',(0.,1.,0.));
#11786=DIRECTION('',(0.,0.,1.));
#11787=DIRECTION('',(1.,0.,0.));
#11788=DIRECTION('',(1.,0.,0.));
#11789=DIRECTION('',(0.,0.,-1.));
#11790=DIRECTION('',(0.,0.,-1.));
#11791=DIRECTION('',(-1.,0.,0.));
#11792=DIRECTION('',(0.,0.,1.));
#11793=DIRECTION('',(1.,0.,0.));
#11794=DIRECTION('',(0.,0.,1.));
#11795=DIRECTION('',(1.,0.,0.));
#11796=DIRECTION('',(1.,0.,0.));
#11797=DIRECTION('',(0.,0.,-1.));
#11798=DIRECTION('',(0.,-1.,0.));
#11799=DIRECTION('',(0.,0.,-1.));
#11800=DIRECTION('',(0.,-1.,0.));
#11801=DIRECTION('',(0.,0.,-1.));
#11802=DIRECTION('',(0.,0.,-1.));
#11803=DIRECTION('',(-1.,0.,0.));
#11804=DIRECTION('',(0.,0.,1.));
#11805=DIRECTION('',(1.,0.,0.));
#11806=DIRECTION('',(0.,0.,1.));
#11807=DIRECTION('',(1.,0.,0.));
#11808=DIRECTION('',(0.,0.,-1.));
#11809=DIRECTION('',(0.,1.,0.));
#11810=DIRECTION('',(0.,0.,1.));
#11811=DIRECTION('',(1.,0.,0.));
#11812=DIRECTION('',(1.,0.,0.));
#11813=DIRECTION('',(0.,0.,-1.));
#11814=DIRECTION('',(0.,0.,-1.));
#11815=DIRECTION('',(-1.,0.,0.));
#11816=DIRECTION('',(0.,0.,1.));
#11817=DIRECTION('',(1.,0.,0.));
#11818=DIRECTION('',(0.,0.,1.));
#11819=DIRECTION('',(1.,0.,0.));
#11820=DIRECTION('',(0.,0.,-1.));
#11821=DIRECTION('',(1.,0.,0.));
#11822=DIRECTION('',(0.,0.,-1.));
#11823=DIRECTION('',(0.,-1.,0.));
#11824=DIRECTION('',(0.,-1.,0.));
#11825=DIRECTION('',(0.,0.,-1.));
#11826=DIRECTION('',(0.,0.,-1.));
#11827=DIRECTION('',(-1.,0.,0.));
#11828=DIRECTION('',(0.,0.,1.));
#11829=DIRECTION('',(1.,0.,0.));
#11830=DIRECTION('',(0.,0.,1.));
#11831=DIRECTION('',(1.,0.,0.));
#11832=DIRECTION('',(0.,0.,-1.));
#11833=DIRECTION('',(0.,1.,0.));
#11834=DIRECTION('',(0.,0.,1.));
#11835=DIRECTION('',(1.,0.,0.));
#11836=DIRECTION('',(1.,0.,0.));
#11837=DIRECTION('',(0.,0.,-1.));
#11838=DIRECTION('',(0.,0.,-1.));
#11839=DIRECTION('',(-1.,0.,0.));
#11840=DIRECTION('',(0.,0.,1.));
#11841=DIRECTION('',(1.,0.,0.));
#11842=DIRECTION('',(0.,0.,1.));
#11843=DIRECTION('',(1.,0.,0.));
#11844=DIRECTION('',(1.,0.,0.));
#11845=DIRECTION('',(0.,0.,-1.));
#11846=DIRECTION('',(0.,-1.,0.));
#11847=DIRECTION('',(0.,0.,-1.));
#11848=DIRECTION('',(0.,-1.,0.));
#11849=DIRECTION('',(0.,0.,-1.));
#11850=DIRECTION('',(0.,0.,-1.));
#11851=DIRECTION('',(-1.,0.,0.));
#11852=DIRECTION('',(0.,0.,1.));
#11853=DIRECTION('',(1.,0.,0.));
#11854=DIRECTION('',(0.,0.,1.));
#11855=DIRECTION('',(1.,0.,0.));
#11856=DIRECTION('',(0.,0.,-1.));
#11857=DIRECTION('',(0.,1.,0.));
#11858=DIRECTION('',(0.,0.,1.));
#11859=DIRECTION('',(1.,0.,0.));
#11860=DIRECTION('',(1.,0.,0.));
#11861=DIRECTION('',(0.,0.,-1.));
#11862=DIRECTION('',(0.,0.,-1.));
#11863=DIRECTION('',(-1.,0.,0.));
#11864=DIRECTION('',(0.,0.,1.));
#11865=DIRECTION('',(1.,0.,0.));
#11866=DIRECTION('',(0.,0.,1.));
#11867=DIRECTION('',(1.,0.,0.));
#11868=DIRECTION('',(0.,0.,-1.));
#11869=DIRECTION('',(1.,0.,0.));
#11870=DIRECTION('',(0.,0.,-1.));
#11871=DIRECTION('',(0.,-1.,0.));
#11872=DIRECTION('',(0.,-1.,0.));
#11873=DIRECTION('',(0.,0.,-1.));
#11874=DIRECTION('',(0.,0.,-1.));
#11875=DIRECTION('',(-1.,0.,0.));
#11876=DIRECTION('',(0.,0.,1.));
#11877=DIRECTION('',(1.,0.,0.));
#11878=DIRECTION('',(0.,0.,1.));
#11879=DIRECTION('',(1.,0.,0.));
#11880=DIRECTION('',(0.,0.,-1.));
#11881=DIRECTION('',(0.,1.,0.));
#11882=DIRECTION('',(0.,0.,1.));
#11883=DIRECTION('',(1.,0.,0.));
#11884=DIRECTION('',(1.,0.,0.));
#11885=DIRECTION('',(0.,0.,-1.));
#11886=DIRECTION('',(0.,0.,-1.));
#11887=DIRECTION('',(-1.,0.,0.));
#11888=DIRECTION('',(0.,0.,1.));
#11889=DIRECTION('',(1.,0.,0.));
#11890=DIRECTION('',(0.,0.,1.));
#11891=DIRECTION('',(1.,0.,0.));
#11892=DIRECTION('',(1.,0.,0.));
#11893=DIRECTION('',(0.,0.,-1.));
#11894=DIRECTION('',(0.,-1.,0.));
#11895=DIRECTION('',(0.,0.,-1.));
#11896=DIRECTION('',(0.,-1.,0.));
#11897=DIRECTION('',(0.,0.,-1.));
#11898=DIRECTION('',(0.,0.,-1.));
#11899=DIRECTION('',(-1.,0.,0.));
#11900=DIRECTION('',(0.,0.,1.));
#11901=DIRECTION('',(1.,0.,0.));
#11902=DIRECTION('',(0.,0.,1.));
#11903=DIRECTION('',(1.,0.,0.));
#11904=DIRECTION('',(0.,0.,-1.));
#11905=DIRECTION('',(0.,1.,0.));
#11906=DIRECTION('',(0.,0.,1.));
#11907=DIRECTION('',(1.,0.,0.));
#11908=DIRECTION('',(1.,0.,0.));
#11909=DIRECTION('',(0.,0.,-1.));
#11910=DIRECTION('',(0.,0.,-1.));
#11911=DIRECTION('',(-1.,0.,0.));
#11912=DIRECTION('',(0.,0.,1.));
#11913=DIRECTION('',(1.,0.,0.));
#11914=DIRECTION('',(0.,0.,1.));
#11915=DIRECTION('',(1.,0.,0.));
#11916=DIRECTION('',(0.,0.,-1.));
#11917=DIRECTION('',(1.,0.,0.));
#11918=DIRECTION('',(0.,0.,-1.));
#11919=DIRECTION('',(0.,-1.,0.));
#11920=DIRECTION('',(0.,-1.,0.));
#11921=DIRECTION('',(0.,0.,-1.));
#11922=DIRECTION('',(0.,0.,-1.));
#11923=DIRECTION('',(-1.,0.,0.));
#11924=DIRECTION('',(0.,0.,1.));
#11925=DIRECTION('',(1.,0.,0.));
#11926=DIRECTION('',(0.,0.,1.));
#11927=DIRECTION('',(1.,0.,0.));
#11928=DIRECTION('',(0.,0.,-1.));
#11929=DIRECTION('',(0.,1.,0.));
#11930=DIRECTION('',(0.,0.,1.));
#11931=DIRECTION('',(1.,0.,0.));
#11932=DIRECTION('',(1.,0.,0.));
#11933=DIRECTION('',(0.,0.,-1.));
#11934=DIRECTION('',(0.,0.,-1.));
#11935=DIRECTION('',(-1.,0.,0.));
#11936=DIRECTION('',(0.,0.,1.));
#11937=DIRECTION('',(1.,0.,0.));
#11938=DIRECTION('',(0.,0.,1.));
#11939=DIRECTION('',(1.,0.,0.));
#11940=DIRECTION('',(1.,0.,0.));
#11941=DIRECTION('',(0.,0.,-1.));
#11942=DIRECTION('',(0.,-1.,0.));
#11943=DIRECTION('',(0.,0.,-1.));
#11944=DIRECTION('',(0.,-1.,0.));
#11945=DIRECTION('',(0.,0.,-1.));
#11946=DIRECTION('',(0.,0.,-1.));
#11947=DIRECTION('',(-1.,0.,0.));
#11948=DIRECTION('',(0.,0.,1.));
#11949=DIRECTION('',(1.,0.,0.));
#11950=DIRECTION('',(0.,0.,1.));
#11951=DIRECTION('',(1.,0.,0.));
#11952=DIRECTION('',(0.,0.,-1.));
#11953=DIRECTION('',(0.,1.,0.));
#11954=DIRECTION('',(0.,0.,1.));
#11955=DIRECTION('',(1.,0.,0.));
#11956=DIRECTION('',(1.,0.,0.));
#11957=DIRECTION('',(0.,0.,-1.));
#11958=DIRECTION('',(0.,0.,-1.));
#11959=DIRECTION('',(-1.,0.,0.));
#11960=DIRECTION('',(0.,0.,1.));
#11961=DIRECTION('',(1.,0.,0.));
#11962=DIRECTION('',(0.,0.,1.));
#11963=DIRECTION('',(1.,0.,0.));
#11964=DIRECTION('',(0.,0.,-1.));
#11965=DIRECTION('',(1.,0.,0.));
#11966=DIRECTION('',(0.,0.,-1.));
#11967=DIRECTION('',(0.,-1.,0.));
#11968=DIRECTION('',(0.,-1.,0.));
#11969=DIRECTION('',(0.,0.,-1.));
#11970=DIRECTION('',(0.,0.,-1.));
#11971=DIRECTION('',(-1.,0.,0.));
#11972=DIRECTION('',(0.,0.,1.));
#11973=DIRECTION('',(1.,0.,0.));
#11974=DIRECTION('',(0.,0.,1.));
#11975=DIRECTION('',(1.,0.,0.));
#11976=DIRECTION('',(0.,0.,-1.));
#11977=DIRECTION('',(0.,1.,0.));
#11978=DIRECTION('',(0.,0.,1.));
#11979=DIRECTION('',(1.,0.,0.));
#11980=DIRECTION('',(1.,0.,0.));
#11981=DIRECTION('',(0.,0.,-1.));
#11982=DIRECTION('',(0.,0.,-1.));
#11983=DIRECTION('',(-1.,0.,0.));
#11984=DIRECTION('',(0.,0.,1.));
#11985=DIRECTION('',(1.,0.,0.));
#11986=DIRECTION('',(0.,0.,1.));
#11987=DIRECTION('',(1.,0.,0.));
#11988=DIRECTION('',(1.,0.,0.));
#11989=DIRECTION('',(0.,0.,-1.));
#11990=DIRECTION('',(0.,-1.,0.));
#11991=DIRECTION('',(0.,0.,-1.));
#11992=DIRECTION('',(0.,-1.,0.));
#11993=DIRECTION('',(0.,0.,-1.));
#11994=DIRECTION('',(0.,0.,-1.));
#11995=DIRECTION('',(-1.,0.,0.));
#11996=DIRECTION('',(0.,0.,1.));
#11997=DIRECTION('',(1.,0.,0.));
#11998=DIRECTION('',(0.,0.,1.));
#11999=DIRECTION('',(1.,0.,0.));
#12000=DIRECTION('',(0.,0.,-1.));
#12001=DIRECTION('',(0.,1.,0.));
#12002=DIRECTION('',(0.,0.,1.));
#12003=DIRECTION('',(1.,0.,0.));
#12004=DIRECTION('',(1.,0.,0.));
#12005=DIRECTION('',(0.,0.,-1.));
#12006=DIRECTION('',(0.,0.,-1.));
#12007=DIRECTION('',(-1.,0.,0.));
#12008=DIRECTION('',(0.,0.,1.));
#12009=DIRECTION('',(1.,0.,0.));
#12010=DIRECTION('',(0.,0.,1.));
#12011=DIRECTION('',(1.,0.,0.));
#12012=DIRECTION('',(0.,0.,-1.));
#12013=DIRECTION('',(1.,0.,0.));
#12014=DIRECTION('',(0.,0.,-1.));
#12015=DIRECTION('',(0.,-1.,0.));
#12016=DIRECTION('',(0.,-1.,0.));
#12017=DIRECTION('',(0.,0.,-1.));
#12018=DIRECTION('',(0.,0.,-1.));
#12019=DIRECTION('',(-1.,0.,0.));
#12020=DIRECTION('',(0.,0.,1.));
#12021=DIRECTION('',(1.,0.,0.));
#12022=DIRECTION('',(0.,0.,1.));
#12023=DIRECTION('',(1.,0.,0.));
#12024=DIRECTION('',(0.,0.,-1.));
#12025=DIRECTION('',(0.,1.,0.));
#12026=DIRECTION('',(0.,0.,1.));
#12027=DIRECTION('',(1.,0.,0.));
#12028=DIRECTION('',(1.,0.,0.));
#12029=DIRECTION('',(0.,0.,-1.));
#12030=DIRECTION('',(0.,0.,-1.));
#12031=DIRECTION('',(-1.,0.,0.));
#12032=DIRECTION('',(0.,0.,1.));
#12033=DIRECTION('',(1.,0.,0.));
#12034=DIRECTION('',(0.,0.,1.));
#12035=DIRECTION('',(1.,0.,0.));
#12036=DIRECTION('',(1.,0.,0.));
#12037=DIRECTION('',(0.,0.,-1.));
#12038=DIRECTION('',(0.,-1.,0.));
#12039=DIRECTION('',(0.,0.,-1.));
#12040=DIRECTION('',(0.,-1.,0.));
#12041=DIRECTION('',(0.,0.,-1.));
#12042=DIRECTION('',(0.,0.,-1.));
#12043=DIRECTION('',(-1.,0.,0.));
#12044=DIRECTION('',(0.,0.,1.));
#12045=DIRECTION('',(1.,0.,0.));
#12046=DIRECTION('',(0.,0.,1.));
#12047=DIRECTION('',(1.,0.,0.));
#12048=DIRECTION('',(0.,0.,-1.));
#12049=DIRECTION('',(0.,1.,0.));
#12050=DIRECTION('',(0.,0.,1.));
#12051=DIRECTION('',(1.,0.,0.));
#12052=DIRECTION('',(1.,0.,0.));
#12053=DIRECTION('',(0.,0.,-1.));
#12054=DIRECTION('',(0.,0.,-1.));
#12055=DIRECTION('',(-1.,0.,0.));
#12056=DIRECTION('',(0.,0.,1.));
#12057=DIRECTION('',(1.,0.,0.));
#12058=DIRECTION('',(0.,0.,1.));
#12059=DIRECTION('',(1.,0.,0.));
#12060=DIRECTION('',(0.,0.,-1.));
#12061=DIRECTION('',(1.,0.,0.));
#12062=DIRECTION('',(0.,0.,-1.));
#12063=DIRECTION('',(0.,-1.,0.));
#12064=DIRECTION('',(0.,-1.,0.));
#12065=DIRECTION('',(0.,0.,-1.));
#12066=DIRECTION('',(0.,0.,-1.));
#12067=DIRECTION('',(-1.,0.,0.));
#12068=DIRECTION('',(0.,0.,1.));
#12069=DIRECTION('',(1.,0.,0.));
#12070=DIRECTION('',(0.,0.,1.));
#12071=DIRECTION('',(1.,0.,0.));
#12072=DIRECTION('',(0.,0.,-1.));
#12073=DIRECTION('',(0.,1.,0.));
#12074=DIRECTION('',(0.,0.,1.));
#12075=DIRECTION('',(1.,0.,0.));
#12076=DIRECTION('',(1.,0.,0.));
#12077=DIRECTION('',(0.,0.,-1.));
#12078=DIRECTION('',(0.,0.,-1.));
#12079=DIRECTION('',(-1.,0.,0.));
#12080=DIRECTION('',(0.,0.,1.));
#12081=DIRECTION('',(1.,0.,0.));
#12082=DIRECTION('',(0.,0.,1.));
#12083=DIRECTION('',(1.,0.,0.));
#12084=DIRECTION('',(1.,0.,0.));
#12085=DIRECTION('',(0.,0.,-1.));
#12086=DIRECTION('',(0.,-1.,0.));
#12087=DIRECTION('',(0.,0.,-1.));
#12088=DIRECTION('',(0.,-1.,0.));
#12089=DIRECTION('',(0.,0.,-1.));
#12090=DIRECTION('',(0.,0.,-1.));
#12091=DIRECTION('',(-1.,0.,0.));
#12092=DIRECTION('',(0.,0.,1.));
#12093=DIRECTION('',(1.,0.,0.));
#12094=DIRECTION('',(0.,0.,1.));
#12095=DIRECTION('',(1.,0.,0.));
#12096=DIRECTION('',(0.,0.,-1.));
#12097=DIRECTION('',(0.,1.,0.));
#12098=DIRECTION('',(0.,0.,1.));
#12099=DIRECTION('',(1.,0.,0.));
#12100=DIRECTION('',(1.,0.,0.));
#12101=DIRECTION('',(0.,0.,-1.));
#12102=DIRECTION('',(0.,0.,-1.));
#12103=DIRECTION('',(-1.,0.,0.));
#12104=DIRECTION('',(0.,0.,1.));
#12105=DIRECTION('',(1.,0.,0.));
#12106=DIRECTION('',(0.,0.,1.));
#12107=DIRECTION('',(1.,0.,0.));
#12108=DIRECTION('',(0.,0.,-1.));
#12109=DIRECTION('',(1.,0.,0.));
#12110=DIRECTION('',(0.,0.,-1.));
#12111=DIRECTION('',(0.,-1.,0.));
#12112=DIRECTION('',(0.,-1.,0.));
#12113=DIRECTION('',(0.,0.,-1.));
#12114=DIRECTION('',(0.,0.,-1.));
#12115=DIRECTION('',(-1.,0.,0.));
#12116=DIRECTION('',(0.,0.,1.));
#12117=DIRECTION('',(1.,0.,0.));
#12118=DIRECTION('',(0.,0.,1.));
#12119=DIRECTION('',(1.,0.,0.));
#12120=DIRECTION('',(0.,0.,-1.));
#12121=DIRECTION('',(0.,1.,0.));
#12122=DIRECTION('',(0.,0.,1.));
#12123=DIRECTION('',(1.,0.,0.));
#12124=DIRECTION('',(1.,0.,0.));
#12125=DIRECTION('',(0.,0.,-1.));
#12126=DIRECTION('',(0.,0.,-1.));
#12127=DIRECTION('',(-1.,0.,0.));
#12128=DIRECTION('',(0.,0.,1.));
#12129=DIRECTION('',(1.,0.,0.));
#12130=DIRECTION('',(0.,0.,1.));
#12131=DIRECTION('',(1.,0.,0.));
#12132=DIRECTION('',(1.,0.,0.));
#12133=DIRECTION('',(0.,0.,-1.));
#12134=DIRECTION('',(0.,-1.,0.));
#12135=DIRECTION('',(0.,0.,-1.));
#12136=DIRECTION('',(0.,-1.,0.));
#12137=DIRECTION('',(0.,0.,-1.));
#12138=DIRECTION('',(0.,0.,-1.));
#12139=DIRECTION('',(-1.,0.,0.));
#12140=DIRECTION('',(0.,0.,1.));
#12141=DIRECTION('',(1.,0.,0.));
#12142=DIRECTION('',(0.,0.,1.));
#12143=DIRECTION('',(1.,0.,0.));
#12144=DIRECTION('',(0.,0.,-1.));
#12145=DIRECTION('',(0.,1.,0.));
#12146=DIRECTION('',(0.,0.,1.));
#12147=DIRECTION('',(1.,0.,0.));
#12148=DIRECTION('',(1.,0.,0.));
#12149=DIRECTION('',(0.,0.,-1.));
#12150=DIRECTION('',(0.,0.,-1.));
#12151=DIRECTION('',(-1.,0.,0.));
#12152=DIRECTION('',(0.,0.,1.));
#12153=DIRECTION('',(1.,0.,0.));
#12154=DIRECTION('',(0.,0.,1.));
#12155=DIRECTION('',(1.,0.,0.));
#12156=DIRECTION('',(0.,0.,-1.));
#12157=DIRECTION('',(1.,0.,0.));
#12158=DIRECTION('',(0.,0.,-1.));
#12159=DIRECTION('',(0.,-1.,0.));
#12160=DIRECTION('',(0.,-1.,0.));
#12161=DIRECTION('',(0.,0.,-1.));
#12162=DIRECTION('',(0.,0.,-1.));
#12163=DIRECTION('',(-1.,0.,0.));
#12164=DIRECTION('',(0.,0.,1.));
#12165=DIRECTION('',(1.,0.,0.));
#12166=DIRECTION('',(0.,0.,1.));
#12167=DIRECTION('',(1.,0.,0.));
#12168=DIRECTION('',(0.,0.,-1.));
#12169=DIRECTION('',(0.,1.,0.));
#12170=DIRECTION('',(0.,0.,1.));
#12171=DIRECTION('',(1.,0.,0.));
#12172=DIRECTION('',(1.,0.,0.));
#12173=DIRECTION('',(0.,0.,-1.));
#12174=DIRECTION('',(0.,0.,-1.));
#12175=DIRECTION('',(-1.,0.,0.));
#12176=DIRECTION('',(0.,0.,1.));
#12177=DIRECTION('',(1.,0.,0.));
#12178=DIRECTION('',(0.,0.,1.));
#12179=DIRECTION('',(1.,0.,0.));
#12180=DIRECTION('',(1.,0.,0.));
#12181=DIRECTION('',(0.,0.,-1.));
#12182=DIRECTION('',(0.,-1.,0.));
#12183=DIRECTION('',(0.,0.,-1.));
#12184=DIRECTION('',(0.,-1.,0.));
#12185=DIRECTION('',(0.,0.,-1.));
#12186=DIRECTION('',(0.,0.,-1.));
#12187=DIRECTION('',(-1.,0.,0.));
#12188=DIRECTION('',(0.,0.,1.));
#12189=DIRECTION('',(1.,0.,0.));
#12190=DIRECTION('',(0.,0.,1.));
#12191=DIRECTION('',(1.,0.,0.));
#12192=DIRECTION('',(0.,0.,-1.));
#12193=DIRECTION('',(0.,1.,0.));
#12194=DIRECTION('',(0.,0.,1.));
#12195=DIRECTION('',(1.,0.,0.));
#12196=DIRECTION('',(1.,0.,0.));
#12197=DIRECTION('',(0.,0.,-1.));
#12198=DIRECTION('',(0.,0.,-1.));
#12199=DIRECTION('',(-1.,0.,0.));
#12200=DIRECTION('',(0.,0.,1.));
#12201=DIRECTION('',(1.,0.,0.));
#12202=DIRECTION('',(0.,0.,1.));
#12203=DIRECTION('',(1.,0.,0.));
#12204=DIRECTION('',(0.,0.,-1.));
#12205=DIRECTION('',(1.,0.,0.));
#12206=DIRECTION('',(0.,0.,-1.));
#12207=DIRECTION('',(0.,-1.,0.));
#12208=DIRECTION('',(0.,-1.,0.));
#12209=DIRECTION('',(0.,0.,-1.));
#12210=DIRECTION('',(0.,0.,-1.));
#12211=DIRECTION('',(-1.,0.,0.));
#12212=DIRECTION('',(0.,0.,1.));
#12213=DIRECTION('',(1.,0.,0.));
#12214=DIRECTION('',(0.,0.,1.));
#12215=DIRECTION('',(1.,0.,0.));
#12216=DIRECTION('',(0.,0.,-1.));
#12217=DIRECTION('',(0.,1.,0.));
#12218=DIRECTION('',(0.,0.,1.));
#12219=DIRECTION('',(1.,0.,0.));
#12220=DIRECTION('',(1.,0.,0.));
#12221=DIRECTION('',(0.,0.,-1.));
#12222=DIRECTION('',(0.,0.,-1.));
#12223=DIRECTION('',(-1.,0.,0.));
#12224=DIRECTION('',(0.,0.,1.));
#12225=DIRECTION('',(1.,0.,0.));
#12226=DIRECTION('',(0.,0.,1.));
#12227=DIRECTION('',(1.,0.,0.));
#12228=DIRECTION('',(1.,0.,0.));
#12229=DIRECTION('',(0.,0.,-1.));
#12230=DIRECTION('',(0.,-1.,0.));
#12231=DIRECTION('',(0.,0.,-1.));
#12232=DIRECTION('',(0.,-1.,0.));
#12233=DIRECTION('',(0.,0.,-1.));
#12234=DIRECTION('',(0.,0.,-1.));
#12235=DIRECTION('',(-1.,0.,0.));
#12236=DIRECTION('',(0.,0.,1.));
#12237=DIRECTION('',(1.,0.,0.));
#12238=DIRECTION('',(0.,0.,1.));
#12239=DIRECTION('',(1.,0.,0.));
#12240=DIRECTION('',(0.,0.,-1.));
#12241=DIRECTION('',(0.,1.,0.));
#12242=DIRECTION('',(0.,0.,1.));
#12243=DIRECTION('',(1.,0.,0.));
#12244=DIRECTION('',(1.,0.,0.));
#12245=DIRECTION('',(0.,0.,-1.));
#12246=DIRECTION('',(0.,0.,-1.));
#12247=DIRECTION('',(-1.,0.,0.));
#12248=DIRECTION('',(0.,0.,1.));
#12249=DIRECTION('',(1.,0.,0.));
#12250=DIRECTION('',(0.,0.,1.));
#12251=DIRECTION('',(1.,0.,0.));
#12252=DIRECTION('',(0.,0.,-1.));
#12253=DIRECTION('',(1.,0.,0.));
#12254=DIRECTION('',(0.,0.,-1.));
#12255=DIRECTION('',(0.,-1.,0.));
#12256=DIRECTION('',(0.,-1.,0.));
#12257=DIRECTION('',(0.,0.,-1.));
#12258=DIRECTION('',(0.,0.,-1.));
#12259=DIRECTION('',(-1.,0.,0.));
#12260=DIRECTION('',(0.,0.,1.));
#12261=DIRECTION('',(1.,0.,0.));
#12262=DIRECTION('',(0.,0.,1.));
#12263=DIRECTION('',(1.,0.,0.));
#12264=DIRECTION('',(0.,0.,-1.));
#12265=DIRECTION('',(0.,1.,0.));
#12266=DIRECTION('',(0.,0.,1.));
#12267=DIRECTION('',(1.,0.,0.));
#12268=DIRECTION('',(1.,0.,0.));
#12269=DIRECTION('',(0.,0.,-1.));
#12270=DIRECTION('',(0.,0.,-1.));
#12271=DIRECTION('',(-1.,0.,0.));
#12272=DIRECTION('',(0.,0.,1.));
#12273=DIRECTION('',(1.,0.,0.));
#12274=DIRECTION('',(0.,0.,1.));
#12275=DIRECTION('',(1.,0.,0.));
#12276=DIRECTION('',(0.,0.,1.));
#12277=DIRECTION('',(1.,0.,0.));
#12278=DIRECTION('',(0.,0.,1.));
#12279=DIRECTION('',(0.,0.,-1.));
#12280=DIRECTION('',(1.,0.,0.));
#12281=DIRECTION('',(0.,0.,1.));
#12282=DIRECTION('',(0.,1.,0.));
#12283=DIRECTION('',(0.,0.,1.));
#12284=DIRECTION('',(-1.,0.,0.));
#12285=DIRECTION('',(0.,0.,1.));
#12286=DIRECTION('',(0.,0.,1.));
#12287=DIRECTION('',(1.,0.,0.));
#12288=DIRECTION('',(0.,0.,1.));
#12289=DIRECTION('',(0.,0.,-1.));
#12290=DIRECTION('',(1.,0.,0.));
#12291=DIRECTION('',(-1.,0.,0.));
#12292=DIRECTION('',(0.,0.,1.));
#12293=DIRECTION('',(0.,0.,1.));
#12294=DIRECTION('',(0.,-1.,0.));
#12295=DIRECTION('',(0.,0.,1.));
#12296=DIRECTION('',(1.,0.,0.));
#12297=DIRECTION('',(0.,0.,-1.));
#12298=DIRECTION('',(1.,0.,0.));
#12299=DIRECTION('',(0.,0.,1.));
#12300=DIRECTION('',(0.,1.,0.));
#12301=DIRECTION('',(0.,0.,1.));
#12302=DIRECTION('',(-1.,0.,0.));
#12303=DIRECTION('',(0.,0.,1.));
#12304=DIRECTION('',(0.,0.,1.));
#12305=DIRECTION('',(1.,0.,0.));
#12306=DIRECTION('',(0.,0.,-1.));
#12307=DIRECTION('',(1.,0.,0.));
#12308=DIRECTION('',(0.,0.,1.));
#12309=DIRECTION('',(-1.,0.,0.));
#12310=DIRECTION('',(0.,0.,1.));
#12311=DIRECTION('',(0.,-1.,0.));
#12312=DIRECTION('',(0.,0.,1.));
#12313=DIRECTION('',(0.,0.,1.));
#12314=DIRECTION('',(1.,0.,0.));
#12315=DIRECTION('',(0.,0.,1.));
#12316=DIRECTION('',(0.,0.,-1.));
#12317=DIRECTION('',(1.,0.,0.));
#12318=DIRECTION('',(0.,1.,0.));
#12319=DIRECTION('',(0.,0.,1.));
#12320=DIRECTION('',(-1.,0.,0.));
#12321=DIRECTION('',(0.,0.,1.));
#12322=DIRECTION('',(0.,0.,1.));
#12323=DIRECTION('',(1.,0.,0.));
#12324=DIRECTION('',(0.,0.,-1.));
#12325=DIRECTION('',(1.,0.,0.));
#12326=DIRECTION('',(0.,0.,1.));
#12327=DIRECTION('',(1.,0.,0.));
#12328=DIRECTION('',(0.,0.,-1.));
#12329=DIRECTION('',(0.,1.,0.));
#12330=DIRECTION('',(0.,1.,0.));
#12331=DIRECTION('',(0.,0.,1.));
#12332=DIRECTION('',(0.,0.,1.));
#12333=DIRECTION('',(1.,0.,0.));
#12334=DIRECTION('',(0.,0.,-1.));
#12335=DIRECTION('',(1.,0.,0.));
#12336=DIRECTION('',(0.,0.,1.));
#12337=DIRECTION('',(0.,1.,0.));
#12338=DIRECTION('',(0.,0.,1.));
#12339=DIRECTION('',(0.,0.,1.));
#12340=DIRECTION('',(-1.,0.,0.));
#12341=DIRECTION('',(0.,0.,1.));
#12342=DIRECTION('',(1.,0.,0.));
#12343=DIRECTION('',(0.,0.,-1.));
#12344=DIRECTION('',(1.,0.,0.));
#12345=DIRECTION('',(0.,0.,1.));
#12346=DIRECTION('',(1.,0.,0.));
#12347=DIRECTION('',(0.,0.,-1.));
#12348=DIRECTION('',(0.,1.,0.));
#12349=DIRECTION('',(0.,1.,0.));
#12350=DIRECTION('',(0.,0.,1.));
#12351=DIRECTION('',(0.,-1.,0.));
#12352=DIRECTION('',(0.,0.,-1.));
#12353=DIRECTION('',(0.,0.,-1.));
#12354=DIRECTION('',(1.,0.,0.));
#12355=DIRECTION('',(1.,0.,0.));
#12356=DIRECTION('',(1.,0.,0.));
#12357=DIRECTION('',(0.,0.,-1.));
#12358=DIRECTION('',(0.,-1.,0.));
#12359=DIRECTION('',(0.,0.,-1.));
#12360=DIRECTION('',(0.,-1.,0.));
#12361=DIRECTION('',(0.,0.,-1.));
#12362=DIRECTION('',(-1.,0.,0.));
#12363=DIRECTION('',(0.,0.,1.));
#12364=DIRECTION('',(1.,0.,0.));
#12365=DIRECTION('',(0.,0.,1.));
#12366=DIRECTION('',(1.,0.,0.));
#12367=DIRECTION('',(0.,0.,-1.));
#12368=DIRECTION('',(0.,1.,0.));
#12369=DIRECTION('',(0.,0.,1.));
#12370=DIRECTION('',(1.,0.,0.));
#12371=DIRECTION('',(1.,0.,0.));
#12372=DIRECTION('',(0.,0.,-1.));
#12373=DIRECTION('',(0.,0.,-1.));
#12374=DIRECTION('',(-1.,0.,0.));
#12375=DIRECTION('',(0.,0.,1.));
#12376=DIRECTION('',(1.,0.,0.));
#12377=DIRECTION('',(0.,0.,1.));
#12378=DIRECTION('',(1.,0.,0.));
#12379=DIRECTION('',(0.,0.,-1.));
#12380=DIRECTION('',(1.,0.,0.));
#12381=DIRECTION('',(0.,0.,-1.));
#12382=DIRECTION('',(0.,-1.,0.));
#12383=DIRECTION('',(0.,0.,-1.));
#12384=DIRECTION('',(0.,-1.,0.));
#12385=DIRECTION('',(0.,-1.,0.));
#12386=DIRECTION('',(0.,0.,-1.));
#12387=DIRECTION('',(1.,0.,0.));
#12388=DIRECTION('',(0.,0.,1.));
#12389=DIRECTION('',(1.,0.,0.));
#12390=DIRECTION('',(1.,0.,0.));
#12391=DIRECTION('',(0.,0.,-1.));
#12392=DIRECTION('',(0.,1.,0.));
#12393=DIRECTION('',(0.,0.,1.));
#12394=DIRECTION('',(0.,1.,0.));
#12395=DIRECTION('',(0.,0.,1.));
#12396=DIRECTION('',(1.,0.,0.));
#12397=DIRECTION('',(0.,0.,1.));
#12398=DIRECTION('',(0.,0.,1.));
#12399=DIRECTION('',(1.,0.,0.));
#12400=DIRECTION('',(0.,-1.,0.));
#12401=DIRECTION('',(0.,0.,-1.));
#12402=DIRECTION('',(1.,0.,0.));
#12403=DIRECTION('',(0.,0.,1.));
#12404=DIRECTION('',(0.,0.,1.));
#12405=DIRECTION('',(1.,0.,0.));
#12406=DIRECTION('',(0.,0.,1.));
#12407=DIRECTION('',(0.,0.,1.));
#12408=DIRECTION('',(1.,0.,0.));
#12409=DIRECTION('',(1.,0.,0.));
#12410=DIRECTION('',(0.,0.,-1.));
#12411=DIRECTION('',(0.,1.,0.));
#12412=DIRECTION('',(0.,1.,0.));
#12413=DIRECTION('',(0.,0.,1.));
#12414=DIRECTION('',(0.,0.,1.));
#12415=DIRECTION('',(1.,0.,0.));
#12416=DIRECTION('',(0.,0.,1.));
#12417=DIRECTION('',(0.,0.,1.));
#12418=DIRECTION('',(1.,0.,0.));
#12419=DIRECTION('',(0.,-1.,0.));
#12420=DIRECTION('',(0.,0.,-1.));
#12421=DIRECTION('',(0.,0.,1.));
#12422=DIRECTION('',(1.,0.,0.));
#12423=DIRECTION('',(0.,0.,1.));
#12424=DIRECTION('',(1.,0.,0.));
#12425=DIRECTION('',(0.,0.,1.));
#12426=DIRECTION('',(1.,0.,0.));
#12427=DIRECTION('',(0.,0.,1.));
#12428=DIRECTION('',(-1.,0.,0.));
#12429=DIRECTION('',(0.,0.,1.));
#12430=DIRECTION('',(0.,0.,1.));
#12431=DIRECTION('',(0.,-1.,0.));
#12432=DIRECTION('',(0.,0.,1.));
#12433=DIRECTION('',(1.,0.,0.));
#12434=DIRECTION('',(0.,0.,1.));
#12435=DIRECTION('',(0.,0.,1.));
#12436=DIRECTION('',(1.,0.,0.));
#12437=DIRECTION('',(0.,-1.,0.));
#12438=DIRECTION('',(0.,0.,-1.));
#12439=DIRECTION('',(0.,0.,1.));
#12440=DIRECTION('',(1.,0.,0.));
#12441=DIRECTION('',(0.,0.,1.));
#12442=DIRECTION('',(1.,0.,0.));
#12443=DIRECTION('',(0.,0.,1.));
#12444=DIRECTION('',(0.,0.,1.));
#12445=DIRECTION('',(1.,0.,0.));
#12446=DIRECTION('',(-1.,0.,0.));
#12447=DIRECTION('',(0.,0.,1.));
#12448=DIRECTION('',(0.,-1.,0.));
#12449=DIRECTION('',(0.,0.,1.));
#12450=DIRECTION('',(0.,0.,1.));
#12451=DIRECTION('',(1.,0.,0.));
#12452=DIRECTION('',(0.,0.,1.));
#12453=DIRECTION('',(1.,0.,0.));
#12454=DIRECTION('',(0.,0.,1.));
#12455=DIRECTION('',(0.,-1.,0.));
#12456=DIRECTION('',(0.,0.,-1.));
#12457=DIRECTION('',(0.,0.,1.));
#12458=DIRECTION('',(1.,0.,0.));
#12459=DIRECTION('',(0.,0.,1.));
#12460=DIRECTION('',(1.,0.,0.));
#12461=DIRECTION('',(0.,0.,1.));
#12462=DIRECTION('',(0.,0.,1.));
#12463=DIRECTION('',(1.,0.,0.));
#12464=DIRECTION('',(1.,0.,0.));
#12465=DIRECTION('',(0.,0.,-1.));
#12466=DIRECTION('',(0.,1.,0.));
#12467=DIRECTION('',(0.,1.,0.));
#12468=DIRECTION('',(0.,0.,1.));
#12469=DIRECTION('',(0.,1.,0.));
#12470=DIRECTION('',(0.,0.,1.));
#12471=DIRECTION('',(-1.,0.,0.));
#12472=DIRECTION('',(-1.,0.,0.));
#12473=DIRECTION('',(0.,0.,1.));
#12474=DIRECTION('',(1.,0.,0.));
#12475=DIRECTION('',(0.,0.,-1.));
#12476=DIRECTION('',(0.,-1.,0.));
#12477=DIRECTION('',(0.,-1.,0.));
#12478=DIRECTION('',(0.,0.,-1.));
#12479=DIRECTION('',(0.,0.,-1.));
#12480=DIRECTION('',(-1.,0.,0.));
#12481=DIRECTION('',(0.,0.,1.));
#12482=DIRECTION('',(1.,0.,0.));
#12483=DIRECTION('',(0.,0.,1.));
#12484=DIRECTION('',(1.,0.,0.));
#12485=DIRECTION('',(0.,0.,-1.));
#12486=DIRECTION('',(0.,1.,0.));
#12487=DIRECTION('',(0.,0.,1.));
#12488=DIRECTION('',(1.,0.,0.));
#12489=DIRECTION('',(1.,0.,0.));
#12490=DIRECTION('',(0.,0.,-1.));
#12491=DIRECTION('',(0.,0.,-1.));
#12492=DIRECTION('',(-1.,0.,0.));
#12493=DIRECTION('',(0.,0.,1.));
#12494=DIRECTION('',(1.,0.,0.));
#12495=DIRECTION('',(0.,0.,1.));
#12496=DIRECTION('',(1.,0.,0.));
#12497=DIRECTION('',(0.,0.,-1.));
#12498=DIRECTION('',(1.,0.,0.));
#12499=DIRECTION('',(0.,0.,-1.));
#12500=DIRECTION('',(0.,0.,1.));
#12501=DIRECTION('',(0.,-1.,0.));
#12502=DIRECTION('',(0.,-1.,0.));
#12503=DIRECTION('',(0.,1.,0.));
#12504=DIRECTION('',(0.,0.,1.));
#12505=DIRECTION('',(-1.,0.,0.));
#12506=DIRECTION('',(0.,0.,1.));
#12507=DIRECTION('',(-1.,0.,0.));
#12508=DIRECTION('',(1.,0.,0.));
#12509=DIRECTION('',(0.,0.,-1.));
#12510=DIRECTION('',(0.,1.,0.));
#12511=DIRECTION('',(0.,1.,0.));
#12512=DIRECTION('',(1.,0.,0.));
#12513=DIRECTION('',(0.,0.,-1.));
#12514=DIRECTION('',(0.,-1.,0.));
#12515=DIRECTION('',(0.,0.,-1.));
#12516=DIRECTION('',(0.,-1.,0.));
#12517=DIRECTION('',(0.,0.,-1.));
#12518=DIRECTION('',(0.,0.,-1.));
#12519=DIRECTION('',(-1.,0.,0.));
#12520=DIRECTION('',(0.,0.,1.));
#12521=DIRECTION('',(1.,0.,0.));
#12522=DIRECTION('',(0.,0.,1.));
#12523=DIRECTION('',(1.,0.,0.));
#12524=DIRECTION('',(0.,0.,-1.));
#12525=DIRECTION('',(0.,1.,0.));
#12526=DIRECTION('',(0.,0.,1.));
#12527=DIRECTION('',(1.,0.,0.));
#12528=DIRECTION('',(1.,0.,0.));
#12529=DIRECTION('',(0.,0.,-1.));
#12530=DIRECTION('',(0.,0.,-1.));
#12531=DIRECTION('',(-1.,0.,0.));
#12532=DIRECTION('',(0.,0.,1.));
#12533=DIRECTION('',(1.,0.,0.));
#12534=DIRECTION('',(0.,0.,1.));
#12535=DIRECTION('',(1.,0.,0.));
#12536=DIRECTION('',(0.,0.,-1.));
#12537=DIRECTION('',(1.,0.,0.));
#12538=DIRECTION('',(0.,0.,-1.));
#12539=DIRECTION('',(0.,-1.,0.));
#12540=DIRECTION('',(0.,-1.,0.));
#12541=DIRECTION('',(0.,0.,-1.));
#12542=DIRECTION('',(0.,0.,-1.));
#12543=DIRECTION('',(-1.,0.,0.));
#12544=DIRECTION('',(0.,0.,1.));
#12545=DIRECTION('',(1.,0.,0.));
#12546=DIRECTION('',(0.,0.,1.));
#12547=DIRECTION('',(1.,0.,0.));
#12548=DIRECTION('',(0.,0.,-1.));
#12549=DIRECTION('',(0.,1.,0.));
#12550=DIRECTION('',(0.,0.,1.));
#12551=DIRECTION('',(1.,0.,0.));
#12552=DIRECTION('',(0.,0.,-1.));
#12553=DIRECTION('',(1.,0.,0.));
#12554=DIRECTION('',(0.,0.,-1.));
#12555=DIRECTION('',(-1.,0.,0.));
#12556=DIRECTION('',(0.,0.,1.));
#12557=DIRECTION('',(1.,0.,0.));
#12558=DIRECTION('',(0.,0.,1.));
#12559=DIRECTION('',(1.,0.,0.));
#12560=DIRECTION('',(0.,0.,-1.));
#12561=DIRECTION('',(-1.,0.,0.));
#12562=DIRECTION('',(0.,0.,1.));
#12563=DIRECTION('',(1.,0.,0.));
#12564=DIRECTION('',(0.,0.,-1.));
#12565=DIRECTION('',(0.,0.,1.));
#12566=DIRECTION('',(1.,0.,0.));
#12567=DIRECTION('',(0.,0.,-1.));
#12568=DIRECTION('',(1.,0.,0.));
#12569=DIRECTION('',(0.,0.,-1.));
#12570=DIRECTION('',(0.,-1.,0.));
#12571=DIRECTION('',(0.,-1.,0.));
#12572=DIRECTION('',(0.,0.,-1.));
#12573=DIRECTION('',(0.,0.,-1.));
#12574=DIRECTION('',(-1.,0.,0.));
#12575=DIRECTION('',(0.,0.,1.));
#12576=DIRECTION('',(1.,0.,0.));
#12577=DIRECTION('',(0.,0.,1.));
#12578=DIRECTION('',(1.,0.,0.));
#12579=DIRECTION('',(0.,0.,-1.));
#12580=DIRECTION('',(0.,1.,0.));
#12581=DIRECTION('',(0.,0.,1.));
#12582=DIRECTION('',(1.,0.,0.));
#12583=DIRECTION('',(1.,0.,0.));
#12584=DIRECTION('',(0.,0.,-1.));
#12585=DIRECTION('',(0.,0.,-1.));
#12586=DIRECTION('',(-1.,0.,0.));
#12587=DIRECTION('',(0.,0.,1.));
#12588=DIRECTION('',(1.,0.,0.));
#12589=DIRECTION('',(0.,0.,1.));
#12590=DIRECTION('',(1.,0.,0.));
#12591=DIRECTION('',(0.,0.,-1.));
#12592=DIRECTION('',(1.,0.,0.));
#12593=DIRECTION('',(0.,0.,-1.));
#12594=DIRECTION('',(0.,-1.,0.));
#12595=DIRECTION('',(0.,-1.,0.));
#12596=DIRECTION('',(0.,0.,-1.));
#12597=DIRECTION('',(0.,0.,-1.));
#12598=DIRECTION('',(-1.,0.,0.));
#12599=DIRECTION('',(0.,0.,1.));
#12600=DIRECTION('',(1.,0.,0.));
#12601=DIRECTION('',(0.,0.,1.));
#12602=DIRECTION('',(1.,0.,0.));
#12603=DIRECTION('',(0.,0.,-1.));
#12604=DIRECTION('',(0.,1.,0.));
#12605=DIRECTION('',(0.,0.,1.));
#12606=DIRECTION('',(1.,0.,0.));
#12607=DIRECTION('',(1.,0.,0.));
#12608=DIRECTION('',(1.,0.,0.));
#12609=DIRECTION('',(0.,0.,-1.));
#12610=DIRECTION('',(0.,0.,-1.));
#12611=DIRECTION('',(0.,-1.,0.));
#12612=DIRECTION('',(0.,0.,-1.));
#12613=DIRECTION('',(0.,-1.,0.));
#12614=DIRECTION('',(0.,0.,-1.));
#12615=DIRECTION('',(-1.,0.,0.));
#12616=DIRECTION('',(0.,0.,1.));
#12617=DIRECTION('',(1.,0.,0.));
#12618=DIRECTION('',(0.,0.,1.));
#12619=DIRECTION('',(1.,0.,0.));
#12620=DIRECTION('',(0.,0.,-1.));
#12621=DIRECTION('',(0.,1.,0.));
#12622=DIRECTION('',(0.,0.,1.));
#12623=DIRECTION('',(1.,0.,0.));
#12624=DIRECTION('',(1.,0.,0.));
#12625=DIRECTION('',(0.,0.,-1.));
#12626=DIRECTION('',(0.,0.,-1.));
#12627=DIRECTION('',(-1.,0.,0.));
#12628=DIRECTION('',(0.,0.,1.));
#12629=DIRECTION('',(1.,0.,0.));
#12630=DIRECTION('',(0.,0.,1.));
#12631=DIRECTION('',(1.,0.,0.));
#12632=DIRECTION('',(0.,0.,-1.));
#12633=DIRECTION('',(1.,0.,0.));
#12634=DIRECTION('',(0.,0.,-1.));
#12635=DIRECTION('',(0.,-1.,0.));
#12636=DIRECTION('',(0.,0.,-1.));
#12637=DIRECTION('',(0.,-1.,0.));
#12638=DIRECTION('',(0.,-1.,0.));
#12639=DIRECTION('',(0.,0.,-1.));
#12640=DIRECTION('',(1.,0.,0.));
#12641=DIRECTION('',(0.,0.,1.));
#12642=DIRECTION('',(1.,0.,0.));
#12643=DIRECTION('',(1.,0.,0.));
#12644=DIRECTION('',(0.,0.,-1.));
#12645=DIRECTION('',(0.,1.,0.));
#12646=DIRECTION('',(0.,0.,1.));
#12647=DIRECTION('',(0.,1.,0.));
#12648=DIRECTION('',(0.,0.,1.));
#12649=DIRECTION('',(1.,0.,0.));
#12650=DIRECTION('',(0.,0.,1.));
#12651=DIRECTION('',(0.,0.,1.));
#12652=DIRECTION('',(1.,0.,0.));
#12653=DIRECTION('',(0.,-1.,0.));
#12654=DIRECTION('',(0.,0.,-1.));
#12655=DIRECTION('',(1.,0.,0.));
#12656=DIRECTION('',(0.,0.,1.));
#12657=DIRECTION('',(0.,0.,1.));
#12658=DIRECTION('',(1.,0.,0.));
#12659=DIRECTION('',(0.,0.,1.));
#12660=DIRECTION('',(0.,0.,1.));
#12661=DIRECTION('',(1.,0.,0.));
#12662=DIRECTION('',(1.,0.,0.));
#12663=DIRECTION('',(0.,0.,-1.));
#12664=DIRECTION('',(0.,1.,0.));
#12665=DIRECTION('',(0.,1.,0.));
#12666=DIRECTION('',(0.,0.,1.));
#12667=DIRECTION('',(0.,0.,-1.));
#12668=DIRECTION('',(0.,0.,1.));
#12669=DIRECTION('',(1.,0.,0.));
#12670=DIRECTION('',(0.,0.,1.));
#12671=DIRECTION('',(0.,0.,1.));
#12672=DIRECTION('',(1.,0.,0.));
#12673=DIRECTION('',(0.,-1.,0.));
#12674=DIRECTION('',(0.,0.,-1.));
#12675=DIRECTION('',(0.,0.,1.));
#12676=DIRECTION('',(1.,0.,0.));
#12677=DIRECTION('',(0.,0.,1.));
#12678=DIRECTION('',(1.,0.,0.));
#12679=DIRECTION('',(0.,0.,1.));
#12680=DIRECTION('',(1.,0.,0.));
#12681=DIRECTION('',(0.,0.,1.));
#12682=DIRECTION('',(-1.,0.,0.));
#12683=DIRECTION('',(0.,0.,1.));
#12684=DIRECTION('',(0.,0.,1.));
#12685=DIRECTION('',(0.,-1.,0.));
#12686=DIRECTION('',(0.,0.,1.));
#12687=DIRECTION('',(1.,0.,0.));
#12688=DIRECTION('',(0.,0.,1.));
#12689=DIRECTION('',(0.,0.,1.));
#12690=DIRECTION('',(1.,0.,0.));
#12691=DIRECTION('',(0.,-1.,0.));
#12692=DIRECTION('',(0.,0.,-1.));
#12693=DIRECTION('',(0.,0.,1.));
#12694=DIRECTION('',(1.,0.,0.));
#12695=DIRECTION('',(0.,0.,1.));
#12696=DIRECTION('',(1.,0.,0.));
#12697=DIRECTION('',(0.,0.,1.));
#12698=DIRECTION('',(0.,0.,1.));
#12699=DIRECTION('',(1.,0.,0.));
#12700=DIRECTION('',(-1.,0.,0.));
#12701=DIRECTION('',(0.,0.,1.));
#12702=DIRECTION('',(0.,-1.,0.));
#12703=DIRECTION('',(0.,0.,1.));
#12704=DIRECTION('',(0.,0.,1.));
#12705=DIRECTION('',(1.,0.,0.));
#12706=DIRECTION('',(0.,0.,1.));
#12707=DIRECTION('',(1.,0.,0.));
#12708=DIRECTION('',(0.,0.,1.));
#12709=DIRECTION('',(0.,-1.,0.));
#12710=DIRECTION('',(0.,0.,-1.));
#12711=DIRECTION('',(0.,0.,1.));
#12712=DIRECTION('',(1.,0.,0.));
#12713=DIRECTION('',(0.,0.,1.));
#12714=DIRECTION('',(1.,0.,0.));
#12715=DIRECTION('',(0.,0.,1.));
#12716=DIRECTION('',(0.,0.,1.));
#12717=DIRECTION('',(1.,0.,0.));
#12718=DIRECTION('',(1.,0.,0.));
#12719=DIRECTION('',(0.,0.,-1.));
#12720=DIRECTION('',(0.,1.,0.));
#12721=DIRECTION('',(0.,0.,-1.));
#12722=DIRECTION('',(0.,1.,0.));
#12723=DIRECTION('',(0.,0.,1.));
#12724=DIRECTION('',(-1.48108727938255E-16,1.,0.));
#12725=DIRECTION('',(-1.,-1.48108727938255E-16,0.));
#12726=DIRECTION('',(-1.,-1.48108727938255E-16,0.));
#12727=DIRECTION('',(-1.,-1.48108727938255E-16,0.));
#12728=DIRECTION('',(0.,0.,1.));
#12729=DIRECTION('',(1.,0.,0.));
#12730=DIRECTION('',(0.,0.,-1.));
#12731=DIRECTION('',(0.,-1.,0.));
#12732=DIRECTION('',(0.,-1.,0.));
#12733=DIRECTION('',(0.,0.,-1.));
#12734=DIRECTION('',(0.,0.,-1.));
#12735=DIRECTION('',(-1.,0.,0.));
#12736=DIRECTION('',(0.,0.,1.));
#12737=DIRECTION('',(1.,0.,0.));
#12738=DIRECTION('',(0.,0.,1.));
#12739=DIRECTION('',(1.,0.,0.));
#12740=DIRECTION('',(0.,0.,-1.));
#12741=DIRECTION('',(0.,1.,0.));
#12742=DIRECTION('',(0.,0.,1.));
#12743=DIRECTION('',(1.,0.,0.));
#12744=DIRECTION('',(0.,0.,-1.));
#12745=DIRECTION('',(1.,0.,0.));
#12746=DIRECTION('',(0.,0.,-1.));
#12747=DIRECTION('',(-1.,0.,0.));
#12748=DIRECTION('',(0.,0.,1.));
#12749=DIRECTION('',(1.,0.,0.));
#12750=DIRECTION('',(0.,0.,1.));
#12751=DIRECTION('',(1.,0.,0.));
#12752=DIRECTION('',(0.,0.,-1.));
#12753=DIRECTION('',(1.,0.,0.));
#12754=DIRECTION('',(0.,0.,-1.));
#12755=DIRECTION('',(0.,0.,1.));
#12756=DIRECTION('',(0.,-1.,0.));
#12757=DIRECTION('',(0.,-1.,0.));
#12758=DIRECTION('',(0.,0.,1.));
#12759=DIRECTION('',(1.,0.,0.));
#12760=DIRECTION('',(0.,0.,1.));
#12761=DIRECTION('',(1.,0.,0.));
#12762=DIRECTION('',(0.,0.,1.));
#12763=DIRECTION('',(0.,0.,-1.));
#12764=DIRECTION('',(1.,0.,0.));
#12765=DIRECTION('',(0.,0.,1.));
#12766=DIRECTION('',(-1.,0.,0.));
#12767=DIRECTION('',(0.,0.,1.));
#12768=DIRECTION('',(0.,0.,1.));
#12769=DIRECTION('',(0.,1.,0.));
#12770=DIRECTION('',(0.,-1.,0.));
#12771=DIRECTION('',(0.,0.,1.));
#12772=DIRECTION('',(1.,0.,0.));
#12773=DIRECTION('',(0.,0.,1.));
#12774=DIRECTION('',(0.,0.,1.));
#12775=DIRECTION('',(1.,0.,0.));
#12776=DIRECTION('',(0.,0.,-1.));
#12777=DIRECTION('',(1.,0.,0.));
#12778=DIRECTION('',(0.,1.,0.));
#12779=DIRECTION('',(0.,0.,1.));
#12780=DIRECTION('',(0.,0.,1.));
#12781=DIRECTION('',(1.,0.,0.));
#12782=DIRECTION('',(-1.,0.,0.));
#12783=DIRECTION('',(0.,0.,1.));
#12784=DIRECTION('',(1.,0.,0.));
#12785=DIRECTION('',(0.,0.,1.));
#12786=DIRECTION('',(1.,0.,0.));
#12787=DIRECTION('',(0.,0.,1.));
#12788=DIRECTION('',(1.,0.,0.));
#12789=DIRECTION('',(0.,0.,1.));
#12790=DIRECTION('',(-1.,0.,0.));
#12791=DIRECTION('',(0.,0.,1.));
#12792=DIRECTION('',(0.,1.,0.));
#12793=DIRECTION('',(0.,-1.,0.));
#12794=DIRECTION('',(0.,0.,1.));
#12795=DIRECTION('',(0.,0.,1.));
#12796=DIRECTION('',(1.,0.,0.));
#12797=DIRECTION('',(0.,0.,1.));
#12798=DIRECTION('',(0.,0.,1.));
#12799=DIRECTION('',(1.,0.,0.));
#12800=DIRECTION('',(0.,0.,1.));
#12801=DIRECTION('',(1.,0.,0.));
#12802=DIRECTION('',(0.,1.,0.));
#12803=DIRECTION('',(0.,0.,1.));
#12804=DIRECTION('',(1.,0.,0.));
#12805=DIRECTION('',(1.,0.,0.));
#12806=DIRECTION('',(0.,0.,1.));
#12807=DIRECTION('',(1.,0.,0.));
#12808=DIRECTION('',(0.,0.,1.));
#12809=DIRECTION('',(1.,0.,0.));
#12810=DIRECTION('',(0.,0.,1.));
#12811=DIRECTION('',(1.,0.,0.));
#12812=DIRECTION('',(0.,0.,-1.));
#12813=DIRECTION('',(1.,0.,0.));
#12814=DIRECTION('',(0.,0.,1.));
#12815=DIRECTION('',(-1.,0.,0.));
#12816=DIRECTION('',(0.,0.,1.));
#12817=DIRECTION('',(0.,0.,1.));
#12818=DIRECTION('',(0.,1.,0.));
#12819=DIRECTION('',(0.,-1.,0.));
#12820=DIRECTION('',(0.,0.,1.));
#12821=DIRECTION('',(1.,0.,0.));
#12822=DIRECTION('',(0.,0.,1.));
#12823=DIRECTION('',(0.,0.,1.));
#12824=DIRECTION('',(1.,0.,0.));
#12825=DIRECTION('',(0.,0.,-1.));
#12826=DIRECTION('',(1.,0.,0.));
#12827=DIRECTION('',(0.,-1.,0.));
#12828=DIRECTION('',(0.,0.,-1.));
#12829=DIRECTION('',(-1.,0.,0.));
#12830=DIRECTION('',(1.,0.,0.));
#12831=DIRECTION('',(0.,0.,1.));
#12832=DIRECTION('',(0.,0.,1.));
#12833=DIRECTION('',(1.,0.,0.));
#12834=DIRECTION('',(0.,0.,1.));
#12835=DIRECTION('',(1.,0.,0.));
#12836=DIRECTION('',(0.,0.,1.));
#12837=DIRECTION('',(1.,0.,0.));
#12838=DIRECTION('',(0.,0.,1.));
#12839=DIRECTION('',(-1.,0.,0.));
#12840=DIRECTION('',(0.,0.,1.));
#12841=DIRECTION('',(0.,1.,0.));
#12842=DIRECTION('',(0.,-1.,0.));
#12843=DIRECTION('',(0.,0.,1.));
#12844=DIRECTION('',(0.,0.,1.));
#12845=DIRECTION('',(1.,0.,0.));
#12846=DIRECTION('',(0.,0.,1.));
#12847=DIRECTION('',(0.,0.,1.));
#12848=DIRECTION('',(1.,0.,0.));
#12849=DIRECTION('',(0.,0.,1.));
#12850=DIRECTION('',(1.,0.,0.));
#12851=DIRECTION('',(0.,1.,0.));
#12852=DIRECTION('',(0.,0.,1.));
#12853=DIRECTION('',(1.,0.,0.));
#12854=DIRECTION('',(1.,0.,0.));
#12855=DIRECTION('',(0.,0.,-1.));
#12856=DIRECTION('',(0.,0.,1.));
#12857=DIRECTION('',(1.,0.,0.));
#12858=DIRECTION('',(0.,0.,1.));
#12859=DIRECTION('',(1.,0.,0.));
#12860=DIRECTION('',(0.,0.,-1.));
#12861=DIRECTION('',(0.,0.,1.));
#12862=DIRECTION('',(1.,0.,0.));
#12863=DIRECTION('',(-1.,0.,0.));
#12864=DIRECTION('',(0.,0.,1.));
#12865=DIRECTION('',(0.,1.,0.));
#12866=DIRECTION('',(0.,1.,0.));
#12867=DIRECTION('',(0.,0.,-1.));
#12868=DIRECTION('',(0.,0.,-1.));
#12869=DIRECTION('',(-1.,0.,0.));
#12870=DIRECTION('',(0.,0.,1.));
#12871=DIRECTION('',(1.,0.,0.));
#12872=DIRECTION('',(0.,0.,-1.));
#12873=DIRECTION('',(0.,0.,1.));
#12874=DIRECTION('',(1.,0.,0.));
#12875=DIRECTION('',(0.,1.,0.));
#12876=DIRECTION('',(0.,0.,1.));
#12877=DIRECTION('',(0.,0.,1.));
#12878=DIRECTION('',(1.,0.,0.));
#12879=DIRECTION('',(1.,0.,0.));
#12880=DIRECTION('',(0.,0.,1.));
#12881=DIRECTION('',(1.,0.,0.));
#12882=DIRECTION('',(0.,0.,1.));
#12883=DIRECTION('',(1.,0.,0.));
#12884=DIRECTION('',(0.,0.,-1.));
#12885=DIRECTION('',(1.,0.,0.));
#12886=DIRECTION('',(0.,0.,1.));
#12887=DIRECTION('',(1.,0.,0.));
#12888=DIRECTION('',(0.,0.,-1.));
#12889=DIRECTION('',(0.,0.,1.));
#12890=DIRECTION('',(0.,-1.,0.));
#12891=DIRECTION('',(0.,1.,0.));
#12892=DIRECTION('',(0.,0.,1.));
#12893=DIRECTION('',(1.,0.,0.));
#12894=DIRECTION('',(0.,0.,1.));
#12895=DIRECTION('',(0.,0.,1.));
#12896=DIRECTION('',(1.,0.,0.));
#12897=DIRECTION('',(0.,0.,-1.));
#12898=DIRECTION('',(1.,0.,0.));
#12899=DIRECTION('',(0.,-1.,0.));
#12900=DIRECTION('',(0.,0.,-1.));
#12901=DIRECTION('',(0.,0.,1.));
#12902=DIRECTION('',(-1.,0.,0.));
#12903=DIRECTION('',(1.,0.,0.));
#12904=DIRECTION('',(0.,0.,1.));
#12905=DIRECTION('',(1.,0.,0.));
#12906=DIRECTION('',(0.,0.,1.));
#12907=DIRECTION('',(1.,0.,0.));
#12908=DIRECTION('',(0.,0.,1.));
#12909=DIRECTION('',(1.,0.,0.));
#12910=DIRECTION('',(0.,0.,1.));
#12911=DIRECTION('',(1.,0.,0.));
#12912=DIRECTION('',(0.,0.,-1.));
#12913=DIRECTION('',(0.,-1.,0.));
#12914=DIRECTION('',(0.,1.,0.));
#12915=DIRECTION('',(0.,0.,1.));
#12916=DIRECTION('',(0.,0.,1.));
#12917=DIRECTION('',(1.,0.,0.));
#12918=DIRECTION('',(0.,0.,1.));
#12919=DIRECTION('',(0.,0.,1.));
#12920=DIRECTION('',(1.,0.,0.));
#12921=DIRECTION('',(0.,0.,1.));
#12922=DIRECTION('',(1.,0.,0.));
#12923=DIRECTION('',(0.,1.,0.));
#12924=DIRECTION('',(0.,0.,1.));
#12925=DIRECTION('',(0.,0.,1.));
#12926=DIRECTION('',(1.,0.,0.));
#12927=DIRECTION('',(1.,0.,0.));
#12928=DIRECTION('',(0.,0.,1.));
#12929=DIRECTION('',(1.,0.,0.));
#12930=DIRECTION('',(0.,0.,1.));
#12931=DIRECTION('',(1.,0.,0.));
#12932=DIRECTION('',(0.,0.,-1.));
#12933=DIRECTION('',(1.,0.,0.));
#12934=DIRECTION('',(0.,0.,1.));
#12935=DIRECTION('',(1.,0.,0.));
#12936=DIRECTION('',(0.,0.,-1.));
#12937=DIRECTION('',(0.,0.,1.));
#12938=DIRECTION('',(0.,-1.,0.));
#12939=DIRECTION('',(0.,1.,0.));
#12940=DIRECTION('',(0.,0.,1.));
#12941=DIRECTION('',(1.,0.,0.));
#12942=DIRECTION('',(0.,0.,1.));
#12943=DIRECTION('',(0.,0.,1.));
#12944=DIRECTION('',(1.,0.,0.));
#12945=DIRECTION('',(0.,0.,-1.));
#12946=DIRECTION('',(1.,0.,0.));
#12947=DIRECTION('',(0.,-1.,0.));
#12948=DIRECTION('',(0.,0.,-1.));
#12949=DIRECTION('',(0.,0.,1.));
#12950=DIRECTION('',(-1.,0.,0.));
#12951=DIRECTION('',(1.,0.,0.));
#12952=DIRECTION('',(0.,0.,1.));
#12953=DIRECTION('',(1.,0.,0.));
#12954=DIRECTION('',(0.,0.,1.));
#12955=DIRECTION('',(1.,0.,0.));
#12956=DIRECTION('',(0.,0.,1.));
#12957=DIRECTION('',(1.,0.,0.));
#12958=DIRECTION('',(0.,0.,1.));
#12959=DIRECTION('',(1.,0.,0.));
#12960=DIRECTION('',(0.,0.,-1.));
#12961=DIRECTION('',(0.,-1.,0.));
#12962=DIRECTION('',(0.,1.,0.));
#12963=DIRECTION('',(0.,0.,1.));
#12964=DIRECTION('',(0.,0.,1.));
#12965=DIRECTION('',(1.,0.,0.));
#12966=DIRECTION('',(0.,0.,1.));
#12967=DIRECTION('',(0.,0.,1.));
#12968=DIRECTION('',(1.,0.,0.));
#12969=DIRECTION('',(0.,0.,1.));
#12970=DIRECTION('',(1.,0.,0.));
#12971=DIRECTION('',(0.,0.,1.));
#12972=DIRECTION('',(1.,0.,0.));
#12973=DIRECTION('',(-1.20133204707535E-16,1.,0.));
#12974=DIRECTION('',(0.,0.,1.));
#12975=DIRECTION('',(1.,0.,0.));
#12976=DIRECTION('',(1.,0.,0.));
#12977=DIRECTION('',(-1.,-1.48108727938255E-16,0.));
#12978=DIRECTION('',(0.,0.,1.));
#12979=DIRECTION('',(1.,0.,0.));
#12980=DIRECTION('',(1.,0.,0.));
#12981=DIRECTION('',(0.,0.,1.));
#12982=DIRECTION('',(1.,0.,0.));
#12983=DIRECTION('',(7.20799228245211E-17,-1.,0.));
#12984=DIRECTION('',(-1.,-1.48108727938255E-16,0.));
#12985=DIRECTION('',(1.,0.,0.));
#12986=DIRECTION('',(7.20799228245211E-17,-1.,0.));
#12987=DIRECTION('',(-2.70559786458901E-15,6.97156507371895E-16,-1.));
#12988=DIRECTION('',(-1.,0.,2.70559786458901E-15));
#12989=DIRECTION('',(1.,0.,0.));
#12990=DIRECTION('',(1.92383484452498E-16,7.53941772925977E-17,1.));
#12991=DIRECTION('',(1.,0.,-1.92383484452498E-16));
#12992=DIRECTION('',(1.72896027505994E-16,-1.,4.32240068764985E-17));
#12993=DIRECTION('',(-3.65719030957263E-16,5.47118400449213E-18,-1.));
#12994=DIRECTION('',(-1.,0.,3.65719030957263E-16));
#12995=DIRECTION('',(1.,0.,0.));
#12996=DIRECTION('',(-3.85028234247149E-17,1.40377858101755E-16,1.));
#12997=DIRECTION('',(0.,-1.,1.40377858101755E-16));
#12998=DIRECTION('',(3.45792055011988E-16,-1.,0.));
#12999=DIRECTION('',(4.89139000892165E-17,4.40032267711052E-17,1.));
#13000=DIRECTION('',(1.,0.,-4.89139000892165E-17));
#13001=DIRECTION('',(-1.,0.,0.));
#13002=DIRECTION('',(6.54228696899797E-16,2.36984125475289E-15,-1.));
#13003=DIRECTION('',(0.,1.,2.36984125475289E-15));
#13004=DIRECTION('',(0.,-1.,0.));
#13005=DIRECTION('',(-1.15432188652455E-16,2.3376714222154E-17,-1.));
#13006=DIRECTION('',(-1.,0.,1.15432188652455E-16));
#13007=DIRECTION('',(1.,0.,0.));
#13008=DIRECTION('',(0.,0.,1.));
#13009=DIRECTION('',(1.,0.,0.));
#13010=DIRECTION('',(0.,-1.,0.));
#13011=DIRECTION('',(0.,0.,1.));
#13012=DIRECTION('',(1.,0.,0.));
#13013=DIRECTION('',(1.,0.,0.));
#13014=DIRECTION('',(-1.48108727938255E-16,1.,0.));
#13015=DIRECTION('',(-1.,-1.48108727938255E-16,0.));
#13016=DIRECTION('',(-1.38777878078145E-16,-2.05542149881242E-32,-1.));
#13017=DIRECTION('',(0.,0.,1.));
#13018=DIRECTION('',(1.,0.,0.));
#13019=DIRECTION('',(1.,0.,0.));
#13020=DIRECTION('',(0.,0.,1.));
#13021=DIRECTION('',(1.,0.,0.));
#13022=DIRECTION('',(0.,1.,0.));
#13023=DIRECTION('',(0.,0.,1.));
#13024=DIRECTION('',(1.,0.,0.));
#13025=DIRECTION('',(-1.,0.,0.));
#13026=DIRECTION('',(-1.15432188652455E-16,2.3376714222154E-17,-1.));
#13027=DIRECTION('',(-1.,0.,1.15432188652455E-16));
#13028=DIRECTION('',(0.,1.,0.));
#13029=DIRECTION('',(6.54228696899797E-16,2.36984125475289E-15,-1.));
#13030=DIRECTION('',(0.,1.,2.36984125475289E-15));
#13031=DIRECTION('',(1.,0.,0.));
#13032=DIRECTION('',(4.89139000892165E-17,4.40032267711052E-17,1.));
#13033=DIRECTION('',(1.,0.,-4.89139000892165E-17));
#13034=DIRECTION('',(-2.30528036674659E-16,1.,0.));
#13035=DIRECTION('',(-3.85028234247149E-17,1.40377858101755E-16,1.));
#13036=DIRECTION('',(0.,-1.,1.40377858101755E-16));
#13037=DIRECTION('',(-1.,0.,0.));
#13038=DIRECTION('',(-3.65719030957263E-16,5.47118400449213E-18,-1.));
#13039=DIRECTION('',(-1.,0.,3.65719030957263E-16));
#13040=DIRECTION('',(-1.15264018337329E-16,1.,0.));
#13041=DIRECTION('',(1.92383484452498E-16,7.53941772925977E-17,1.));
#13042=DIRECTION('',(1.,0.,-1.92383484452498E-16));
#13043=DIRECTION('',(-1.,0.,0.));
#13044=DIRECTION('',(-2.70559786458901E-15,6.97156507371895E-16,-1.));
#13045=DIRECTION('',(-1.,0.,2.70559786458901E-15));
#13046=DIRECTION('',(-1.20133204707535E-16,1.,0.));
#13047=DIRECTION('',(1.,0.,0.));
#13048=DIRECTION('',(0.,-1.,0.));
#13049=DIRECTION('',(0.,0.,-1.));
#13050=DIRECTION('',(1.38777878078145E-16,0.,1.));
#13051=DIRECTION('',(0.,1.,0.));
#13052=DIRECTION('',(0.,0.,1.));
#13053=DIRECTION('',(-1.38777878078145E-16,0.,-1.));
#13054=DIRECTION('',(0.,1.,0.));
#13055=DIRECTION('',(0.,0.,1.));
#13056=DIRECTION('',(0.,0.,1.));
#13057=DIRECTION('',(0.,1.,0.));
#13058=DIRECTION('',(1.,0.,0.));
#13059=DIRECTION('',(1.7347234759768E-17,0.,-1.));
#13060=DIRECTION('',(0.,0.,-1.));
#13061=DIRECTION('',(1.,0.,-1.22464679914735E-16));
#13062=DIRECTION('',(0.,-1.,0.));
#13063=DIRECTION('',(-1.22464679914735E-16,0.,-1.));
#13064=DIRECTION('',(-1.22464679914735E-16,0.,-1.));
#13065=DIRECTION('',(0.,-1.,-1.38777878078145E-16));
#13066=DIRECTION('',(-1.,0.,0.));
#13067=DIRECTION('',(0.,1.38777878078145E-16,-1.));
#13068=DIRECTION('',(-1.7347234759768E-17,1.38777878078145E-16,-1.));
#13069=DIRECTION('',(1.,2.30528036674659E-16,-1.38777878078144E-16));
#13070=DIRECTION('',(2.30528036674659E-16,-1.,0.));
#13071=DIRECTION('',(-1.38777878078144E-16,0.,-1.));
#13072=DIRECTION('',(-1.38777878078145E-16,0.,-1.));
#13073=DIRECTION('',(0.,1.,-1.22464679914735E-16));
#13074=DIRECTION('',(1.,0.,0.));
#13075=DIRECTION('',(0.,-1.22464679914735E-16,-1.));
#13076=DIRECTION('',(0.,-1.22464679914735E-16,-1.));
#13077=DIRECTION('',(1.,1.15264018337329E-16,-1.38777878078144E-16));
#13078=DIRECTION('',(1.15264018337329E-16,-1.,0.));
#13079=DIRECTION('',(-1.38777878078144E-16,0.,-1.));
#13080=DIRECTION('',(-1.38777878078145E-16,0.,-1.));
#13081=DIRECTION('',(0.,1.,-1.38777878078145E-16));
#13082=DIRECTION('',(1.,0.,0.));
#13083=DIRECTION('',(-1.7347234759768E-17,-1.38777878078145E-16,-1.));
#13084=DIRECTION('',(-1.7347234759768E-17,-1.38777878078145E-16,-1.));
#13085=DIRECTION('',(1.,1.20133204707535E-16,-1.38777878078145E-16));
#13086=DIRECTION('',(1.20133204707535E-16,-1.,0.));
#13087=DIRECTION('',(-1.38777878078145E-16,0.,-1.));
#13088=DIRECTION('',(-2.70559786458901E-15,6.97156507371895E-16,-1.));
#13089=DIRECTION('',(-1.,0.,2.70559786458901E-15));
#13090=DIRECTION('',(1.92383484452498E-16,7.53941772925977E-17,1.));
#13091=DIRECTION('',(1.,0.,-1.92383484452498E-16));
#13092=DIRECTION('',(-3.65719030957263E-16,5.47118400449213E-18,-1.));
#13093=DIRECTION('',(-1.,0.,3.65719030957263E-16));
#13094=DIRECTION('',(-3.85028234247149E-17,1.40377858101755E-16,1.));
#13095=DIRECTION('',(0.,-1.,1.40377858101755E-16));
#13096=DIRECTION('',(4.89139000892165E-17,4.40032267711052E-17,1.));
#13097=DIRECTION('',(1.,0.,-4.89139000892165E-17));
#13098=DIRECTION('',(6.54228696899797E-16,2.36984125475289E-15,-1.));
#13099=DIRECTION('',(0.,1.,2.36984125475289E-15));
#13100=DIRECTION('',(-1.15432188652455E-16,2.3376714222154E-17,-1.));
#13101=DIRECTION('',(-1.,0.,1.15432188652455E-16));
#13102=DIRECTION('',(0.,0.,1.));
#13103=DIRECTION('',(1.,0.,0.));
#13104=DIRECTION('',(-1.38777878078145E-16,0.,-1.));
#13105=DIRECTION('',(1.,0.,0.));
#13106=DIRECTION('',(0.,-1.,0.));
#13107=DIRECTION('',(0.,0.,1.));
#13108=DIRECTION('',(1.,1.20133204707535E-16,-1.38777878078145E-16));
#13109=DIRECTION('',(1.20133204707535E-16,-1.,0.));
#13110=DIRECTION('',(-1.38777878078145E-16,0.,-1.));
#13111=DIRECTION('',(1.38777878078145E-16,0.,1.));
#13112=DIRECTION('',(1.,0.,-1.38777878078145E-16));
#13113=DIRECTION('',(0.,0.,1.));
#13114=DIRECTION('',(1.,0.,0.));
#13115=CARTESIAN_POINT('',(0.,0.,0.));
#13116=CARTESIAN_POINT('',(-0.008334375,-0.0112,0.0004));
#13117=CARTESIAN_POINT('',(-0.11631875,-0.023325,0.0004));
#13118=CARTESIAN_POINT('',(-0.11581875,-0.023325,0.0004));
#13119=CARTESIAN_POINT('',(-0.11631875,-0.022825,0.0004));
#13120=CARTESIAN_POINT('',(-0.11896875,-0.022825,0.0004));
#13121=CARTESIAN_POINT('',(-0.12161875,-0.022825,0.0004));
#13122=CARTESIAN_POINT('',(-0.12161875,-0.023325,0.0004));
#13123=CARTESIAN_POINT('',(-0.12211875,-0.023325,0.0004));
#13124=CARTESIAN_POINT('',(-0.12211875,-0.030325,0.0004));
#13125=CARTESIAN_POINT('',(-0.12211875,-0.022325,0.0004));
#13126=CARTESIAN_POINT('',(-0.12161875,-0.022325,0.0004));
#13127=CARTESIAN_POINT('',(-0.12161875,-0.021825,0.0004));
#13128=CARTESIAN_POINT('',(-0.11896875,-0.021825,0.0004));
#13129=CARTESIAN_POINT('',(-0.11631875,-0.021825,0.0004));
#13130=CARTESIAN_POINT('',(-0.11631875,-0.022325,0.0004));
#13131=CARTESIAN_POINT('',(-0.11581875,-0.022325,0.0004));
#13132=CARTESIAN_POINT('',(-0.11581875,-0.030325,0.0004));
#13133=CARTESIAN_POINT('',(-0.008334375,-0.0112,0.0004));
#13134=CARTESIAN_POINT('',(-0.14611875,-0.030325,0.0004));
#13135=CARTESIAN_POINT('',(-0.14611875,-0.023325,0.0004));
#13136=CARTESIAN_POINT('',(-0.14611875,-0.022325,0.0004));
#13137=CARTESIAN_POINT('',(-0.14561875,-0.022325,0.0004));
#13138=CARTESIAN_POINT('',(-0.14561875,-0.021825,0.0004));
#13139=CARTESIAN_POINT('',(-0.14296875,-0.021825,0.0004));
#13140=CARTESIAN_POINT('',(-0.14031875,-0.021825,0.0004));
#13141=CARTESIAN_POINT('',(-0.14031875,-0.022325,0.0004));
#13142=CARTESIAN_POINT('',(-0.13981875,-0.022325,0.0004));
#13143=CARTESIAN_POINT('',(-0.13981875,-0.030325,0.0004));
#13144=CARTESIAN_POINT('',(-0.13981875,-0.023325,0.0004));
#13145=CARTESIAN_POINT('',(-0.14031875,-0.023325,0.0004));
#13146=CARTESIAN_POINT('',(-0.14031875,-0.022825,0.0004));
#13147=CARTESIAN_POINT('',(-0.14296875,-0.022825,0.0004));
#13148=CARTESIAN_POINT('',(-0.14561875,-0.022825,0.0004));
#13149=CARTESIAN_POINT('',(-0.14561875,-0.023325,0.0004));
#13150=CARTESIAN_POINT('',(-0.008334375,-0.0112,0.0004));
#13151=CARTESIAN_POINT('',(-0.13981875,-0.030325,0.0004));
#13152=CARTESIAN_POINT('',(-0.13981875,-0.038325,0.0004));
#13153=CARTESIAN_POINT('',(-0.13981875,-0.035125,0.0004));
#13154=CARTESIAN_POINT('',(-0.14031875,-0.038325,0.0004));
#13155=CARTESIAN_POINT('',(-0.14031875,-0.038825,0.0004));
#13156=CARTESIAN_POINT('',(-0.14296875,-0.038825,0.0004));
#13157=CARTESIAN_POINT('',(-0.14561875,-0.038825,0.0004));
#13158=CARTESIAN_POINT('',(-0.14561875,-0.038325,0.0004));
#13159=CARTESIAN_POINT('',(-0.14611875,-0.038325,0.0004));
#13160=CARTESIAN_POINT('',(-0.14611875,-0.030325,0.0004));
#13161=CARTESIAN_POINT('',(-0.14611875,-0.035125,0.0004));
#13162=CARTESIAN_POINT('',(-0.14561875,-0.035125,0.0004));
#13163=CARTESIAN_POINT('',(-0.14561875,-0.035625,0.0004));
#13164=CARTESIAN_POINT('',(-0.14504375,-0.035625,0.0004));
#13165=CARTESIAN_POINT('',(-0.14446875,-0.035625,0.0004));
#13166=CARTESIAN_POINT('',(-0.14446875,-0.036125,0.0004));
#13167=CARTESIAN_POINT('',(-0.14396875,-0.036125,0.0004));
#13168=CARTESIAN_POINT('',(-0.14396875,-0.036625,0.0004));
#13169=CARTESIAN_POINT('',(-0.14396875,-0.037125,0.0004));
#13170=CARTESIAN_POINT('',(-0.14346875,-0.037125,0.0004));
#13171=CARTESIAN_POINT('',(-0.14346875,-0.037625,0.0004));
#13172=CARTESIAN_POINT('',(-0.14296875,-0.037625,0.0004));
#13173=CARTESIAN_POINT('',(-0.14246875,-0.037625,0.0004));
#13174=CARTESIAN_POINT('',(-0.14246875,-0.037125,0.0004));
#13175=CARTESIAN_POINT('',(-0.14196875,-0.037125,0.0004));
#13176=CARTESIAN_POINT('',(-0.14196875,-0.036625,0.0004));
#13177=CARTESIAN_POINT('',(-0.14196875,-0.036125,0.0004));
#13178=CARTESIAN_POINT('',(-0.14146875,-0.036125,0.0004));
#13179=CARTESIAN_POINT('',(-0.14146875,-0.035625,0.0004));
#13180=CARTESIAN_POINT('',(-0.14089375,-0.035625,0.0004));
#13181=CARTESIAN_POINT('',(-0.14031875,-0.035625,0.0004));
#13182=CARTESIAN_POINT('',(-0.14031875,-0.035125,0.0004));
#13183=CARTESIAN_POINT('',(-0.008334375,-0.0112,0.0004));
#13184=CARTESIAN_POINT('',(-0.12161875,-0.035125,0.0004));
#13185=CARTESIAN_POINT('',(-0.12211875,-0.035125,0.0004));
#13186=CARTESIAN_POINT('',(-0.12161875,-0.035625,0.0004));
#13187=CARTESIAN_POINT('',(-0.12104375,-0.035625,0.0004));
#13188=CARTESIAN_POINT('',(-0.12046875,-0.035625,0.0004));
#13189=CARTESIAN_POINT('',(-0.12046875,-0.036125,0.0004));
#13190=CARTESIAN_POINT('',(-0.11996875,-0.036125,0.0004));
#13191=CARTESIAN_POINT('',(-0.11996875,-0.036625,0.0004));
#13192=CARTESIAN_POINT('',(-0.11996875,-0.037125,0.0004));
#13193=CARTESIAN_POINT('',(-0.11946875,-0.037125,0.0004));
#13194=CARTESIAN_POINT('',(-0.11946875,-0.037625,0.0004));
#13195=CARTESIAN_POINT('',(-0.11896875,-0.037625,0.0004));
#13196=CARTESIAN_POINT('',(-0.11846875,-0.037625,0.0004));
#13197=CARTESIAN_POINT('',(-0.11846875,-0.037125,0.0004));
#13198=CARTESIAN_POINT('',(-0.11796875,-0.037125,0.0004));
#13199=CARTESIAN_POINT('',(-0.11796875,-0.036625,0.0004));
#13200=CARTESIAN_POINT('',(-0.11796875,-0.036125,0.0004));
#13201=CARTESIAN_POINT('',(-0.11746875,-0.036125,0.0004));
#13202=CARTESIAN_POINT('',(-0.11746875,-0.035625,0.0004));
#13203=CARTESIAN_POINT('',(-0.11689375,-0.035625,0.0004));
#13204=CARTESIAN_POINT('',(-0.11631875,-0.035625,0.0004));
#13205=CARTESIAN_POINT('',(-0.11631875,-0.035125,0.0004));
#13206=CARTESIAN_POINT('',(-0.11581875,-0.035125,0.0004));
#13207=CARTESIAN_POINT('',(-0.11581875,-0.030325,0.0004));
#13208=CARTESIAN_POINT('',(-0.11581875,-0.038325,0.0004));
#13209=CARTESIAN_POINT('',(-0.11631875,-0.038325,0.0004));
#13210=CARTESIAN_POINT('',(-0.11631875,-0.038825,0.0004));
#13211=CARTESIAN_POINT('',(-0.11896875,-0.038825,0.0004));
#13212=CARTESIAN_POINT('',(-0.12161875,-0.038825,0.0004));
#13213=CARTESIAN_POINT('',(-0.12161875,-0.038325,0.0004));
#13214=CARTESIAN_POINT('',(-0.12211875,-0.038325,0.0004));
#13215=CARTESIAN_POINT('',(-0.12211875,-0.030325,0.0004));
#13216=CARTESIAN_POINT('',(-0.008334375,-0.0112,0.0004));
#13217=CARTESIAN_POINT('',(-0.07458125,-0.049375,0.0004));
#13218=CARTESIAN_POINT('',(-0.07458125,-0.042375,0.0004));
#13219=CARTESIAN_POINT('',(-0.07458125,-0.041375,0.0004));
#13220=CARTESIAN_POINT('',(-0.07408125,-0.041375,0.0004));
#13221=CARTESIAN_POINT('',(-0.07408125,-0.040875,0.0004));
#13222=CARTESIAN_POINT('',(-0.07143125,-0.040875,0.0004));
#13223=CARTESIAN_POINT('',(-0.06878125,-0.040875,0.0004));
#13224=CARTESIAN_POINT('',(-0.06878125,-0.041375,0.0004));
#13225=CARTESIAN_POINT('',(-0.06828125,-0.041375,0.0004));
#13226=CARTESIAN_POINT('',(-0.06828125,-0.049375,0.0004));
#13227=CARTESIAN_POINT('',(-0.06828125,-0.042375,0.0004));
#13228=CARTESIAN_POINT('',(-0.06878125,-0.042375,0.0004));
#13229=CARTESIAN_POINT('',(-0.06878125,-0.041875,0.0004));
#13230=CARTESIAN_POINT('',(-0.07143125,-0.041875,0.0004));
#13231=CARTESIAN_POINT('',(-0.07408125,-0.041875,0.0004));
#13232=CARTESIAN_POINT('',(-0.07408125,-0.042375,0.0004));
#13233=CARTESIAN_POINT('',(-0.008334375,-0.0112,0.0004));
#13234=CARTESIAN_POINT('',(-0.07458125,-0.049375,0.0004));
#13235=CARTESIAN_POINT('',(-0.07458125,-0.05715,0.0004));
#13236=CARTESIAN_POINT('',(-0.07458125,-0.054175,0.0004));
#13237=CARTESIAN_POINT('',(-0.07408125,-0.054175,0.0004));
#13238=CARTESIAN_POINT('',(-0.07408125,-0.054675,0.0004));
#13239=CARTESIAN_POINT('',(-0.07350625,-0.054675,0.0004));
#13240=CARTESIAN_POINT('',(-0.07293125,-0.054675,0.0004));
#13241=CARTESIAN_POINT('',(-0.07293125,-0.055175,0.0004));
#13242=CARTESIAN_POINT('',(-0.07243125,-0.055175,0.0004));
#13243=CARTESIAN_POINT('',(-0.07243125,-0.055675,0.0004));
#13244=CARTESIAN_POINT('',(-0.07243125,-0.056175,0.0004));
#13245=CARTESIAN_POINT('',(-0.07193125,-0.056175,0.0004));
#13246=CARTESIAN_POINT('',(-0.07193125,-0.056675,0.0004));
#13247=CARTESIAN_POINT('',(-0.07143125,-0.056675,0.0004));
#13248=CARTESIAN_POINT('',(-0.07093125,-0.056675,0.0004));
#13249=CARTESIAN_POINT('',(-0.07093125,-0.056175,0.0004));
#13250=CARTESIAN_POINT('',(-0.07043125,-0.056175,0.0004));
#13251=CARTESIAN_POINT('',(-0.07043125,-0.055675,0.0004));
#13252=CARTESIAN_POINT('',(-0.07043125,-0.055175,0.0004));
#13253=CARTESIAN_POINT('',(-0.06993125,-0.055175,0.0004));
#13254=CARTESIAN_POINT('',(-0.06993125,-0.054675,0.0004));
#13255=CARTESIAN_POINT('',(-0.06935625,-0.054675,0.0004));
#13256=CARTESIAN_POINT('',(-0.06878125,-0.054675,0.0004));
#13257=CARTESIAN_POINT('',(-0.06878125,-0.054175,0.0004));
#13258=CARTESIAN_POINT('',(-0.06828125,-0.054175,0.0004));
#13259=CARTESIAN_POINT('',(-0.06828125,-0.049375,0.0004));
#13260=CARTESIAN_POINT('',(-0.06828125,-0.05715,0.0004));
#13261=CARTESIAN_POINT('',(0.,-0.05715,0.0004));
#13262=CARTESIAN_POINT('',(-0.07408125,-0.041375,-0.0246));
#13263=CARTESIAN_POINT('',(-0.07408125,-0.040875,-0.0246));
#13264=CARTESIAN_POINT('',(-0.07408125,-0.040875,0.));
#13265=CARTESIAN_POINT('',(-0.07458125,-0.041375,-0.0246));
#13266=CARTESIAN_POINT('',(-0.07458125,-0.041375,0.));
#13267=CARTESIAN_POINT('',(-0.07408125,-0.041375,0.));
#13268=CARTESIAN_POINT('',(-0.07143125,-0.040875,-0.0246));
#13269=CARTESIAN_POINT('',(0.,-0.040875,0.));
#13270=CARTESIAN_POINT('',(-0.06878125,-0.040875,0.));
#13271=CARTESIAN_POINT('',(-0.06878125,-0.040875,-0.0246));
#13272=CARTESIAN_POINT('',(-0.06878125,-0.041375,-0.0246));
#13273=CARTESIAN_POINT('',(-0.06828125,-0.041375,-0.0246));
#13274=CARTESIAN_POINT('',(-0.06828125,-0.041375,0.));
#13275=CARTESIAN_POINT('',(-0.06878125,-0.041375,0.));
#13276=CARTESIAN_POINT('',(-0.12161875,-0.022325,-0.0246));
#13277=CARTESIAN_POINT('',(-0.12161875,-0.022325,0.));
#13278=CARTESIAN_POINT('',(-0.12211875,-0.022325,0.));
#13279=CARTESIAN_POINT('',(-0.12161875,-0.021825,0.));
#13280=CARTESIAN_POINT('',(-0.12161875,-0.021825,-0.0246));
#13281=CARTESIAN_POINT('',(-0.12211875,-0.022325,-0.0246));
#13282=CARTESIAN_POINT('',(-0.11896875,-0.021825,-0.0246));
#13283=CARTESIAN_POINT('',(-0.11631875,-0.021825,-0.0246));
#13284=CARTESIAN_POINT('',(-0.11631875,-0.021825,0.));
#13285=CARTESIAN_POINT('',(0.,-0.021825,0.));
#13286=CARTESIAN_POINT('',(-0.11631875,-0.022325,-0.0246));
#13287=CARTESIAN_POINT('',(-0.11631875,-0.022325,0.));
#13288=CARTESIAN_POINT('',(-0.11581875,-0.022325,0.));
#13289=CARTESIAN_POINT('',(-0.11581875,-0.022325,-0.0246));
#13290=CARTESIAN_POINT('',(-0.11631875,-0.038325,-0.0246));
#13291=CARTESIAN_POINT('',(-0.11631875,-0.038325,0.));
#13292=CARTESIAN_POINT('',(-0.11581875,-0.038325,0.));
#13293=CARTESIAN_POINT('',(-0.11631875,-0.038825,0.));
#13294=CARTESIAN_POINT('',(-0.11631875,-0.038825,-0.0246));
#13295=CARTESIAN_POINT('',(-0.11581875,-0.038325,-0.0246));
#13296=CARTESIAN_POINT('',(-0.11896875,-0.038825,-0.0246));
#13297=CARTESIAN_POINT('',(0.,-0.038825,0.));
#13298=CARTESIAN_POINT('',(-0.12161875,-0.038825,0.));
#13299=CARTESIAN_POINT('',(-0.12161875,-0.038825,-0.0246));
#13300=CARTESIAN_POINT('',(-0.12161875,-0.038325,-0.0246));
#13301=CARTESIAN_POINT('',(-0.12161875,-0.038325,0.));
#13302=CARTESIAN_POINT('',(-0.12211875,-0.038325,0.));
#13303=CARTESIAN_POINT('',(-0.12211875,-0.038325,-0.0246));
#13304=CARTESIAN_POINT('',(-0.14031875,-0.038325,-0.0246));
#13305=CARTESIAN_POINT('',(-0.14031875,-0.038825,-0.0246));
#13306=CARTESIAN_POINT('',(-0.14031875,-0.038825,0.));
#13307=CARTESIAN_POINT('',(-0.13981875,-0.038325,-0.0246));
#13308=CARTESIAN_POINT('',(-0.13981875,-0.038325,0.));
#13309=CARTESIAN_POINT('',(-0.14031875,-0.038325,0.));
#13310=CARTESIAN_POINT('',(-0.14296875,-0.038825,-0.0246));
#13311=CARTESIAN_POINT('',(-0.14561875,-0.038825,-0.0246));
#13312=CARTESIAN_POINT('',(-0.14561875,-0.038825,0.));
#13313=CARTESIAN_POINT('',(0.,-0.038825,0.));
#13314=CARTESIAN_POINT('',(-0.14561875,-0.038325,-0.0246));
#13315=CARTESIAN_POINT('',(-0.14611875,-0.038325,-0.0246));
#13316=CARTESIAN_POINT('',(-0.14611875,-0.038325,0.));
#13317=CARTESIAN_POINT('',(-0.14561875,-0.038325,0.));
#13318=CARTESIAN_POINT('',(-0.14561875,-0.022325,-0.0246));
#13319=CARTESIAN_POINT('',(-0.14561875,-0.021825,-0.0246));
#13320=CARTESIAN_POINT('',(-0.14561875,-0.021825,0.));
#13321=CARTESIAN_POINT('',(-0.14611875,-0.022325,-0.0246));
#13322=CARTESIAN_POINT('',(-0.14611875,-0.022325,0.));
#13323=CARTESIAN_POINT('',(-0.14561875,-0.022325,0.));
#13324=CARTESIAN_POINT('',(-0.14296875,-0.021825,-0.0246));
#13325=CARTESIAN_POINT('',(0.,-0.021825,0.));
#13326=CARTESIAN_POINT('',(-0.14031875,-0.021825,0.));
#13327=CARTESIAN_POINT('',(-0.14031875,-0.021825,-0.0246));
#13328=CARTESIAN_POINT('',(-0.14031875,-0.022325,-0.0246));
#13329=CARTESIAN_POINT('',(-0.13981875,-0.022325,-0.0246));
#13330=CARTESIAN_POINT('',(-0.13981875,-0.022325,0.));
#13331=CARTESIAN_POINT('',(-0.14031875,-0.022325,0.));
#13332=CARTESIAN_POINT('',(-0.149775,0.0523875,0.0014));
#13333=CARTESIAN_POINT('',(-0.149775,0.0523875,0.));
#13334=CARTESIAN_POINT('',(-0.149775,0.0587875,0.));
#13335=CARTESIAN_POINT('',(-0.149775,0.0459875,0.));
#13336=CARTESIAN_POINT('',(-0.149775,0.0587875,0.0014));
#13337=CARTESIAN_POINT('',(-0.149775,0.0587875,0.0014));
#13338=CARTESIAN_POINT('',(-0.149775,0.0523875,0.0014));
#13339=CARTESIAN_POINT('',(-0.149775,0.0459875,0.0014));
#13340=CARTESIAN_POINT('',(-0.149775,0.0459875,0.0014));
#13341=CARTESIAN_POINT('',(-0.149275,0.0459875,0.0014));
#13342=CARTESIAN_POINT('',(-0.149275,0.0459875,0.));
#13343=CARTESIAN_POINT('',(-0.149275,0.0454875,0.));
#13344=CARTESIAN_POINT('',(-0.149275,0.0459875,0.0014));
#13345=CARTESIAN_POINT('',(-0.149275,0.0454875,0.0014));
#13346=CARTESIAN_POINT('',(-0.149275,0.0454875,0.0014));
#13347=CARTESIAN_POINT('',(-0.142875,0.0454875,0.0014));
#13348=CARTESIAN_POINT('',(-0.142875,0.0454875,0.));
#13349=CARTESIAN_POINT('',(-0.136475,0.0454875,0.));
#13350=CARTESIAN_POINT('',(-0.142875,0.0454875,0.0014));
#13351=CARTESIAN_POINT('',(-0.136475,0.0454875,0.0014));
#13352=CARTESIAN_POINT('',(-0.136475,0.0454875,0.0014));
#13353=CARTESIAN_POINT('',(-0.136475,0.0459875,0.0014));
#13354=CARTESIAN_POINT('',(-0.136475,0.0459875,0.));
#13355=CARTESIAN_POINT('',(-0.135975,0.0459875,0.));
#13356=CARTESIAN_POINT('',(-0.136475,0.0459875,0.0014));
#13357=CARTESIAN_POINT('',(-0.135975,0.0459875,0.0014));
#13358=CARTESIAN_POINT('',(-0.135975,0.0459875,0.0014));
#13359=CARTESIAN_POINT('',(-0.135975,0.0523875,0.0014));
#13360=CARTESIAN_POINT('',(-0.135975,0.0523875,0.));
#13361=CARTESIAN_POINT('',(-0.135975,0.0587875,0.));
#13362=CARTESIAN_POINT('',(-0.135975,0.0523875,0.0014));
#13363=CARTESIAN_POINT('',(-0.135975,0.0587875,0.0014));
#13364=CARTESIAN_POINT('',(-0.135975,0.0587875,0.0014));
#13365=CARTESIAN_POINT('',(-0.136475,0.0587875,0.0014));
#13366=CARTESIAN_POINT('',(-0.136475,0.0587875,0.));
#13367=CARTESIAN_POINT('',(-0.136475,0.0592875,0.));
#13368=CARTESIAN_POINT('',(-0.136475,0.0587875,0.0014));
#13369=CARTESIAN_POINT('',(-0.136475,0.0592875,0.0014));
#13370=CARTESIAN_POINT('',(-0.136475,0.0592875,0.0014));
#13371=CARTESIAN_POINT('',(-0.142875,0.0592875,0.0014));
#13372=CARTESIAN_POINT('',(-0.142875,0.0592875,0.));
#13373=CARTESIAN_POINT('',(-0.149275,0.0592875,0.));
#13374=CARTESIAN_POINT('',(-0.142875,0.0592875,0.0014));
#13375=CARTESIAN_POINT('',(-0.149275,0.0592875,0.0014));
#13376=CARTESIAN_POINT('',(-0.149275,0.0592875,0.0014));
#13377=CARTESIAN_POINT('',(-0.149275,0.0587875,0.0014));
#13378=CARTESIAN_POINT('',(-0.149275,0.0587875,0.));
#13379=CARTESIAN_POINT('',(-0.149275,0.0587875,0.0014));
#13380=CARTESIAN_POINT('',(-0.1259625,0.0523875,0.0014));
#13381=CARTESIAN_POINT('',(-0.1259625,0.0523875,0.));
#13382=CARTESIAN_POINT('',(-0.1259625,0.0587875,0.));
#13383=CARTESIAN_POINT('',(-0.1259625,0.0459875,0.));
#13384=CARTESIAN_POINT('',(-0.1259625,0.0587875,0.0014));
#13385=CARTESIAN_POINT('',(-0.1259625,0.0587875,0.0014));
#13386=CARTESIAN_POINT('',(-0.1259625,0.0523875,0.0014));
#13387=CARTESIAN_POINT('',(-0.1259625,0.0459875,0.0014));
#13388=CARTESIAN_POINT('',(-0.1259625,0.0459875,0.0014));
#13389=CARTESIAN_POINT('',(-0.1254625,0.0459875,0.0014));
#13390=CARTESIAN_POINT('',(-0.1254625,0.0459875,0.));
#13391=CARTESIAN_POINT('',(-0.1254625,0.0454875,0.));
#13392=CARTESIAN_POINT('',(-0.1254625,0.0459875,0.0014));
#13393=CARTESIAN_POINT('',(-0.1254625,0.0454875,0.0014));
#13394=CARTESIAN_POINT('',(-0.1254625,0.0454875,0.0014));
#13395=CARTESIAN_POINT('',(-0.1190625,0.0454875,0.0014));
#13396=CARTESIAN_POINT('',(-0.1190625,0.0454875,0.));
#13397=CARTESIAN_POINT('',(-0.1126625,0.0454875,0.));
#13398=CARTESIAN_POINT('',(-0.1190625,0.0454875,0.0014));
#13399=CARTESIAN_POINT('',(-0.1126625,0.0454875,0.0014));
#13400=CARTESIAN_POINT('',(-0.1126625,0.0454875,0.0014));
#13401=CARTESIAN_POINT('',(-0.1126625,0.0459875,0.0014));
#13402=CARTESIAN_POINT('',(-0.1126625,0.0459875,0.));
#13403=CARTESIAN_POINT('',(-0.1121625,0.0459875,0.));
#13404=CARTESIAN_POINT('',(-0.1126625,0.0459875,0.0014));
#13405=CARTESIAN_POINT('',(-0.1121625,0.0459875,0.0014));
#13406=CARTESIAN_POINT('',(-0.1121625,0.0459875,0.0014));
#13407=CARTESIAN_POINT('',(-0.1121625,0.0523875,0.0014));
#13408=CARTESIAN_POINT('',(-0.1121625,0.0523875,0.));
#13409=CARTESIAN_POINT('',(-0.1121625,0.0587875,0.));
#13410=CARTESIAN_POINT('',(-0.1121625,0.0523875,0.0014));
#13411=CARTESIAN_POINT('',(-0.1121625,0.0587875,0.0014));
#13412=CARTESIAN_POINT('',(-0.1121625,0.0587875,0.0014));
#13413=CARTESIAN_POINT('',(-0.1126625,0.0587875,0.0014));
#13414=CARTESIAN_POINT('',(-0.1126625,0.0587875,0.));
#13415=CARTESIAN_POINT('',(-0.1126625,0.0592875,0.));
#13416=CARTESIAN_POINT('',(-0.1126625,0.0587875,0.0014));
#13417=CARTESIAN_POINT('',(-0.1126625,0.0592875,0.0014));
#13418=CARTESIAN_POINT('',(-0.1126625,0.0592875,0.0014));
#13419=CARTESIAN_POINT('',(-0.1190625,0.0592875,0.0014));
#13420=CARTESIAN_POINT('',(-0.1190625,0.0592875,0.));
#13421=CARTESIAN_POINT('',(-0.1254625,0.0592875,0.));
#13422=CARTESIAN_POINT('',(-0.1190625,0.0592875,0.0014));
#13423=CARTESIAN_POINT('',(-0.1254625,0.0592875,0.0014));
#13424=CARTESIAN_POINT('',(-0.1254625,0.0592875,0.0014));
#13425=CARTESIAN_POINT('',(-0.1254625,0.0587875,0.0014));
#13426=CARTESIAN_POINT('',(-0.1254625,0.0587875,0.));
#13427=CARTESIAN_POINT('',(-0.1254625,0.0587875,0.0014));
#13428=CARTESIAN_POINT('',(-0.1069125,0.0523875,0.0014));
#13429=CARTESIAN_POINT('',(-0.1069125,0.0523875,0.));
#13430=CARTESIAN_POINT('',(-0.1069125,0.0587875,0.));
#13431=CARTESIAN_POINT('',(-0.1069125,0.0459875,0.));
#13432=CARTESIAN_POINT('',(-0.1069125,0.0587875,0.0014));
#13433=CARTESIAN_POINT('',(-0.1069125,0.0587875,0.0014));
#13434=CARTESIAN_POINT('',(-0.1069125,0.0523875,0.0014));
#13435=CARTESIAN_POINT('',(-0.1069125,0.0459875,0.0014));
#13436=CARTESIAN_POINT('',(-0.1069125,0.0459875,0.0014));
#13437=CARTESIAN_POINT('',(-0.1064125,0.0459875,0.0014));
#13438=CARTESIAN_POINT('',(-0.1064125,0.0459875,0.));
#13439=CARTESIAN_POINT('',(-0.1064125,0.0454875,0.));
#13440=CARTESIAN_POINT('',(-0.1064125,0.0459875,0.0014));
#13441=CARTESIAN_POINT('',(-0.1064125,0.0454875,0.0014));
#13442=CARTESIAN_POINT('',(-0.1064125,0.0454875,0.0014));
#13443=CARTESIAN_POINT('',(-0.1000125,0.0454875,0.0014));
#13444=CARTESIAN_POINT('',(-0.1000125,0.0454875,0.));
#13445=CARTESIAN_POINT('',(-0.0936125,0.0454875,0.));
#13446=CARTESIAN_POINT('',(-0.1000125,0.0454875,0.0014));
#13447=CARTESIAN_POINT('',(-0.0936125,0.0454875,0.0014));
#13448=CARTESIAN_POINT('',(-0.0936125,0.0454875,0.0014));
#13449=CARTESIAN_POINT('',(-0.0936125,0.0459875,0.0014));
#13450=CARTESIAN_POINT('',(-0.0936125,0.0459875,0.));
#13451=CARTESIAN_POINT('',(-0.0931125,0.0459875,0.));
#13452=CARTESIAN_POINT('',(-0.0936125,0.0459875,0.0014));
#13453=CARTESIAN_POINT('',(-0.0931125,0.0459875,0.0014));
#13454=CARTESIAN_POINT('',(-0.0931125,0.0459875,0.0014));
#13455=CARTESIAN_POINT('',(-0.0931125,0.0523875,0.0014));
#13456=CARTESIAN_POINT('',(-0.0931125,0.0523875,0.));
#13457=CARTESIAN_POINT('',(-0.0931125,0.0587875,0.));
#13458=CARTESIAN_POINT('',(-0.0931125,0.0523875,0.0014));
#13459=CARTESIAN_POINT('',(-0.0931125,0.0587875,0.0014));
#13460=CARTESIAN_POINT('',(-0.0931125,0.0587875,0.0014));
#13461=CARTESIAN_POINT('',(-0.0936125,0.0587875,0.0014));
#13462=CARTESIAN_POINT('',(-0.0936125,0.0587875,0.));
#13463=CARTESIAN_POINT('',(-0.0936125,0.0592875,0.));
#13464=CARTESIAN_POINT('',(-0.0936125,0.0587875,0.0014));
#13465=CARTESIAN_POINT('',(-0.0936125,0.0592875,0.0014));
#13466=CARTESIAN_POINT('',(-0.0936125,0.0592875,0.0014));
#13467=CARTESIAN_POINT('',(-0.1000125,0.0592875,0.0014));
#13468=CARTESIAN_POINT('',(-0.1000125,0.0592875,0.));
#13469=CARTESIAN_POINT('',(-0.1064125,0.0592875,0.));
#13470=CARTESIAN_POINT('',(-0.1000125,0.0592875,0.0014));
#13471=CARTESIAN_POINT('',(-0.1064125,0.0592875,0.0014));
#13472=CARTESIAN_POINT('',(-0.1064125,0.0592875,0.0014));
#13473=CARTESIAN_POINT('',(-0.1064125,0.0587875,0.0014));
#13474=CARTESIAN_POINT('',(-0.1064125,0.0587875,0.));
#13475=CARTESIAN_POINT('',(-0.1064125,0.0587875,0.0014));
#13476=CARTESIAN_POINT('',(-0.0878625,0.0523875,0.0014));
#13477=CARTESIAN_POINT('',(-0.0878625,0.0523875,0.));
#13478=CARTESIAN_POINT('',(-0.0878625,0.0587875,0.));
#13479=CARTESIAN_POINT('',(-0.0878625,0.0459875,0.));
#13480=CARTESIAN_POINT('',(-0.0878625,0.0587875,0.0014));
#13481=CARTESIAN_POINT('',(-0.0878625,0.0587875,0.0014));
#13482=CARTESIAN_POINT('',(-0.0878625,0.0523875,0.0014));
#13483=CARTESIAN_POINT('',(-0.0878625,0.0459875,0.0014));
#13484=CARTESIAN_POINT('',(-0.0878625,0.0459875,0.0014));
#13485=CARTESIAN_POINT('',(-0.0873625,0.0459875,0.0014));
#13486=CARTESIAN_POINT('',(-0.0873625,0.0459875,0.));
#13487=CARTESIAN_POINT('',(-0.0873625,0.0454875,0.));
#13488=CARTESIAN_POINT('',(-0.0873625,0.0459875,0.0014));
#13489=CARTESIAN_POINT('',(-0.0873625,0.0454875,0.0014));
#13490=CARTESIAN_POINT('',(-0.0873625,0.0454875,0.0014));
#13491=CARTESIAN_POINT('',(-0.0809625,0.0454875,0.0014));
#13492=CARTESIAN_POINT('',(-0.0809625,0.0454875,0.));
#13493=CARTESIAN_POINT('',(-0.0745625,0.0454875,0.));
#13494=CARTESIAN_POINT('',(-0.0809625,0.0454875,0.0014));
#13495=CARTESIAN_POINT('',(-0.0745625,0.0454875,0.0014));
#13496=CARTESIAN_POINT('',(-0.0745625,0.0454875,0.0014));
#13497=CARTESIAN_POINT('',(-0.0745625,0.0459875,0.0014));
#13498=CARTESIAN_POINT('',(-0.0745625,0.0459875,0.));
#13499=CARTESIAN_POINT('',(-0.0740625,0.0459875,0.));
#13500=CARTESIAN_POINT('',(-0.0745625,0.0459875,0.0014));
#13501=CARTESIAN_POINT('',(-0.0740625,0.0459875,0.0014));
#13502=CARTESIAN_POINT('',(-0.0740625,0.0459875,0.0014));
#13503=CARTESIAN_POINT('',(-0.0740625,0.0523875,0.0014));
#13504=CARTESIAN_POINT('',(-0.0740625,0.0523875,0.));
#13505=CARTESIAN_POINT('',(-0.0740625,0.0587875,0.));
#13506=CARTESIAN_POINT('',(-0.0740625,0.0523875,0.0014));
#13507=CARTESIAN_POINT('',(-0.0740625,0.0587875,0.0014));
#13508=CARTESIAN_POINT('',(-0.0740625,0.0587875,0.0014));
#13509=CARTESIAN_POINT('',(-0.0745625,0.0587875,0.0014));
#13510=CARTESIAN_POINT('',(-0.0745625,0.0587875,0.));
#13511=CARTESIAN_POINT('',(-0.0745625,0.0592875,0.));
#13512=CARTESIAN_POINT('',(-0.0745625,0.0587875,0.0014));
#13513=CARTESIAN_POINT('',(-0.0745625,0.0592875,0.0014));
#13514=CARTESIAN_POINT('',(-0.0745625,0.0592875,0.0014));
#13515=CARTESIAN_POINT('',(-0.0809625,0.0592875,0.0014));
#13516=CARTESIAN_POINT('',(-0.0809625,0.0592875,0.));
#13517=CARTESIAN_POINT('',(-0.0873625,0.0592875,0.));
#13518=CARTESIAN_POINT('',(-0.0809625,0.0592875,0.0014));
#13519=CARTESIAN_POINT('',(-0.0873625,0.0592875,0.0014));
#13520=CARTESIAN_POINT('',(-0.0873625,0.0592875,0.0014));
#13521=CARTESIAN_POINT('',(-0.0873625,0.0587875,0.0014));
#13522=CARTESIAN_POINT('',(-0.0873625,0.0587875,0.));
#13523=CARTESIAN_POINT('',(-0.0873625,0.0587875,0.0014));
#13524=CARTESIAN_POINT('',(-0.0688125,0.0523875,0.0014));
#13525=CARTESIAN_POINT('',(-0.0688125,0.0523875,0.));
#13526=CARTESIAN_POINT('',(-0.0688125,0.0587875,0.));
#13527=CARTESIAN_POINT('',(-0.0688125,0.0459875,0.));
#13528=CARTESIAN_POINT('',(-0.0688125,0.0587875,0.0014));
#13529=CARTESIAN_POINT('',(-0.0688125,0.0587875,0.0014));
#13530=CARTESIAN_POINT('',(-0.0688125,0.0523875,0.0014));
#13531=CARTESIAN_POINT('',(-0.0688125,0.0459875,0.0014));
#13532=CARTESIAN_POINT('',(-0.0688125,0.0459875,0.0014));
#13533=CARTESIAN_POINT('',(-0.0683125,0.0459875,0.0014));
#13534=CARTESIAN_POINT('',(-0.0683125,0.0459875,0.));
#13535=CARTESIAN_POINT('',(-0.0683125,0.0454875,0.));
#13536=CARTESIAN_POINT('',(-0.0683125,0.0459875,0.0014));
#13537=CARTESIAN_POINT('',(-0.0683125,0.0454875,0.0014));
#13538=CARTESIAN_POINT('',(-0.0683125,0.0454875,0.0014));
#13539=CARTESIAN_POINT('',(-0.0619125,0.0454875,0.0014));
#13540=CARTESIAN_POINT('',(-0.0619125,0.0454875,0.));
#13541=CARTESIAN_POINT('',(-0.0555125,0.0454875,0.));
#13542=CARTESIAN_POINT('',(-0.0619125,0.0454875,0.0014));
#13543=CARTESIAN_POINT('',(-0.0555125,0.0454875,0.0014));
#13544=CARTESIAN_POINT('',(-0.0555125,0.0454875,0.0014));
#13545=CARTESIAN_POINT('',(-0.0555125,0.0459875,0.0014));
#13546=CARTESIAN_POINT('',(-0.0555125,0.0459875,0.));
#13547=CARTESIAN_POINT('',(-0.0550125,0.0459875,0.));
#13548=CARTESIAN_POINT('',(-0.0555125,0.0459875,0.0014));
#13549=CARTESIAN_POINT('',(-0.0550125,0.0459875,0.0014));
#13550=CARTESIAN_POINT('',(-0.0550125,0.0459875,0.0014));
#13551=CARTESIAN_POINT('',(-0.0550125,0.0523875,0.0014));
#13552=CARTESIAN_POINT('',(-0.0550125,0.0523875,0.));
#13553=CARTESIAN_POINT('',(-0.0550125,0.0587875,0.));
#13554=CARTESIAN_POINT('',(-0.0550125,0.0523875,0.0014));
#13555=CARTESIAN_POINT('',(-0.0550125,0.0587875,0.0014));
#13556=CARTESIAN_POINT('',(-0.0550125,0.0587875,0.0014));
#13557=CARTESIAN_POINT('',(-0.0555125,0.0587875,0.0014));
#13558=CARTESIAN_POINT('',(-0.0555125,0.0587875,0.));
#13559=CARTESIAN_POINT('',(-0.0555125,0.0592875,0.));
#13560=CARTESIAN_POINT('',(-0.0555125,0.0587875,0.0014));
#13561=CARTESIAN_POINT('',(-0.0555125,0.0592875,0.0014));
#13562=CARTESIAN_POINT('',(-0.0555125,0.0592875,0.0014));
#13563=CARTESIAN_POINT('',(-0.0619125,0.0592875,0.0014));
#13564=CARTESIAN_POINT('',(-0.0619125,0.0592875,0.));
#13565=CARTESIAN_POINT('',(-0.0683125,0.0592875,0.));
#13566=CARTESIAN_POINT('',(-0.0619125,0.0592875,0.0014));
#13567=CARTESIAN_POINT('',(-0.0683125,0.0592875,0.0014));
#13568=CARTESIAN_POINT('',(-0.0683125,0.0592875,0.0014));
#13569=CARTESIAN_POINT('',(-0.0683125,0.0587875,0.0014));
#13570=CARTESIAN_POINT('',(-0.0683125,0.0587875,0.));
#13571=CARTESIAN_POINT('',(-0.0683125,0.0587875,0.0014));
#13572=CARTESIAN_POINT('',(-0.045,0.0523875,0.0014));
#13573=CARTESIAN_POINT('',(-0.045,0.0523875,0.));
#13574=CARTESIAN_POINT('',(-0.045,0.0587875,0.));
#13575=CARTESIAN_POINT('',(-0.045,0.0459875,0.));
#13576=CARTESIAN_POINT('',(-0.045,0.0587875,0.0014));
#13577=CARTESIAN_POINT('',(-0.045,0.0587875,0.0014));
#13578=CARTESIAN_POINT('',(-0.045,0.0523875,0.0014));
#13579=CARTESIAN_POINT('',(-0.045,0.0459875,0.0014));
#13580=CARTESIAN_POINT('',(-0.045,0.0459875,0.0014));
#13581=CARTESIAN_POINT('',(-0.0445,0.0459875,0.0014));
#13582=CARTESIAN_POINT('',(-0.0445,0.0459875,0.));
#13583=CARTESIAN_POINT('',(-0.0445,0.0454875,0.));
#13584=CARTESIAN_POINT('',(-0.0445,0.0459875,0.0014));
#13585=CARTESIAN_POINT('',(-0.0445,0.0454875,0.0014));
#13586=CARTESIAN_POINT('',(-0.0445,0.0454875,0.0014));
#13587=CARTESIAN_POINT('',(-0.0381,0.0454875,0.0014));
#13588=CARTESIAN_POINT('',(-0.0381,0.0454875,0.));
#13589=CARTESIAN_POINT('',(-0.0317,0.0454875,0.));
#13590=CARTESIAN_POINT('',(-0.0381,0.0454875,0.0014));
#13591=CARTESIAN_POINT('',(-0.0317,0.0454875,0.0014));
#13592=CARTESIAN_POINT('',(-0.0317,0.0454875,0.0014));
#13593=CARTESIAN_POINT('',(-0.0317,0.0459875,0.0014));
#13594=CARTESIAN_POINT('',(-0.0317,0.0459875,0.));
#13595=CARTESIAN_POINT('',(-0.0312,0.0459875,0.));
#13596=CARTESIAN_POINT('',(-0.0317,0.0459875,0.0014));
#13597=CARTESIAN_POINT('',(-0.0312,0.0459875,0.0014));
#13598=CARTESIAN_POINT('',(-0.0312,0.0459875,0.0014));
#13599=CARTESIAN_POINT('',(-0.0312,0.0523875,0.0014));
#13600=CARTESIAN_POINT('',(-0.0312,0.0523875,0.));
#13601=CARTESIAN_POINT('',(-0.0312,0.0587875,0.));
#13602=CARTESIAN_POINT('',(-0.0312,0.0523875,0.0014));
#13603=CARTESIAN_POINT('',(-0.0312,0.0587875,0.0014));
#13604=CARTESIAN_POINT('',(-0.0312,0.0587875,0.0014));
#13605=CARTESIAN_POINT('',(-0.0317,0.0587875,0.0014));
#13606=CARTESIAN_POINT('',(-0.0317,0.0587875,0.));
#13607=CARTESIAN_POINT('',(-0.0317,0.0592875,0.));
#13608=CARTESIAN_POINT('',(-0.0317,0.0587875,0.0014));
#13609=CARTESIAN_POINT('',(-0.0317,0.0592875,0.0014));
#13610=CARTESIAN_POINT('',(-0.0317,0.0592875,0.0014));
#13611=CARTESIAN_POINT('',(-0.0381,0.0592875,0.0014));
#13612=CARTESIAN_POINT('',(-0.0381,0.0592875,0.));
#13613=CARTESIAN_POINT('',(-0.0445,0.0592875,0.));
#13614=CARTESIAN_POINT('',(-0.0381,0.0592875,0.0014));
#13615=CARTESIAN_POINT('',(-0.0445,0.0592875,0.0014));
#13616=CARTESIAN_POINT('',(-0.0445,0.0592875,0.0014));
#13617=CARTESIAN_POINT('',(-0.0445,0.0587875,0.0014));
#13618=CARTESIAN_POINT('',(-0.0445,0.0587875,0.));
#13619=CARTESIAN_POINT('',(-0.0445,0.0587875,0.0014));
#13620=CARTESIAN_POINT('',(-0.09976875,-0.047625,0.0014));
#13621=CARTESIAN_POINT('',(-0.09976875,-0.047625,0.));
#13622=CARTESIAN_POINT('',(-0.09976875,-0.041225,0.));
#13623=CARTESIAN_POINT('',(-0.09976875,-0.054025,0.));
#13624=CARTESIAN_POINT('',(-0.09976875,-0.041225,0.0014));
#13625=CARTESIAN_POINT('',(-0.09976875,-0.041225,0.0014));
#13626=CARTESIAN_POINT('',(-0.09976875,-0.047625,0.0014));
#13627=CARTESIAN_POINT('',(-0.09976875,-0.054025,0.0014));
#13628=CARTESIAN_POINT('',(-0.09976875,-0.054025,0.0014));
#13629=CARTESIAN_POINT('',(-0.09926875,-0.054025,0.0014));
#13630=CARTESIAN_POINT('',(-0.09926875,-0.054025,0.));
#13631=CARTESIAN_POINT('',(-0.09926875,-0.054525,0.));
#13632=CARTESIAN_POINT('',(-0.09926875,-0.054025,0.0014));
#13633=CARTESIAN_POINT('',(-0.09926875,-0.054525,0.0014));
#13634=CARTESIAN_POINT('',(-0.09926875,-0.054525,0.0014));
#13635=CARTESIAN_POINT('',(-0.09286875,-0.054525,0.0014));
#13636=CARTESIAN_POINT('',(-0.09286875,-0.054525,0.));
#13637=CARTESIAN_POINT('',(-0.08646875,-0.054525,0.));
#13638=CARTESIAN_POINT('',(-0.09286875,-0.054525,0.0014));
#13639=CARTESIAN_POINT('',(-0.08646875,-0.054525,0.0014));
#13640=CARTESIAN_POINT('',(-0.08646875,-0.054525,0.0014));
#13641=CARTESIAN_POINT('',(-0.08646875,-0.054025,0.0014));
#13642=CARTESIAN_POINT('',(-0.08646875,-0.054025,0.));
#13643=CARTESIAN_POINT('',(-0.08596875,-0.054025,0.));
#13644=CARTESIAN_POINT('',(-0.08646875,-0.054025,0.0014));
#13645=CARTESIAN_POINT('',(-0.08596875,-0.054025,0.0014));
#13646=CARTESIAN_POINT('',(-0.08596875,-0.054025,0.0014));
#13647=CARTESIAN_POINT('',(-0.08596875,-0.047625,0.0014));
#13648=CARTESIAN_POINT('',(-0.08596875,-0.047625,0.));
#13649=CARTESIAN_POINT('',(-0.08596875,-0.041225,0.));
#13650=CARTESIAN_POINT('',(-0.08596875,-0.047625,0.0014));
#13651=CARTESIAN_POINT('',(-0.08596875,-0.041225,0.0014));
#13652=CARTESIAN_POINT('',(-0.08596875,-0.041225,0.0014));
#13653=CARTESIAN_POINT('',(-0.08646875,-0.041225,0.0014));
#13654=CARTESIAN_POINT('',(-0.08646875,-0.041225,0.));
#13655=CARTESIAN_POINT('',(-0.08646875,-0.040725,0.));
#13656=CARTESIAN_POINT('',(-0.08646875,-0.041225,0.0014));
#13657=CARTESIAN_POINT('',(-0.08646875,-0.040725,0.0014));
#13658=CARTESIAN_POINT('',(-0.08646875,-0.040725,0.0014));
#13659=CARTESIAN_POINT('',(-0.09286875,-0.040725,0.0014));
#13660=CARTESIAN_POINT('',(-0.09286875,-0.040725,0.));
#13661=CARTESIAN_POINT('',(-0.09926875,-0.040725,0.));
#13662=CARTESIAN_POINT('',(-0.09286875,-0.040725,0.0014));
#13663=CARTESIAN_POINT('',(-0.09926875,-0.040725,0.0014));
#13664=CARTESIAN_POINT('',(-0.09926875,-0.040725,0.0014));
#13665=CARTESIAN_POINT('',(-0.09926875,-0.041225,0.0014));
#13666=CARTESIAN_POINT('',(-0.09926875,-0.041225,0.));
#13667=CARTESIAN_POINT('',(-0.09926875,-0.041225,0.0014));
#13668=CARTESIAN_POINT('',(-0.12358125,-0.047625,0.0014));
#13669=CARTESIAN_POINT('',(-0.12358125,-0.047625,0.));
#13670=CARTESIAN_POINT('',(-0.12358125,-0.041225,0.));
#13671=CARTESIAN_POINT('',(-0.12358125,-0.054025,0.));
#13672=CARTESIAN_POINT('',(-0.12358125,-0.041225,0.0014));
#13673=CARTESIAN_POINT('',(-0.12358125,-0.041225,0.0014));
#13674=CARTESIAN_POINT('',(-0.12358125,-0.047625,0.0014));
#13675=CARTESIAN_POINT('',(-0.12358125,-0.054025,0.0014));
#13676=CARTESIAN_POINT('',(-0.12358125,-0.054025,0.0014));
#13677=CARTESIAN_POINT('',(-0.12308125,-0.054025,0.0014));
#13678=CARTESIAN_POINT('',(-0.12308125,-0.054025,0.));
#13679=CARTESIAN_POINT('',(-0.12308125,-0.054525,0.));
#13680=CARTESIAN_POINT('',(-0.12308125,-0.054025,0.0014));
#13681=CARTESIAN_POINT('',(-0.12308125,-0.054525,0.0014));
#13682=CARTESIAN_POINT('',(-0.12308125,-0.054525,0.0014));
#13683=CARTESIAN_POINT('',(-0.11668125,-0.054525,0.0014));
#13684=CARTESIAN_POINT('',(-0.11668125,-0.054525,0.));
#13685=CARTESIAN_POINT('',(-0.11028125,-0.054525,0.));
#13686=CARTESIAN_POINT('',(-0.11668125,-0.054525,0.0014));
#13687=CARTESIAN_POINT('',(-0.11028125,-0.054525,0.0014));
#13688=CARTESIAN_POINT('',(-0.11028125,-0.054525,0.0014));
#13689=CARTESIAN_POINT('',(-0.11028125,-0.054025,0.0014));
#13690=CARTESIAN_POINT('',(-0.11028125,-0.054025,0.));
#13691=CARTESIAN_POINT('',(-0.10978125,-0.054025,0.));
#13692=CARTESIAN_POINT('',(-0.11028125,-0.054025,0.0014));
#13693=CARTESIAN_POINT('',(-0.10978125,-0.054025,0.0014));
#13694=CARTESIAN_POINT('',(-0.10978125,-0.054025,0.0014));
#13695=CARTESIAN_POINT('',(-0.10978125,-0.047625,0.0014));
#13696=CARTESIAN_POINT('',(-0.10978125,-0.047625,0.));
#13697=CARTESIAN_POINT('',(-0.10978125,-0.041225,0.));
#13698=CARTESIAN_POINT('',(-0.10978125,-0.047625,0.0014));
#13699=CARTESIAN_POINT('',(-0.10978125,-0.041225,0.0014));
#13700=CARTESIAN_POINT('',(-0.10978125,-0.041225,0.0014));
#13701=CARTESIAN_POINT('',(-0.11028125,-0.041225,0.0014));
#13702=CARTESIAN_POINT('',(-0.11028125,-0.041225,0.));
#13703=CARTESIAN_POINT('',(-0.11028125,-0.040725,0.));
#13704=CARTESIAN_POINT('',(-0.11028125,-0.041225,0.0014));
#13705=CARTESIAN_POINT('',(-0.11028125,-0.040725,0.0014));
#13706=CARTESIAN_POINT('',(-0.11028125,-0.040725,0.0014));
#13707=CARTESIAN_POINT('',(-0.11668125,-0.040725,0.0014));
#13708=CARTESIAN_POINT('',(-0.11668125,-0.040725,0.));
#13709=CARTESIAN_POINT('',(-0.12308125,-0.040725,0.));
#13710=CARTESIAN_POINT('',(-0.11668125,-0.040725,0.0014));
#13711=CARTESIAN_POINT('',(-0.12308125,-0.040725,0.0014));
#13712=CARTESIAN_POINT('',(-0.12308125,-0.040725,0.0014));
#13713=CARTESIAN_POINT('',(-0.12308125,-0.041225,0.0014));
#13714=CARTESIAN_POINT('',(-0.12308125,-0.041225,0.));
#13715=CARTESIAN_POINT('',(-0.12308125,-0.041225,0.0014));
#13716=CARTESIAN_POINT('',(-0.14739375,-0.047625,0.0014));
#13717=CARTESIAN_POINT('',(-0.14739375,-0.047625,0.));
#13718=CARTESIAN_POINT('',(-0.14739375,-0.041225,0.));
#13719=CARTESIAN_POINT('',(-0.14739375,-0.054025,0.));
#13720=CARTESIAN_POINT('',(-0.14739375,-0.041225,0.0014));
#13721=CARTESIAN_POINT('',(-0.14739375,-0.041225,0.0014));
#13722=CARTESIAN_POINT('',(-0.14739375,-0.047625,0.0014));
#13723=CARTESIAN_POINT('',(-0.14739375,-0.054025,0.0014));
#13724=CARTESIAN_POINT('',(-0.14739375,-0.054025,0.0014));
#13725=CARTESIAN_POINT('',(-0.14689375,-0.054025,0.0014));
#13726=CARTESIAN_POINT('',(-0.14689375,-0.054025,0.));
#13727=CARTESIAN_POINT('',(-0.14689375,-0.054525,0.));
#13728=CARTESIAN_POINT('',(-0.14689375,-0.054025,0.0014));
#13729=CARTESIAN_POINT('',(-0.14689375,-0.054525,0.0014));
#13730=CARTESIAN_POINT('',(-0.14689375,-0.054525,0.0014));
#13731=CARTESIAN_POINT('',(-0.14049375,-0.054525,0.0014));
#13732=CARTESIAN_POINT('',(-0.14049375,-0.054525,0.));
#13733=CARTESIAN_POINT('',(-0.13409375,-0.054525,0.));
#13734=CARTESIAN_POINT('',(-0.14049375,-0.054525,0.0014));
#13735=CARTESIAN_POINT('',(-0.13409375,-0.054525,0.0014));
#13736=CARTESIAN_POINT('',(-0.13409375,-0.054525,0.0014));
#13737=CARTESIAN_POINT('',(-0.13409375,-0.054025,0.0014));
#13738=CARTESIAN_POINT('',(-0.13409375,-0.054025,0.));
#13739=CARTESIAN_POINT('',(-0.13359375,-0.054025,0.));
#13740=CARTESIAN_POINT('',(-0.13409375,-0.054025,0.0014));
#13741=CARTESIAN_POINT('',(-0.13359375,-0.054025,0.0014));
#13742=CARTESIAN_POINT('',(-0.13359375,-0.054025,0.0014));
#13743=CARTESIAN_POINT('',(-0.13359375,-0.047625,0.0014));
#13744=CARTESIAN_POINT('',(-0.13359375,-0.047625,0.));
#13745=CARTESIAN_POINT('',(-0.13359375,-0.041225,0.));
#13746=CARTESIAN_POINT('',(-0.13359375,-0.047625,0.0014));
#13747=CARTESIAN_POINT('',(-0.13359375,-0.041225,0.0014));
#13748=CARTESIAN_POINT('',(-0.13359375,-0.041225,0.0014));
#13749=CARTESIAN_POINT('',(-0.13409375,-0.041225,0.0014));
#13750=CARTESIAN_POINT('',(-0.13409375,-0.041225,0.));
#13751=CARTESIAN_POINT('',(-0.13409375,-0.040725,0.));
#13752=CARTESIAN_POINT('',(-0.13409375,-0.041225,0.0014));
#13753=CARTESIAN_POINT('',(-0.13409375,-0.040725,0.0014));
#13754=CARTESIAN_POINT('',(-0.13409375,-0.040725,0.0014));
#13755=CARTESIAN_POINT('',(-0.14049375,-0.040725,0.0014));
#13756=CARTESIAN_POINT('',(-0.14049375,-0.040725,0.));
#13757=CARTESIAN_POINT('',(-0.14689375,-0.040725,0.));
#13758=CARTESIAN_POINT('',(-0.14049375,-0.040725,0.0014));
#13759=CARTESIAN_POINT('',(-0.14689375,-0.040725,0.0014));
#13760=CARTESIAN_POINT('',(-0.14689375,-0.040725,0.0014));
#13761=CARTESIAN_POINT('',(-0.14689375,-0.041225,0.0014));
#13762=CARTESIAN_POINT('',(-0.14689375,-0.041225,0.));
#13763=CARTESIAN_POINT('',(-0.14689375,-0.041225,0.0014));
#13764=CARTESIAN_POINT('',(-0.0307125,-0.028575,0.0014));
#13765=CARTESIAN_POINT('',(-0.0307125,-0.028575,0.));
#13766=CARTESIAN_POINT('',(-0.0307125,-0.022175,0.));
#13767=CARTESIAN_POINT('',(-0.0307125,-0.034975,0.));
#13768=CARTESIAN_POINT('',(-0.0307125,-0.022175,0.0014));
#13769=CARTESIAN_POINT('',(-0.0307125,-0.022175,0.0014));
#13770=CARTESIAN_POINT('',(-0.0307125,-0.028575,0.0014));
#13771=CARTESIAN_POINT('',(-0.0307125,-0.034975,0.0014));
#13772=CARTESIAN_POINT('',(-0.0307125,-0.034975,0.0014));
#13773=CARTESIAN_POINT('',(-0.0302125,-0.034975,0.0014));
#13774=CARTESIAN_POINT('',(-0.0302125,-0.034975,0.));
#13775=CARTESIAN_POINT('',(-0.0302125,-0.035475,0.));
#13776=CARTESIAN_POINT('',(-0.0302125,-0.034975,0.0014));
#13777=CARTESIAN_POINT('',(-0.0302125,-0.035475,0.0014));
#13778=CARTESIAN_POINT('',(-0.0302125,-0.035475,0.0014));
#13779=CARTESIAN_POINT('',(-0.0238125,-0.035475,0.0014));
#13780=CARTESIAN_POINT('',(-0.0238125,-0.035475,0.));
#13781=CARTESIAN_POINT('',(-0.0174125,-0.035475,0.));
#13782=CARTESIAN_POINT('',(-0.0238125,-0.035475,0.0014));
#13783=CARTESIAN_POINT('',(-0.0174125,-0.035475,0.0014));
#13784=CARTESIAN_POINT('',(-0.0174125,-0.035475,0.0014));
#13785=CARTESIAN_POINT('',(-0.0174125,-0.034975,0.0014));
#13786=CARTESIAN_POINT('',(-0.0174125,-0.034975,0.));
#13787=CARTESIAN_POINT('',(-0.0169125,-0.034975,0.));
#13788=CARTESIAN_POINT('',(-0.0174125,-0.034975,0.0014));
#13789=CARTESIAN_POINT('',(-0.0169125,-0.034975,0.0014));
#13790=CARTESIAN_POINT('',(-0.0169125,-0.034975,0.0014));
#13791=CARTESIAN_POINT('',(-0.0169125,-0.028575,0.0014));
#13792=CARTESIAN_POINT('',(-0.0169125,-0.028575,0.));
#13793=CARTESIAN_POINT('',(-0.0169125,-0.022175,0.));
#13794=CARTESIAN_POINT('',(-0.0169125,-0.028575,0.0014));
#13795=CARTESIAN_POINT('',(-0.0169125,-0.022175,0.0014));
#13796=CARTESIAN_POINT('',(-0.0169125,-0.022175,0.0014));
#13797=CARTESIAN_POINT('',(-0.0174125,-0.022175,0.0014));
#13798=CARTESIAN_POINT('',(-0.0174125,-0.022175,0.));
#13799=CARTESIAN_POINT('',(-0.0174125,-0.021675,0.));
#13800=CARTESIAN_POINT('',(-0.0174125,-0.022175,0.0014));
#13801=CARTESIAN_POINT('',(-0.0174125,-0.021675,0.0014));
#13802=CARTESIAN_POINT('',(-0.0174125,-0.021675,0.0014));
#13803=CARTESIAN_POINT('',(-0.0238125,-0.021675,0.0014));
#13804=CARTESIAN_POINT('',(-0.0238125,-0.021675,0.));
#13805=CARTESIAN_POINT('',(-0.0302125,-0.021675,0.));
#13806=CARTESIAN_POINT('',(-0.0238125,-0.021675,0.0014));
#13807=CARTESIAN_POINT('',(-0.0302125,-0.021675,0.0014));
#13808=CARTESIAN_POINT('',(-0.0302125,-0.021675,0.0014));
#13809=CARTESIAN_POINT('',(-0.0302125,-0.022175,0.0014));
#13810=CARTESIAN_POINT('',(-0.0302125,-0.022175,0.));
#13811=CARTESIAN_POINT('',(-0.0302125,-0.022175,0.0014));
#13812=CARTESIAN_POINT('',(-0.0497625,-0.028575,0.0014));
#13813=CARTESIAN_POINT('',(-0.0497625,-0.028575,0.));
#13814=CARTESIAN_POINT('',(-0.0497625,-0.022175,0.));
#13815=CARTESIAN_POINT('',(-0.0497625,-0.034975,0.));
#13816=CARTESIAN_POINT('',(-0.0497625,-0.022175,0.0014));
#13817=CARTESIAN_POINT('',(-0.0497625,-0.022175,0.0014));
#13818=CARTESIAN_POINT('',(-0.0497625,-0.028575,0.0014));
#13819=CARTESIAN_POINT('',(-0.0497625,-0.034975,0.0014));
#13820=CARTESIAN_POINT('',(-0.0497625,-0.034975,0.0014));
#13821=CARTESIAN_POINT('',(-0.0492625,-0.034975,0.0014));
#13822=CARTESIAN_POINT('',(-0.0492625,-0.034975,0.));
#13823=CARTESIAN_POINT('',(-0.0492625,-0.035475,0.));
#13824=CARTESIAN_POINT('',(-0.0492625,-0.034975,0.0014));
#13825=CARTESIAN_POINT('',(-0.0492625,-0.035475,0.0014));
#13826=CARTESIAN_POINT('',(-0.0492625,-0.035475,0.0014));
#13827=CARTESIAN_POINT('',(-0.0428625,-0.035475,0.0014));
#13828=CARTESIAN_POINT('',(-0.0428625,-0.035475,0.));
#13829=CARTESIAN_POINT('',(-0.0364625,-0.035475,0.));
#13830=CARTESIAN_POINT('',(-0.0428625,-0.035475,0.0014));
#13831=CARTESIAN_POINT('',(-0.0364625,-0.035475,0.0014));
#13832=CARTESIAN_POINT('',(-0.0364625,-0.035475,0.0014));
#13833=CARTESIAN_POINT('',(-0.0364625,-0.034975,0.0014));
#13834=CARTESIAN_POINT('',(-0.0364625,-0.034975,0.));
#13835=CARTESIAN_POINT('',(-0.0359625,-0.034975,0.));
#13836=CARTESIAN_POINT('',(-0.0364625,-0.034975,0.0014));
#13837=CARTESIAN_POINT('',(-0.0359625,-0.034975,0.0014));
#13838=CARTESIAN_POINT('',(-0.0359625,-0.034975,0.0014));
#13839=CARTESIAN_POINT('',(-0.0359625,-0.028575,0.0014));
#13840=CARTESIAN_POINT('',(-0.0359625,-0.028575,0.));
#13841=CARTESIAN_POINT('',(-0.0359625,-0.022175,0.));
#13842=CARTESIAN_POINT('',(-0.0359625,-0.028575,0.0014));
#13843=CARTESIAN_POINT('',(-0.0359625,-0.022175,0.0014));
#13844=CARTESIAN_POINT('',(-0.0359625,-0.022175,0.0014));
#13845=CARTESIAN_POINT('',(-0.0364625,-0.022175,0.0014));
#13846=CARTESIAN_POINT('',(-0.0364625,-0.022175,0.));
#13847=CARTESIAN_POINT('',(-0.0364625,-0.021675,0.));
#13848=CARTESIAN_POINT('',(-0.0364625,-0.022175,0.0014));
#13849=CARTESIAN_POINT('',(-0.0364625,-0.021675,0.0014));
#13850=CARTESIAN_POINT('',(-0.0364625,-0.021675,0.0014));
#13851=CARTESIAN_POINT('',(-0.0428625,-0.021675,0.0014));
#13852=CARTESIAN_POINT('',(-0.0428625,-0.021675,0.));
#13853=CARTESIAN_POINT('',(-0.0492625,-0.021675,0.));
#13854=CARTESIAN_POINT('',(-0.0428625,-0.021675,0.0014));
#13855=CARTESIAN_POINT('',(-0.0492625,-0.021675,0.0014));
#13856=CARTESIAN_POINT('',(-0.0492625,-0.021675,0.0014));
#13857=CARTESIAN_POINT('',(-0.0492625,-0.022175,0.0014));
#13858=CARTESIAN_POINT('',(-0.0492625,-0.022175,0.));
#13859=CARTESIAN_POINT('',(-0.0492625,-0.022175,0.0014));
#13860=CARTESIAN_POINT('',(-0.0688125,-0.028575,0.0014));
#13861=CARTESIAN_POINT('',(-0.0688125,-0.028575,0.));
#13862=CARTESIAN_POINT('',(-0.0688125,-0.022175,0.));
#13863=CARTESIAN_POINT('',(-0.0688125,-0.034975,0.));
#13864=CARTESIAN_POINT('',(-0.0688125,-0.022175,0.0014));
#13865=CARTESIAN_POINT('',(-0.0688125,-0.022175,0.0014));
#13866=CARTESIAN_POINT('',(-0.0688125,-0.028575,0.0014));
#13867=CARTESIAN_POINT('',(-0.0688125,-0.034975,0.0014));
#13868=CARTESIAN_POINT('',(-0.0688125,-0.034975,0.0014));
#13869=CARTESIAN_POINT('',(-0.0683125,-0.034975,0.0014));
#13870=CARTESIAN_POINT('',(-0.0683125,-0.034975,0.));
#13871=CARTESIAN_POINT('',(-0.0683125,-0.035475,0.));
#13872=CARTESIAN_POINT('',(-0.0683125,-0.034975,0.0014));
#13873=CARTESIAN_POINT('',(-0.0683125,-0.035475,0.0014));
#13874=CARTESIAN_POINT('',(-0.0683125,-0.035475,0.0014));
#13875=CARTESIAN_POINT('',(-0.0619125,-0.035475,0.0014));
#13876=CARTESIAN_POINT('',(-0.0619125,-0.035475,0.));
#13877=CARTESIAN_POINT('',(-0.0555125,-0.035475,0.));
#13878=CARTESIAN_POINT('',(-0.0619125,-0.035475,0.0014));
#13879=CARTESIAN_POINT('',(-0.0555125,-0.035475,0.0014));
#13880=CARTESIAN_POINT('',(-0.0555125,-0.035475,0.0014));
#13881=CARTESIAN_POINT('',(-0.0555125,-0.034975,0.0014));
#13882=CARTESIAN_POINT('',(-0.0555125,-0.034975,0.));
#13883=CARTESIAN_POINT('',(-0.0550125,-0.034975,0.));
#13884=CARTESIAN_POINT('',(-0.0555125,-0.034975,0.0014));
#13885=CARTESIAN_POINT('',(-0.0550125,-0.034975,0.0014));
#13886=CARTESIAN_POINT('',(-0.0550125,-0.034975,0.0014));
#13887=CARTESIAN_POINT('',(-0.0550125,-0.028575,0.0014));
#13888=CARTESIAN_POINT('',(-0.0550125,-0.028575,0.));
#13889=CARTESIAN_POINT('',(-0.0550125,-0.022175,0.));
#13890=CARTESIAN_POINT('',(-0.0550125,-0.028575,0.0014));
#13891=CARTESIAN_POINT('',(-0.0550125,-0.022175,0.0014));
#13892=CARTESIAN_POINT('',(-0.0550125,-0.022175,0.0014));
#13893=CARTESIAN_POINT('',(-0.0555125,-0.022175,0.0014));
#13894=CARTESIAN_POINT('',(-0.0555125,-0.022175,0.));
#13895=CARTESIAN_POINT('',(-0.0555125,-0.021675,0.));
#13896=CARTESIAN_POINT('',(-0.0555125,-0.022175,0.0014));
#13897=CARTESIAN_POINT('',(-0.0555125,-0.021675,0.0014));
#13898=CARTESIAN_POINT('',(-0.0555125,-0.021675,0.0014));
#13899=CARTESIAN_POINT('',(-0.0619125,-0.021675,0.0014));
#13900=CARTESIAN_POINT('',(-0.0619125,-0.021675,0.));
#13901=CARTESIAN_POINT('',(-0.0683125,-0.021675,0.));
#13902=CARTESIAN_POINT('',(-0.0619125,-0.021675,0.0014));
#13903=CARTESIAN_POINT('',(-0.0683125,-0.021675,0.0014));
#13904=CARTESIAN_POINT('',(-0.0683125,-0.021675,0.0014));
#13905=CARTESIAN_POINT('',(-0.0683125,-0.022175,0.0014));
#13906=CARTESIAN_POINT('',(-0.0683125,-0.022175,0.));
#13907=CARTESIAN_POINT('',(-0.0683125,-0.022175,0.0014));
#13908=CARTESIAN_POINT('',(-0.0878625,-0.028575,0.0014));
#13909=CARTESIAN_POINT('',(-0.0878625,-0.028575,0.));
#13910=CARTESIAN_POINT('',(-0.0878625,-0.022175,0.));
#13911=CARTESIAN_POINT('',(-0.0878625,-0.034975,0.));
#13912=CARTESIAN_POINT('',(-0.0878625,-0.022175,0.0014));
#13913=CARTESIAN_POINT('',(-0.0878625,-0.022175,0.0014));
#13914=CARTESIAN_POINT('',(-0.0878625,-0.028575,0.0014));
#13915=CARTESIAN_POINT('',(-0.0878625,-0.034975,0.0014));
#13916=CARTESIAN_POINT('',(-0.0878625,-0.034975,0.0014));
#13917=CARTESIAN_POINT('',(-0.0873625,-0.034975,0.0014));
#13918=CARTESIAN_POINT('',(-0.0873625,-0.034975,0.));
#13919=CARTESIAN_POINT('',(-0.0873625,-0.035475,0.));
#13920=CARTESIAN_POINT('',(-0.0873625,-0.034975,0.0014));
#13921=CARTESIAN_POINT('',(-0.0873625,-0.035475,0.0014));
#13922=CARTESIAN_POINT('',(-0.0873625,-0.035475,0.0014));
#13923=CARTESIAN_POINT('',(-0.0809625,-0.035475,0.0014));
#13924=CARTESIAN_POINT('',(-0.0809625,-0.035475,0.));
#13925=CARTESIAN_POINT('',(-0.0745625,-0.035475,0.));
#13926=CARTESIAN_POINT('',(-0.0809625,-0.035475,0.0014));
#13927=CARTESIAN_POINT('',(-0.0745625,-0.035475,0.0014));
#13928=CARTESIAN_POINT('',(-0.0745625,-0.035475,0.0014));
#13929=CARTESIAN_POINT('',(-0.0745625,-0.034975,0.0014));
#13930=CARTESIAN_POINT('',(-0.0745625,-0.034975,0.));
#13931=CARTESIAN_POINT('',(-0.0740625,-0.034975,0.));
#13932=CARTESIAN_POINT('',(-0.0745625,-0.034975,0.0014));
#13933=CARTESIAN_POINT('',(-0.0740625,-0.034975,0.0014));
#13934=CARTESIAN_POINT('',(-0.0740625,-0.034975,0.0014));
#13935=CARTESIAN_POINT('',(-0.0740625,-0.028575,0.0014));
#13936=CARTESIAN_POINT('',(-0.0740625,-0.028575,0.));
#13937=CARTESIAN_POINT('',(-0.0740625,-0.022175,0.));
#13938=CARTESIAN_POINT('',(-0.0740625,-0.028575,0.0014));
#13939=CARTESIAN_POINT('',(-0.0740625,-0.022175,0.0014));
#13940=CARTESIAN_POINT('',(-0.0740625,-0.022175,0.0014));
#13941=CARTESIAN_POINT('',(-0.0745625,-0.022175,0.0014));
#13942=CARTESIAN_POINT('',(-0.0745625,-0.022175,0.));
#13943=CARTESIAN_POINT('',(-0.0745625,-0.021675,0.));
#13944=CARTESIAN_POINT('',(-0.0745625,-0.022175,0.0014));
#13945=CARTESIAN_POINT('',(-0.0745625,-0.021675,0.0014));
#13946=CARTESIAN_POINT('',(-0.0745625,-0.021675,0.0014));
#13947=CARTESIAN_POINT('',(-0.0809625,-0.021675,0.0014));
#13948=CARTESIAN_POINT('',(-0.0809625,-0.021675,0.));
#13949=CARTESIAN_POINT('',(-0.0873625,-0.021675,0.));
#13950=CARTESIAN_POINT('',(-0.0809625,-0.021675,0.0014));
#13951=CARTESIAN_POINT('',(-0.0873625,-0.021675,0.0014));
#13952=CARTESIAN_POINT('',(-0.0873625,-0.021675,0.0014));
#13953=CARTESIAN_POINT('',(-0.0873625,-0.022175,0.0014));
#13954=CARTESIAN_POINT('',(-0.0873625,-0.022175,0.));
#13955=CARTESIAN_POINT('',(-0.0873625,-0.022175,0.0014));
#13956=CARTESIAN_POINT('',(-0.1069125,-0.028575,0.0014));
#13957=CARTESIAN_POINT('',(-0.1069125,-0.028575,0.));
#13958=CARTESIAN_POINT('',(-0.1069125,-0.022175,0.));
#13959=CARTESIAN_POINT('',(-0.1069125,-0.034975,0.));
#13960=CARTESIAN_POINT('',(-0.1069125,-0.022175,0.0014));
#13961=CARTESIAN_POINT('',(-0.1069125,-0.022175,0.0014));
#13962=CARTESIAN_POINT('',(-0.1069125,-0.028575,0.0014));
#13963=CARTESIAN_POINT('',(-0.1069125,-0.034975,0.0014));
#13964=CARTESIAN_POINT('',(-0.1069125,-0.034975,0.0014));
#13965=CARTESIAN_POINT('',(-0.1064125,-0.034975,0.0014));
#13966=CARTESIAN_POINT('',(-0.1064125,-0.034975,0.));
#13967=CARTESIAN_POINT('',(-0.1064125,-0.035475,0.));
#13968=CARTESIAN_POINT('',(-0.1064125,-0.034975,0.0014));
#13969=CARTESIAN_POINT('',(-0.1064125,-0.035475,0.0014));
#13970=CARTESIAN_POINT('',(-0.1064125,-0.035475,0.0014));
#13971=CARTESIAN_POINT('',(-0.1000125,-0.035475,0.0014));
#13972=CARTESIAN_POINT('',(-0.1000125,-0.035475,0.));
#13973=CARTESIAN_POINT('',(-0.0936125,-0.035475,0.));
#13974=CARTESIAN_POINT('',(-0.1000125,-0.035475,0.0014));
#13975=CARTESIAN_POINT('',(-0.0936125,-0.035475,0.0014));
#13976=CARTESIAN_POINT('',(-0.0936125,-0.035475,0.0014));
#13977=CARTESIAN_POINT('',(-0.0936125,-0.034975,0.0014));
#13978=CARTESIAN_POINT('',(-0.0936125,-0.034975,0.));
#13979=CARTESIAN_POINT('',(-0.0931125,-0.034975,0.));
#13980=CARTESIAN_POINT('',(-0.0936125,-0.034975,0.0014));
#13981=CARTESIAN_POINT('',(-0.0931125,-0.034975,0.0014));
#13982=CARTESIAN_POINT('',(-0.0931125,-0.034975,0.0014));
#13983=CARTESIAN_POINT('',(-0.0931125,-0.028575,0.0014));
#13984=CARTESIAN_POINT('',(-0.0931125,-0.028575,0.));
#13985=CARTESIAN_POINT('',(-0.0931125,-0.022175,0.));
#13986=CARTESIAN_POINT('',(-0.0931125,-0.028575,0.0014));
#13987=CARTESIAN_POINT('',(-0.0931125,-0.022175,0.0014));
#13988=CARTESIAN_POINT('',(-0.0931125,-0.022175,0.0014));
#13989=CARTESIAN_POINT('',(-0.0936125,-0.022175,0.0014));
#13990=CARTESIAN_POINT('',(-0.0936125,-0.022175,0.));
#13991=CARTESIAN_POINT('',(-0.0936125,-0.021675,0.));
#13992=CARTESIAN_POINT('',(-0.0936125,-0.022175,0.0014));
#13993=CARTESIAN_POINT('',(-0.0936125,-0.021675,0.0014));
#13994=CARTESIAN_POINT('',(-0.0936125,-0.021675,0.0014));
#13995=CARTESIAN_POINT('',(-0.1000125,-0.021675,0.0014));
#13996=CARTESIAN_POINT('',(-0.1000125,-0.021675,0.));
#13997=CARTESIAN_POINT('',(-0.1064125,-0.021675,0.));
#13998=CARTESIAN_POINT('',(-0.1000125,-0.021675,0.0014));
#13999=CARTESIAN_POINT('',(-0.1064125,-0.021675,0.0014));
#14000=CARTESIAN_POINT('',(-0.1064125,-0.021675,0.0014));
#14001=CARTESIAN_POINT('',(-0.1064125,-0.022175,0.0014));
#14002=CARTESIAN_POINT('',(-0.1064125,-0.022175,0.));
#14003=CARTESIAN_POINT('',(-0.1064125,-0.022175,0.0014));
#14004=CARTESIAN_POINT('',(-0.0211875,-0.009525,0.0014));
#14005=CARTESIAN_POINT('',(-0.0211875,-0.009525,0.));
#14006=CARTESIAN_POINT('',(-0.0211875,-0.003125,0.));
#14007=CARTESIAN_POINT('',(-0.0211875,-0.015925,0.));
#14008=CARTESIAN_POINT('',(-0.0211875,-0.003125,0.0014));
#14009=CARTESIAN_POINT('',(-0.0211875,-0.003125,0.0014));
#14010=CARTESIAN_POINT('',(-0.0211875,-0.009525,0.0014));
#14011=CARTESIAN_POINT('',(-0.0211875,-0.015925,0.0014));
#14012=CARTESIAN_POINT('',(-0.0211875,-0.015925,0.0014));
#14013=CARTESIAN_POINT('',(-0.0206875,-0.015925,0.0014));
#14014=CARTESIAN_POINT('',(-0.0206875,-0.015925,0.));
#14015=CARTESIAN_POINT('',(-0.0206875,-0.016425,0.));
#14016=CARTESIAN_POINT('',(-0.0206875,-0.015925,0.0014));
#14017=CARTESIAN_POINT('',(-0.0206875,-0.016425,0.0014));
#14018=CARTESIAN_POINT('',(-0.0206875,-0.016425,0.0014));
#14019=CARTESIAN_POINT('',(-0.0142875,-0.016425,0.0014));
#14020=CARTESIAN_POINT('',(-0.0142875,-0.016425,0.));
#14021=CARTESIAN_POINT('',(-0.0078875,-0.016425,0.));
#14022=CARTESIAN_POINT('',(-0.0142875,-0.016425,0.0014));
#14023=CARTESIAN_POINT('',(-0.0078875,-0.016425,0.0014));
#14024=CARTESIAN_POINT('',(-0.0078875,-0.016425,0.0014));
#14025=CARTESIAN_POINT('',(-0.0078875,-0.015925,0.0014));
#14026=CARTESIAN_POINT('',(-0.0078875,-0.015925,0.));
#14027=CARTESIAN_POINT('',(-0.0073875,-0.015925,0.));
#14028=CARTESIAN_POINT('',(-0.0078875,-0.015925,0.0014));
#14029=CARTESIAN_POINT('',(-0.0073875,-0.015925,0.0014));
#14030=CARTESIAN_POINT('',(-0.0073875,-0.015925,0.0014));
#14031=CARTESIAN_POINT('',(-0.0073875,-0.009525,0.0014));
#14032=CARTESIAN_POINT('',(-0.0073875,-0.009525,0.));
#14033=CARTESIAN_POINT('',(-0.0073875,-0.003125,0.));
#14034=CARTESIAN_POINT('',(-0.0073875,-0.009525,0.0014));
#14035=CARTESIAN_POINT('',(-0.0073875,-0.003125,0.0014));
#14036=CARTESIAN_POINT('',(-0.0073875,-0.003125,0.0014));
#14037=CARTESIAN_POINT('',(-0.0078875,-0.003125,0.0014));
#14038=CARTESIAN_POINT('',(-0.0078875,-0.003125,0.));
#14039=CARTESIAN_POINT('',(-0.0078875,-0.002625,0.));
#14040=CARTESIAN_POINT('',(-0.0078875,-0.003125,0.0014));
#14041=CARTESIAN_POINT('',(-0.0078875,-0.002625,0.0014));
#14042=CARTESIAN_POINT('',(-0.0078875,-0.002625,0.0014));
#14043=CARTESIAN_POINT('',(-0.0142875,-0.002625,0.0014));
#14044=CARTESIAN_POINT('',(-0.0142875,-0.002625,0.));
#14045=CARTESIAN_POINT('',(-0.0206875,-0.002625,0.));
#14046=CARTESIAN_POINT('',(-0.0142875,-0.002625,0.0014));
#14047=CARTESIAN_POINT('',(-0.0206875,-0.002625,0.0014));
#14048=CARTESIAN_POINT('',(-0.0206875,-0.002625,0.0014));
#14049=CARTESIAN_POINT('',(-0.0206875,-0.003125,0.0014));
#14050=CARTESIAN_POINT('',(-0.0206875,-0.003125,0.));
#14051=CARTESIAN_POINT('',(-0.0206875,-0.003125,0.0014));
#14052=CARTESIAN_POINT('',(-0.0402375,-0.009525,0.0014));
#14053=CARTESIAN_POINT('',(-0.0402375,-0.009525,0.));
#14054=CARTESIAN_POINT('',(-0.0402375,-0.003125,0.));
#14055=CARTESIAN_POINT('',(-0.0402375,-0.015925,0.));
#14056=CARTESIAN_POINT('',(-0.0402375,-0.003125,0.0014));
#14057=CARTESIAN_POINT('',(-0.0402375,-0.003125,0.0014));
#14058=CARTESIAN_POINT('',(-0.0402375,-0.009525,0.0014));
#14059=CARTESIAN_POINT('',(-0.0402375,-0.015925,0.0014));
#14060=CARTESIAN_POINT('',(-0.0402375,-0.015925,0.0014));
#14061=CARTESIAN_POINT('',(-0.0397375,-0.015925,0.0014));
#14062=CARTESIAN_POINT('',(-0.0397375,-0.015925,0.));
#14063=CARTESIAN_POINT('',(-0.0397375,-0.016425,0.));
#14064=CARTESIAN_POINT('',(-0.0397375,-0.015925,0.0014));
#14065=CARTESIAN_POINT('',(-0.0397375,-0.016425,0.0014));
#14066=CARTESIAN_POINT('',(-0.0397375,-0.016425,0.0014));
#14067=CARTESIAN_POINT('',(-0.0333375,-0.016425,0.0014));
#14068=CARTESIAN_POINT('',(-0.0333375,-0.016425,0.));
#14069=CARTESIAN_POINT('',(-0.0269375,-0.016425,0.));
#14070=CARTESIAN_POINT('',(-0.0333375,-0.016425,0.0014));
#14071=CARTESIAN_POINT('',(-0.0269375,-0.016425,0.0014));
#14072=CARTESIAN_POINT('',(-0.0269375,-0.016425,0.0014));
#14073=CARTESIAN_POINT('',(-0.0269375,-0.015925,0.0014));
#14074=CARTESIAN_POINT('',(-0.0269375,-0.015925,0.));
#14075=CARTESIAN_POINT('',(-0.0264375,-0.015925,0.));
#14076=CARTESIAN_POINT('',(-0.0269375,-0.015925,0.0014));
#14077=CARTESIAN_POINT('',(-0.0264375,-0.015925,0.0014));
#14078=CARTESIAN_POINT('',(-0.0264375,-0.015925,0.0014));
#14079=CARTESIAN_POINT('',(-0.0264375,-0.009525,0.0014));
#14080=CARTESIAN_POINT('',(-0.0264375,-0.009525,0.));
#14081=CARTESIAN_POINT('',(-0.0264375,-0.003125,0.));
#14082=CARTESIAN_POINT('',(-0.0264375,-0.009525,0.0014));
#14083=CARTESIAN_POINT('',(-0.0264375,-0.003125,0.0014));
#14084=CARTESIAN_POINT('',(-0.0264375,-0.003125,0.0014));
#14085=CARTESIAN_POINT('',(-0.0269375,-0.003125,0.0014));
#14086=CARTESIAN_POINT('',(-0.0269375,-0.003125,0.));
#14087=CARTESIAN_POINT('',(-0.0269375,-0.002625,0.));
#14088=CARTESIAN_POINT('',(-0.0269375,-0.003125,0.0014));
#14089=CARTESIAN_POINT('',(-0.0269375,-0.002625,0.0014));
#14090=CARTESIAN_POINT('',(-0.0269375,-0.002625,0.0014));
#14091=CARTESIAN_POINT('',(-0.0333375,-0.002625,0.0014));
#14092=CARTESIAN_POINT('',(-0.0333375,-0.002625,0.));
#14093=CARTESIAN_POINT('',(-0.0397375,-0.002625,0.));
#14094=CARTESIAN_POINT('',(-0.0333375,-0.002625,0.0014));
#14095=CARTESIAN_POINT('',(-0.0397375,-0.002625,0.0014));
#14096=CARTESIAN_POINT('',(-0.0397375,-0.002625,0.0014));
#14097=CARTESIAN_POINT('',(-0.0397375,-0.003125,0.0014));
#14098=CARTESIAN_POINT('',(-0.0397375,-0.003125,0.));
#14099=CARTESIAN_POINT('',(-0.0397375,-0.003125,0.0014));
#14100=CARTESIAN_POINT('',(-0.0592875,-0.009525,0.0014));
#14101=CARTESIAN_POINT('',(-0.0592875,-0.009525,0.));
#14102=CARTESIAN_POINT('',(-0.0592875,-0.003125,0.));
#14103=CARTESIAN_POINT('',(-0.0592875,-0.015925,0.));
#14104=CARTESIAN_POINT('',(-0.0592875,-0.003125,0.0014));
#14105=CARTESIAN_POINT('',(-0.0592875,-0.003125,0.0014));
#14106=CARTESIAN_POINT('',(-0.0592875,-0.009525,0.0014));
#14107=CARTESIAN_POINT('',(-0.0592875,-0.015925,0.0014));
#14108=CARTESIAN_POINT('',(-0.0592875,-0.015925,0.0014));
#14109=CARTESIAN_POINT('',(-0.0587875,-0.015925,0.0014));
#14110=CARTESIAN_POINT('',(-0.0587875,-0.015925,0.));
#14111=CARTESIAN_POINT('',(-0.0587875,-0.016425,0.));
#14112=CARTESIAN_POINT('',(-0.0587875,-0.015925,0.0014));
#14113=CARTESIAN_POINT('',(-0.0587875,-0.016425,0.0014));
#14114=CARTESIAN_POINT('',(-0.0587875,-0.016425,0.0014));
#14115=CARTESIAN_POINT('',(-0.0523875,-0.016425,0.0014));
#14116=CARTESIAN_POINT('',(-0.0523875,-0.016425,0.));
#14117=CARTESIAN_POINT('',(-0.0459875,-0.016425,0.));
#14118=CARTESIAN_POINT('',(-0.0523875,-0.016425,0.0014));
#14119=CARTESIAN_POINT('',(-0.0459875,-0.016425,0.0014));
#14120=CARTESIAN_POINT('',(-0.0459875,-0.016425,0.0014));
#14121=CARTESIAN_POINT('',(-0.0459875,-0.015925,0.0014));
#14122=CARTESIAN_POINT('',(-0.0459875,-0.015925,0.));
#14123=CARTESIAN_POINT('',(-0.0454875,-0.015925,0.));
#14124=CARTESIAN_POINT('',(-0.0459875,-0.015925,0.0014));
#14125=CARTESIAN_POINT('',(-0.0454875,-0.015925,0.0014));
#14126=CARTESIAN_POINT('',(-0.0454875,-0.015925,0.0014));
#14127=CARTESIAN_POINT('',(-0.0454875,-0.009525,0.0014));
#14128=CARTESIAN_POINT('',(-0.0454875,-0.009525,0.));
#14129=CARTESIAN_POINT('',(-0.0454875,-0.003125,0.));
#14130=CARTESIAN_POINT('',(-0.0454875,-0.009525,0.0014));
#14131=CARTESIAN_POINT('',(-0.0454875,-0.003125,0.0014));
#14132=CARTESIAN_POINT('',(-0.0454875,-0.003125,0.0014));
#14133=CARTESIAN_POINT('',(-0.0459875,-0.003125,0.0014));
#14134=CARTESIAN_POINT('',(-0.0459875,-0.003125,0.));
#14135=CARTESIAN_POINT('',(-0.0459875,-0.002625,0.));
#14136=CARTESIAN_POINT('',(-0.0459875,-0.003125,0.0014));
#14137=CARTESIAN_POINT('',(-0.0459875,-0.002625,0.0014));
#14138=CARTESIAN_POINT('',(-0.0459875,-0.002625,0.0014));
#14139=CARTESIAN_POINT('',(-0.0523875,-0.002625,0.0014));
#14140=CARTESIAN_POINT('',(-0.0523875,-0.002625,0.));
#14141=CARTESIAN_POINT('',(-0.0587875,-0.002625,0.));
#14142=CARTESIAN_POINT('',(-0.0523875,-0.002625,0.0014));
#14143=CARTESIAN_POINT('',(-0.0587875,-0.002625,0.0014));
#14144=CARTESIAN_POINT('',(-0.0587875,-0.002625,0.0014));
#14145=CARTESIAN_POINT('',(-0.0587875,-0.003125,0.0014));
#14146=CARTESIAN_POINT('',(-0.0587875,-0.003125,0.));
#14147=CARTESIAN_POINT('',(-0.0587875,-0.003125,0.0014));
#14148=CARTESIAN_POINT('',(-0.0783375,-0.009525,0.0014));
#14149=CARTESIAN_POINT('',(-0.0783375,-0.009525,0.));
#14150=CARTESIAN_POINT('',(-0.0783375,-0.003125,0.));
#14151=CARTESIAN_POINT('',(-0.0783375,-0.015925,0.));
#14152=CARTESIAN_POINT('',(-0.0783375,-0.003125,0.0014));
#14153=CARTESIAN_POINT('',(-0.0783375,-0.003125,0.0014));
#14154=CARTESIAN_POINT('',(-0.0783375,-0.009525,0.0014));
#14155=CARTESIAN_POINT('',(-0.0783375,-0.015925,0.0014));
#14156=CARTESIAN_POINT('',(-0.0783375,-0.015925,0.0014));
#14157=CARTESIAN_POINT('',(-0.0778375,-0.015925,0.0014));
#14158=CARTESIAN_POINT('',(-0.0778375,-0.015925,0.));
#14159=CARTESIAN_POINT('',(-0.0778375,-0.016425,0.));
#14160=CARTESIAN_POINT('',(-0.0778375,-0.015925,0.0014));
#14161=CARTESIAN_POINT('',(-0.0778375,-0.016425,0.0014));
#14162=CARTESIAN_POINT('',(-0.0778375,-0.016425,0.0014));
#14163=CARTESIAN_POINT('',(-0.0714375,-0.016425,0.0014));
#14164=CARTESIAN_POINT('',(-0.0714375,-0.016425,0.));
#14165=CARTESIAN_POINT('',(-0.0650375,-0.016425,0.));
#14166=CARTESIAN_POINT('',(-0.0714375,-0.016425,0.0014));
#14167=CARTESIAN_POINT('',(-0.0650375,-0.016425,0.0014));
#14168=CARTESIAN_POINT('',(-0.0650375,-0.016425,0.0014));
#14169=CARTESIAN_POINT('',(-0.0650375,-0.015925,0.0014));
#14170=CARTESIAN_POINT('',(-0.0650375,-0.015925,0.));
#14171=CARTESIAN_POINT('',(-0.0645375,-0.015925,0.));
#14172=CARTESIAN_POINT('',(-0.0650375,-0.015925,0.0014));
#14173=CARTESIAN_POINT('',(-0.0645375,-0.015925,0.0014));
#14174=CARTESIAN_POINT('',(-0.0645375,-0.015925,0.0014));
#14175=CARTESIAN_POINT('',(-0.0645375,-0.009525,0.0014));
#14176=CARTESIAN_POINT('',(-0.0645375,-0.009525,0.));
#14177=CARTESIAN_POINT('',(-0.0645375,-0.003125,0.));
#14178=CARTESIAN_POINT('',(-0.0645375,-0.009525,0.0014));
#14179=CARTESIAN_POINT('',(-0.0645375,-0.003125,0.0014));
#14180=CARTESIAN_POINT('',(-0.0645375,-0.003125,0.0014));
#14181=CARTESIAN_POINT('',(-0.0650375,-0.003125,0.0014));
#14182=CARTESIAN_POINT('',(-0.0650375,-0.003125,0.));
#14183=CARTESIAN_POINT('',(-0.0650375,-0.002625,0.));
#14184=CARTESIAN_POINT('',(-0.0650375,-0.003125,0.0014));
#14185=CARTESIAN_POINT('',(-0.0650375,-0.002625,0.0014));
#14186=CARTESIAN_POINT('',(-0.0650375,-0.002625,0.0014));
#14187=CARTESIAN_POINT('',(-0.0714375,-0.002625,0.0014));
#14188=CARTESIAN_POINT('',(-0.0714375,-0.002625,0.));
#14189=CARTESIAN_POINT('',(-0.0778375,-0.002625,0.));
#14190=CARTESIAN_POINT('',(-0.0714375,-0.002625,0.0014));
#14191=CARTESIAN_POINT('',(-0.0778375,-0.002625,0.0014));
#14192=CARTESIAN_POINT('',(-0.0778375,-0.002625,0.0014));
#14193=CARTESIAN_POINT('',(-0.0778375,-0.003125,0.0014));
#14194=CARTESIAN_POINT('',(-0.0778375,-0.003125,0.));
#14195=CARTESIAN_POINT('',(-0.0778375,-0.003125,0.0014));
#14196=CARTESIAN_POINT('',(-0.0973875,-0.009525,0.0014));
#14197=CARTESIAN_POINT('',(-0.0973875,-0.009525,0.));
#14198=CARTESIAN_POINT('',(-0.0973875,-0.003125,0.));
#14199=CARTESIAN_POINT('',(-0.0973875,-0.015925,0.));
#14200=CARTESIAN_POINT('',(-0.0973875,-0.003125,0.0014));
#14201=CARTESIAN_POINT('',(-0.0973875,-0.003125,0.0014));
#14202=CARTESIAN_POINT('',(-0.0973875,-0.009525,0.0014));
#14203=CARTESIAN_POINT('',(-0.0973875,-0.015925,0.0014));
#14204=CARTESIAN_POINT('',(-0.0973875,-0.015925,0.0014));
#14205=CARTESIAN_POINT('',(-0.0968875,-0.015925,0.0014));
#14206=CARTESIAN_POINT('',(-0.0968875,-0.015925,0.));
#14207=CARTESIAN_POINT('',(-0.0968875,-0.016425,0.));
#14208=CARTESIAN_POINT('',(-0.0968875,-0.015925,0.0014));
#14209=CARTESIAN_POINT('',(-0.0968875,-0.016425,0.0014));
#14210=CARTESIAN_POINT('',(-0.0968875,-0.016425,0.0014));
#14211=CARTESIAN_POINT('',(-0.0904875,-0.016425,0.0014));
#14212=CARTESIAN_POINT('',(-0.0904875,-0.016425,0.));
#14213=CARTESIAN_POINT('',(-0.0840875,-0.016425,0.));
#14214=CARTESIAN_POINT('',(-0.0904875,-0.016425,0.0014));
#14215=CARTESIAN_POINT('',(-0.0840875,-0.016425,0.0014));
#14216=CARTESIAN_POINT('',(-0.0840875,-0.016425,0.0014));
#14217=CARTESIAN_POINT('',(-0.0840875,-0.015925,0.0014));
#14218=CARTESIAN_POINT('',(-0.0840875,-0.015925,0.));
#14219=CARTESIAN_POINT('',(-0.0835875,-0.015925,0.));
#14220=CARTESIAN_POINT('',(-0.0840875,-0.015925,0.0014));
#14221=CARTESIAN_POINT('',(-0.0835875,-0.015925,0.0014));
#14222=CARTESIAN_POINT('',(-0.0835875,-0.015925,0.0014));
#14223=CARTESIAN_POINT('',(-0.0835875,-0.009525,0.0014));
#14224=CARTESIAN_POINT('',(-0.0835875,-0.009525,0.));
#14225=CARTESIAN_POINT('',(-0.0835875,-0.003125,0.));
#14226=CARTESIAN_POINT('',(-0.0835875,-0.009525,0.0014));
#14227=CARTESIAN_POINT('',(-0.0835875,-0.003125,0.0014));
#14228=CARTESIAN_POINT('',(-0.0835875,-0.003125,0.0014));
#14229=CARTESIAN_POINT('',(-0.0840875,-0.003125,0.0014));
#14230=CARTESIAN_POINT('',(-0.0840875,-0.003125,0.));
#14231=CARTESIAN_POINT('',(-0.0840875,-0.002625,0.));
#14232=CARTESIAN_POINT('',(-0.0840875,-0.003125,0.0014));
#14233=CARTESIAN_POINT('',(-0.0840875,-0.002625,0.0014));
#14234=CARTESIAN_POINT('',(-0.0840875,-0.002625,0.0014));
#14235=CARTESIAN_POINT('',(-0.0904875,-0.002625,0.0014));
#14236=CARTESIAN_POINT('',(-0.0904875,-0.002625,0.));
#14237=CARTESIAN_POINT('',(-0.0968875,-0.002625,0.));
#14238=CARTESIAN_POINT('',(-0.0904875,-0.002625,0.0014));
#14239=CARTESIAN_POINT('',(-0.0968875,-0.002625,0.0014));
#14240=CARTESIAN_POINT('',(-0.0968875,-0.002625,0.0014));
#14241=CARTESIAN_POINT('',(-0.0968875,-0.003125,0.0014));
#14242=CARTESIAN_POINT('',(-0.0968875,-0.003125,0.));
#14243=CARTESIAN_POINT('',(-0.0968875,-0.003125,0.0014));
#14244=CARTESIAN_POINT('',(-0.1164375,-0.009525,0.0014));
#14245=CARTESIAN_POINT('',(-0.1164375,-0.009525,0.));
#14246=CARTESIAN_POINT('',(-0.1164375,-0.003125,0.));
#14247=CARTESIAN_POINT('',(-0.1164375,-0.015925,0.));
#14248=CARTESIAN_POINT('',(-0.1164375,-0.003125,0.0014));
#14249=CARTESIAN_POINT('',(-0.1164375,-0.003125,0.0014));
#14250=CARTESIAN_POINT('',(-0.1164375,-0.009525,0.0014));
#14251=CARTESIAN_POINT('',(-0.1164375,-0.015925,0.0014));
#14252=CARTESIAN_POINT('',(-0.1164375,-0.015925,0.0014));
#14253=CARTESIAN_POINT('',(-0.1159375,-0.015925,0.0014));
#14254=CARTESIAN_POINT('',(-0.1159375,-0.015925,0.));
#14255=CARTESIAN_POINT('',(-0.1159375,-0.016425,0.));
#14256=CARTESIAN_POINT('',(-0.1159375,-0.015925,0.0014));
#14257=CARTESIAN_POINT('',(-0.1159375,-0.016425,0.0014));
#14258=CARTESIAN_POINT('',(-0.1159375,-0.016425,0.0014));
#14259=CARTESIAN_POINT('',(-0.1095375,-0.016425,0.0014));
#14260=CARTESIAN_POINT('',(-0.1095375,-0.016425,0.));
#14261=CARTESIAN_POINT('',(-0.1031375,-0.016425,0.));
#14262=CARTESIAN_POINT('',(-0.1095375,-0.016425,0.0014));
#14263=CARTESIAN_POINT('',(-0.1031375,-0.016425,0.0014));
#14264=CARTESIAN_POINT('',(-0.1031375,-0.016425,0.0014));
#14265=CARTESIAN_POINT('',(-0.1031375,-0.015925,0.0014));
#14266=CARTESIAN_POINT('',(-0.1031375,-0.015925,0.));
#14267=CARTESIAN_POINT('',(-0.1026375,-0.015925,0.));
#14268=CARTESIAN_POINT('',(-0.1031375,-0.015925,0.0014));
#14269=CARTESIAN_POINT('',(-0.1026375,-0.015925,0.0014));
#14270=CARTESIAN_POINT('',(-0.1026375,-0.015925,0.0014));
#14271=CARTESIAN_POINT('',(-0.1026375,-0.009525,0.0014));
#14272=CARTESIAN_POINT('',(-0.1026375,-0.009525,0.));
#14273=CARTESIAN_POINT('',(-0.1026375,-0.003125,0.));
#14274=CARTESIAN_POINT('',(-0.1026375,-0.009525,0.0014));
#14275=CARTESIAN_POINT('',(-0.1026375,-0.003125,0.0014));
#14276=CARTESIAN_POINT('',(-0.1026375,-0.003125,0.0014));
#14277=CARTESIAN_POINT('',(-0.1031375,-0.003125,0.0014));
#14278=CARTESIAN_POINT('',(-0.1031375,-0.003125,0.));
#14279=CARTESIAN_POINT('',(-0.1031375,-0.002625,0.));
#14280=CARTESIAN_POINT('',(-0.1031375,-0.003125,0.0014));
#14281=CARTESIAN_POINT('',(-0.1031375,-0.002625,0.0014));
#14282=CARTESIAN_POINT('',(-0.1031375,-0.002625,0.0014));
#14283=CARTESIAN_POINT('',(-0.1095375,-0.002625,0.0014));
#14284=CARTESIAN_POINT('',(-0.1095375,-0.002625,0.));
#14285=CARTESIAN_POINT('',(-0.1159375,-0.002625,0.));
#14286=CARTESIAN_POINT('',(-0.1095375,-0.002625,0.0014));
#14287=CARTESIAN_POINT('',(-0.1159375,-0.002625,0.0014));
#14288=CARTESIAN_POINT('',(-0.1159375,-0.002625,0.0014));
#14289=CARTESIAN_POINT('',(-0.1159375,-0.003125,0.0014));
#14290=CARTESIAN_POINT('',(-0.1159375,-0.003125,0.));
#14291=CARTESIAN_POINT('',(-0.1159375,-0.003125,0.0014));
#14292=CARTESIAN_POINT('',(-0.14263125,-0.009525,0.0014));
#14293=CARTESIAN_POINT('',(-0.14263125,-0.009525,0.));
#14294=CARTESIAN_POINT('',(-0.14263125,-0.003125,0.));
#14295=CARTESIAN_POINT('',(-0.14263125,-0.015925,0.));
#14296=CARTESIAN_POINT('',(-0.14263125,-0.003125,0.0014));
#14297=CARTESIAN_POINT('',(-0.14263125,-0.003125,0.0014));
#14298=CARTESIAN_POINT('',(-0.14263125,-0.009525,0.0014));
#14299=CARTESIAN_POINT('',(-0.14263125,-0.015925,0.0014));
#14300=CARTESIAN_POINT('',(-0.14263125,-0.015925,0.0014));
#14301=CARTESIAN_POINT('',(-0.14213125,-0.015925,0.0014));
#14302=CARTESIAN_POINT('',(-0.14213125,-0.015925,0.));
#14303=CARTESIAN_POINT('',(-0.14213125,-0.016425,0.));
#14304=CARTESIAN_POINT('',(-0.14213125,-0.015925,0.0014));
#14305=CARTESIAN_POINT('',(-0.14213125,-0.016425,0.0014));
#14306=CARTESIAN_POINT('',(-0.14213125,-0.016425,0.0014));
#14307=CARTESIAN_POINT('',(-0.13573125,-0.016425,0.0014));
#14308=CARTESIAN_POINT('',(-0.13573125,-0.016425,0.));
#14309=CARTESIAN_POINT('',(-0.12933125,-0.016425,0.));
#14310=CARTESIAN_POINT('',(-0.13573125,-0.016425,0.0014));
#14311=CARTESIAN_POINT('',(-0.12933125,-0.016425,0.0014));
#14312=CARTESIAN_POINT('',(-0.12933125,-0.016425,0.0014));
#14313=CARTESIAN_POINT('',(-0.12933125,-0.015925,0.0014));
#14314=CARTESIAN_POINT('',(-0.12933125,-0.015925,0.));
#14315=CARTESIAN_POINT('',(-0.12883125,-0.015925,0.));
#14316=CARTESIAN_POINT('',(-0.12933125,-0.015925,0.0014));
#14317=CARTESIAN_POINT('',(-0.12883125,-0.015925,0.0014));
#14318=CARTESIAN_POINT('',(-0.12883125,-0.015925,0.0014));
#14319=CARTESIAN_POINT('',(-0.12883125,-0.009525,0.0014));
#14320=CARTESIAN_POINT('',(-0.12883125,-0.009525,0.));
#14321=CARTESIAN_POINT('',(-0.12883125,-0.003125,0.));
#14322=CARTESIAN_POINT('',(-0.12883125,-0.009525,0.0014));
#14323=CARTESIAN_POINT('',(-0.12883125,-0.003125,0.0014));
#14324=CARTESIAN_POINT('',(-0.12883125,-0.003125,0.0014));
#14325=CARTESIAN_POINT('',(-0.12933125,-0.003125,0.0014));
#14326=CARTESIAN_POINT('',(-0.12933125,-0.003125,0.));
#14327=CARTESIAN_POINT('',(-0.12933125,-0.002625,0.));
#14328=CARTESIAN_POINT('',(-0.12933125,-0.003125,0.0014));
#14329=CARTESIAN_POINT('',(-0.12933125,-0.002625,0.0014));
#14330=CARTESIAN_POINT('',(-0.12933125,-0.002625,0.0014));
#14331=CARTESIAN_POINT('',(-0.13573125,-0.002625,0.0014));
#14332=CARTESIAN_POINT('',(-0.13573125,-0.002625,0.));
#14333=CARTESIAN_POINT('',(-0.14213125,-0.002625,0.));
#14334=CARTESIAN_POINT('',(-0.13573125,-0.002625,0.0014));
#14335=CARTESIAN_POINT('',(-0.14213125,-0.002625,0.0014));
#14336=CARTESIAN_POINT('',(-0.14213125,-0.002625,0.0014));
#14337=CARTESIAN_POINT('',(-0.14213125,-0.003125,0.0014));
#14338=CARTESIAN_POINT('',(-0.14213125,-0.003125,0.));
#14339=CARTESIAN_POINT('',(-0.14213125,-0.003125,0.0014));
#14340=CARTESIAN_POINT('',(-0.02595,0.009525,0.0014));
#14341=CARTESIAN_POINT('',(-0.02595,0.009525,0.));
#14342=CARTESIAN_POINT('',(-0.02595,0.015925,0.));
#14343=CARTESIAN_POINT('',(-0.02595,0.003125,0.));
#14344=CARTESIAN_POINT('',(-0.02595,0.015925,0.0014));
#14345=CARTESIAN_POINT('',(-0.02595,0.015925,0.0014));
#14346=CARTESIAN_POINT('',(-0.02595,0.009525,0.0014));
#14347=CARTESIAN_POINT('',(-0.02595,0.003125,0.0014));
#14348=CARTESIAN_POINT('',(-0.02595,0.003125,0.0014));
#14349=CARTESIAN_POINT('',(-0.02545,0.003125,0.0014));
#14350=CARTESIAN_POINT('',(-0.02545,0.003125,0.));
#14351=CARTESIAN_POINT('',(-0.02545,0.002625,0.));
#14352=CARTESIAN_POINT('',(-0.02545,0.003125,0.0014));
#14353=CARTESIAN_POINT('',(-0.02545,0.002625,0.0014));
#14354=CARTESIAN_POINT('',(-0.02545,0.002625,0.0014));
#14355=CARTESIAN_POINT('',(-0.01905,0.002625,0.0014));
#14356=CARTESIAN_POINT('',(-0.01905,0.002625,0.));
#14357=CARTESIAN_POINT('',(-0.01265,0.002625,0.));
#14358=CARTESIAN_POINT('',(-0.01905,0.002625,0.0014));
#14359=CARTESIAN_POINT('',(-0.01265,0.002625,0.0014));
#14360=CARTESIAN_POINT('',(-0.01265,0.002625,0.0014));
#14361=CARTESIAN_POINT('',(-0.01265,0.003125,0.0014));
#14362=CARTESIAN_POINT('',(-0.01265,0.003125,0.));
#14363=CARTESIAN_POINT('',(-0.01215,0.003125,0.));
#14364=CARTESIAN_POINT('',(-0.01265,0.003125,0.0014));
#14365=CARTESIAN_POINT('',(-0.01215,0.003125,0.0014));
#14366=CARTESIAN_POINT('',(-0.01215,0.003125,0.0014));
#14367=CARTESIAN_POINT('',(-0.01215,0.009525,0.0014));
#14368=CARTESIAN_POINT('',(-0.01215,0.009525,0.));
#14369=CARTESIAN_POINT('',(-0.01215,0.015925,0.));
#14370=CARTESIAN_POINT('',(-0.01215,0.009525,0.0014));
#14371=CARTESIAN_POINT('',(-0.01215,0.015925,0.0014));
#14372=CARTESIAN_POINT('',(-0.01215,0.015925,0.0014));
#14373=CARTESIAN_POINT('',(-0.01265,0.015925,0.0014));
#14374=CARTESIAN_POINT('',(-0.01265,0.015925,0.));
#14375=CARTESIAN_POINT('',(-0.01265,0.016425,0.));
#14376=CARTESIAN_POINT('',(-0.01265,0.015925,0.0014));
#14377=CARTESIAN_POINT('',(-0.01265,0.016425,0.0014));
#14378=CARTESIAN_POINT('',(-0.01265,0.016425,0.0014));
#14379=CARTESIAN_POINT('',(-0.01905,0.016425,0.0014));
#14380=CARTESIAN_POINT('',(-0.01905,0.016425,0.));
#14381=CARTESIAN_POINT('',(-0.02545,0.016425,0.));
#14382=CARTESIAN_POINT('',(-0.01905,0.016425,0.0014));
#14383=CARTESIAN_POINT('',(-0.02545,0.016425,0.0014));
#14384=CARTESIAN_POINT('',(-0.02545,0.016425,0.0014));
#14385=CARTESIAN_POINT('',(-0.02545,0.015925,0.0014));
#14386=CARTESIAN_POINT('',(-0.02545,0.015925,0.));
#14387=CARTESIAN_POINT('',(-0.02545,0.015925,0.0014));
#14388=CARTESIAN_POINT('',(-0.045,0.009525,0.0014));
#14389=CARTESIAN_POINT('',(-0.045,0.009525,0.));
#14390=CARTESIAN_POINT('',(-0.045,0.015925,0.));
#14391=CARTESIAN_POINT('',(-0.045,0.003125,0.));
#14392=CARTESIAN_POINT('',(-0.045,0.015925,0.0014));
#14393=CARTESIAN_POINT('',(-0.045,0.015925,0.0014));
#14394=CARTESIAN_POINT('',(-0.045,0.009525,0.0014));
#14395=CARTESIAN_POINT('',(-0.045,0.003125,0.0014));
#14396=CARTESIAN_POINT('',(-0.045,0.003125,0.0014));
#14397=CARTESIAN_POINT('',(-0.0445,0.003125,0.0014));
#14398=CARTESIAN_POINT('',(-0.0445,0.003125,0.));
#14399=CARTESIAN_POINT('',(-0.0445,0.002625,0.));
#14400=CARTESIAN_POINT('',(-0.0445,0.003125,0.0014));
#14401=CARTESIAN_POINT('',(-0.0445,0.002625,0.0014));
#14402=CARTESIAN_POINT('',(-0.0445,0.002625,0.0014));
#14403=CARTESIAN_POINT('',(-0.0381,0.002625,0.0014));
#14404=CARTESIAN_POINT('',(-0.0381,0.002625,0.));
#14405=CARTESIAN_POINT('',(-0.0317,0.002625,0.));
#14406=CARTESIAN_POINT('',(-0.0381,0.002625,0.0014));
#14407=CARTESIAN_POINT('',(-0.0317,0.002625,0.0014));
#14408=CARTESIAN_POINT('',(-0.0317,0.002625,0.0014));
#14409=CARTESIAN_POINT('',(-0.0317,0.003125,0.0014));
#14410=CARTESIAN_POINT('',(-0.0317,0.003125,0.));
#14411=CARTESIAN_POINT('',(-0.0312,0.003125,0.));
#14412=CARTESIAN_POINT('',(-0.0317,0.003125,0.0014));
#14413=CARTESIAN_POINT('',(-0.0312,0.003125,0.0014));
#14414=CARTESIAN_POINT('',(-0.0312,0.003125,0.0014));
#14415=CARTESIAN_POINT('',(-0.0312,0.009525,0.0014));
#14416=CARTESIAN_POINT('',(-0.0312,0.009525,0.));
#14417=CARTESIAN_POINT('',(-0.0312,0.015925,0.));
#14418=CARTESIAN_POINT('',(-0.0312,0.009525,0.0014));
#14419=CARTESIAN_POINT('',(-0.0312,0.015925,0.0014));
#14420=CARTESIAN_POINT('',(-0.0312,0.015925,0.0014));
#14421=CARTESIAN_POINT('',(-0.0317,0.015925,0.0014));
#14422=CARTESIAN_POINT('',(-0.0317,0.015925,0.));
#14423=CARTESIAN_POINT('',(-0.0317,0.016425,0.));
#14424=CARTESIAN_POINT('',(-0.0317,0.015925,0.0014));
#14425=CARTESIAN_POINT('',(-0.0317,0.016425,0.0014));
#14426=CARTESIAN_POINT('',(-0.0317,0.016425,0.0014));
#14427=CARTESIAN_POINT('',(-0.0381,0.016425,0.0014));
#14428=CARTESIAN_POINT('',(-0.0381,0.016425,0.));
#14429=CARTESIAN_POINT('',(-0.0445,0.016425,0.));
#14430=CARTESIAN_POINT('',(-0.0381,0.016425,0.0014));
#14431=CARTESIAN_POINT('',(-0.0445,0.016425,0.0014));
#14432=CARTESIAN_POINT('',(-0.0445,0.016425,0.0014));
#14433=CARTESIAN_POINT('',(-0.0445,0.015925,0.0014));
#14434=CARTESIAN_POINT('',(-0.0445,0.015925,0.));
#14435=CARTESIAN_POINT('',(-0.0445,0.015925,0.0014));
#14436=CARTESIAN_POINT('',(-0.06405,0.009525,0.0014));
#14437=CARTESIAN_POINT('',(-0.06405,0.009525,0.));
#14438=CARTESIAN_POINT('',(-0.06405,0.015925,0.));
#14439=CARTESIAN_POINT('',(-0.06405,0.003125,0.));
#14440=CARTESIAN_POINT('',(-0.06405,0.015925,0.0014));
#14441=CARTESIAN_POINT('',(-0.06405,0.015925,0.0014));
#14442=CARTESIAN_POINT('',(-0.06405,0.009525,0.0014));
#14443=CARTESIAN_POINT('',(-0.06405,0.003125,0.0014));
#14444=CARTESIAN_POINT('',(-0.06405,0.003125,0.0014));
#14445=CARTESIAN_POINT('',(-0.06355,0.003125,0.0014));
#14446=CARTESIAN_POINT('',(-0.06355,0.003125,0.));
#14447=CARTESIAN_POINT('',(-0.06355,0.002625,0.));
#14448=CARTESIAN_POINT('',(-0.06355,0.003125,0.0014));
#14449=CARTESIAN_POINT('',(-0.06355,0.002625,0.0014));
#14450=CARTESIAN_POINT('',(-0.06355,0.002625,0.0014));
#14451=CARTESIAN_POINT('',(-0.05715,0.002625,0.0014));
#14452=CARTESIAN_POINT('',(-0.05715,0.002625,0.));
#14453=CARTESIAN_POINT('',(-0.05075,0.002625,0.));
#14454=CARTESIAN_POINT('',(-0.05715,0.002625,0.0014));
#14455=CARTESIAN_POINT('',(-0.05075,0.002625,0.0014));
#14456=CARTESIAN_POINT('',(-0.05075,0.002625,0.0014));
#14457=CARTESIAN_POINT('',(-0.05075,0.003125,0.0014));
#14458=CARTESIAN_POINT('',(-0.05075,0.003125,0.));
#14459=CARTESIAN_POINT('',(-0.05025,0.003125,0.));
#14460=CARTESIAN_POINT('',(-0.05075,0.003125,0.0014));
#14461=CARTESIAN_POINT('',(-0.05025,0.003125,0.0014));
#14462=CARTESIAN_POINT('',(-0.05025,0.003125,0.0014));
#14463=CARTESIAN_POINT('',(-0.05025,0.009525,0.0014));
#14464=CARTESIAN_POINT('',(-0.05025,0.009525,0.));
#14465=CARTESIAN_POINT('',(-0.05025,0.015925,0.));
#14466=CARTESIAN_POINT('',(-0.05025,0.009525,0.0014));
#14467=CARTESIAN_POINT('',(-0.05025,0.015925,0.0014));
#14468=CARTESIAN_POINT('',(-0.05025,0.015925,0.0014));
#14469=CARTESIAN_POINT('',(-0.05075,0.015925,0.0014));
#14470=CARTESIAN_POINT('',(-0.05075,0.015925,0.));
#14471=CARTESIAN_POINT('',(-0.05075,0.016425,0.));
#14472=CARTESIAN_POINT('',(-0.05075,0.015925,0.0014));
#14473=CARTESIAN_POINT('',(-0.05075,0.016425,0.0014));
#14474=CARTESIAN_POINT('',(-0.05075,0.016425,0.0014));
#14475=CARTESIAN_POINT('',(-0.05715,0.016425,0.0014));
#14476=CARTESIAN_POINT('',(-0.05715,0.016425,0.));
#14477=CARTESIAN_POINT('',(-0.06355,0.016425,0.));
#14478=CARTESIAN_POINT('',(-0.05715,0.016425,0.0014));
#14479=CARTESIAN_POINT('',(-0.06355,0.016425,0.0014));
#14480=CARTESIAN_POINT('',(-0.06355,0.016425,0.0014));
#14481=CARTESIAN_POINT('',(-0.06355,0.015925,0.0014));
#14482=CARTESIAN_POINT('',(-0.06355,0.015925,0.));
#14483=CARTESIAN_POINT('',(-0.06355,0.015925,0.0014));
#14484=CARTESIAN_POINT('',(-0.0831,0.009525,0.0014));
#14485=CARTESIAN_POINT('',(-0.0831,0.009525,0.));
#14486=CARTESIAN_POINT('',(-0.0831,0.015925,0.));
#14487=CARTESIAN_POINT('',(-0.0831,0.003125,0.));
#14488=CARTESIAN_POINT('',(-0.0831,0.015925,0.0014));
#14489=CARTESIAN_POINT('',(-0.0831,0.015925,0.0014));
#14490=CARTESIAN_POINT('',(-0.0831,0.009525,0.0014));
#14491=CARTESIAN_POINT('',(-0.0831,0.003125,0.0014));
#14492=CARTESIAN_POINT('',(-0.0831,0.003125,0.0014));
#14493=CARTESIAN_POINT('',(-0.0826,0.003125,0.0014));
#14494=CARTESIAN_POINT('',(-0.0826,0.003125,0.));
#14495=CARTESIAN_POINT('',(-0.0826,0.002625,0.));
#14496=CARTESIAN_POINT('',(-0.0826,0.003125,0.0014));
#14497=CARTESIAN_POINT('',(-0.0826,0.002625,0.0014));
#14498=CARTESIAN_POINT('',(-0.0826,0.002625,0.0014));
#14499=CARTESIAN_POINT('',(-0.0762,0.002625,0.0014));
#14500=CARTESIAN_POINT('',(-0.0762,0.002625,0.));
#14501=CARTESIAN_POINT('',(-0.0698,0.002625,0.));
#14502=CARTESIAN_POINT('',(-0.0762,0.002625,0.0014));
#14503=CARTESIAN_POINT('',(-0.0698,0.002625,0.0014));
#14504=CARTESIAN_POINT('',(-0.0698,0.002625,0.0014));
#14505=CARTESIAN_POINT('',(-0.0698,0.003125,0.0014));
#14506=CARTESIAN_POINT('',(-0.0698,0.003125,0.));
#14507=CARTESIAN_POINT('',(-0.0693,0.003125,0.));
#14508=CARTESIAN_POINT('',(-0.0698,0.003125,0.0014));
#14509=CARTESIAN_POINT('',(-0.0693,0.003125,0.0014));
#14510=CARTESIAN_POINT('',(-0.0693,0.003125,0.0014));
#14511=CARTESIAN_POINT('',(-0.0693,0.009525,0.0014));
#14512=CARTESIAN_POINT('',(-0.0693,0.009525,0.));
#14513=CARTESIAN_POINT('',(-0.0693,0.015925,0.));
#14514=CARTESIAN_POINT('',(-0.0693,0.009525,0.0014));
#14515=CARTESIAN_POINT('',(-0.0693,0.015925,0.0014));
#14516=CARTESIAN_POINT('',(-0.0693,0.015925,0.0014));
#14517=CARTESIAN_POINT('',(-0.0698,0.015925,0.0014));
#14518=CARTESIAN_POINT('',(-0.0698,0.015925,0.));
#14519=CARTESIAN_POINT('',(-0.0698,0.016425,0.));
#14520=CARTESIAN_POINT('',(-0.0698,0.015925,0.0014));
#14521=CARTESIAN_POINT('',(-0.0698,0.016425,0.0014));
#14522=CARTESIAN_POINT('',(-0.0698,0.016425,0.0014));
#14523=CARTESIAN_POINT('',(-0.0762,0.016425,0.0014));
#14524=CARTESIAN_POINT('',(-0.0762,0.016425,0.));
#14525=CARTESIAN_POINT('',(-0.0826,0.016425,0.));
#14526=CARTESIAN_POINT('',(-0.0762,0.016425,0.0014));
#14527=CARTESIAN_POINT('',(-0.0826,0.016425,0.0014));
#14528=CARTESIAN_POINT('',(-0.0826,0.016425,0.0014));
#14529=CARTESIAN_POINT('',(-0.0826,0.015925,0.0014));
#14530=CARTESIAN_POINT('',(-0.0826,0.015925,0.));
#14531=CARTESIAN_POINT('',(-0.0826,0.015925,0.0014));
#14532=CARTESIAN_POINT('',(-0.10215,0.009525,0.0014));
#14533=CARTESIAN_POINT('',(-0.10215,0.009525,0.));
#14534=CARTESIAN_POINT('',(-0.10215,0.015925,0.));
#14535=CARTESIAN_POINT('',(-0.10215,0.003125,0.));
#14536=CARTESIAN_POINT('',(-0.10215,0.015925,0.0014));
#14537=CARTESIAN_POINT('',(-0.10215,0.015925,0.0014));
#14538=CARTESIAN_POINT('',(-0.10215,0.009525,0.0014));
#14539=CARTESIAN_POINT('',(-0.10215,0.003125,0.0014));
#14540=CARTESIAN_POINT('',(-0.10215,0.003125,0.0014));
#14541=CARTESIAN_POINT('',(-0.10165,0.003125,0.0014));
#14542=CARTESIAN_POINT('',(-0.10165,0.003125,0.));
#14543=CARTESIAN_POINT('',(-0.10165,0.002625,0.));
#14544=CARTESIAN_POINT('',(-0.10165,0.003125,0.0014));
#14545=CARTESIAN_POINT('',(-0.10165,0.002625,0.0014));
#14546=CARTESIAN_POINT('',(-0.10165,0.002625,0.0014));
#14547=CARTESIAN_POINT('',(-0.09525,0.002625,0.0014));
#14548=CARTESIAN_POINT('',(-0.09525,0.002625,0.));
#14549=CARTESIAN_POINT('',(-0.08885,0.002625,0.));
#14550=CARTESIAN_POINT('',(-0.09525,0.002625,0.0014));
#14551=CARTESIAN_POINT('',(-0.08885,0.002625,0.0014));
#14552=CARTESIAN_POINT('',(-0.08885,0.002625,0.0014));
#14553=CARTESIAN_POINT('',(-0.08885,0.003125,0.0014));
#14554=CARTESIAN_POINT('',(-0.08885,0.003125,0.));
#14555=CARTESIAN_POINT('',(-0.08835,0.003125,0.));
#14556=CARTESIAN_POINT('',(-0.08885,0.003125,0.0014));
#14557=CARTESIAN_POINT('',(-0.08835,0.003125,0.0014));
#14558=CARTESIAN_POINT('',(-0.08835,0.003125,0.0014));
#14559=CARTESIAN_POINT('',(-0.08835,0.009525,0.0014));
#14560=CARTESIAN_POINT('',(-0.08835,0.009525,0.));
#14561=CARTESIAN_POINT('',(-0.08835,0.015925,0.));
#14562=CARTESIAN_POINT('',(-0.08835,0.009525,0.0014));
#14563=CARTESIAN_POINT('',(-0.08835,0.015925,0.0014));
#14564=CARTESIAN_POINT('',(-0.08835,0.015925,0.0014));
#14565=CARTESIAN_POINT('',(-0.08885,0.015925,0.0014));
#14566=CARTESIAN_POINT('',(-0.08885,0.015925,0.));
#14567=CARTESIAN_POINT('',(-0.08885,0.016425,0.));
#14568=CARTESIAN_POINT('',(-0.08885,0.015925,0.0014));
#14569=CARTESIAN_POINT('',(-0.08885,0.016425,0.0014));
#14570=CARTESIAN_POINT('',(-0.08885,0.016425,0.0014));
#14571=CARTESIAN_POINT('',(-0.09525,0.016425,0.0014));
#14572=CARTESIAN_POINT('',(-0.09525,0.016425,0.));
#14573=CARTESIAN_POINT('',(-0.10165,0.016425,0.));
#14574=CARTESIAN_POINT('',(-0.09525,0.016425,0.0014));
#14575=CARTESIAN_POINT('',(-0.10165,0.016425,0.0014));
#14576=CARTESIAN_POINT('',(-0.10165,0.016425,0.0014));
#14577=CARTESIAN_POINT('',(-0.10165,0.015925,0.0014));
#14578=CARTESIAN_POINT('',(-0.10165,0.015925,0.));
#14579=CARTESIAN_POINT('',(-0.10165,0.015925,0.0014));
#14580=CARTESIAN_POINT('',(-0.1212,0.009525,0.0014));
#14581=CARTESIAN_POINT('',(-0.1212,0.009525,0.));
#14582=CARTESIAN_POINT('',(-0.1212,0.015925,0.));
#14583=CARTESIAN_POINT('',(-0.1212,0.003125,0.));
#14584=CARTESIAN_POINT('',(-0.1212,0.015925,0.0014));
#14585=CARTESIAN_POINT('',(-0.1212,0.015925,0.0014));
#14586=CARTESIAN_POINT('',(-0.1212,0.009525,0.0014));
#14587=CARTESIAN_POINT('',(-0.1212,0.003125,0.0014));
#14588=CARTESIAN_POINT('',(-0.1212,0.003125,0.0014));
#14589=CARTESIAN_POINT('',(-0.1207,0.003125,0.0014));
#14590=CARTESIAN_POINT('',(-0.1207,0.003125,0.));
#14591=CARTESIAN_POINT('',(-0.1207,0.002625,0.));
#14592=CARTESIAN_POINT('',(-0.1207,0.003125,0.0014));
#14593=CARTESIAN_POINT('',(-0.1207,0.002625,0.0014));
#14594=CARTESIAN_POINT('',(-0.1207,0.002625,0.0014));
#14595=CARTESIAN_POINT('',(-0.1143,0.002625,0.0014));
#14596=CARTESIAN_POINT('',(-0.1143,0.002625,0.));
#14597=CARTESIAN_POINT('',(-0.1079,0.002625,0.));
#14598=CARTESIAN_POINT('',(-0.1143,0.002625,0.0014));
#14599=CARTESIAN_POINT('',(-0.1079,0.002625,0.0014));
#14600=CARTESIAN_POINT('',(-0.1079,0.002625,0.0014));
#14601=CARTESIAN_POINT('',(-0.1079,0.003125,0.0014));
#14602=CARTESIAN_POINT('',(-0.1079,0.003125,0.));
#14603=CARTESIAN_POINT('',(-0.1074,0.003125,0.));
#14604=CARTESIAN_POINT('',(-0.1079,0.003125,0.0014));
#14605=CARTESIAN_POINT('',(-0.1074,0.003125,0.0014));
#14606=CARTESIAN_POINT('',(-0.1074,0.003125,0.0014));
#14607=CARTESIAN_POINT('',(-0.1074,0.009525,0.0014));
#14608=CARTESIAN_POINT('',(-0.1074,0.009525,0.));
#14609=CARTESIAN_POINT('',(-0.1074,0.015925,0.));
#14610=CARTESIAN_POINT('',(-0.1074,0.009525,0.0014));
#14611=CARTESIAN_POINT('',(-0.1074,0.015925,0.0014));
#14612=CARTESIAN_POINT('',(-0.1074,0.015925,0.0014));
#14613=CARTESIAN_POINT('',(-0.1079,0.015925,0.0014));
#14614=CARTESIAN_POINT('',(-0.1079,0.015925,0.));
#14615=CARTESIAN_POINT('',(-0.1079,0.016425,0.));
#14616=CARTESIAN_POINT('',(-0.1079,0.015925,0.0014));
#14617=CARTESIAN_POINT('',(-0.1079,0.016425,0.0014));
#14618=CARTESIAN_POINT('',(-0.1079,0.016425,0.0014));
#14619=CARTESIAN_POINT('',(-0.1143,0.016425,0.0014));
#14620=CARTESIAN_POINT('',(-0.1143,0.016425,0.));
#14621=CARTESIAN_POINT('',(-0.1207,0.016425,0.));
#14622=CARTESIAN_POINT('',(-0.1143,0.016425,0.0014));
#14623=CARTESIAN_POINT('',(-0.1207,0.016425,0.0014));
#14624=CARTESIAN_POINT('',(-0.1207,0.016425,0.0014));
#14625=CARTESIAN_POINT('',(-0.1207,0.015925,0.0014));
#14626=CARTESIAN_POINT('',(-0.1207,0.015925,0.));
#14627=CARTESIAN_POINT('',(-0.1207,0.015925,0.0014));
#14628=CARTESIAN_POINT('',(-0.1450125,0.009525,0.0014));
#14629=CARTESIAN_POINT('',(-0.1450125,0.009525,0.));
#14630=CARTESIAN_POINT('',(-0.1450125,0.015925,0.));
#14631=CARTESIAN_POINT('',(-0.1450125,0.003125,0.));
#14632=CARTESIAN_POINT('',(-0.1450125,0.015925,0.0014));
#14633=CARTESIAN_POINT('',(-0.1450125,0.015925,0.0014));
#14634=CARTESIAN_POINT('',(-0.1450125,0.009525,0.0014));
#14635=CARTESIAN_POINT('',(-0.1450125,0.003125,0.0014));
#14636=CARTESIAN_POINT('',(-0.1450125,0.003125,0.0014));
#14637=CARTESIAN_POINT('',(-0.1445125,0.003125,0.0014));
#14638=CARTESIAN_POINT('',(-0.1445125,0.003125,0.));
#14639=CARTESIAN_POINT('',(-0.1445125,0.002625,0.));
#14640=CARTESIAN_POINT('',(-0.1445125,0.003125,0.0014));
#14641=CARTESIAN_POINT('',(-0.1445125,0.002625,0.0014));
#14642=CARTESIAN_POINT('',(-0.1445125,0.002625,0.0014));
#14643=CARTESIAN_POINT('',(-0.1381125,0.002625,0.0014));
#14644=CARTESIAN_POINT('',(-0.1381125,0.002625,0.));
#14645=CARTESIAN_POINT('',(-0.1317125,0.002625,0.));
#14646=CARTESIAN_POINT('',(-0.1381125,0.002625,0.0014));
#14647=CARTESIAN_POINT('',(-0.1317125,0.002625,0.0014));
#14648=CARTESIAN_POINT('',(-0.1317125,0.002625,0.0014));
#14649=CARTESIAN_POINT('',(-0.1317125,0.003125,0.0014));
#14650=CARTESIAN_POINT('',(-0.1317125,0.003125,0.));
#14651=CARTESIAN_POINT('',(-0.1312125,0.003125,0.));
#14652=CARTESIAN_POINT('',(-0.1317125,0.003125,0.0014));
#14653=CARTESIAN_POINT('',(-0.1312125,0.003125,0.0014));
#14654=CARTESIAN_POINT('',(-0.1312125,0.003125,0.0014));
#14655=CARTESIAN_POINT('',(-0.1312125,0.009525,0.0014));
#14656=CARTESIAN_POINT('',(-0.1312125,0.009525,0.));
#14657=CARTESIAN_POINT('',(-0.1312125,0.015925,0.));
#14658=CARTESIAN_POINT('',(-0.1312125,0.009525,0.0014));
#14659=CARTESIAN_POINT('',(-0.1312125,0.015925,0.0014));
#14660=CARTESIAN_POINT('',(-0.1312125,0.015925,0.0014));
#14661=CARTESIAN_POINT('',(-0.1317125,0.015925,0.0014));
#14662=CARTESIAN_POINT('',(-0.1317125,0.015925,0.));
#14663=CARTESIAN_POINT('',(-0.1317125,0.016425,0.));
#14664=CARTESIAN_POINT('',(-0.1317125,0.015925,0.0014));
#14665=CARTESIAN_POINT('',(-0.1317125,0.016425,0.0014));
#14666=CARTESIAN_POINT('',(-0.1317125,0.016425,0.0014));
#14667=CARTESIAN_POINT('',(-0.1381125,0.016425,0.0014));
#14668=CARTESIAN_POINT('',(-0.1381125,0.016425,0.));
#14669=CARTESIAN_POINT('',(-0.1445125,0.016425,0.));
#14670=CARTESIAN_POINT('',(-0.1381125,0.016425,0.0014));
#14671=CARTESIAN_POINT('',(-0.1445125,0.016425,0.0014));
#14672=CARTESIAN_POINT('',(-0.1445125,0.016425,0.0014));
#14673=CARTESIAN_POINT('',(-0.1445125,0.015925,0.0014));
#14674=CARTESIAN_POINT('',(-0.1445125,0.015925,0.));
#14675=CARTESIAN_POINT('',(-0.1445125,0.015925,0.0014));
#14676=CARTESIAN_POINT('',(-0.016425,0.028575,0.0014));
#14677=CARTESIAN_POINT('',(-0.016425,0.028575,0.));
#14678=CARTESIAN_POINT('',(-0.016425,0.034975,0.));
#14679=CARTESIAN_POINT('',(-0.016425,0.022175,0.));
#14680=CARTESIAN_POINT('',(-0.016425,0.034975,0.0014));
#14681=CARTESIAN_POINT('',(-0.016425,0.034975,0.0014));
#14682=CARTESIAN_POINT('',(-0.016425,0.028575,0.0014));
#14683=CARTESIAN_POINT('',(-0.016425,0.022175,0.0014));
#14684=CARTESIAN_POINT('',(-0.016425,0.022175,0.0014));
#14685=CARTESIAN_POINT('',(-0.015925,0.022175,0.0014));
#14686=CARTESIAN_POINT('',(-0.015925,0.022175,0.));
#14687=CARTESIAN_POINT('',(-0.015925,0.021675,0.));
#14688=CARTESIAN_POINT('',(-0.015925,0.022175,0.0014));
#14689=CARTESIAN_POINT('',(-0.015925,0.021675,0.0014));
#14690=CARTESIAN_POINT('',(-0.015925,0.021675,0.0014));
#14691=CARTESIAN_POINT('',(-0.009525,0.021675,0.0014));
#14692=CARTESIAN_POINT('',(-0.009525,0.021675,0.));
#14693=CARTESIAN_POINT('',(-0.003125,0.021675,0.));
#14694=CARTESIAN_POINT('',(-0.009525,0.021675,0.0014));
#14695=CARTESIAN_POINT('',(-0.003125,0.021675,0.0014));
#14696=CARTESIAN_POINT('',(-0.003125,0.021675,0.0014));
#14697=CARTESIAN_POINT('',(-0.003125,0.022175,0.0014));
#14698=CARTESIAN_POINT('',(-0.003125,0.022175,0.));
#14699=CARTESIAN_POINT('',(-0.002625,0.022175,0.));
#14700=CARTESIAN_POINT('',(-0.003125,0.022175,0.0014));
#14701=CARTESIAN_POINT('',(-0.002625,0.022175,0.0014));
#14702=CARTESIAN_POINT('',(-0.002625,0.022175,0.0014));
#14703=CARTESIAN_POINT('',(-0.002625,0.028575,0.0014));
#14704=CARTESIAN_POINT('',(-0.002625,0.028575,0.));
#14705=CARTESIAN_POINT('',(-0.002625,0.034975,0.));
#14706=CARTESIAN_POINT('',(-0.002625,0.028575,0.0014));
#14707=CARTESIAN_POINT('',(-0.002625,0.034975,0.0014));
#14708=CARTESIAN_POINT('',(-0.002625,0.034975,0.0014));
#14709=CARTESIAN_POINT('',(-0.003125,0.034975,0.0014));
#14710=CARTESIAN_POINT('',(-0.003125,0.034975,0.));
#14711=CARTESIAN_POINT('',(-0.003125,0.035475,0.));
#14712=CARTESIAN_POINT('',(-0.003125,0.034975,0.0014));
#14713=CARTESIAN_POINT('',(-0.003125,0.035475,0.0014));
#14714=CARTESIAN_POINT('',(-0.003125,0.035475,0.0014));
#14715=CARTESIAN_POINT('',(-0.009525,0.035475,0.0014));
#14716=CARTESIAN_POINT('',(-0.009525,0.035475,0.));
#14717=CARTESIAN_POINT('',(-0.015925,0.035475,0.));
#14718=CARTESIAN_POINT('',(-0.009525,0.035475,0.0014));
#14719=CARTESIAN_POINT('',(-0.015925,0.035475,0.0014));
#14720=CARTESIAN_POINT('',(-0.015925,0.035475,0.0014));
#14721=CARTESIAN_POINT('',(-0.015925,0.034975,0.0014));
#14722=CARTESIAN_POINT('',(-0.015925,0.034975,0.));
#14723=CARTESIAN_POINT('',(-0.015925,0.034975,0.0014));
#14724=CARTESIAN_POINT('',(-0.035475,0.028575,0.0014));
#14725=CARTESIAN_POINT('',(-0.035475,0.028575,0.));
#14726=CARTESIAN_POINT('',(-0.035475,0.034975,0.));
#14727=CARTESIAN_POINT('',(-0.035475,0.022175,0.));
#14728=CARTESIAN_POINT('',(-0.035475,0.034975,0.0014));
#14729=CARTESIAN_POINT('',(-0.035475,0.034975,0.0014));
#14730=CARTESIAN_POINT('',(-0.035475,0.028575,0.0014));
#14731=CARTESIAN_POINT('',(-0.035475,0.022175,0.0014));
#14732=CARTESIAN_POINT('',(-0.035475,0.022175,0.0014));
#14733=CARTESIAN_POINT('',(-0.034975,0.022175,0.0014));
#14734=CARTESIAN_POINT('',(-0.034975,0.022175,0.));
#14735=CARTESIAN_POINT('',(-0.034975,0.021675,0.));
#14736=CARTESIAN_POINT('',(-0.034975,0.022175,0.0014));
#14737=CARTESIAN_POINT('',(-0.034975,0.021675,0.0014));
#14738=CARTESIAN_POINT('',(-0.034975,0.021675,0.0014));
#14739=CARTESIAN_POINT('',(-0.028575,0.021675,0.0014));
#14740=CARTESIAN_POINT('',(-0.028575,0.021675,0.));
#14741=CARTESIAN_POINT('',(-0.022175,0.021675,0.));
#14742=CARTESIAN_POINT('',(-0.028575,0.021675,0.0014));
#14743=CARTESIAN_POINT('',(-0.022175,0.021675,0.0014));
#14744=CARTESIAN_POINT('',(-0.022175,0.021675,0.0014));
#14745=CARTESIAN_POINT('',(-0.022175,0.022175,0.0014));
#14746=CARTESIAN_POINT('',(-0.022175,0.022175,0.));
#14747=CARTESIAN_POINT('',(-0.021675,0.022175,0.));
#14748=CARTESIAN_POINT('',(-0.022175,0.022175,0.0014));
#14749=CARTESIAN_POINT('',(-0.021675,0.022175,0.0014));
#14750=CARTESIAN_POINT('',(-0.021675,0.022175,0.0014));
#14751=CARTESIAN_POINT('',(-0.021675,0.028575,0.0014));
#14752=CARTESIAN_POINT('',(-0.021675,0.028575,0.));
#14753=CARTESIAN_POINT('',(-0.021675,0.034975,0.));
#14754=CARTESIAN_POINT('',(-0.021675,0.028575,0.0014));
#14755=CARTESIAN_POINT('',(-0.021675,0.034975,0.0014));
#14756=CARTESIAN_POINT('',(-0.021675,0.034975,0.0014));
#14757=CARTESIAN_POINT('',(-0.022175,0.034975,0.0014));
#14758=CARTESIAN_POINT('',(-0.022175,0.034975,0.));
#14759=CARTESIAN_POINT('',(-0.022175,0.035475,0.));
#14760=CARTESIAN_POINT('',(-0.022175,0.034975,0.0014));
#14761=CARTESIAN_POINT('',(-0.022175,0.035475,0.0014));
#14762=CARTESIAN_POINT('',(-0.022175,0.035475,0.0014));
#14763=CARTESIAN_POINT('',(-0.028575,0.035475,0.0014));
#14764=CARTESIAN_POINT('',(-0.028575,0.035475,0.));
#14765=CARTESIAN_POINT('',(-0.034975,0.035475,0.));
#14766=CARTESIAN_POINT('',(-0.028575,0.035475,0.0014));
#14767=CARTESIAN_POINT('',(-0.034975,0.035475,0.0014));
#14768=CARTESIAN_POINT('',(-0.034975,0.035475,0.0014));
#14769=CARTESIAN_POINT('',(-0.034975,0.034975,0.0014));
#14770=CARTESIAN_POINT('',(-0.034975,0.034975,0.));
#14771=CARTESIAN_POINT('',(-0.034975,0.034975,0.0014));
#14772=CARTESIAN_POINT('',(-0.054525,0.028575,0.0014));
#14773=CARTESIAN_POINT('',(-0.054525,0.028575,0.));
#14774=CARTESIAN_POINT('',(-0.054525,0.034975,0.));
#14775=CARTESIAN_POINT('',(-0.054525,0.022175,0.));
#14776=CARTESIAN_POINT('',(-0.054525,0.034975,0.0014));
#14777=CARTESIAN_POINT('',(-0.054525,0.034975,0.0014));
#14778=CARTESIAN_POINT('',(-0.054525,0.028575,0.0014));
#14779=CARTESIAN_POINT('',(-0.054525,0.022175,0.0014));
#14780=CARTESIAN_POINT('',(-0.054525,0.022175,0.0014));
#14781=CARTESIAN_POINT('',(-0.054025,0.022175,0.0014));
#14782=CARTESIAN_POINT('',(-0.054025,0.022175,0.));
#14783=CARTESIAN_POINT('',(-0.054025,0.021675,0.));
#14784=CARTESIAN_POINT('',(-0.054025,0.022175,0.0014));
#14785=CARTESIAN_POINT('',(-0.054025,0.021675,0.0014));
#14786=CARTESIAN_POINT('',(-0.054025,0.021675,0.0014));
#14787=CARTESIAN_POINT('',(-0.047625,0.021675,0.0014));
#14788=CARTESIAN_POINT('',(-0.047625,0.021675,0.));
#14789=CARTESIAN_POINT('',(-0.041225,0.021675,0.));
#14790=CARTESIAN_POINT('',(-0.047625,0.021675,0.0014));
#14791=CARTESIAN_POINT('',(-0.041225,0.021675,0.0014));
#14792=CARTESIAN_POINT('',(-0.041225,0.021675,0.0014));
#14793=CARTESIAN_POINT('',(-0.041225,0.022175,0.0014));
#14794=CARTESIAN_POINT('',(-0.041225,0.022175,0.));
#14795=CARTESIAN_POINT('',(-0.040725,0.022175,0.));
#14796=CARTESIAN_POINT('',(-0.041225,0.022175,0.0014));
#14797=CARTESIAN_POINT('',(-0.040725,0.022175,0.0014));
#14798=CARTESIAN_POINT('',(-0.040725,0.022175,0.0014));
#14799=CARTESIAN_POINT('',(-0.040725,0.028575,0.0014));
#14800=CARTESIAN_POINT('',(-0.040725,0.028575,0.));
#14801=CARTESIAN_POINT('',(-0.040725,0.034975,0.));
#14802=CARTESIAN_POINT('',(-0.040725,0.028575,0.0014));
#14803=CARTESIAN_POINT('',(-0.040725,0.034975,0.0014));
#14804=CARTESIAN_POINT('',(-0.040725,0.034975,0.0014));
#14805=CARTESIAN_POINT('',(-0.041225,0.034975,0.0014));
#14806=CARTESIAN_POINT('',(-0.041225,0.034975,0.));
#14807=CARTESIAN_POINT('',(-0.041225,0.035475,0.));
#14808=CARTESIAN_POINT('',(-0.041225,0.034975,0.0014));
#14809=CARTESIAN_POINT('',(-0.041225,0.035475,0.0014));
#14810=CARTESIAN_POINT('',(-0.041225,0.035475,0.0014));
#14811=CARTESIAN_POINT('',(-0.047625,0.035475,0.0014));
#14812=CARTESIAN_POINT('',(-0.047625,0.035475,0.));
#14813=CARTESIAN_POINT('',(-0.054025,0.035475,0.));
#14814=CARTESIAN_POINT('',(-0.047625,0.035475,0.0014));
#14815=CARTESIAN_POINT('',(-0.054025,0.035475,0.0014));
#14816=CARTESIAN_POINT('',(-0.054025,0.035475,0.0014));
#14817=CARTESIAN_POINT('',(-0.054025,0.034975,0.0014));
#14818=CARTESIAN_POINT('',(-0.054025,0.034975,0.));
#14819=CARTESIAN_POINT('',(-0.054025,0.034975,0.0014));
#14820=CARTESIAN_POINT('',(-0.073575,0.028575,0.0014));
#14821=CARTESIAN_POINT('',(-0.073575,0.028575,0.));
#14822=CARTESIAN_POINT('',(-0.073575,0.034975,0.));
#14823=CARTESIAN_POINT('',(-0.073575,0.022175,0.));
#14824=CARTESIAN_POINT('',(-0.073575,0.034975,0.0014));
#14825=CARTESIAN_POINT('',(-0.073575,0.034975,0.0014));
#14826=CARTESIAN_POINT('',(-0.073575,0.028575,0.0014));
#14827=CARTESIAN_POINT('',(-0.073575,0.022175,0.0014));
#14828=CARTESIAN_POINT('',(-0.073575,0.022175,0.0014));
#14829=CARTESIAN_POINT('',(-0.073075,0.022175,0.0014));
#14830=CARTESIAN_POINT('',(-0.073075,0.022175,0.));
#14831=CARTESIAN_POINT('',(-0.073075,0.021675,0.));
#14832=CARTESIAN_POINT('',(-0.073075,0.022175,0.0014));
#14833=CARTESIAN_POINT('',(-0.073075,0.021675,0.0014));
#14834=CARTESIAN_POINT('',(-0.073075,0.021675,0.0014));
#14835=CARTESIAN_POINT('',(-0.066675,0.021675,0.0014));
#14836=CARTESIAN_POINT('',(-0.066675,0.021675,0.));
#14837=CARTESIAN_POINT('',(-0.060275,0.021675,0.));
#14838=CARTESIAN_POINT('',(-0.066675,0.021675,0.0014));
#14839=CARTESIAN_POINT('',(-0.060275,0.021675,0.0014));
#14840=CARTESIAN_POINT('',(-0.060275,0.021675,0.0014));
#14841=CARTESIAN_POINT('',(-0.060275,0.022175,0.0014));
#14842=CARTESIAN_POINT('',(-0.060275,0.022175,0.));
#14843=CARTESIAN_POINT('',(-0.059775,0.022175,0.));
#14844=CARTESIAN_POINT('',(-0.060275,0.022175,0.0014));
#14845=CARTESIAN_POINT('',(-0.059775,0.022175,0.0014));
#14846=CARTESIAN_POINT('',(-0.059775,0.022175,0.0014));
#14847=CARTESIAN_POINT('',(-0.059775,0.028575,0.0014));
#14848=CARTESIAN_POINT('',(-0.059775,0.028575,0.));
#14849=CARTESIAN_POINT('',(-0.059775,0.034975,0.));
#14850=CARTESIAN_POINT('',(-0.059775,0.028575,0.0014));
#14851=CARTESIAN_POINT('',(-0.059775,0.034975,0.0014));
#14852=CARTESIAN_POINT('',(-0.059775,0.034975,0.0014));
#14853=CARTESIAN_POINT('',(-0.060275,0.034975,0.0014));
#14854=CARTESIAN_POINT('',(-0.060275,0.034975,0.));
#14855=CARTESIAN_POINT('',(-0.060275,0.035475,0.));
#14856=CARTESIAN_POINT('',(-0.060275,0.034975,0.0014));
#14857=CARTESIAN_POINT('',(-0.060275,0.035475,0.0014));
#14858=CARTESIAN_POINT('',(-0.060275,0.035475,0.0014));
#14859=CARTESIAN_POINT('',(-0.066675,0.035475,0.0014));
#14860=CARTESIAN_POINT('',(-0.066675,0.035475,0.));
#14861=CARTESIAN_POINT('',(-0.073075,0.035475,0.));
#14862=CARTESIAN_POINT('',(-0.066675,0.035475,0.0014));
#14863=CARTESIAN_POINT('',(-0.073075,0.035475,0.0014));
#14864=CARTESIAN_POINT('',(-0.073075,0.035475,0.0014));
#14865=CARTESIAN_POINT('',(-0.073075,0.034975,0.0014));
#14866=CARTESIAN_POINT('',(-0.073075,0.034975,0.));
#14867=CARTESIAN_POINT('',(-0.073075,0.034975,0.0014));
#14868=CARTESIAN_POINT('',(-0.092625,0.028575,0.0014));
#14869=CARTESIAN_POINT('',(-0.092625,0.028575,0.));
#14870=CARTESIAN_POINT('',(-0.092625,0.034975,0.));
#14871=CARTESIAN_POINT('',(-0.092625,0.022175,0.));
#14872=CARTESIAN_POINT('',(-0.092625,0.034975,0.0014));
#14873=CARTESIAN_POINT('',(-0.092625,0.034975,0.0014));
#14874=CARTESIAN_POINT('',(-0.092625,0.028575,0.0014));
#14875=CARTESIAN_POINT('',(-0.092625,0.022175,0.0014));
#14876=CARTESIAN_POINT('',(-0.092625,0.022175,0.0014));
#14877=CARTESIAN_POINT('',(-0.092125,0.022175,0.0014));
#14878=CARTESIAN_POINT('',(-0.092125,0.022175,0.));
#14879=CARTESIAN_POINT('',(-0.092125,0.021675,0.));
#14880=CARTESIAN_POINT('',(-0.092125,0.022175,0.0014));
#14881=CARTESIAN_POINT('',(-0.092125,0.021675,0.0014));
#14882=CARTESIAN_POINT('',(-0.092125,0.021675,0.0014));
#14883=CARTESIAN_POINT('',(-0.085725,0.021675,0.0014));
#14884=CARTESIAN_POINT('',(-0.085725,0.021675,0.));
#14885=CARTESIAN_POINT('',(-0.079325,0.021675,0.));
#14886=CARTESIAN_POINT('',(-0.085725,0.021675,0.0014));
#14887=CARTESIAN_POINT('',(-0.079325,0.021675,0.0014));
#14888=CARTESIAN_POINT('',(-0.079325,0.021675,0.0014));
#14889=CARTESIAN_POINT('',(-0.079325,0.022175,0.0014));
#14890=CARTESIAN_POINT('',(-0.079325,0.022175,0.));
#14891=CARTESIAN_POINT('',(-0.078825,0.022175,0.));
#14892=CARTESIAN_POINT('',(-0.079325,0.022175,0.0014));
#14893=CARTESIAN_POINT('',(-0.078825,0.022175,0.0014));
#14894=CARTESIAN_POINT('',(-0.078825,0.022175,0.0014));
#14895=CARTESIAN_POINT('',(-0.078825,0.028575,0.0014));
#14896=CARTESIAN_POINT('',(-0.078825,0.028575,0.));
#14897=CARTESIAN_POINT('',(-0.078825,0.034975,0.));
#14898=CARTESIAN_POINT('',(-0.078825,0.028575,0.0014));
#14899=CARTESIAN_POINT('',(-0.078825,0.034975,0.0014));
#14900=CARTESIAN_POINT('',(-0.078825,0.034975,0.0014));
#14901=CARTESIAN_POINT('',(-0.079325,0.034975,0.0014));
#14902=CARTESIAN_POINT('',(-0.079325,0.034975,0.));
#14903=CARTESIAN_POINT('',(-0.079325,0.035475,0.));
#14904=CARTESIAN_POINT('',(-0.079325,0.034975,0.0014));
#14905=CARTESIAN_POINT('',(-0.079325,0.035475,0.0014));
#14906=CARTESIAN_POINT('',(-0.079325,0.035475,0.0014));
#14907=CARTESIAN_POINT('',(-0.085725,0.035475,0.0014));
#14908=CARTESIAN_POINT('',(-0.085725,0.035475,0.));
#14909=CARTESIAN_POINT('',(-0.092125,0.035475,0.));
#14910=CARTESIAN_POINT('',(-0.085725,0.035475,0.0014));
#14911=CARTESIAN_POINT('',(-0.092125,0.035475,0.0014));
#14912=CARTESIAN_POINT('',(-0.092125,0.035475,0.0014));
#14913=CARTESIAN_POINT('',(-0.092125,0.034975,0.0014));
#14914=CARTESIAN_POINT('',(-0.092125,0.034975,0.));
#14915=CARTESIAN_POINT('',(-0.092125,0.034975,0.0014));
#14916=CARTESIAN_POINT('',(-0.111675,0.028575,0.0014));
#14917=CARTESIAN_POINT('',(-0.111675,0.028575,0.));
#14918=CARTESIAN_POINT('',(-0.111675,0.034975,0.));
#14919=CARTESIAN_POINT('',(-0.111675,0.022175,0.));
#14920=CARTESIAN_POINT('',(-0.111675,0.034975,0.0014));
#14921=CARTESIAN_POINT('',(-0.111675,0.034975,0.0014));
#14922=CARTESIAN_POINT('',(-0.111675,0.028575,0.0014));
#14923=CARTESIAN_POINT('',(-0.111675,0.022175,0.0014));
#14924=CARTESIAN_POINT('',(-0.111675,0.022175,0.0014));
#14925=CARTESIAN_POINT('',(-0.111175,0.022175,0.0014));
#14926=CARTESIAN_POINT('',(-0.111175,0.022175,0.));
#14927=CARTESIAN_POINT('',(-0.111175,0.021675,0.));
#14928=CARTESIAN_POINT('',(-0.111175,0.022175,0.0014));
#14929=CARTESIAN_POINT('',(-0.111175,0.021675,0.0014));
#14930=CARTESIAN_POINT('',(-0.111175,0.021675,0.0014));
#14931=CARTESIAN_POINT('',(-0.104775,0.021675,0.0014));
#14932=CARTESIAN_POINT('',(-0.104775,0.021675,0.));
#14933=CARTESIAN_POINT('',(-0.098375,0.021675,0.));
#14934=CARTESIAN_POINT('',(-0.104775,0.021675,0.0014));
#14935=CARTESIAN_POINT('',(-0.098375,0.021675,0.0014));
#14936=CARTESIAN_POINT('',(-0.098375,0.021675,0.0014));
#14937=CARTESIAN_POINT('',(-0.098375,0.022175,0.0014));
#14938=CARTESIAN_POINT('',(-0.098375,0.022175,0.));
#14939=CARTESIAN_POINT('',(-0.097875,0.022175,0.));
#14940=CARTESIAN_POINT('',(-0.098375,0.022175,0.0014));
#14941=CARTESIAN_POINT('',(-0.097875,0.022175,0.0014));
#14942=CARTESIAN_POINT('',(-0.097875,0.022175,0.0014));
#14943=CARTESIAN_POINT('',(-0.097875,0.028575,0.0014));
#14944=CARTESIAN_POINT('',(-0.097875,0.028575,0.));
#14945=CARTESIAN_POINT('',(-0.097875,0.034975,0.));
#14946=CARTESIAN_POINT('',(-0.097875,0.028575,0.0014));
#14947=CARTESIAN_POINT('',(-0.097875,0.034975,0.0014));
#14948=CARTESIAN_POINT('',(-0.097875,0.034975,0.0014));
#14949=CARTESIAN_POINT('',(-0.098375,0.034975,0.0014));
#14950=CARTESIAN_POINT('',(-0.098375,0.034975,0.));
#14951=CARTESIAN_POINT('',(-0.098375,0.035475,0.));
#14952=CARTESIAN_POINT('',(-0.098375,0.034975,0.0014));
#14953=CARTESIAN_POINT('',(-0.098375,0.035475,0.0014));
#14954=CARTESIAN_POINT('',(-0.098375,0.035475,0.0014));
#14955=CARTESIAN_POINT('',(-0.104775,0.035475,0.0014));
#14956=CARTESIAN_POINT('',(-0.104775,0.035475,0.));
#14957=CARTESIAN_POINT('',(-0.111175,0.035475,0.));
#14958=CARTESIAN_POINT('',(-0.104775,0.035475,0.0014));
#14959=CARTESIAN_POINT('',(-0.111175,0.035475,0.0014));
#14960=CARTESIAN_POINT('',(-0.111175,0.035475,0.0014));
#14961=CARTESIAN_POINT('',(-0.111175,0.034975,0.0014));
#14962=CARTESIAN_POINT('',(-0.111175,0.034975,0.));
#14963=CARTESIAN_POINT('',(-0.111175,0.034975,0.0014));
#14964=CARTESIAN_POINT('',(-0.130725,0.028575,0.0014));
#14965=CARTESIAN_POINT('',(-0.130725,0.028575,0.));
#14966=CARTESIAN_POINT('',(-0.130725,0.034975,0.));
#14967=CARTESIAN_POINT('',(-0.130725,0.022175,0.));
#14968=CARTESIAN_POINT('',(-0.130725,0.034975,0.0014));
#14969=CARTESIAN_POINT('',(-0.130725,0.034975,0.0014));
#14970=CARTESIAN_POINT('',(-0.130725,0.028575,0.0014));
#14971=CARTESIAN_POINT('',(-0.130725,0.022175,0.0014));
#14972=CARTESIAN_POINT('',(-0.130725,0.022175,0.0014));
#14973=CARTESIAN_POINT('',(-0.130225,0.022175,0.0014));
#14974=CARTESIAN_POINT('',(-0.130225,0.022175,0.));
#14975=CARTESIAN_POINT('',(-0.130225,0.021675,0.));
#14976=CARTESIAN_POINT('',(-0.130225,0.022175,0.0014));
#14977=CARTESIAN_POINT('',(-0.130225,0.021675,0.0014));
#14978=CARTESIAN_POINT('',(-0.130225,0.021675,0.0014));
#14979=CARTESIAN_POINT('',(-0.123825,0.021675,0.0014));
#14980=CARTESIAN_POINT('',(-0.123825,0.021675,0.));
#14981=CARTESIAN_POINT('',(-0.117425,0.021675,0.));
#14982=CARTESIAN_POINT('',(-0.123825,0.021675,0.0014));
#14983=CARTESIAN_POINT('',(-0.117425,0.021675,0.0014));
#14984=CARTESIAN_POINT('',(-0.117425,0.021675,0.0014));
#14985=CARTESIAN_POINT('',(-0.117425,0.022175,0.0014));
#14986=CARTESIAN_POINT('',(-0.117425,0.022175,0.));
#14987=CARTESIAN_POINT('',(-0.116925,0.022175,0.));
#14988=CARTESIAN_POINT('',(-0.117425,0.022175,0.0014));
#14989=CARTESIAN_POINT('',(-0.116925,0.022175,0.0014));
#14990=CARTESIAN_POINT('',(-0.116925,0.022175,0.0014));
#14991=CARTESIAN_POINT('',(-0.116925,0.028575,0.0014));
#14992=CARTESIAN_POINT('',(-0.116925,0.028575,0.));
#14993=CARTESIAN_POINT('',(-0.116925,0.034975,0.));
#14994=CARTESIAN_POINT('',(-0.116925,0.028575,0.0014));
#14995=CARTESIAN_POINT('',(-0.116925,0.034975,0.0014));
#14996=CARTESIAN_POINT('',(-0.116925,0.034975,0.0014));
#14997=CARTESIAN_POINT('',(-0.117425,0.034975,0.0014));
#14998=CARTESIAN_POINT('',(-0.117425,0.034975,0.));
#14999=CARTESIAN_POINT('',(-0.117425,0.035475,0.));
#15000=CARTESIAN_POINT('',(-0.117425,0.034975,0.0014));
#15001=CARTESIAN_POINT('',(-0.117425,0.035475,0.0014));
#15002=CARTESIAN_POINT('',(-0.117425,0.035475,0.0014));
#15003=CARTESIAN_POINT('',(-0.123825,0.035475,0.0014));
#15004=CARTESIAN_POINT('',(-0.123825,0.035475,0.));
#15005=CARTESIAN_POINT('',(-0.130225,0.035475,0.));
#15006=CARTESIAN_POINT('',(-0.123825,0.035475,0.0014));
#15007=CARTESIAN_POINT('',(-0.130225,0.035475,0.0014));
#15008=CARTESIAN_POINT('',(-0.130225,0.035475,0.0014));
#15009=CARTESIAN_POINT('',(-0.130225,0.034975,0.0014));
#15010=CARTESIAN_POINT('',(-0.130225,0.034975,0.));
#15011=CARTESIAN_POINT('',(-0.130225,0.034975,0.0014));
#15012=CARTESIAN_POINT('',(-0.149775,0.028575,0.0014));
#15013=CARTESIAN_POINT('',(-0.149775,0.028575,0.));
#15014=CARTESIAN_POINT('',(-0.149775,0.034975,0.));
#15015=CARTESIAN_POINT('',(-0.149775,0.022175,0.));
#15016=CARTESIAN_POINT('',(-0.149775,0.034975,0.0014));
#15017=CARTESIAN_POINT('',(-0.149775,0.034975,0.0014));
#15018=CARTESIAN_POINT('',(-0.149775,0.028575,0.0014));
#15019=CARTESIAN_POINT('',(-0.149775,0.022175,0.0014));
#15020=CARTESIAN_POINT('',(-0.149775,0.022175,0.0014));
#15021=CARTESIAN_POINT('',(-0.149275,0.022175,0.0014));
#15022=CARTESIAN_POINT('',(-0.149275,0.022175,0.));
#15023=CARTESIAN_POINT('',(-0.149275,0.021675,0.));
#15024=CARTESIAN_POINT('',(-0.149275,0.022175,0.0014));
#15025=CARTESIAN_POINT('',(-0.149275,0.021675,0.0014));
#15026=CARTESIAN_POINT('',(-0.149275,0.021675,0.0014));
#15027=CARTESIAN_POINT('',(-0.142875,0.021675,0.0014));
#15028=CARTESIAN_POINT('',(-0.142875,0.021675,0.));
#15029=CARTESIAN_POINT('',(-0.136475,0.021675,0.));
#15030=CARTESIAN_POINT('',(-0.142875,0.021675,0.0014));
#15031=CARTESIAN_POINT('',(-0.136475,0.021675,0.0014));
#15032=CARTESIAN_POINT('',(-0.136475,0.021675,0.0014));
#15033=CARTESIAN_POINT('',(-0.136475,0.022175,0.0014));
#15034=CARTESIAN_POINT('',(-0.136475,0.022175,0.));
#15035=CARTESIAN_POINT('',(-0.135975,0.022175,0.));
#15036=CARTESIAN_POINT('',(-0.136475,0.022175,0.0014));
#15037=CARTESIAN_POINT('',(-0.135975,0.022175,0.0014));
#15038=CARTESIAN_POINT('',(-0.135975,0.022175,0.0014));
#15039=CARTESIAN_POINT('',(-0.135975,0.028575,0.0014));
#15040=CARTESIAN_POINT('',(-0.135975,0.028575,0.));
#15041=CARTESIAN_POINT('',(-0.135975,0.034975,0.));
#15042=CARTESIAN_POINT('',(-0.135975,0.028575,0.0014));
#15043=CARTESIAN_POINT('',(-0.135975,0.034975,0.0014));
#15044=CARTESIAN_POINT('',(-0.135975,0.034975,0.0014));
#15045=CARTESIAN_POINT('',(-0.136475,0.034975,0.0014));
#15046=CARTESIAN_POINT('',(-0.136475,0.034975,0.));
#15047=CARTESIAN_POINT('',(-0.136475,0.035475,0.));
#15048=CARTESIAN_POINT('',(-0.136475,0.034975,0.0014));
#15049=CARTESIAN_POINT('',(-0.136475,0.035475,0.0014));
#15050=CARTESIAN_POINT('',(-0.136475,0.035475,0.0014));
#15051=CARTESIAN_POINT('',(-0.142875,0.035475,0.0014));
#15052=CARTESIAN_POINT('',(-0.142875,0.035475,0.));
#15053=CARTESIAN_POINT('',(-0.149275,0.035475,0.));
#15054=CARTESIAN_POINT('',(-0.142875,0.035475,0.0014));
#15055=CARTESIAN_POINT('',(-0.149275,0.035475,0.0014));
#15056=CARTESIAN_POINT('',(-0.149275,0.035475,0.0014));
#15057=CARTESIAN_POINT('',(-0.149275,0.034975,0.0014));
#15058=CARTESIAN_POINT('',(-0.149275,0.034975,0.));
#15059=CARTESIAN_POINT('',(-0.149275,0.034975,0.0014));
#15060=CARTESIAN_POINT('',(-0.12161875,-0.035125,-0.0236));
#15061=CARTESIAN_POINT('',(-0.12211875,-0.035125,-0.0236));
#15062=CARTESIAN_POINT('',(-0.12211875,-0.035125,0.0014));
#15063=CARTESIAN_POINT('',(-0.12161875,-0.035125,0.0014));
#15064=CARTESIAN_POINT('',(-0.12161875,-0.035625,0.0014));
#15065=CARTESIAN_POINT('',(-0.12161875,-0.035625,-0.0236));
#15066=CARTESIAN_POINT('',(-0.12104375,-0.035625,-0.0236));
#15067=CARTESIAN_POINT('',(-0.12104375,-0.035625,0.0014));
#15068=CARTESIAN_POINT('',(-0.12046875,-0.035625,0.0014));
#15069=CARTESIAN_POINT('',(-0.12046875,-0.035625,-0.0236));
#15070=CARTESIAN_POINT('',(-0.12046875,-0.036125,-0.0236));
#15071=CARTESIAN_POINT('',(-0.11996875,-0.036125,-0.0236));
#15072=CARTESIAN_POINT('',(-0.11996875,-0.036125,0.0014));
#15073=CARTESIAN_POINT('',(-0.12046875,-0.036125,0.0014));
#15074=CARTESIAN_POINT('',(-0.11996875,-0.036625,-0.0236));
#15075=CARTESIAN_POINT('',(-0.11996875,-0.037125,-0.0236));
#15076=CARTESIAN_POINT('',(-0.11996875,-0.037125,0.0014));
#15077=CARTESIAN_POINT('',(-0.11996875,-0.036625,0.0014));
#15078=CARTESIAN_POINT('',(-0.11946875,-0.037125,-0.0236));
#15079=CARTESIAN_POINT('',(-0.11946875,-0.037125,0.0014));
#15080=CARTESIAN_POINT('',(-0.11946875,-0.037625,0.0014));
#15081=CARTESIAN_POINT('',(-0.11946875,-0.037625,-0.0236));
#15082=CARTESIAN_POINT('',(-0.11896875,-0.037625,-0.0236));
#15083=CARTESIAN_POINT('',(-0.11896875,-0.037625,0.0014));
#15084=CARTESIAN_POINT('',(-0.11846875,-0.037625,0.0014));
#15085=CARTESIAN_POINT('',(-0.11846875,-0.037625,-0.0236));
#15086=CARTESIAN_POINT('',(-0.11846875,-0.037125,-0.0236));
#15087=CARTESIAN_POINT('',(-0.11846875,-0.037125,0.0014));
#15088=CARTESIAN_POINT('',(-0.11796875,-0.037125,0.0014));
#15089=CARTESIAN_POINT('',(-0.11796875,-0.037125,-0.0236));
#15090=CARTESIAN_POINT('',(-0.11796875,-0.036625,-0.0236));
#15091=CARTESIAN_POINT('',(-0.11796875,-0.036625,0.0014));
#15092=CARTESIAN_POINT('',(-0.11796875,-0.036125,0.0014));
#15093=CARTESIAN_POINT('',(-0.11796875,-0.036125,-0.0236));
#15094=CARTESIAN_POINT('',(-0.11746875,-0.036125,-0.0236));
#15095=CARTESIAN_POINT('',(-0.11746875,-0.035625,-0.0236));
#15096=CARTESIAN_POINT('',(-0.11746875,-0.035625,0.0014));
#15097=CARTESIAN_POINT('',(-0.11746875,-0.036125,0.0014));
#15098=CARTESIAN_POINT('',(-0.11689375,-0.035625,-0.0236));
#15099=CARTESIAN_POINT('',(-0.11689375,-0.035625,0.0014));
#15100=CARTESIAN_POINT('',(-0.11631875,-0.035625,0.0014));
#15101=CARTESIAN_POINT('',(-0.11631875,-0.035625,-0.0236));
#15102=CARTESIAN_POINT('',(-0.11631875,-0.035125,-0.0236));
#15103=CARTESIAN_POINT('',(-0.11631875,-0.035125,0.0014));
#15104=CARTESIAN_POINT('',(-0.11581875,-0.035125,0.0014));
#15105=CARTESIAN_POINT('',(-0.11581875,-0.035125,-0.0236));
#15106=CARTESIAN_POINT('',(-0.11581875,-0.029225,-0.0236));
#15107=CARTESIAN_POINT('',(-0.11581875,0.,0.));
#15108=CARTESIAN_POINT('',(-0.11581875,-0.029225,0.0014));
#15109=CARTESIAN_POINT('',(-0.11581875,-0.023325,0.0014));
#15110=CARTESIAN_POINT('',(-0.11581875,-0.023325,-0.0236));
#15111=CARTESIAN_POINT('',(-0.11631875,-0.023325,-0.0236));
#15112=CARTESIAN_POINT('',(-0.11631875,-0.023325,0.0014));
#15113=CARTESIAN_POINT('',(-0.11631875,-0.022825,0.0014));
#15114=CARTESIAN_POINT('',(-0.11631875,-0.022825,-0.0236));
#15115=CARTESIAN_POINT('',(-0.11896875,-0.022825,-0.0236));
#15116=CARTESIAN_POINT('',(-0.12161875,-0.022825,-0.0236));
#15117=CARTESIAN_POINT('',(-0.12161875,-0.022825,0.0014));
#15118=CARTESIAN_POINT('',(-0.11896875,-0.022825,0.0014));
#15119=CARTESIAN_POINT('',(-0.12161875,-0.023325,-0.0236));
#15120=CARTESIAN_POINT('',(-0.12161875,-0.023325,0.0014));
#15121=CARTESIAN_POINT('',(-0.12211875,-0.023325,0.0014));
#15122=CARTESIAN_POINT('',(-0.12211875,-0.023325,-0.0236));
#15123=CARTESIAN_POINT('',(-0.12211875,-0.02595,-0.0236));
#15124=CARTESIAN_POINT('',(-0.12211875,0.,0.));
#15125=CARTESIAN_POINT('',(-0.12211875,-0.028575,0.));
#15126=CARTESIAN_POINT('',(-0.12211875,-0.02595,0.0014));
#15127=CARTESIAN_POINT('',(-0.12211875,-0.028575,0.0014));
#15128=CARTESIAN_POINT('',(-0.12211875,-0.028575,-0.0236));
#15129=CARTESIAN_POINT('',(-0.13096875,-0.028575,-0.0236));
#15130=CARTESIAN_POINT('',(-0.12406875,-0.028575,0.0014));
#15131=CARTESIAN_POINT('',(-0.12406875,-0.028575,0.0014));
#15132=CARTESIAN_POINT('',(-0.12406875,-0.028575,0.));
#15133=CARTESIAN_POINT('',(0.,-0.028575,0.));
#15134=CARTESIAN_POINT('',(-0.13096875,-0.028575,0.0014));
#15135=CARTESIAN_POINT('',(-0.12406875,-0.028575,0.0014));
#15136=CARTESIAN_POINT('',(-0.12406875,-0.028575,0.0014));
#15137=CARTESIAN_POINT('',(-0.12406875,-0.022175,0.0014));
#15138=CARTESIAN_POINT('',(-0.12406875,-0.022175,0.0014));
#15139=CARTESIAN_POINT('',(-0.12406875,-0.022175,0.));
#15140=CARTESIAN_POINT('',(-0.12406875,-0.028575,0.));
#15141=CARTESIAN_POINT('',(-0.12456875,-0.022175,0.0014));
#15142=CARTESIAN_POINT('',(-0.12456875,-0.022175,0.));
#15143=CARTESIAN_POINT('',(-0.12456875,-0.021675,0.));
#15144=CARTESIAN_POINT('',(-0.12456875,-0.022175,0.0014));
#15145=CARTESIAN_POINT('',(-0.12456875,-0.021675,0.0014));
#15146=CARTESIAN_POINT('',(-0.12456875,-0.021675,0.0014));
#15147=CARTESIAN_POINT('',(-0.13096875,-0.021675,0.0014));
#15148=CARTESIAN_POINT('',(-0.13096875,-0.021675,0.));
#15149=CARTESIAN_POINT('',(-0.13736875,-0.021675,0.));
#15150=CARTESIAN_POINT('',(-0.13096875,-0.021675,0.0014));
#15151=CARTESIAN_POINT('',(-0.13736875,-0.021675,0.0014));
#15152=CARTESIAN_POINT('',(-0.13736875,-0.021675,0.0014));
#15153=CARTESIAN_POINT('',(-0.13736875,-0.022175,0.0014));
#15154=CARTESIAN_POINT('',(-0.13736875,-0.022175,0.));
#15155=CARTESIAN_POINT('',(-0.13786875,-0.022175,0.));
#15156=CARTESIAN_POINT('',(-0.13736875,-0.022175,0.0014));
#15157=CARTESIAN_POINT('',(-0.13786875,-0.022175,0.0014));
#15158=CARTESIAN_POINT('',(-0.13786875,-0.022175,0.0014));
#15159=CARTESIAN_POINT('',(-0.13786875,-0.028575,0.0014));
#15160=CARTESIAN_POINT('',(-0.13786875,-0.028575,0.0014));
#15161=CARTESIAN_POINT('',(-0.13786875,-0.028575,0.0014));
#15162=CARTESIAN_POINT('',(-0.13786875,-0.028575,0.0014));
#15163=CARTESIAN_POINT('',(-0.13786875,-0.028575,0.));
#15164=CARTESIAN_POINT('',(-0.13786875,-0.028575,0.));
#15165=CARTESIAN_POINT('',(-0.13096875,-0.028575,-0.0236));
#15166=CARTESIAN_POINT('',(-0.13096875,-0.028575,0.0014));
#15167=CARTESIAN_POINT('',(-0.13981875,-0.028575,0.0014));
#15168=CARTESIAN_POINT('',(-0.13981875,-0.028575,-0.0236));
#15169=CARTESIAN_POINT('',(-0.13981875,-0.028575,0.));
#15170=CARTESIAN_POINT('',(0.,-0.028575,0.));
#15171=CARTESIAN_POINT('',(-0.13981875,-0.02595,-0.0236));
#15172=CARTESIAN_POINT('',(-0.13981875,-0.02595,0.0014));
#15173=CARTESIAN_POINT('',(-0.13981875,-0.023325,0.0014));
#15174=CARTESIAN_POINT('',(-0.13981875,-0.023325,-0.0236));
#15175=CARTESIAN_POINT('',(-0.13981875,0.,0.));
#15176=CARTESIAN_POINT('',(-0.14031875,-0.023325,-0.0236));
#15177=CARTESIAN_POINT('',(-0.14031875,-0.022825,-0.0236));
#15178=CARTESIAN_POINT('',(-0.14031875,-0.022825,0.0014));
#15179=CARTESIAN_POINT('',(-0.14031875,-0.023325,0.0014));
#15180=CARTESIAN_POINT('',(-0.14296875,-0.022825,-0.0236));
#15181=CARTESIAN_POINT('',(-0.14296875,-0.022825,0.0014));
#15182=CARTESIAN_POINT('',(-0.14561875,-0.022825,0.0014));
#15183=CARTESIAN_POINT('',(-0.14561875,-0.022825,-0.0236));
#15184=CARTESIAN_POINT('',(-0.14561875,-0.023325,-0.0236));
#15185=CARTESIAN_POINT('',(-0.14611875,-0.023325,-0.0236));
#15186=CARTESIAN_POINT('',(-0.14611875,-0.023325,0.0014));
#15187=CARTESIAN_POINT('',(-0.14561875,-0.023325,0.0014));
#15188=CARTESIAN_POINT('',(-0.14611875,-0.029225,-0.0236));
#15189=CARTESIAN_POINT('',(-0.14611875,0.,0.));
#15190=CARTESIAN_POINT('',(-0.14611875,-0.029225,0.0014));
#15191=CARTESIAN_POINT('',(-0.14611875,-0.035125,0.0014));
#15192=CARTESIAN_POINT('',(-0.14611875,-0.035125,-0.0236));
#15193=CARTESIAN_POINT('',(-0.14561875,-0.035125,-0.0236));
#15194=CARTESIAN_POINT('',(-0.14561875,-0.035625,-0.0236));
#15195=CARTESIAN_POINT('',(-0.14561875,-0.035625,0.0014));
#15196=CARTESIAN_POINT('',(-0.14561875,-0.035125,0.0014));
#15197=CARTESIAN_POINT('',(-0.14504375,-0.035625,-0.0236));
#15198=CARTESIAN_POINT('',(-0.14446875,-0.035625,-0.0236));
#15199=CARTESIAN_POINT('',(-0.14446875,-0.035625,0.0014));
#15200=CARTESIAN_POINT('',(-0.14504375,-0.035625,0.0014));
#15201=CARTESIAN_POINT('',(-0.14446875,-0.036125,-0.0236));
#15202=CARTESIAN_POINT('',(-0.14446875,-0.036125,0.0014));
#15203=CARTESIAN_POINT('',(-0.14396875,-0.036125,0.0014));
#15204=CARTESIAN_POINT('',(-0.14396875,-0.036125,-0.0236));
#15205=CARTESIAN_POINT('',(-0.14396875,-0.036625,-0.0236));
#15206=CARTESIAN_POINT('',(-0.14396875,-0.037125,-0.0236));
#15207=CARTESIAN_POINT('',(-0.14396875,-0.037125,0.0014));
#15208=CARTESIAN_POINT('',(-0.14396875,-0.036625,0.0014));
#15209=CARTESIAN_POINT('',(-0.14346875,-0.037125,-0.0236));
#15210=CARTESIAN_POINT('',(-0.14346875,-0.037625,-0.0236));
#15211=CARTESIAN_POINT('',(-0.14346875,-0.037625,0.0014));
#15212=CARTESIAN_POINT('',(-0.14346875,-0.037125,0.0014));
#15213=CARTESIAN_POINT('',(-0.14296875,-0.037625,-0.0236));
#15214=CARTESIAN_POINT('',(-0.14246875,-0.037625,-0.0236));
#15215=CARTESIAN_POINT('',(-0.14246875,-0.037625,0.0014));
#15216=CARTESIAN_POINT('',(-0.14296875,-0.037625,0.0014));
#15217=CARTESIAN_POINT('',(-0.14246875,-0.037125,-0.0236));
#15218=CARTESIAN_POINT('',(-0.14196875,-0.037125,-0.0236));
#15219=CARTESIAN_POINT('',(-0.14196875,-0.037125,0.0014));
#15220=CARTESIAN_POINT('',(-0.14246875,-0.037125,0.0014));
#15221=CARTESIAN_POINT('',(-0.14196875,-0.036625,-0.0236));
#15222=CARTESIAN_POINT('',(-0.14196875,-0.036625,0.0014));
#15223=CARTESIAN_POINT('',(-0.14196875,-0.036125,0.0014));
#15224=CARTESIAN_POINT('',(-0.14196875,-0.036125,-0.0236));
#15225=CARTESIAN_POINT('',(-0.14146875,-0.036125,-0.0236));
#15226=CARTESIAN_POINT('',(-0.14146875,-0.036125,0.0014));
#15227=CARTESIAN_POINT('',(-0.14146875,-0.035625,0.0014));
#15228=CARTESIAN_POINT('',(-0.14146875,-0.035625,-0.0236));
#15229=CARTESIAN_POINT('',(-0.14089375,-0.035625,-0.0236));
#15230=CARTESIAN_POINT('',(-0.14031875,-0.035625,-0.0236));
#15231=CARTESIAN_POINT('',(-0.14031875,-0.035625,0.0014));
#15232=CARTESIAN_POINT('',(-0.14089375,-0.035625,0.0014));
#15233=CARTESIAN_POINT('',(-0.14031875,-0.035125,-0.0236));
#15234=CARTESIAN_POINT('',(-0.13981875,-0.035125,-0.0236));
#15235=CARTESIAN_POINT('',(-0.13981875,-0.035125,0.0014));
#15236=CARTESIAN_POINT('',(-0.14031875,-0.035125,0.0014));
#15237=CARTESIAN_POINT('',(-0.13981875,-0.03285,-0.0236));
#15238=CARTESIAN_POINT('',(-0.13981875,0.,0.));
#15239=CARTESIAN_POINT('',(-0.13981875,-0.030575,0.));
#15240=CARTESIAN_POINT('',(-0.13981875,-0.03285,0.0014));
#15241=CARTESIAN_POINT('',(-0.13981875,-0.030575,0.0014));
#15242=CARTESIAN_POINT('',(-0.13981875,-0.030575,-0.0236));
#15243=CARTESIAN_POINT('',(-0.13096875,-0.030575,-0.0236));
#15244=CARTESIAN_POINT('',(0.,-0.030575,0.));
#15245=CARTESIAN_POINT('',(-0.13786875,-0.030575,0.));
#15246=CARTESIAN_POINT('',(-0.13096875,-0.030575,0.0014));
#15247=CARTESIAN_POINT('',(-0.13786875,-0.030575,0.0014));
#15248=CARTESIAN_POINT('',(-0.13786875,-0.030575,0.0014));
#15249=CARTESIAN_POINT('',(-0.13786875,-0.028575,0.0014));
#15250=CARTESIAN_POINT('',(-0.13786875,-0.028575,0.));
#15251=CARTESIAN_POINT('',(-0.13786875,-0.034975,0.));
#15252=CARTESIAN_POINT('',(-0.13786875,-0.028575,0.0014));
#15253=CARTESIAN_POINT('',(-0.13786875,-0.034975,0.0014));
#15254=CARTESIAN_POINT('',(-0.13786875,-0.034975,0.0014));
#15255=CARTESIAN_POINT('',(-0.13736875,-0.034975,0.0014));
#15256=CARTESIAN_POINT('',(-0.13736875,-0.034975,0.));
#15257=CARTESIAN_POINT('',(-0.13736875,-0.035475,0.));
#15258=CARTESIAN_POINT('',(-0.13736875,-0.034975,0.0014));
#15259=CARTESIAN_POINT('',(-0.13736875,-0.035475,0.0014));
#15260=CARTESIAN_POINT('',(-0.13736875,-0.035475,0.0014));
#15261=CARTESIAN_POINT('',(-0.13096875,-0.035475,0.0014));
#15262=CARTESIAN_POINT('',(-0.13096875,-0.035475,0.));
#15263=CARTESIAN_POINT('',(-0.12456875,-0.035475,0.));
#15264=CARTESIAN_POINT('',(-0.13096875,-0.035475,0.0014));
#15265=CARTESIAN_POINT('',(-0.12456875,-0.035475,0.0014));
#15266=CARTESIAN_POINT('',(-0.12456875,-0.035475,0.0014));
#15267=CARTESIAN_POINT('',(-0.12456875,-0.034975,0.0014));
#15268=CARTESIAN_POINT('',(-0.12456875,-0.034975,0.));
#15269=CARTESIAN_POINT('',(-0.12406875,-0.034975,0.));
#15270=CARTESIAN_POINT('',(-0.12456875,-0.034975,0.0014));
#15271=CARTESIAN_POINT('',(-0.12406875,-0.034975,0.0014));
#15272=CARTESIAN_POINT('',(-0.12406875,-0.034975,0.0014));
#15273=CARTESIAN_POINT('',(-0.12406875,-0.028575,0.0014));
#15274=CARTESIAN_POINT('',(-0.12406875,-0.030575,0.0014));
#15275=CARTESIAN_POINT('',(-0.12406875,-0.030575,0.));
#15276=CARTESIAN_POINT('',(-0.12406875,-0.030575,0.0014));
#15277=CARTESIAN_POINT('',(-0.12406875,-0.028575,0.));
#15278=CARTESIAN_POINT('',(-0.12406875,-0.028575,0.0014));
#15279=CARTESIAN_POINT('',(-0.13096875,-0.030575,-0.0236));
#15280=CARTESIAN_POINT('',(-0.13096875,-0.030575,0.0014));
#15281=CARTESIAN_POINT('',(-0.12211875,-0.030575,0.0014));
#15282=CARTESIAN_POINT('',(-0.12211875,-0.030575,-0.0236));
#15283=CARTESIAN_POINT('',(-0.12211875,-0.030575,0.));
#15284=CARTESIAN_POINT('',(0.,-0.030575,0.));
#15285=CARTESIAN_POINT('',(-0.12211875,-0.03285,-0.0236));
#15286=CARTESIAN_POINT('',(-0.12211875,-0.03285,0.0014));
#15287=CARTESIAN_POINT('',(-0.12211875,0.,0.));
#15288=CARTESIAN_POINT('',(0.0021375,-0.028575,0.0014));
#15289=CARTESIAN_POINT('',(0.0021375,-0.028575,0.));
#15290=CARTESIAN_POINT('',(0.0021375,-0.022175,0.));
#15291=CARTESIAN_POINT('',(0.0021375,-0.034975,0.));
#15292=CARTESIAN_POINT('',(0.0021375,-0.034975,0.0014));
#15293=CARTESIAN_POINT('',(0.0021375,-0.034975,0.0014));
#15294=CARTESIAN_POINT('',(0.0021375,-0.028575,0.0014));
#15295=CARTESIAN_POINT('',(0.0021375,-0.022175,0.0014));
#15296=CARTESIAN_POINT('',(0.0021375,-0.022175,0.0014));
#15297=CARTESIAN_POINT('',(0.0016375,-0.022175,0.0014));
#15298=CARTESIAN_POINT('',(0.0016375,-0.022175,0.));
#15299=CARTESIAN_POINT('',(0.0016375,-0.021675,0.));
#15300=CARTESIAN_POINT('',(0.0016375,-0.022175,0.0014));
#15301=CARTESIAN_POINT('',(0.0016375,-0.021675,0.0014));
#15302=CARTESIAN_POINT('',(0.0016375,-0.021675,0.0014));
#15303=CARTESIAN_POINT('',(-0.0047625,-0.021675,0.0014));
#15304=CARTESIAN_POINT('',(-0.0047625,-0.021675,0.));
#15305=CARTESIAN_POINT('',(-0.0111625,-0.021675,0.));
#15306=CARTESIAN_POINT('',(-0.0047625,-0.021675,0.0014));
#15307=CARTESIAN_POINT('',(-0.0111625,-0.021675,0.0014));
#15308=CARTESIAN_POINT('',(-0.0111625,-0.021675,0.0014));
#15309=CARTESIAN_POINT('',(-0.0111625,-0.022175,0.0014));
#15310=CARTESIAN_POINT('',(-0.0111625,-0.022175,0.));
#15311=CARTESIAN_POINT('',(-0.0116625,-0.022175,0.));
#15312=CARTESIAN_POINT('',(-0.0111625,-0.022175,0.0014));
#15313=CARTESIAN_POINT('',(-0.0116625,-0.022175,0.0014));
#15314=CARTESIAN_POINT('',(-0.0116625,-0.022175,0.0014));
#15315=CARTESIAN_POINT('',(-0.0116625,-0.028575,0.0014));
#15316=CARTESIAN_POINT('',(-0.0116625,-0.028575,0.));
#15317=CARTESIAN_POINT('',(-0.0116625,-0.034975,0.));
#15318=CARTESIAN_POINT('',(-0.0116625,-0.028575,0.0014));
#15319=CARTESIAN_POINT('',(-0.0116625,-0.034975,0.0014));
#15320=CARTESIAN_POINT('',(-0.0116625,-0.034975,0.0014));
#15321=CARTESIAN_POINT('',(-0.0111625,-0.034975,0.0014));
#15322=CARTESIAN_POINT('',(-0.0111625,-0.034975,0.));
#15323=CARTESIAN_POINT('',(-0.0111625,-0.035475,0.));
#15324=CARTESIAN_POINT('',(-0.0111625,-0.034975,0.0014));
#15325=CARTESIAN_POINT('',(-0.0111625,-0.035475,0.0014));
#15326=CARTESIAN_POINT('',(-0.0111625,-0.035475,0.0014));
#15327=CARTESIAN_POINT('',(-0.0047625,-0.035475,0.0014));
#15328=CARTESIAN_POINT('',(-0.0047625,-0.035475,0.0014));
#15329=CARTESIAN_POINT('',(0.0016375,-0.035475,0.0014));
#15330=CARTESIAN_POINT('',(0.0016375,-0.035475,0.0014));
#15331=CARTESIAN_POINT('',(0.0016375,-0.035475,0.));
#15332=CARTESIAN_POINT('',(-0.0047625,-0.035475,0.));
#15333=CARTESIAN_POINT('',(0.0016375,-0.034975,0.0014));
#15334=CARTESIAN_POINT('',(0.0016375,-0.034975,0.));
#15335=CARTESIAN_POINT('',(0.0016375,-0.034975,0.0014));
#15336=CARTESIAN_POINT('',(-0.02545,0.0587875,0.0014));
#15337=CARTESIAN_POINT('',(-0.02545,0.0587875,0.));
#15338=CARTESIAN_POINT('',(-0.02545,0.0592875,0.));
#15339=CARTESIAN_POINT('',(-0.02595,0.0587875,0.));
#15340=CARTESIAN_POINT('',(-0.02545,0.0592875,0.0014));
#15341=CARTESIAN_POINT('',(-0.02545,0.0592875,0.0014));
#15342=CARTESIAN_POINT('',(-0.02545,0.0587875,0.0014));
#15343=CARTESIAN_POINT('',(-0.02595,0.0587875,0.0014));
#15344=CARTESIAN_POINT('',(-0.02595,0.0587875,0.0014));
#15345=CARTESIAN_POINT('',(-0.02595,0.0523875,0.0014));
#15346=CARTESIAN_POINT('',(-0.02595,0.0523875,0.));
#15347=CARTESIAN_POINT('',(-0.02595,0.0459875,0.));
#15348=CARTESIAN_POINT('',(-0.02595,0.0523875,0.0014));
#15349=CARTESIAN_POINT('',(-0.02595,0.0459875,0.0014));
#15350=CARTESIAN_POINT('',(-0.02595,0.0459875,0.0014));
#15351=CARTESIAN_POINT('',(-0.02545,0.0459875,0.0014));
#15352=CARTESIAN_POINT('',(-0.02545,0.0459875,0.));
#15353=CARTESIAN_POINT('',(-0.02545,0.0454875,0.));
#15354=CARTESIAN_POINT('',(-0.02545,0.0459875,0.0014));
#15355=CARTESIAN_POINT('',(-0.02545,0.0454875,0.0014));
#15356=CARTESIAN_POINT('',(-0.02545,0.0454875,0.0014));
#15357=CARTESIAN_POINT('',(-0.01905,0.0454875,0.0014));
#15358=CARTESIAN_POINT('',(-0.01905,0.0454875,0.));
#15359=CARTESIAN_POINT('',(-0.01265,0.0454875,0.));
#15360=CARTESIAN_POINT('',(-0.01905,0.0454875,0.0014));
#15361=CARTESIAN_POINT('',(-0.01265,0.0454875,0.0014));
#15362=CARTESIAN_POINT('',(-0.01265,0.0454875,0.0014));
#15363=CARTESIAN_POINT('',(-0.01265,0.0459875,0.0014));
#15364=CARTESIAN_POINT('',(-0.01265,0.0459875,0.));
#15365=CARTESIAN_POINT('',(-0.01215,0.0459875,0.));
#15366=CARTESIAN_POINT('',(-0.01265,0.0459875,0.0014));
#15367=CARTESIAN_POINT('',(-0.01215,0.0459875,0.0014));
#15368=CARTESIAN_POINT('',(-0.01215,0.0459875,0.0014));
#15369=CARTESIAN_POINT('',(-0.01215,0.0523875,0.0014));
#15370=CARTESIAN_POINT('',(-0.01215,0.0523875,0.));
#15371=CARTESIAN_POINT('',(-0.01215,0.0587875,0.));
#15372=CARTESIAN_POINT('',(-0.01215,0.0523875,0.0014));
#15373=CARTESIAN_POINT('',(-0.01215,0.0587875,0.0014));
#15374=CARTESIAN_POINT('',(-0.01215,0.0587875,0.0014));
#15375=CARTESIAN_POINT('',(-0.01265,0.0587875,0.0014));
#15376=CARTESIAN_POINT('',(-0.01265,0.0587875,0.));
#15377=CARTESIAN_POINT('',(-0.01265,0.0592875,0.));
#15378=CARTESIAN_POINT('',(-0.01265,0.0587875,0.0014));
#15379=CARTESIAN_POINT('',(-0.01265,0.0592875,0.0014));
#15380=CARTESIAN_POINT('',(-0.01265,0.0592875,0.0014));
#15381=CARTESIAN_POINT('',(-0.01905,0.0592875,0.0014));
#15382=CARTESIAN_POINT('',(-0.01905,0.0592875,0.));
#15383=CARTESIAN_POINT('',(-0.01905,0.0592875,0.0014));
#15384=CARTESIAN_POINT('',(-0.01453125,-0.047625,0.0014));
#15385=CARTESIAN_POINT('',(-0.01453125,-0.047625,0.0014));
#15386=CARTESIAN_POINT('',(-0.01453125,-0.047625,0.0014));
#15387=CARTESIAN_POINT('',(-0.01453125,-0.047625,0.));
#15388=CARTESIAN_POINT('',(-0.01453125,-0.047625,0.0014));
#15389=CARTESIAN_POINT('',(-0.01453125,-0.041225,0.0014));
#15390=CARTESIAN_POINT('',(-0.01453125,-0.041225,0.0014));
#15391=CARTESIAN_POINT('',(-0.01453125,-0.041225,0.));
#15392=CARTESIAN_POINT('',(-0.01453125,-0.047625,0.));
#15393=CARTESIAN_POINT('',(-0.01503125,-0.041225,0.0014));
#15394=CARTESIAN_POINT('',(-0.01503125,-0.041225,0.));
#15395=CARTESIAN_POINT('',(-0.01503125,-0.040725,0.));
#15396=CARTESIAN_POINT('',(-0.01503125,-0.041225,0.0014));
#15397=CARTESIAN_POINT('',(-0.01503125,-0.040725,0.0014));
#15398=CARTESIAN_POINT('',(-0.01503125,-0.040725,0.0014));
#15399=CARTESIAN_POINT('',(-0.02143125,-0.040725,0.0014));
#15400=CARTESIAN_POINT('',(-0.02143125,-0.040725,0.));
#15401=CARTESIAN_POINT('',(-0.02783125,-0.040725,0.));
#15402=CARTESIAN_POINT('',(-0.02143125,-0.040725,0.0014));
#15403=CARTESIAN_POINT('',(-0.02783125,-0.040725,0.0014));
#15404=CARTESIAN_POINT('',(-0.02783125,-0.040725,0.0014));
#15405=CARTESIAN_POINT('',(-0.02783125,-0.041225,0.0014));
#15406=CARTESIAN_POINT('',(-0.02783125,-0.041225,0.));
#15407=CARTESIAN_POINT('',(-0.02833125,-0.041225,0.));
#15408=CARTESIAN_POINT('',(-0.02783125,-0.041225,0.0014));
#15409=CARTESIAN_POINT('',(-0.02833125,-0.041225,0.0014));
#15410=CARTESIAN_POINT('',(-0.02833125,-0.041225,0.0014));
#15411=CARTESIAN_POINT('',(-0.02833125,-0.047625,0.0014));
#15412=CARTESIAN_POINT('',(-0.02833125,-0.047625,0.0014));
#15413=CARTESIAN_POINT('',(-0.02833125,-0.047625,0.0014));
#15414=CARTESIAN_POINT('',(-0.02833125,-0.047625,0.0014));
#15415=CARTESIAN_POINT('',(-0.02833125,-0.047625,0.));
#15416=CARTESIAN_POINT('',(-0.02833125,-0.047625,0.));
#15417=CARTESIAN_POINT('',(-0.02143125,-0.047625,-0.0236));
#15418=CARTESIAN_POINT('',(-0.02143125,-0.047625,0.0014));
#15419=CARTESIAN_POINT('',(-0.06828125,-0.047625,0.0014));
#15420=CARTESIAN_POINT('',(-0.06828125,-0.047625,-0.0236));
#15421=CARTESIAN_POINT('',(-0.06828125,-0.047625,0.));
#15422=CARTESIAN_POINT('',(0.,-0.047625,0.));
#15423=CARTESIAN_POINT('',(-0.06828125,-0.045,-0.0236));
#15424=CARTESIAN_POINT('',(-0.06828125,-0.045,0.0014));
#15425=CARTESIAN_POINT('',(-0.06828125,-0.042375,0.0014));
#15426=CARTESIAN_POINT('',(-0.06828125,-0.042375,-0.0236));
#15427=CARTESIAN_POINT('',(-0.06828125,0.,0.));
#15428=CARTESIAN_POINT('',(-0.06878125,-0.042375,-0.0236));
#15429=CARTESIAN_POINT('',(-0.06878125,-0.041875,-0.0236));
#15430=CARTESIAN_POINT('',(-0.06878125,-0.041875,0.0014));
#15431=CARTESIAN_POINT('',(-0.06878125,-0.042375,0.0014));
#15432=CARTESIAN_POINT('',(-0.07143125,-0.041875,-0.0236));
#15433=CARTESIAN_POINT('',(-0.07143125,-0.041875,0.0014));
#15434=CARTESIAN_POINT('',(-0.07408125,-0.041875,0.0014));
#15435=CARTESIAN_POINT('',(-0.07408125,-0.041875,-0.0236));
#15436=CARTESIAN_POINT('',(-0.07408125,-0.042375,-0.0236));
#15437=CARTESIAN_POINT('',(-0.07458125,-0.042375,-0.0236));
#15438=CARTESIAN_POINT('',(-0.07458125,-0.042375,0.0014));
#15439=CARTESIAN_POINT('',(-0.07408125,-0.042375,0.0014));
#15440=CARTESIAN_POINT('',(-0.07458125,-0.048275,-0.0236));
#15441=CARTESIAN_POINT('',(-0.07458125,0.,0.));
#15442=CARTESIAN_POINT('',(-0.07458125,-0.05715,0.));
#15443=CARTESIAN_POINT('',(-0.07458125,-0.048275,0.0014));
#15444=CARTESIAN_POINT('',(-0.07458125,-0.054175,0.0014));
#15445=CARTESIAN_POINT('',(-0.07458125,-0.054175,-0.0236));
#15446=CARTESIAN_POINT('',(-0.07458125,-0.05715,0.0014));
#15447=CARTESIAN_POINT('',(-0.07408125,-0.054175,-0.0236));
#15448=CARTESIAN_POINT('',(-0.07408125,-0.054675,-0.0236));
#15449=CARTESIAN_POINT('',(-0.07408125,-0.054675,0.0014));
#15450=CARTESIAN_POINT('',(-0.07408125,-0.054175,0.0014));
#15451=CARTESIAN_POINT('',(-0.07350625,-0.054675,-0.0236));
#15452=CARTESIAN_POINT('',(-0.07293125,-0.054675,-0.0236));
#15453=CARTESIAN_POINT('',(-0.07293125,-0.054675,0.0014));
#15454=CARTESIAN_POINT('',(-0.07350625,-0.054675,0.0014));
#15455=CARTESIAN_POINT('',(-0.07293125,-0.055175,-0.0236));
#15456=CARTESIAN_POINT('',(-0.07293125,-0.055175,0.0014));
#15457=CARTESIAN_POINT('',(-0.07243125,-0.055175,0.0014));
#15458=CARTESIAN_POINT('',(-0.07243125,-0.055175,-0.0236));
#15459=CARTESIAN_POINT('',(-0.07243125,-0.055675,-0.0236));
#15460=CARTESIAN_POINT('',(-0.07243125,-0.056175,-0.0236));
#15461=CARTESIAN_POINT('',(-0.07243125,-0.056175,0.0014));
#15462=CARTESIAN_POINT('',(-0.07243125,-0.055675,0.0014));
#15463=CARTESIAN_POINT('',(-0.07193125,-0.056175,-0.0236));
#15464=CARTESIAN_POINT('',(-0.07193125,-0.056675,-0.0236));
#15465=CARTESIAN_POINT('',(-0.07193125,-0.056675,0.0014));
#15466=CARTESIAN_POINT('',(-0.07193125,-0.056175,0.0014));
#15467=CARTESIAN_POINT('',(-0.07143125,-0.056675,-0.0236));
#15468=CARTESIAN_POINT('',(-0.07093125,-0.056675,-0.0236));
#15469=CARTESIAN_POINT('',(-0.07093125,-0.056675,0.0014));
#15470=CARTESIAN_POINT('',(-0.07143125,-0.056675,0.0014));
#15471=CARTESIAN_POINT('',(-0.07093125,-0.056175,-0.0236));
#15472=CARTESIAN_POINT('',(-0.07043125,-0.056175,-0.0236));
#15473=CARTESIAN_POINT('',(-0.07043125,-0.056175,0.0014));
#15474=CARTESIAN_POINT('',(-0.07093125,-0.056175,0.0014));
#15475=CARTESIAN_POINT('',(-0.07043125,-0.055675,-0.0236));
#15476=CARTESIAN_POINT('',(-0.07043125,-0.055675,0.0014));
#15477=CARTESIAN_POINT('',(-0.07043125,-0.055175,0.0014));
#15478=CARTESIAN_POINT('',(-0.07043125,-0.055175,-0.0236));
#15479=CARTESIAN_POINT('',(-0.06993125,-0.055175,-0.0236));
#15480=CARTESIAN_POINT('',(-0.06993125,-0.055175,0.0014));
#15481=CARTESIAN_POINT('',(-0.06993125,-0.054675,0.0014));
#15482=CARTESIAN_POINT('',(-0.06993125,-0.054675,-0.0236));
#15483=CARTESIAN_POINT('',(-0.06935625,-0.054675,-0.0236));
#15484=CARTESIAN_POINT('',(-0.06878125,-0.054675,-0.0236));
#15485=CARTESIAN_POINT('',(-0.06878125,-0.054675,0.0014));
#15486=CARTESIAN_POINT('',(-0.06935625,-0.054675,0.0014));
#15487=CARTESIAN_POINT('',(-0.06878125,-0.054175,-0.0236));
#15488=CARTESIAN_POINT('',(-0.06828125,-0.054175,-0.0236));
#15489=CARTESIAN_POINT('',(-0.06828125,-0.054175,0.0014));
#15490=CARTESIAN_POINT('',(-0.06878125,-0.054175,0.0014));
#15491=CARTESIAN_POINT('',(-0.06828125,-0.0519,-0.0236));
#15492=CARTESIAN_POINT('',(-0.06828125,0.,0.));
#15493=CARTESIAN_POINT('',(-0.06828125,-0.05715,0.));
#15494=CARTESIAN_POINT('',(-0.06828125,-0.049625,0.));
#15495=CARTESIAN_POINT('',(-0.06828125,-0.05715,0.0014));
#15496=CARTESIAN_POINT('',(-0.06828125,-0.0519,0.0014));
#15497=CARTESIAN_POINT('',(-0.06828125,-0.049625,0.0014));
#15498=CARTESIAN_POINT('',(-0.06828125,-0.049625,-0.0236));
#15499=CARTESIAN_POINT('',(-0.02143125,-0.049625,-0.0236));
#15500=CARTESIAN_POINT('',(7.34989562393589E-18,-0.049625,0.));
#15501=CARTESIAN_POINT('',(-0.02833125,-0.049625,0.));
#15502=CARTESIAN_POINT('',(-0.02143125,-0.049625,0.0014));
#15503=CARTESIAN_POINT('',(-0.02833125,-0.049625,0.0014));
#15504=CARTESIAN_POINT('',(-0.02833125,-0.049625,0.0014));
#15505=CARTESIAN_POINT('',(-0.02833125,-0.047625,0.0014));
#15506=CARTESIAN_POINT('',(-0.02833125,-0.047625,0.));
#15507=CARTESIAN_POINT('',(-0.02833125,-0.054025,0.));
#15508=CARTESIAN_POINT('',(-0.02833125,-0.047625,0.0014));
#15509=CARTESIAN_POINT('',(-0.02833125,-0.054025,0.0014));
#15510=CARTESIAN_POINT('',(-0.02833125,-0.054025,0.0014));
#15511=CARTESIAN_POINT('',(-0.02783125,-0.054025,0.0014));
#15512=CARTESIAN_POINT('',(-0.02783125,-0.054025,0.));
#15513=CARTESIAN_POINT('',(-0.02783125,-0.054525,0.));
#15514=CARTESIAN_POINT('',(-0.02783125,-0.054025,0.0014));
#15515=CARTESIAN_POINT('',(-0.02783125,-0.054525,0.0014));
#15516=CARTESIAN_POINT('',(-0.02783125,-0.054525,0.0014));
#15517=CARTESIAN_POINT('',(-0.02143125,-0.054525,0.0014));
#15518=CARTESIAN_POINT('',(-0.02143125,-0.054525,0.0014));
#15519=CARTESIAN_POINT('',(-0.01503125,-0.054525,0.0014));
#15520=CARTESIAN_POINT('',(-0.01503125,-0.054525,0.0014));
#15521=CARTESIAN_POINT('',(-0.01503125,-0.054525,0.));
#15522=CARTESIAN_POINT('',(-0.02143125,-0.054525,0.));
#15523=CARTESIAN_POINT('',(-0.01503125,-0.054025,0.0014));
#15524=CARTESIAN_POINT('',(-0.01503125,-0.054025,0.));
#15525=CARTESIAN_POINT('',(-0.01453125,-0.054025,0.));
#15526=CARTESIAN_POINT('',(-0.01503125,-0.054025,0.0014));
#15527=CARTESIAN_POINT('',(-0.01453125,-0.054025,0.0014));
#15528=CARTESIAN_POINT('',(-0.01453125,-0.054025,0.0014));
#15529=CARTESIAN_POINT('',(-0.01453125,-0.047625,0.0014));
#15530=CARTESIAN_POINT('',(-0.01453125,-0.049625,0.0014));
#15531=CARTESIAN_POINT('',(-0.01453125,-0.049625,0.));
#15532=CARTESIAN_POINT('',(-0.01453125,-0.049625,0.0014));
#15533=CARTESIAN_POINT('',(-0.01453125,-0.047625,0.));
#15534=CARTESIAN_POINT('',(-0.01453125,-0.047625,0.0014));
#15535=CARTESIAN_POINT('',(-0.018,-0.05915,-2.00000000000005E-6));
#15536=CARTESIAN_POINT('',(-0.018,-0.05915,0.));
#15537=CARTESIAN_POINT('',(-0.018,-0.05715,0.));
#15538=CARTESIAN_POINT('',(-0.02,-0.05915,0.));
#15539=CARTESIAN_POINT('',(-0.018,-0.05715,-2.00000000000005E-6));
#15540=CARTESIAN_POINT('',(-0.018,-0.05715,0.0014));
#15541=CARTESIAN_POINT('',(-0.018,-0.05915,0.0014));
#15542=CARTESIAN_POINT('',(-0.02,-0.05915,0.0014));
#15543=CARTESIAN_POINT('',(-0.02,-0.05915,-2.00000000000005E-6));
#15544=CARTESIAN_POINT('',(-0.02,-0.06015,-2.00000000000005E-6));
#15545=CARTESIAN_POINT('',(-0.02,-0.06115,-2.00000000000005E-6));
#15546=CARTESIAN_POINT('',(-0.02,-0.06115,0.));
#15547=CARTESIAN_POINT('',(-0.02,-0.06115,0.0014));
#15548=CARTESIAN_POINT('',(-0.02,-0.06015,0.));
#15549=CARTESIAN_POINT('',(-0.02,-0.06015,0.0014));
#15550=CARTESIAN_POINT('',(-0.022,-0.06115,-2.00000000000005E-6));
#15551=CARTESIAN_POINT('',(-0.022,-0.06315,-2.00000000000005E-6));
#15552=CARTESIAN_POINT('',(-0.022,-0.06315,0.));
#15553=CARTESIAN_POINT('',(-0.022,-0.06315,0.0014));
#15554=CARTESIAN_POINT('',(-0.022,-0.06115,0.));
#15555=CARTESIAN_POINT('',(-0.022,-0.06115,0.0014));
#15556=CARTESIAN_POINT('',(-0.04,-0.06315,-2.00000000000005E-6));
#15557=CARTESIAN_POINT('',(-0.058,-0.06315,-2.00000000000005E-6));
#15558=CARTESIAN_POINT('',(-0.058,-0.06315,0.));
#15559=CARTESIAN_POINT('',(-0.058,-0.06315,0.0014));
#15560=CARTESIAN_POINT('',(-0.04,-0.06315,0.));
#15561=CARTESIAN_POINT('',(-0.04,-0.06315,0.0014));
#15562=CARTESIAN_POINT('',(-0.058,-0.06115,-2.00000000000005E-6));
#15563=CARTESIAN_POINT('',(-0.058,-0.06115,0.));
#15564=CARTESIAN_POINT('',(-0.06,-0.06115,0.));
#15565=CARTESIAN_POINT('',(-0.058,-0.06115,0.0014));
#15566=CARTESIAN_POINT('',(-0.06,-0.06115,0.0014));
#15567=CARTESIAN_POINT('',(-0.06,-0.06115,-2.00000000000005E-6));
#15568=CARTESIAN_POINT('',(-0.06,-0.06015,-2.00000000000005E-6));
#15569=CARTESIAN_POINT('',(-0.06,-0.06015,0.));
#15570=CARTESIAN_POINT('',(-0.06,-0.05915,0.));
#15571=CARTESIAN_POINT('',(-0.06,-0.06015,0.0014));
#15572=CARTESIAN_POINT('',(-0.06,-0.05915,0.0014));
#15573=CARTESIAN_POINT('',(-0.06,-0.05915,-2.00000000000005E-6));
#15574=CARTESIAN_POINT('',(-0.062,-0.05915,-2.00000000000005E-6));
#15575=CARTESIAN_POINT('',(-0.062,-0.05715,-2.00000000000005E-6));
#15576=CARTESIAN_POINT('',(-0.062,-0.05715,0.));
#15577=CARTESIAN_POINT('',(-0.062,-0.05715,0.0014));
#15578=CARTESIAN_POINT('',(-0.062,-0.05915,0.));
#15579=CARTESIAN_POINT('',(-0.062,-0.05915,0.0014));
#15580=CARTESIAN_POINT('',(0.,-0.05715,0.0014));
#15581=CARTESIAN_POINT('',(0.,-0.05715,0.));
#15582=CARTESIAN_POINT('',(0.,-0.05715,0.0014));
#15583=CARTESIAN_POINT('',(-0.098,-0.05715,0.0014));
#15584=CARTESIAN_POINT('',(-0.098,-0.05715,-2.00000000000005E-6));
#15585=CARTESIAN_POINT('',(-0.098,-0.05715,0.));
#15586=CARTESIAN_POINT('',(0.,-0.05715,0.));
#15587=CARTESIAN_POINT('',(-0.098,-0.05915,-2.00000000000005E-6));
#15588=CARTESIAN_POINT('',(-0.098,-0.05915,0.));
#15589=CARTESIAN_POINT('',(-0.1,-0.05915,0.));
#15590=CARTESIAN_POINT('',(-0.098,-0.05915,0.0014));
#15591=CARTESIAN_POINT('',(-0.1,-0.05915,0.0014));
#15592=CARTESIAN_POINT('',(-0.1,-0.05915,-2.00000000000005E-6));
#15593=CARTESIAN_POINT('',(-0.1,-0.06015,-2.00000000000005E-6));
#15594=CARTESIAN_POINT('',(-0.1,-0.06115,-2.00000000000005E-6));
#15595=CARTESIAN_POINT('',(-0.1,-0.06115,0.));
#15596=CARTESIAN_POINT('',(-0.1,-0.06115,0.0014));
#15597=CARTESIAN_POINT('',(-0.1,-0.06015,0.));
#15598=CARTESIAN_POINT('',(-0.1,-0.06015,0.0014));
#15599=CARTESIAN_POINT('',(-0.102,-0.06115,-2.00000000000005E-6));
#15600=CARTESIAN_POINT('',(-0.102,-0.06315,-2.00000000000005E-6));
#15601=CARTESIAN_POINT('',(-0.102,-0.06315,0.));
#15602=CARTESIAN_POINT('',(-0.102,-0.06315,0.0014));
#15603=CARTESIAN_POINT('',(-0.102,-0.06115,0.));
#15604=CARTESIAN_POINT('',(-0.102,-0.06115,0.0014));
#15605=CARTESIAN_POINT('',(-0.12,-0.06315,-2.00000000000005E-6));
#15606=CARTESIAN_POINT('',(-0.12,-0.06315,0.));
#15607=CARTESIAN_POINT('',(-0.138,-0.06315,0.));
#15608=CARTESIAN_POINT('',(-0.12,-0.06315,0.0014));
#15609=CARTESIAN_POINT('',(-0.138,-0.06315,0.0014));
#15610=CARTESIAN_POINT('',(-0.138,-0.06315,-2.00000000000005E-6));
#15611=CARTESIAN_POINT('',(-0.138,-0.06115,-2.00000000000005E-6));
#15612=CARTESIAN_POINT('',(-0.138,-0.06115,0.));
#15613=CARTESIAN_POINT('',(-0.14,-0.06115,0.));
#15614=CARTESIAN_POINT('',(-0.138,-0.06115,0.0014));
#15615=CARTESIAN_POINT('',(-0.14,-0.06115,0.0014));
#15616=CARTESIAN_POINT('',(-0.14,-0.06115,-2.00000000000005E-6));
#15617=CARTESIAN_POINT('',(-0.14,-0.06015,-2.00000000000005E-6));
#15618=CARTESIAN_POINT('',(-0.14,-0.06015,0.));
#15619=CARTESIAN_POINT('',(-0.14,-0.05915,0.));
#15620=CARTESIAN_POINT('',(-0.14,-0.06015,0.0014));
#15621=CARTESIAN_POINT('',(-0.14,-0.05915,0.0014));
#15622=CARTESIAN_POINT('',(-0.14,-0.05915,-2.00000000000005E-6));
#15623=CARTESIAN_POINT('',(-0.142,-0.05915,-2.00000000000005E-6));
#15624=CARTESIAN_POINT('',(-0.142,-0.05715,-2.00000000000005E-6));
#15625=CARTESIAN_POINT('',(-0.142,-0.05715,0.));
#15626=CARTESIAN_POINT('',(-0.142,-0.05715,0.0014));
#15627=CARTESIAN_POINT('',(-0.142,-0.05915,0.));
#15628=CARTESIAN_POINT('',(-0.142,-0.05915,0.0014));
#15629=CARTESIAN_POINT('',(0.,-0.05715,0.0014));
#15630=CARTESIAN_POINT('',(0.,-0.05715,0.));
#15631=CARTESIAN_POINT('',(-0.1484,-0.05715,0.));
#15632=CARTESIAN_POINT('',(0.,-0.05715,0.0014));
#15633=CARTESIAN_POINT('',(-0.1484,-0.05715,0.0014));
#15634=CARTESIAN_POINT('',(-0.1484,-0.05715,0.));
#15635=CARTESIAN_POINT('',(-0.1484,-0.05315,0.0014));
#15636=CARTESIAN_POINT('',(-0.1484,-0.05315,0.0014));
#15637=CARTESIAN_POINT('',(-0.1524,-0.05315,0.0014));
#15638=CARTESIAN_POINT('',(-0.1524,-0.05315,0.0014));
#15639=CARTESIAN_POINT('',(-0.1524,-0.05315,0.));
#15640=CARTESIAN_POINT('',(-0.1484,-0.05315,0.));
#15641=CARTESIAN_POINT('',(-0.1524,0.0047625,0.0014));
#15642=CARTESIAN_POINT('',(-0.1524,0.0047625,0.));
#15643=CARTESIAN_POINT('',(-0.1524,0.0579125,0.));
#15644=CARTESIAN_POINT('',(-0.1524,0.0047625,0.0014));
#15645=CARTESIAN_POINT('',(-0.1524,0.0579125,0.0014));
#15646=CARTESIAN_POINT('',(-0.1524,0.0579125,0.0014));
#15647=CARTESIAN_POINT('',(-0.1484,0.0579125,0.0014));
#15648=CARTESIAN_POINT('',(-0.1484,0.0579125,0.0014));
#15649=CARTESIAN_POINT('',(-0.1484,0.0619125,0.0014));
#15650=CARTESIAN_POINT('',(-0.1484,0.0619125,0.0014));
#15651=CARTESIAN_POINT('',(-0.1484,0.0619125,0.));
#15652=CARTESIAN_POINT('',(-0.1484,0.0579125,0.));
#15653=CARTESIAN_POINT('',(0.,0.0619125,0.0014));
#15654=CARTESIAN_POINT('',(-0.142,0.0619125,-2.00000000000005E-6));
#15655=CARTESIAN_POINT('',(-0.142,0.0619125,0.));
#15656=CARTESIAN_POINT('',(-0.142,0.0619125,0.0014));
#15657=CARTESIAN_POINT('',(0.,0.0619125,0.));
#15658=CARTESIAN_POINT('',(0.,0.0619125,0.0014));
#15659=CARTESIAN_POINT('',(-0.142,0.0639125,-2.00000000000005E-6));
#15660=CARTESIAN_POINT('',(-0.142,0.0639125,0.));
#15661=CARTESIAN_POINT('',(-0.14,0.0639125,0.));
#15662=CARTESIAN_POINT('',(-0.142,0.0639125,0.0014));
#15663=CARTESIAN_POINT('',(-0.14,0.0639125,0.0014));
#15664=CARTESIAN_POINT('',(-0.14,0.0639125,-2.00000000000005E-6));
#15665=CARTESIAN_POINT('',(-0.14,0.0649125,-2.00000000000005E-6));
#15666=CARTESIAN_POINT('',(-0.14,0.0659125,-2.00000000000005E-6));
#15667=CARTESIAN_POINT('',(-0.14,0.0659125,0.));
#15668=CARTESIAN_POINT('',(-0.14,0.0659125,0.0014));
#15669=CARTESIAN_POINT('',(-0.14,0.0649125,0.));
#15670=CARTESIAN_POINT('',(-0.14,0.0649125,0.0014));
#15671=CARTESIAN_POINT('',(-0.138,0.0659125,-2.00000000000005E-6));
#15672=CARTESIAN_POINT('',(-0.138,0.0679125,-2.00000000000005E-6));
#15673=CARTESIAN_POINT('',(-0.138,0.0679125,0.));
#15674=CARTESIAN_POINT('',(-0.138,0.0679125,0.0014));
#15675=CARTESIAN_POINT('',(-0.138,0.0659125,0.));
#15676=CARTESIAN_POINT('',(-0.138,0.0659125,0.0014));
#15677=CARTESIAN_POINT('',(-0.12,0.0679125,-2.00000000000005E-6));
#15678=CARTESIAN_POINT('',(-0.102,0.0679125,-2.00000000000005E-6));
#15679=CARTESIAN_POINT('',(-0.102,0.0679125,0.));
#15680=CARTESIAN_POINT('',(-0.102,0.0679125,0.0014));
#15681=CARTESIAN_POINT('',(-0.12,0.0679125,0.));
#15682=CARTESIAN_POINT('',(-0.12,0.0679125,0.0014));
#15683=CARTESIAN_POINT('',(-0.102,0.0659125,-2.00000000000005E-6));
#15684=CARTESIAN_POINT('',(-0.102,0.0659125,0.));
#15685=CARTESIAN_POINT('',(-0.1,0.0659125,0.));
#15686=CARTESIAN_POINT('',(-0.102,0.0659125,0.0014));
#15687=CARTESIAN_POINT('',(-0.1,0.0659125,0.0014));
#15688=CARTESIAN_POINT('',(-0.1,0.0659125,-2.00000000000005E-6));
#15689=CARTESIAN_POINT('',(-0.1,0.0649125,-2.00000000000005E-6));
#15690=CARTESIAN_POINT('',(-0.1,0.0649125,0.));
#15691=CARTESIAN_POINT('',(-0.1,0.0639125,0.));
#15692=CARTESIAN_POINT('',(-0.1,0.0649125,0.0014));
#15693=CARTESIAN_POINT('',(-0.1,0.0639125,0.0014));
#15694=CARTESIAN_POINT('',(-0.1,0.0639125,-2.00000000000005E-6));
#15695=CARTESIAN_POINT('',(-0.098,0.0639125,-2.00000000000005E-6));
#15696=CARTESIAN_POINT('',(-0.098,0.0619125,-2.00000000000005E-6));
#15697=CARTESIAN_POINT('',(-0.098,0.0619125,0.));
#15698=CARTESIAN_POINT('',(-0.098,0.0619125,0.0014));
#15699=CARTESIAN_POINT('',(-0.098,0.0639125,0.));
#15700=CARTESIAN_POINT('',(-0.098,0.0639125,0.0014));
#15701=CARTESIAN_POINT('',(0.,0.0619125,0.0014));
#15702=CARTESIAN_POINT('',(-0.062,0.0619125,-2.00000000000005E-6));
#15703=CARTESIAN_POINT('',(-0.062,0.0619125,0.));
#15704=CARTESIAN_POINT('',(-0.062,0.0619125,0.0014));
#15705=CARTESIAN_POINT('',(0.,0.0619125,0.));
#15706=CARTESIAN_POINT('',(0.,0.0619125,0.0014));
#15707=CARTESIAN_POINT('',(-0.062,0.0639125,-2.00000000000005E-6));
#15708=CARTESIAN_POINT('',(-0.062,0.0639125,0.));
#15709=CARTESIAN_POINT('',(-0.06,0.0639125,0.));
#15710=CARTESIAN_POINT('',(-0.062,0.0639125,0.0014));
#15711=CARTESIAN_POINT('',(-0.06,0.0639125,0.0014));
#15712=CARTESIAN_POINT('',(-0.06,0.0639125,-2.00000000000005E-6));
#15713=CARTESIAN_POINT('',(-0.06,0.0649125,-2.00000000000005E-6));
#15714=CARTESIAN_POINT('',(-0.06,0.0659125,-2.00000000000005E-6));
#15715=CARTESIAN_POINT('',(-0.06,0.0659125,0.));
#15716=CARTESIAN_POINT('',(-0.06,0.0659125,0.0014));
#15717=CARTESIAN_POINT('',(-0.06,0.0649125,0.));
#15718=CARTESIAN_POINT('',(-0.06,0.0649125,0.0014));
#15719=CARTESIAN_POINT('',(-0.058,0.0659125,-2.00000000000005E-6));
#15720=CARTESIAN_POINT('',(-0.058,0.0679125,-2.00000000000005E-6));
#15721=CARTESIAN_POINT('',(-0.058,0.0679125,0.));
#15722=CARTESIAN_POINT('',(-0.058,0.0679125,0.0014));
#15723=CARTESIAN_POINT('',(-0.058,0.0659125,0.));
#15724=CARTESIAN_POINT('',(-0.058,0.0659125,0.0014));
#15725=CARTESIAN_POINT('',(-0.04,0.0679125,-2.00000000000005E-6));
#15726=CARTESIAN_POINT('',(-0.022,0.0679125,-2.00000000000005E-6));
#15727=CARTESIAN_POINT('',(-0.022,0.0679125,0.));
#15728=CARTESIAN_POINT('',(-0.022,0.0679125,0.0014));
#15729=CARTESIAN_POINT('',(-0.04,0.0679125,0.));
#15730=CARTESIAN_POINT('',(-0.04,0.0679125,0.0014));
#15731=CARTESIAN_POINT('',(-0.022,0.0659125,-2.00000000000005E-6));
#15732=CARTESIAN_POINT('',(-0.022,0.0659125,0.));
#15733=CARTESIAN_POINT('',(-0.02,0.0659125,0.));
#15734=CARTESIAN_POINT('',(-0.022,0.0659125,0.0014));
#15735=CARTESIAN_POINT('',(-0.02,0.0659125,0.0014));
#15736=CARTESIAN_POINT('',(-0.02,0.0659125,-2.00000000000005E-6));
#15737=CARTESIAN_POINT('',(-0.02,0.0649125,-2.00000000000005E-6));
#15738=CARTESIAN_POINT('',(-0.02,0.0649125,0.));
#15739=CARTESIAN_POINT('',(-0.02,0.0639125,0.));
#15740=CARTESIAN_POINT('',(-0.02,0.0649125,0.0014));
#15741=CARTESIAN_POINT('',(-0.02,0.0639125,0.0014));
#15742=CARTESIAN_POINT('',(-0.02,0.0639125,-2.00000000000005E-6));
#15743=CARTESIAN_POINT('',(-0.018,0.0639125,-2.00000000000005E-6));
#15744=CARTESIAN_POINT('',(-0.018,0.0619125,-2.00000000000005E-6));
#15745=CARTESIAN_POINT('',(-0.018,0.0619125,0.));
#15746=CARTESIAN_POINT('',(-0.018,0.0619125,0.0014));
#15747=CARTESIAN_POINT('',(-0.018,0.0639125,0.));
#15748=CARTESIAN_POINT('',(-0.018,0.0639125,0.0014));
#15749=CARTESIAN_POINT('',(0.,0.,0.));
#15750=CARTESIAN_POINT('',(0.0047625,5.72134387419634E-19,0.));
#15751=CARTESIAN_POINT('',(0.0047625,-0.05315,0.));
#15752=CARTESIAN_POINT('',(0.0047625,-0.049625,0.));
#15753=CARTESIAN_POINT('',(0.0007625,-0.05315,0.));
#15754=CARTESIAN_POINT('',(0.0007625,-0.05715,0.));
#15755=CARTESIAN_POINT('',(0.,-0.05715,0.));
#15756=CARTESIAN_POINT('',(7.34989562393589E-18,-0.049625,0.));
#15757=CARTESIAN_POINT('',(0.,0.0047625,0.0014));
#15758=CARTESIAN_POINT('',(0.,-0.05715,0.0014));
#15759=CARTESIAN_POINT('',(0.0007625,-0.05715,0.0014));
#15760=CARTESIAN_POINT('',(0.0007625,-0.05315,0.0014));
#15761=CARTESIAN_POINT('',(0.0047625,-0.05315,0.0014));
#15762=CARTESIAN_POINT('',(0.0047625,-0.0391,0.0014));
#15763=CARTESIAN_POINT('',(0.0047625,-0.049625,0.0014));
#15764=CARTESIAN_POINT('',(-0.02143125,-0.049625,0.0014));
#15765=CARTESIAN_POINT('',(-0.02143125,-0.047625,0.0014));
#15766=CARTESIAN_POINT('',(0.0047625,-0.047625,0.0014));
#15767=CARTESIAN_POINT('',(0.0047625,-0.0391,0.0014));
#15768=CARTESIAN_POINT('',(0.0047629372793065,-0.0210499999368108,0.00139999975));
#15769=CARTESIAN_POINT('',(0.00276344091002054,-0.0210502888748669,0.0014));
#15770=CARTESIAN_POINT('',(0.00276250008359405,-0.019050177713325,0.00139999975));
#15771=CARTESIAN_POINT('',(-1.43114686768087E-17,-0.01905,0.0014));
#15772=CARTESIAN_POINT('',(-0.00276250006318923,-0.0190504372793065,0.00139999975));
#15773=CARTESIAN_POINT('',(-0.0027622111251332,-0.0170509409100206,0.0014));
#15774=CARTESIAN_POINT('',(-0.00476232228667502,-0.0170500000835941,0.00139999975));
#15775=CARTESIAN_POINT('',(-0.0047625,-0.009525,0.0014));
#15776=CARTESIAN_POINT('',(-0.00476206272069351,-0.00199999993681077,0.00139999975));
#15777=CARTESIAN_POINT('',(-0.00676155908997947,-0.00200028887486691,0.0014));
#15778=CARTESIAN_POINT('',(-0.00676249991640595,-1.77713324979909E-7,0.00139999975));
#15779=CARTESIAN_POINT('',(-0.00714375,0.,0.0014));
#15780=CARTESIAN_POINT('',(-0.00752500006318923,-4.37279306506106E-7,0.00139999975));
#15781=CARTESIAN_POINT('',(-0.00752471112513309,0.00199905908997945,0.0014));
#15782=CARTESIAN_POINT('',(-0.00952482228667502,0.00199999991640595,0.00139999975));
#15783=CARTESIAN_POINT('',(-0.009525,0.009525,0.0014));
#15784=CARTESIAN_POINT('',(-0.00952543727930655,0.0170500000631892,0.00139999975));
#15785=CARTESIAN_POINT('',(-0.00752594091002052,0.017049711125133,0.0014));
#15786=CARTESIAN_POINT('',(-0.00752500008359405,0.019049822286675,0.00139999975));
#15787=CARTESIAN_POINT('',(-0.0047625,0.01905,0.0014));
#15788=CARTESIAN_POINT('',(-0.00199999993681077,0.0190495627206935,0.00139999975));
#15789=CARTESIAN_POINT('',(-0.00200028887486691,0.0210490590899794,0.0014));
#15790=CARTESIAN_POINT('',(-1.77713324982944E-7,0.021049999916406,0.00139999975));
#15791=CARTESIAN_POINT('',(0.,0.029765625,0.0014));
#15792=CARTESIAN_POINT('',(4.37279306568339E-7,0.0384812500631892,0.00139999975));
#15793=CARTESIAN_POINT('',(-0.00199905908997961,0.0384809611251328,0.0014));
#15794=CARTESIAN_POINT('',(-0.00199999991640595,0.040481072286675,0.00139999975));
#15795=CARTESIAN_POINT('',(-0.0047625,0.04048125,0.0014));
#15796=CARTESIAN_POINT('',(-0.00752500006318923,0.0404808127206935,0.00139999975));
#15797=CARTESIAN_POINT('',(-0.00752471112513316,0.0424803090899794,0.0014));
#15798=CARTESIAN_POINT('',(-0.00952482228667502,0.0424812499164059,0.00139999975));
#15799=CARTESIAN_POINT('',(-0.009525,0.052196875,0.0014));
#15800=CARTESIAN_POINT('',(-0.009525,0.0579125,0.0014));
#15801=CARTESIAN_POINT('',(-0.013525,0.0579125,0.0014));
#15802=CARTESIAN_POINT('',(-0.013525,0.0619125,0.0014));
#15803=CARTESIAN_POINT('',(0.,0.0619125,0.0014));
#15804=CARTESIAN_POINT('',(-0.02143125,-0.049625,-0.0236));
#15805=CARTESIAN_POINT('',(0.0047625,-0.049625,-0.0236));
#15806=CARTESIAN_POINT('',(0.,0.,0.));
#15807=CARTESIAN_POINT('',(0.,0.0619125,0.));
#15808=CARTESIAN_POINT('',(-0.013525,0.0619125,0.));
#15809=CARTESIAN_POINT('',(-0.013525,0.0579125,0.));
#15810=CARTESIAN_POINT('',(-0.009525,0.0579125,0.));
#15811=CARTESIAN_POINT('',(-0.009525,0.,0.));
#15812=CARTESIAN_POINT('',(-0.00952482228667502,0.0424812499164059,1.0842021724855E-19));
#15813=CARTESIAN_POINT('',(-0.00752471112513316,0.0424803090899794,0.));
#15814=CARTESIAN_POINT('',(-0.00752500006318923,0.0404808127206935,2.49999999868411E-10));
#15815=CARTESIAN_POINT('',(0.,0.04048125,0.));
#15816=CARTESIAN_POINT('',(-0.00199999991640595,0.040481072286675,1.31850449591747E-19));
#15817=CARTESIAN_POINT('',(-0.00199905908997961,0.0384809611251328,4.33680868994202E-19));
#15818=CARTESIAN_POINT('',(4.37279306568253E-7,0.0384812500631892,2.49999999969476E-10));
#15819=CARTESIAN_POINT('',(-1.71450551880629E-19,0.,0.));
#15820=CARTESIAN_POINT('',(-1.77713324981276E-7,0.021049999916406,-1.03619888295943E-19));
#15821=CARTESIAN_POINT('',(-0.00200028887486691,0.0210490590899794,4.77048955893622E-18));
#15822=CARTESIAN_POINT('',(-0.00199999993681077,0.0190495627206935,2.49999999884257E-10));
#15823=CARTESIAN_POINT('',(0.,0.01905,0.));
#15824=CARTESIAN_POINT('',(-0.00752500008359405,0.019049822286675,-1.52444987473515E-19));
#15825=CARTESIAN_POINT('',(-0.00752594091002052,0.017049711125133,0.));
#15826=CARTESIAN_POINT('',(-0.00952543727930655,0.0170500000631892,2.49999999916584E-10));
#15827=CARTESIAN_POINT('',(-0.009525,-2.19577954932612E-18,0.));
#15828=CARTESIAN_POINT('',(-0.00952482228667502,0.00199999991640595,6.98526453076888E-20));
#15829=CARTESIAN_POINT('',(-0.00752471112513309,0.00199905908997944,-4.33680868994202E-19));
#15830=CARTESIAN_POINT('',(-0.00752500006318923,-4.37279306506408E-7,2.49999999791587E-10));
#15831=CARTESIAN_POINT('',(0.,-1.71450551880629E-19,0.));
#15832=CARTESIAN_POINT('',(-0.00676249991640595,-1.77713324978458E-7,1.14063242973045E-19));
#15833=CARTESIAN_POINT('',(-0.00676155908997947,-0.00200028887486691,8.67361737988404E-19));
#15834=CARTESIAN_POINT('',(-0.00476206272069351,-0.00199999993681077,2.49999999936221E-10));
#15835=CARTESIAN_POINT('',(-0.0047625,-5.48944887331533E-19,0.));
#15836=CARTESIAN_POINT('',(-0.00476232228667502,-0.0170500000835941,-1.32919032291076E-19));
#15837=CARTESIAN_POINT('',(-0.0027622111251332,-0.0170509409100206,0.));
#15838=CARTESIAN_POINT('',(-0.00276250006318923,-0.0190504372793065,2.4999999994286E-10));
#15839=CARTESIAN_POINT('',(0.,-0.01905,0.));
#15840=CARTESIAN_POINT('',(0.00276250008359405,-0.019050177713325,1.56304858524115E-19));
#15841=CARTESIAN_POINT('',(0.00276344091002054,-0.0210502888748669,5.20417042793042E-18));
#15842=CARTESIAN_POINT('',(0.0047629372793065,-0.0210499999368108,2.49999999764495E-10));
#15843=CARTESIAN_POINT('',(0.0047625,5.72134387419634E-19,0.));
#15844=CARTESIAN_POINT('',(0.0047625,-0.047625,0.));
#15845=CARTESIAN_POINT('',(0.,-0.047625,0.));
#15846=CARTESIAN_POINT('',(-0.02143125,-0.047625,-0.0236));
#15847=CARTESIAN_POINT('',(0.0047625,-0.047625,-0.0236));
#15848=CARTESIAN_POINT('',(0.,-0.05715,0.0014));
#15849=CARTESIAN_POINT('',(0.0007625,-0.05715,0.0014));
#15850=CARTESIAN_POINT('',(0.,0.0619125,0.0014));
#15851=CARTESIAN_POINT('',(-0.013525,0.0619125,0.0014));
#15852=CARTESIAN_POINT('',(-0.007525,0.04048125,0.0014));
#15853=CARTESIAN_POINT('',(-0.002,0.04048125,-0.0111));
#15854=CARTESIAN_POINT('',(-0.007525,0.04048125,-0.0111));
#15855=CARTESIAN_POINT('',(0.,0.03848125,0.0014));
#15856=CARTESIAN_POINT('',(-1.53080849893419E-18,0.02105,-0.0111));
#15857=CARTESIAN_POINT('',(-1.53080849893419E-18,0.03848125,-0.0111));
#15858=CARTESIAN_POINT('',(-0.002,0.01905,0.0014));
#15859=CARTESIAN_POINT('',(-0.007525,0.01905,-0.0111));
#15860=CARTESIAN_POINT('',(-0.002,0.01905,-0.0111));
#15861=CARTESIAN_POINT('',(-0.009525,0.01705,0.0014));
#15862=CARTESIAN_POINT('',(-0.009525,0.002,-0.0111));
#15863=CARTESIAN_POINT('',(-0.009525,0.01705,-0.0111));
#15864=CARTESIAN_POINT('',(-0.007525,0.,0.0014));
#15865=CARTESIAN_POINT('',(-0.0067625,-1.53080849893419E-18,-0.0111));
#15866=CARTESIAN_POINT('',(-0.007525,-1.09712762993999E-18,-0.0111));
#15867=CARTESIAN_POINT('',(-0.0047625,-0.002,0.0014));
#15868=CARTESIAN_POINT('',(-0.0047625,-0.01705,-0.0111));
#15869=CARTESIAN_POINT('',(-0.0047625,-0.002,-0.0111));
#15870=CARTESIAN_POINT('',(-0.0027625,-0.01905,0.0014));
#15871=CARTESIAN_POINT('',(0.0027625,-0.01905,-0.0111));
#15872=CARTESIAN_POINT('',(-0.0027625,-0.01905,-0.0111));
#15873=CARTESIAN_POINT('',(0.0047625,-0.02105,0.0014));
#15874=CARTESIAN_POINT('',(0.0047625,-0.02105,-0.0111));
#15875=CARTESIAN_POINT('',(0.00276344091002053,-0.0210502888748669,-0.0036));
#15876=CARTESIAN_POINT('',(-0.0027622111251332,-0.0170509409100206,-0.0036));
#15877=CARTESIAN_POINT('',(-0.00676155908997947,-0.00200028887486691,-0.0036));
#15878=CARTESIAN_POINT('',(-0.00752471112513309,0.00199905908997944,-0.0036));
#15879=CARTESIAN_POINT('',(-0.00752594091002052,0.017049711125133,-0.0036));
#15880=CARTESIAN_POINT('',(-0.00200028887486691,0.0210490590899794,-0.0036));
#15881=CARTESIAN_POINT('',(-0.00199905908997961,0.0384809611251328,-0.0036));
#15882=CARTESIAN_POINT('',(-0.00752471112513316,0.0424803090899794,-0.0036));
#15883=CARTESIAN_POINT('',(-0.009525,0.04248125,-0.0111));
#15884=CARTESIAN_POINT('',(-0.009525,0.0619125,0.0014));
#15885=CARTESIAN_POINT('',(-0.009525,0.0579125,0.0014));
#15886=CARTESIAN_POINT('',(0.0047625,-0.02105,0.0014));
#15887=CARTESIAN_POINT('',(0.0047625,-0.05315,9.54097911787244E-20));
#15888=CARTESIAN_POINT('',(0.0007625,-0.05315,0.0014));
#15889=CARTESIAN_POINT('',(-0.013525,0.0579125,0.0014));
#15890=MECHANICAL_DESIGN_GEOMETRIC_PRESENTATION_REPRESENTATION('',(#9435),
#15891);
#15891=(
GEOMETRIC_REPRESENTATION_CONTEXT(3)
GLOBAL_UNCERTAINTY_ASSIGNED_CONTEXT((#15892))
GLOBAL_UNIT_ASSIGNED_CONTEXT((#15895,#15894,#15893))
REPRESENTATION_CONTEXT('Plate-L','TOP_LEVEL_ASSEMBLY_PART')
);
#15892=UNCERTAINTY_MEASURE_WITH_UNIT(LENGTH_MEASURE(2.12E-5),#15895,
'DISTANCE_ACCURACY_VALUE','Maximum Tolerance applied to model');
#15893=(
NAMED_UNIT(*)
SI_UNIT($,.STERADIAN.)
SOLID_ANGLE_UNIT()
);
#15894=(
NAMED_UNIT(*)
PLANE_ANGLE_UNIT()
SI_UNIT($,.RADIAN.)
);
#15895=(
LENGTH_UNIT()
NAMED_UNIT(*)
SI_UNIT($,.METRE.)
);
#15896=PRODUCT_DEFINITION_SHAPE('','',#15897);
#15897=PRODUCT_DEFINITION('','',#15899,#15898);
#15898=PRODUCT_DEFINITION_CONTEXT('',#15905,'design');
#15899=PRODUCT_DEFINITION_FORMATION_WITH_SPECIFIED_SOURCE('','',#15901,
 .NOT_KNOWN.);
#15900=PRODUCT_RELATED_PRODUCT_CATEGORY('','',(#15901));
#15901=PRODUCT('Plate-L','Plate-L','Plate-L',(#15903));
#15902=PRODUCT_CATEGORY('','');
#15903=PRODUCT_CONTEXT('',#15905,'mechanical');
#15904=APPLICATION_PROTOCOL_DEFINITION('international standard',
'ap242_managed_model_based_3d_engineering',2020,#15905);
#15905=APPLICATION_CONTEXT('managed model based 3d engineering');
ENDSEC;
END-ISO-10303-21;
