ISO-10303-21;
HEADER;
/* Generated by software containing ST-Developer
 * from STEP Tools, Inc. (www.steptools.com) 
 */
/* OPTION: using custom renumber hook */

FILE_DESCRIPTION(
/* description */ ('STEP AP242 Edition 2',
'CAx-IF Rec.Pracs.---Representation and Presentation of Product Manufa
cturing Information (PMI)---4.0---2014-10-13',
'CAx-IF Rec.Pracs.---3D Tessellated Geometry---0.4---2014-09-14','2;1',
'CAx-IF Rec.Pracs.---User Defined Attributes---1.5---2016-08-15'),
/* implementation_level */ '2;1');

FILE_NAME(
/* name */ 'Split Plate - Plate-R',
/* time_stamp */ '2026-09-19T19:57:06Z',
/* author */ (''),
/* organization */ (''),
/* preprocessor_version */ 'ST-DEVELOPER v20',
/* originating_system */ 'ONSHAPE BY PTC INC, 1.221',
/* authorisation */ '  ');

FILE_SCHEMA (('AP242_MANAGED_MODEL_BASED_3D_ENGINEERING_MIM_LF { 1 0 10303 442 3 1 4 }'));
ENDSEC;

DATA;
#10=SHAPE_REPRESENTATION_RELATIONSHIP('','',#10985,#11);
#11=ADVANCED_BREP_SHAPE_REPRESENTATION('',(#10983),#18487);
#12=CYLINDRICAL_SURFACE('',#11233,0.0005);
#13=CYLINDRICAL_SURFACE('',#11236,0.000499999999999994);
#14=CYLINDRICAL_SURFACE('',#11240,0.0005);
#15=CYLINDRICAL_SURFACE('',#11242,0.0005);
#16=CYLINDRICAL_SURFACE('',#11244,0.0005);
#17=CYLINDRICAL_SURFACE('',#11246,0.0005);
#18=CYLINDRICAL_SURFACE('',#11470,0.0005);
#19=CYLINDRICAL_SURFACE('',#11472,0.0005);
#20=CYLINDRICAL_SURFACE('',#11474,0.000499999999999994);
#21=CYLINDRICAL_SURFACE('',#11476,0.0005);
#22=CYLINDRICAL_SURFACE('',#11478,0.000500000000000011);
#23=CYLINDRICAL_SURFACE('',#11480,0.0005);
#24=CYLINDRICAL_SURFACE('',#11482,0.000499999999999994);
#25=CYLINDRICAL_SURFACE('',#11484,0.0005);
#26=CYLINDRICAL_SURFACE('',#11486,0.0005);
#27=CYLINDRICAL_SURFACE('',#11488,0.000499999999999994);
#28=CYLINDRICAL_SURFACE('',#11490,0.000499999999999994);
#29=CYLINDRICAL_SURFACE('',#11492,0.0005);
#30=CYLINDRICAL_SURFACE('',#11494,0.0005);
#31=CYLINDRICAL_SURFACE('',#11496,0.000499999999999994);
#32=CYLINDRICAL_SURFACE('',#11498,0.000499999999999994);
#33=CYLINDRICAL_SURFACE('',#11500,0.0005);
#34=CYLINDRICAL_SURFACE('',#11502,0.000500000000000007);
#35=CYLINDRICAL_SURFACE('',#11504,0.0005);
#36=CYLINDRICAL_SURFACE('',#11506,0.000499999999999994);
#37=CYLINDRICAL_SURFACE('',#11508,0.0005);
#38=CYLINDRICAL_SURFACE('',#11510,0.0005);
#39=CYLINDRICAL_SURFACE('',#11512,0.0005);
#40=CYLINDRICAL_SURFACE('',#11514,0.000499999999999994);
#41=CYLINDRICAL_SURFACE('',#11516,0.0005);
#42=CYLINDRICAL_SURFACE('',#11517,0.0005);
#43=CYLINDRICAL_SURFACE('',#11519,0.000499999999999994);
#44=CYLINDRICAL_SURFACE('',#11520,0.000499999999999962);
#45=CYLINDRICAL_SURFACE('',#11522,0.00049999999999999);
#46=CYLINDRICAL_SURFACE('',#11524,0.000499999999999948);
#47=CYLINDRICAL_SURFACE('',#11526,0.000499999999999969);
#48=CYLINDRICAL_SURFACE('',#11528,0.004);
#49=CYLINDRICAL_SURFACE('',#11539,0.0005);
#50=CYLINDRICAL_SURFACE('',#11541,0.0005);
#51=CYLINDRICAL_SURFACE('',#11543,0.0005);
#52=CYLINDRICAL_SURFACE('',#11545,0.0005);
#53=CYLINDRICAL_SURFACE('',#11546,0.0005);
#54=CYLINDRICAL_SURFACE('',#11548,0.0005);
#55=CYLINDRICAL_SURFACE('',#11550,0.0005);
#56=CYLINDRICAL_SURFACE('',#11552,0.0005);
#57=CYLINDRICAL_SURFACE('',#11553,0.0005);
#58=CYLINDRICAL_SURFACE('',#11555,0.0005);
#59=CYLINDRICAL_SURFACE('',#11557,0.0005);
#60=CYLINDRICAL_SURFACE('',#11559,0.0005);
#61=CYLINDRICAL_SURFACE('',#11560,0.00049999999999999);
#62=CYLINDRICAL_SURFACE('',#11562,0.0005);
#63=CYLINDRICAL_SURFACE('',#11564,0.0005);
#64=CYLINDRICAL_SURFACE('',#11566,0.00049999999999999);
#65=CYLINDRICAL_SURFACE('',#11567,0.000499999999999994);
#66=CYLINDRICAL_SURFACE('',#11569,0.0005);
#67=CYLINDRICAL_SURFACE('',#11571,0.0005);
#68=CYLINDRICAL_SURFACE('',#11573,0.000499999999999994);
#69=CYLINDRICAL_SURFACE('',#11574,0.000499999999999994);
#70=CYLINDRICAL_SURFACE('',#11576,0.0005);
#71=CYLINDRICAL_SURFACE('',#11578,0.0005);
#72=CYLINDRICAL_SURFACE('',#11580,0.000499999999999994);
#73=CYLINDRICAL_SURFACE('',#11581,0.0005);
#74=CYLINDRICAL_SURFACE('',#11583,0.0005);
#75=CYLINDRICAL_SURFACE('',#11585,0.0005);
#76=CYLINDRICAL_SURFACE('',#11587,0.0005);
#77=CYLINDRICAL_SURFACE('',#11588,0.0005);
#78=CYLINDRICAL_SURFACE('',#11590,0.0005);
#79=CYLINDRICAL_SURFACE('',#11592,0.0005);
#80=CYLINDRICAL_SURFACE('',#11594,0.0005);
#81=CYLINDRICAL_SURFACE('',#11595,0.0005);
#82=CYLINDRICAL_SURFACE('',#11597,0.0005);
#83=CYLINDRICAL_SURFACE('',#11599,0.0005);
#84=CYLINDRICAL_SURFACE('',#11601,0.0005);
#85=CYLINDRICAL_SURFACE('',#11602,0.0005);
#86=CYLINDRICAL_SURFACE('',#11604,0.0005);
#87=CYLINDRICAL_SURFACE('',#11606,0.0005);
#88=CYLINDRICAL_SURFACE('',#11608,0.0005);
#89=CYLINDRICAL_SURFACE('',#11609,0.0005);
#90=CYLINDRICAL_SURFACE('',#11611,0.0005);
#91=CYLINDRICAL_SURFACE('',#11613,0.0005);
#92=CYLINDRICAL_SURFACE('',#11615,0.000499999999999994);
#93=CYLINDRICAL_SURFACE('',#11616,0.0005);
#94=CYLINDRICAL_SURFACE('',#11618,0.0005);
#95=CYLINDRICAL_SURFACE('',#11620,0.0005);
#96=CYLINDRICAL_SURFACE('',#11622,0.0005);
#97=CYLINDRICAL_SURFACE('',#11623,0.0005);
#98=CYLINDRICAL_SURFACE('',#11625,0.0005);
#99=CYLINDRICAL_SURFACE('',#11627,0.0005);
#100=CYLINDRICAL_SURFACE('',#11629,0.0005);
#101=CYLINDRICAL_SURFACE('',#11630,0.0005);
#102=CYLINDRICAL_SURFACE('',#11632,0.0005);
#103=CYLINDRICAL_SURFACE('',#11634,0.0005);
#104=CYLINDRICAL_SURFACE('',#11636,0.0005);
#105=CYLINDRICAL_SURFACE('',#11637,0.000499999999999988);
#106=CYLINDRICAL_SURFACE('',#11639,0.0005);
#107=CYLINDRICAL_SURFACE('',#11640,0.0005);
#108=CYLINDRICAL_SURFACE('',#11642,0.000499999999999988);
#109=CYLINDRICAL_SURFACE('',#11643,0.0005);
#110=CYLINDRICAL_SURFACE('',#11645,0.0005);
#111=CYLINDRICAL_SURFACE('',#11647,0.0005);
#112=CYLINDRICAL_SURFACE('',#11649,0.0005);
#113=CYLINDRICAL_SURFACE('',#11650,0.0005);
#114=CYLINDRICAL_SURFACE('',#11652,0.0005);
#115=CYLINDRICAL_SURFACE('',#11654,0.0005);
#116=CYLINDRICAL_SURFACE('',#11656,0.0005);
#117=CYLINDRICAL_SURFACE('',#11657,0.0005);
#118=CYLINDRICAL_SURFACE('',#11659,0.000500000000000006);
#119=CYLINDRICAL_SURFACE('',#11661,0.000500000000000006);
#120=CYLINDRICAL_SURFACE('',#11663,0.0005);
#121=CYLINDRICAL_SURFACE('',#11664,0.0005);
#122=CYLINDRICAL_SURFACE('',#11666,0.0005);
#123=CYLINDRICAL_SURFACE('',#11668,0.0005);
#124=CYLINDRICAL_SURFACE('',#11670,0.0005);
#125=CYLINDRICAL_SURFACE('',#11671,0.0005);
#126=CYLINDRICAL_SURFACE('',#11673,0.0005);
#127=CYLINDRICAL_SURFACE('',#11674,0.0005);
#128=CYLINDRICAL_SURFACE('',#11676,0.0005);
#129=CYLINDRICAL_SURFACE('',#11678,0.0005);
#130=CYLINDRICAL_SURFACE('',#11680,0.0005);
#131=CYLINDRICAL_SURFACE('',#11681,0.0005);
#132=CYLINDRICAL_SURFACE('',#11683,0.0005);
#133=CYLINDRICAL_SURFACE('',#11685,0.0005);
#134=CYLINDRICAL_SURFACE('',#11687,0.0005);
#135=CYLINDRICAL_SURFACE('',#11688,0.0005);
#136=CYLINDRICAL_SURFACE('',#11690,0.0005);
#137=CYLINDRICAL_SURFACE('',#11692,0.0005);
#138=CYLINDRICAL_SURFACE('',#11694,0.0005);
#139=CYLINDRICAL_SURFACE('',#11695,0.0005);
#140=CYLINDRICAL_SURFACE('',#11697,0.000500000000000013);
#141=CYLINDRICAL_SURFACE('',#11699,0.000500000000000012);
#142=CYLINDRICAL_SURFACE('',#11701,0.0005);
#143=CYLINDRICAL_SURFACE('',#11702,0.0005);
#144=CYLINDRICAL_SURFACE('',#11704,0.0005);
#145=CYLINDRICAL_SURFACE('',#11706,0.0005);
#146=CYLINDRICAL_SURFACE('',#11708,0.0005);
#147=CYLINDRICAL_SURFACE('',#11709,0.0005);
#148=CYLINDRICAL_SURFACE('',#11711,0.000500000000000006);
#149=CYLINDRICAL_SURFACE('',#11713,0.000500000000000006);
#150=CYLINDRICAL_SURFACE('',#11715,0.0005);
#151=CYLINDRICAL_SURFACE('',#11716,0.0005);
#152=CYLINDRICAL_SURFACE('',#11718,0.0005);
#153=CYLINDRICAL_SURFACE('',#11720,0.0005);
#154=CYLINDRICAL_SURFACE('',#11722,0.0005);
#155=CYLINDRICAL_SURFACE('',#11723,0.0005);
#156=CYLINDRICAL_SURFACE('',#11725,0.0005);
#157=CYLINDRICAL_SURFACE('',#11726,0.0005);
#158=CYLINDRICAL_SURFACE('',#11728,0.0005);
#159=CYLINDRICAL_SURFACE('',#11730,0.0005);
#160=CYLINDRICAL_SURFACE('',#11732,0.0005);
#161=CYLINDRICAL_SURFACE('',#11733,0.0005);
#162=CYLINDRICAL_SURFACE('',#11735,0.000500000000000011);
#163=CYLINDRICAL_SURFACE('',#11736,0.000500000000000013);
#164=CYLINDRICAL_SURFACE('',#11738,0.0005);
#165=CYLINDRICAL_SURFACE('',#11739,0.00049999999999999);
#166=CYLINDRICAL_SURFACE('',#11741,0.0005);
#167=CYLINDRICAL_SURFACE('',#11743,0.0005);
#168=CYLINDRICAL_SURFACE('',#11745,0.000499999999999988);
#169=CYLINDRICAL_SURFACE('',#11746,0.000499999999999994);
#170=CYLINDRICAL_SURFACE('',#11748,0.0005);
#171=CYLINDRICAL_SURFACE('',#11750,0.0005);
#172=CYLINDRICAL_SURFACE('',#11752,0.000499999999999992);
#173=CYLINDRICAL_SURFACE('',#11753,0.000499999999999994);
#174=CYLINDRICAL_SURFACE('',#11755,0.0005);
#175=CYLINDRICAL_SURFACE('',#11757,0.0005);
#176=CYLINDRICAL_SURFACE('',#11759,0.000499999999999992);
#177=CYLINDRICAL_SURFACE('',#11760,0.0005);
#178=CYLINDRICAL_SURFACE('',#11762,0.0005);
#179=CYLINDRICAL_SURFACE('',#11764,0.0005);
#180=CYLINDRICAL_SURFACE('',#11766,0.0005);
#181=CYLINDRICAL_SURFACE('',#11767,0.0005);
#182=CYLINDRICAL_SURFACE('',#11769,0.0005);
#183=CYLINDRICAL_SURFACE('',#11771,0.0005);
#184=CYLINDRICAL_SURFACE('',#11773,0.0005);
#185=CYLINDRICAL_SURFACE('',#11806,0.000499999999999976);
#186=CYLINDRICAL_SURFACE('',#11809,0.000499999999999976);
#187=CYLINDRICAL_SURFACE('',#11812,0.000499999999999988);
#188=CYLINDRICAL_SURFACE('',#11815,0.000499999999999961);
#189=CYLINDRICAL_SURFACE('',#11818,0.000499999999999973);
#190=CYLINDRICAL_SURFACE('',#11821,0.000499999999999961);
#191=CYLINDRICAL_SURFACE('',#11824,0.000499999999999966);
#192=CYLINDRICAL_SURFACE('',#11827,0.000500000000000011);
#193=CYLINDRICAL_SURFACE('',#11834,0.000499999999999976);
#194=CYLINDRICAL_SURFACE('',#11837,0.000499999999999976);
#195=CYLINDRICAL_SURFACE('',#11840,0.000499999999999976);
#196=CYLINDRICAL_SURFACE('',#11843,0.000499999999999973);
#197=CYLINDRICAL_SURFACE('',#11846,0.000499999999999973);
#198=CYLINDRICAL_SURFACE('',#11849,0.000499999999999973);
#199=CYLINDRICAL_SURFACE('',#11852,0.000499999999999976);
#200=CYLINDRICAL_SURFACE('',#11855,0.00049999999999999);
#201=CYLINDRICAL_SURFACE('',#11860,0.000499999999999988);
#202=CYLINDRICAL_SURFACE('',#11863,0.000499999999999976);
#203=CYLINDRICAL_SURFACE('',#11866,0.000499999999999988);
#204=CYLINDRICAL_SURFACE('',#11869,0.000499999999999961);
#205=CYLINDRICAL_SURFACE('',#11872,0.000499999999999973);
#206=CYLINDRICAL_SURFACE('',#11875,0.000499999999999973);
#207=CYLINDRICAL_SURFACE('',#11878,0.000499999999999974);
#208=CYLINDRICAL_SURFACE('',#11881,0.0005);
#209=CYLINDRICAL_SURFACE('',#11888,0.000499999999999983);
#210=CYLINDRICAL_SURFACE('',#11891,0.000499999999999983);
#211=CYLINDRICAL_SURFACE('',#11894,0.000499999999999983);
#212=CYLINDRICAL_SURFACE('',#11897,0.000499999999999973);
#213=CYLINDRICAL_SURFACE('',#11900,0.000499999999999973);
#214=CYLINDRICAL_SURFACE('',#11903,0.000499999999999973);
#215=CYLINDRICAL_SURFACE('',#11906,0.000499999999999974);
#216=CYLINDRICAL_SURFACE('',#11909,0.000499999999999989);
#217=CYLINDRICAL_SURFACE('',#11914,0.000499999999999985);
#218=CYLINDRICAL_SURFACE('',#11917,0.000499999999999981);
#219=CYLINDRICAL_SURFACE('',#11920,0.00049999999999998);
#220=CYLINDRICAL_SURFACE('',#11923,0.000499999999999973);
#221=CYLINDRICAL_SURFACE('',#11926,0.000499999999999968);
#222=CYLINDRICAL_SURFACE('',#11929,0.000499999999999969);
#223=CYLINDRICAL_SURFACE('',#11932,0.000499999999999976);
#224=CYLINDRICAL_SURFACE('',#11935,0.0005);
#225=CYLINDRICAL_SURFACE('',#11941,0.0005);
#226=CYLINDRICAL_SURFACE('',#11943,0.000499999999999976);
#227=CYLINDRICAL_SURFACE('',#11948,0.000499999999999989);
#228=CYLINDRICAL_SURFACE('',#11950,0.000499999999999974);
#229=CYLINDRICAL_SURFACE('',#11951,0.0005);
#230=CYLINDRICAL_SURFACE('',#11953,0.000499999999999976);
#231=CYLINDRICAL_SURFACE('',#11960,0.000499999999999963);
#232=CYLINDRICAL_SURFACE('',#11962,0.0005);
#233=CYLINDRICAL_SURFACE('',#11964,0.000499999999999988);
#234=CYLINDRICAL_SURFACE('',#11966,0.0005);
#235=CYLINDRICAL_SURFACE('',#11972,0.00049999999999999);
#236=CYLINDRICAL_SURFACE('',#11974,0.000499999999999976);
#237=CYLINDRICAL_SURFACE('',#11975,0.0005);
#238=CYLINDRICAL_SURFACE('',#11977,0.000499999999999976);
#239=CYLINDRICAL_SURFACE('',#11984,0.000499999999999966);
#240=CYLINDRICAL_SURFACE('',#11986,0.000500000000000011);
#241=CYLINDRICAL_SURFACE('',#11988,0.000499999999999976);
#242=CYLINDRICAL_SURFACE('',#11990,0.0005);
#243=CYLINDRICAL_SURFACE('',#11993,0.004);
#244=CYLINDRICAL_SURFACE('',#11995,0.002);
#245=CYLINDRICAL_SURFACE('',#11997,0.002);
#246=CYLINDRICAL_SURFACE('',#11998,0.002);
#247=CYLINDRICAL_SURFACE('',#12000,0.002);
#248=CYLINDRICAL_SURFACE('',#12002,0.002);
#249=CYLINDRICAL_SURFACE('',#12004,0.002);
#250=CYLINDRICAL_SURFACE('',#12005,0.002);
#251=CYLINDRICAL_SURFACE('',#12007,0.002);
#252=CYLINDRICAL_SURFACE('',#12009,0.002);
#253=CYLINDRICAL_SURFACE('',#12011,0.002);
#254=CYLINDRICAL_SURFACE('',#12012,0.002);
#255=CYLINDRICAL_SURFACE('',#12014,0.002);
#256=CYLINDRICAL_SURFACE('',#12017,0.002);
#257=CYLINDRICAL_SURFACE('',#12018,0.002);
#258=CYLINDRICAL_SURFACE('',#12020,0.002);
#259=CYLINDRICAL_SURFACE('',#12022,0.002);
#260=CYLINDRICAL_SURFACE('',#12031,0.00199993366947358);
#261=CYLINDRICAL_SURFACE('',#12032,0.00199993366947345);
#262=CYLINDRICAL_SURFACE('',#12033,0.00199993366947357);
#263=CYLINDRICAL_SURFACE('',#12034,0.00199993366947358);
#264=CYLINDRICAL_SURFACE('',#12035,0.00199993366947369);
#265=CYLINDRICAL_SURFACE('',#12036,0.00199993366947357);
#266=CYLINDRICAL_SURFACE('',#12037,0.00199993366947387);
#267=CYLINDRICAL_SURFACE('',#12038,0.0019999336694735);
#268=CYLINDRICAL_SURFACE('',#12041,0.004);
#269=CYLINDRICAL_SURFACE('',#12042,0.004);
#270=CIRCLE('',#10989,0.0005);
#271=CIRCLE('',#10990,0.000499999999999988);
#272=CIRCLE('',#10991,0.000499999999999988);
#273=CIRCLE('',#10992,0.000499999999999976);
#274=CIRCLE('',#10993,0.000499999999999988);
#275=CIRCLE('',#10994,0.000499999999999961);
#276=CIRCLE('',#10995,0.000499999999999973);
#277=CIRCLE('',#10996,0.000499999999999973);
#278=CIRCLE('',#10997,0.000499999999999974);
#279=CIRCLE('',#10998,0.0005);
#280=CIRCLE('',#10999,0.000499999999999988);
#281=CIRCLE('',#11000,0.0005);
#282=CIRCLE('',#11001,0.000499999999999989);
#283=CIRCLE('',#11002,0.000499999999999974);
#284=CIRCLE('',#11003,0.000499999999999973);
#285=CIRCLE('',#11004,0.000499999999999973);
#286=CIRCLE('',#11005,0.000499999999999973);
#287=CIRCLE('',#11006,0.000499999999999983);
#288=CIRCLE('',#11007,0.000499999999999983);
#289=CIRCLE('',#11008,0.000499999999999983);
#290=CIRCLE('',#11009,0.000500000000000013);
#291=CIRCLE('',#11010,0.0005);
#292=CIRCLE('',#11011,0.000499999999999976);
#293=CIRCLE('',#11012,0.000499999999999976);
#294=CIRCLE('',#11013,0.000499999999999988);
#295=CIRCLE('',#11014,0.000499999999999961);
#296=CIRCLE('',#11015,0.000499999999999973);
#297=CIRCLE('',#11016,0.000499999999999961);
#298=CIRCLE('',#11017,0.000499999999999966);
#299=CIRCLE('',#11018,0.000500000000000011);
#300=CIRCLE('',#11019,0.0005);
#301=CIRCLE('',#11020,0.000500000000000011);
#302=CIRCLE('',#11021,0.00049999999999999);
#303=CIRCLE('',#11022,0.000499999999999976);
#304=CIRCLE('',#11023,0.000499999999999973);
#305=CIRCLE('',#11024,0.000499999999999973);
#306=CIRCLE('',#11025,0.000499999999999973);
#307=CIRCLE('',#11026,0.000499999999999976);
#308=CIRCLE('',#11027,0.000499999999999976);
#309=CIRCLE('',#11028,0.000499999999999976);
#310=CIRCLE('',#11029,0.0005);
#311=CIRCLE('',#11030,0.0005);
#312=CIRCLE('',#11031,0.0005);
#313=CIRCLE('',#11032,0.0005);
#314=CIRCLE('',#11033,0.0005);
#315=CIRCLE('',#11034,0.0005);
#316=CIRCLE('',#11035,0.0005);
#317=CIRCLE('',#11036,0.0005);
#318=CIRCLE('',#11037,0.000499999999999994);
#319=CIRCLE('',#11038,0.0005);
#320=CIRCLE('',#11039,0.0005);
#321=CIRCLE('',#11040,0.000499999999999992);
#322=CIRCLE('',#11041,0.000499999999999994);
#323=CIRCLE('',#11042,0.0005);
#324=CIRCLE('',#11043,0.0005);
#325=CIRCLE('',#11044,0.000499999999999992);
#326=CIRCLE('',#11045,0.00049999999999999);
#327=CIRCLE('',#11046,0.0005);
#328=CIRCLE('',#11047,0.0005);
#329=CIRCLE('',#11048,0.000499999999999988);
#330=CIRCLE('',#11049,0.0005);
#331=CIRCLE('',#11050,0.0005);
#332=CIRCLE('',#11051,0.0005);
#333=CIRCLE('',#11052,0.0005);
#334=CIRCLE('',#11053,0.0005);
#335=CIRCLE('',#11054,0.0005);
#336=CIRCLE('',#11055,0.0005);
#337=CIRCLE('',#11056,0.0005);
#338=CIRCLE('',#11057,0.0005);
#339=CIRCLE('',#11058,0.000500000000000006);
#340=CIRCLE('',#11059,0.000500000000000006);
#341=CIRCLE('',#11060,0.0005);
#342=CIRCLE('',#11061,0.0005);
#343=CIRCLE('',#11062,0.0005);
#344=CIRCLE('',#11063,0.0005);
#345=CIRCLE('',#11064,0.0005);
#346=CIRCLE('',#11065,0.0005);
#347=CIRCLE('',#11066,0.000500000000000013);
#348=CIRCLE('',#11067,0.000500000000000012);
#349=CIRCLE('',#11068,0.0005);
#350=CIRCLE('',#11069,0.0005);
#351=CIRCLE('',#11070,0.0005);
#352=CIRCLE('',#11071,0.0005);
#353=CIRCLE('',#11072,0.0005);
#354=CIRCLE('',#11073,0.0005);
#355=CIRCLE('',#11074,0.0005);
#356=CIRCLE('',#11075,0.0005);
#357=CIRCLE('',#11076,0.0005);
#358=CIRCLE('',#11077,0.0005);
#359=CIRCLE('',#11078,0.0005);
#360=CIRCLE('',#11079,0.0005);
#361=CIRCLE('',#11080,0.0005);
#362=CIRCLE('',#11081,0.0005);
#363=CIRCLE('',#11082,0.0005);
#364=CIRCLE('',#11083,0.0005);
#365=CIRCLE('',#11084,0.0005);
#366=CIRCLE('',#11085,0.0005);
#367=CIRCLE('',#11086,0.000500000000000006);
#368=CIRCLE('',#11087,0.000500000000000006);
#369=CIRCLE('',#11088,0.0005);
#370=CIRCLE('',#11089,0.0005);
#371=CIRCLE('',#11090,0.0005);
#372=CIRCLE('',#11091,0.0005);
#373=CIRCLE('',#11092,0.0005);
#374=CIRCLE('',#11093,0.0005);
#375=CIRCLE('',#11094,0.0005);
#376=CIRCLE('',#11095,0.0005);
#377=CIRCLE('',#11096,0.0005);
#378=CIRCLE('',#11097,0.0005);
#379=CIRCLE('',#11098,0.0005);
#380=CIRCLE('',#11099,0.0005);
#381=CIRCLE('',#11100,0.0005);
#382=CIRCLE('',#11101,0.0005);
#383=CIRCLE('',#11102,0.0005);
#384=CIRCLE('',#11103,0.0005);
#385=CIRCLE('',#11104,0.0005);
#386=CIRCLE('',#11105,0.0005);
#387=CIRCLE('',#11106,0.0005);
#388=CIRCLE('',#11107,0.0005);
#389=CIRCLE('',#11108,0.0005);
#390=CIRCLE('',#11109,0.0005);
#391=CIRCLE('',#11110,0.0005);
#392=CIRCLE('',#11111,0.0005);
#393=CIRCLE('',#11112,0.000499999999999994);
#394=CIRCLE('',#11113,0.0005);
#395=CIRCLE('',#11114,0.0005);
#396=CIRCLE('',#11115,0.0005);
#397=CIRCLE('',#11116,0.0005);
#398=CIRCLE('',#11117,0.0005);
#399=CIRCLE('',#11118,0.0005);
#400=CIRCLE('',#11119,0.0005);
#401=CIRCLE('',#11120,0.0005);
#402=CIRCLE('',#11121,0.0005);
#403=CIRCLE('',#11122,0.0005);
#404=CIRCLE('',#11123,0.0005);
#405=CIRCLE('',#11124,0.0005);
#406=CIRCLE('',#11125,0.0005);
#407=CIRCLE('',#11126,0.0005);
#408=CIRCLE('',#11127,0.0005);
#409=CIRCLE('',#11128,0.0005);
#410=CIRCLE('',#11129,0.000499999999999994);
#411=CIRCLE('',#11130,0.0005);
#412=CIRCLE('',#11131,0.0005);
#413=CIRCLE('',#11132,0.000499999999999994);
#414=CIRCLE('',#11133,0.000499999999999994);
#415=CIRCLE('',#11134,0.0005);
#416=CIRCLE('',#11135,0.0005);
#417=CIRCLE('',#11136,0.000499999999999994);
#418=CIRCLE('',#11137,0.00049999999999999);
#419=CIRCLE('',#11138,0.0005);
#420=CIRCLE('',#11139,0.0005);
#421=CIRCLE('',#11140,0.00049999999999999);
#422=CIRCLE('',#11141,0.0005);
#423=CIRCLE('',#11142,0.0005);
#424=CIRCLE('',#11143,0.0005);
#425=CIRCLE('',#11144,0.0005);
#426=CIRCLE('',#11145,0.0005);
#427=CIRCLE('',#11146,0.0005);
#428=CIRCLE('',#11147,0.0005);
#429=CIRCLE('',#11148,0.0005);
#430=CIRCLE('',#11149,0.0005);
#431=CIRCLE('',#11150,0.0005);
#432=CIRCLE('',#11151,0.0005);
#433=CIRCLE('',#11152,0.0005);
#434=CIRCLE('',#11153,0.0005);
#435=CIRCLE('',#11154,0.0005);
#436=CIRCLE('',#11155,0.0005);
#437=CIRCLE('',#11156,0.000499999999999994);
#438=CIRCLE('',#11157,0.0005);
#439=CIRCLE('',#11158,0.000500000000000011);
#440=CIRCLE('',#11159,0.0005);
#441=CIRCLE('',#11160,0.000499999999999994);
#442=CIRCLE('',#11161,0.0005);
#443=CIRCLE('',#11162,0.0005);
#444=CIRCLE('',#11163,0.000499999999999994);
#445=CIRCLE('',#11164,0.000499999999999994);
#446=CIRCLE('',#11165,0.0005);
#447=CIRCLE('',#11166,0.0005);
#448=CIRCLE('',#11167,0.000499999999999994);
#449=CIRCLE('',#11168,0.000499999999999994);
#450=CIRCLE('',#11169,0.0005);
#451=CIRCLE('',#11170,0.000500000000000007);
#452=CIRCLE('',#11171,0.0005);
#453=CIRCLE('',#11172,0.000499999999999994);
#454=CIRCLE('',#11173,0.000499999999999962);
#455=CIRCLE('',#11174,0.00049999999999999);
#456=CIRCLE('',#11175,0.000499999999999948);
#457=CIRCLE('',#11176,0.000499999999999969);
#458=CIRCLE('',#11177,0.0005);
#459=CIRCLE('',#11178,0.0005);
#460=CIRCLE('',#11179,0.0005);
#461=CIRCLE('',#11180,0.0005);
#462=CIRCLE('',#11181,0.0005);
#463=CIRCLE('',#11182,0.0005);
#464=CIRCLE('',#11183,0.0005);
#465=CIRCLE('',#11184,0.0005);
#466=CIRCLE('',#11185,0.0005);
#467=CIRCLE('',#11186,0.0005);
#468=CIRCLE('',#11187,0.000499999999999994);
#469=CIRCLE('',#11188,0.0005);
#470=CIRCLE('',#11189,0.0005);
#471=CIRCLE('',#11190,0.0005);
#472=CIRCLE('',#11191,0.000499999999999994);
#473=CIRCLE('',#11192,0.000499999999999994);
#474=CIRCLE('',#11193,0.004);
#475=CIRCLE('',#11194,0.0019999336694735);
#476=CIRCLE('',#11195,0.00199993366947387);
#477=CIRCLE('',#11196,0.00199993366947357);
#478=CIRCLE('',#11197,0.00199993366947369);
#479=CIRCLE('',#11198,0.00199993366947358);
#480=CIRCLE('',#11199,0.00199993366947357);
#481=CIRCLE('',#11200,0.00199993366947345);
#482=CIRCLE('',#11201,0.00199993366947358);
#483=CIRCLE('',#11202,0.0005);
#484=CIRCLE('',#11203,0.000499999999999976);
#485=CIRCLE('',#11204,0.000499999999999969);
#486=CIRCLE('',#11205,0.000499999999999968);
#487=CIRCLE('',#11206,0.000499999999999973);
#488=CIRCLE('',#11207,0.00049999999999998);
#489=CIRCLE('',#11208,0.000499999999999981);
#490=CIRCLE('',#11209,0.000499999999999985);
#491=CIRCLE('',#11210,0.004);
#492=CIRCLE('',#11211,0.002);
#493=CIRCLE('',#11212,0.002);
#494=CIRCLE('',#11213,0.002);
#495=CIRCLE('',#11214,0.002);
#496=CIRCLE('',#11215,0.002);
#497=CIRCLE('',#11216,0.002);
#498=CIRCLE('',#11217,0.002);
#499=CIRCLE('',#11218,0.002);
#500=CIRCLE('',#11219,0.004);
#501=CIRCLE('',#11220,0.004);
#502=CIRCLE('',#11221,0.002);
#503=CIRCLE('',#11222,0.002);
#504=CIRCLE('',#11223,0.002);
#505=CIRCLE('',#11224,0.002);
#506=CIRCLE('',#11225,0.002);
#507=CIRCLE('',#11226,0.002);
#508=CIRCLE('',#11227,0.002);
#509=CIRCLE('',#11228,0.002);
#510=CIRCLE('',#11234,0.0005);
#511=CIRCLE('',#11237,0.000499999999999994);
#512=CIRCLE('',#11241,0.0005);
#513=CIRCLE('',#11243,0.0005);
#514=CIRCLE('',#11245,0.0005);
#515=CIRCLE('',#11247,0.0005);
#516=CIRCLE('',#11255,0.004);
#517=CIRCLE('',#11256,0.002);
#518=CIRCLE('',#11257,0.002);
#519=CIRCLE('',#11258,0.002);
#520=CIRCLE('',#11259,0.002);
#521=CIRCLE('',#11260,0.002);
#522=CIRCLE('',#11261,0.002);
#523=CIRCLE('',#11262,0.002);
#524=CIRCLE('',#11263,0.002);
#525=CIRCLE('',#11264,0.004);
#526=CIRCLE('',#11265,0.004);
#527=CIRCLE('',#11266,0.002);
#528=CIRCLE('',#11267,0.002);
#529=CIRCLE('',#11268,0.002);
#530=CIRCLE('',#11269,0.002);
#531=CIRCLE('',#11270,0.002);
#532=CIRCLE('',#11271,0.002);
#533=CIRCLE('',#11272,0.002);
#534=CIRCLE('',#11273,0.002);
#535=CIRCLE('',#11274,0.004);
#536=CIRCLE('',#11275,0.000499999999999976);
#537=CIRCLE('',#11276,0.0005);
#538=CIRCLE('',#11277,0.00199993366947358);
#539=CIRCLE('',#11278,0.00199993366947345);
#540=CIRCLE('',#11279,0.00199993366947357);
#541=CIRCLE('',#11280,0.00199993366947358);
#542=CIRCLE('',#11281,0.00199993366947369);
#543=CIRCLE('',#11282,0.00199993366947357);
#544=CIRCLE('',#11283,0.00199993366947387);
#545=CIRCLE('',#11284,0.0019999336694735);
#546=CIRCLE('',#11285,0.000499999999999994);
#547=CIRCLE('',#11286,0.0005);
#548=CIRCLE('',#11287,0.0005);
#549=CIRCLE('',#11288,0.0005);
#550=CIRCLE('',#11289,0.0005);
#551=CIRCLE('',#11290,0.0005);
#552=CIRCLE('',#11291,0.000499999999999994);
#553=CIRCLE('',#11292,0.0005);
#554=CIRCLE('',#11293,0.0005);
#555=CIRCLE('',#11294,0.0005);
#556=CIRCLE('',#11295,0.000499999999999969);
#557=CIRCLE('',#11296,0.000499999999999948);
#558=CIRCLE('',#11297,0.00049999999999999);
#559=CIRCLE('',#11298,0.000499999999999962);
#560=CIRCLE('',#11299,0.0005);
#561=CIRCLE('',#11300,0.000499999999999994);
#562=CIRCLE('',#11301,0.0005);
#563=CIRCLE('',#11302,0.000500000000000007);
#564=CIRCLE('',#11303,0.0005);
#565=CIRCLE('',#11304,0.000499999999999994);
#566=CIRCLE('',#11305,0.000499999999999994);
#567=CIRCLE('',#11306,0.0005);
#568=CIRCLE('',#11307,0.0005);
#569=CIRCLE('',#11308,0.000499999999999994);
#570=CIRCLE('',#11309,0.000499999999999994);
#571=CIRCLE('',#11310,0.0005);
#572=CIRCLE('',#11311,0.0005);
#573=CIRCLE('',#11312,0.000499999999999994);
#574=CIRCLE('',#11313,0.0005);
#575=CIRCLE('',#11314,0.000500000000000011);
#576=CIRCLE('',#11315,0.0005);
#577=CIRCLE('',#11316,0.000499999999999994);
#578=CIRCLE('',#11317,0.0005);
#579=CIRCLE('',#11318,0.0005);
#580=CIRCLE('',#11319,0.000499999999999974);
#581=CIRCLE('',#11320,0.000499999999999989);
#582=CIRCLE('',#11321,0.0005);
#583=CIRCLE('',#11322,0.000499999999999988);
#584=CIRCLE('',#11323,0.0005);
#585=CIRCLE('',#11324,0.000499999999999963);
#586=CIRCLE('',#11325,0.0005);
#587=CIRCLE('',#11326,0.000499999999999988);
#588=CIRCLE('',#11327,0.000499999999999988);
#589=CIRCLE('',#11328,0.0005);
#590=CIRCLE('',#11329,0.000499999999999976);
#591=CIRCLE('',#11330,0.0005);
#592=CIRCLE('',#11331,0.000500000000000011);
#593=CIRCLE('',#11332,0.000499999999999966);
#594=CIRCLE('',#11333,0.0005);
#595=CIRCLE('',#11334,0.000499999999999976);
#596=CIRCLE('',#11335,0.0005);
#597=CIRCLE('',#11336,0.000500000000000013);
#598=CIRCLE('',#11337,0.000499999999999976);
#599=CIRCLE('',#11338,0.0005);
#600=CIRCLE('',#11339,0.000499999999999976);
#601=CIRCLE('',#11340,0.00049999999999999);
#602=CIRCLE('',#11341,0.000500000000000011);
#603=CIRCLE('',#11342,0.0005);
#604=CIRCLE('',#11343,0.0005);
#605=CIRCLE('',#11344,0.0005);
#606=CIRCLE('',#11345,0.0005);
#607=CIRCLE('',#11346,0.0005);
#608=CIRCLE('',#11347,0.0005);
#609=CIRCLE('',#11348,0.0005);
#610=CIRCLE('',#11349,0.0005);
#611=CIRCLE('',#11350,0.0005);
#612=CIRCLE('',#11351,0.0005);
#613=CIRCLE('',#11352,0.0005);
#614=CIRCLE('',#11353,0.0005);
#615=CIRCLE('',#11354,0.0005);
#616=CIRCLE('',#11355,0.00049999999999999);
#617=CIRCLE('',#11356,0.00049999999999999);
#618=CIRCLE('',#11357,0.0005);
#619=CIRCLE('',#11358,0.0005);
#620=CIRCLE('',#11359,0.000499999999999994);
#621=CIRCLE('',#11360,0.000499999999999994);
#622=CIRCLE('',#11361,0.0005);
#623=CIRCLE('',#11362,0.0005);
#624=CIRCLE('',#11363,0.000499999999999994);
#625=CIRCLE('',#11364,0.000499999999999994);
#626=CIRCLE('',#11365,0.0005);
#627=CIRCLE('',#11366,0.0005);
#628=CIRCLE('',#11367,0.0005);
#629=CIRCLE('',#11368,0.0005);
#630=CIRCLE('',#11369,0.0005);
#631=CIRCLE('',#11370,0.0005);
#632=CIRCLE('',#11371,0.0005);
#633=CIRCLE('',#11372,0.0005);
#634=CIRCLE('',#11373,0.0005);
#635=CIRCLE('',#11374,0.0005);
#636=CIRCLE('',#11375,0.0005);
#637=CIRCLE('',#11376,0.0005);
#638=CIRCLE('',#11377,0.0005);
#639=CIRCLE('',#11378,0.0005);
#640=CIRCLE('',#11379,0.0005);
#641=CIRCLE('',#11380,0.0005);
#642=CIRCLE('',#11381,0.0005);
#643=CIRCLE('',#11382,0.0005);
#644=CIRCLE('',#11383,0.0005);
#645=CIRCLE('',#11384,0.000499999999999994);
#646=CIRCLE('',#11385,0.0005);
#647=CIRCLE('',#11386,0.0005);
#648=CIRCLE('',#11387,0.0005);
#649=CIRCLE('',#11388,0.0005);
#650=CIRCLE('',#11389,0.0005);
#651=CIRCLE('',#11390,0.0005);
#652=CIRCLE('',#11391,0.0005);
#653=CIRCLE('',#11392,0.0005);
#654=CIRCLE('',#11393,0.0005);
#655=CIRCLE('',#11394,0.0005);
#656=CIRCLE('',#11395,0.0005);
#657=CIRCLE('',#11396,0.0005);
#658=CIRCLE('',#11397,0.0005);
#659=CIRCLE('',#11398,0.0005);
#660=CIRCLE('',#11399,0.0005);
#661=CIRCLE('',#11400,0.0005);
#662=CIRCLE('',#11401,0.0005);
#663=CIRCLE('',#11402,0.0005);
#664=CIRCLE('',#11403,0.0005);
#665=CIRCLE('',#11404,0.0005);
#666=CIRCLE('',#11405,0.0005);
#667=CIRCLE('',#11406,0.0005);
#668=CIRCLE('',#11407,0.0005);
#669=CIRCLE('',#11408,0.0005);
#670=CIRCLE('',#11409,0.000500000000000006);
#671=CIRCLE('',#11410,0.000500000000000006);
#672=CIRCLE('',#11411,0.0005);
#673=CIRCLE('',#11412,0.0005);
#674=CIRCLE('',#11413,0.0005);
#675=CIRCLE('',#11414,0.0005);
#676=CIRCLE('',#11415,0.0005);
#677=CIRCLE('',#11416,0.0005);
#678=CIRCLE('',#11417,0.0005);
#679=CIRCLE('',#11418,0.0005);
#680=CIRCLE('',#11419,0.0005);
#681=CIRCLE('',#11420,0.0005);
#682=CIRCLE('',#11421,0.0005);
#683=CIRCLE('',#11422,0.0005);
#684=CIRCLE('',#11423,0.0005);
#685=CIRCLE('',#11424,0.0005);
#686=CIRCLE('',#11425,0.0005);
#687=CIRCLE('',#11426,0.0005);
#688=CIRCLE('',#11427,0.0005);
#689=CIRCLE('',#11428,0.0005);
#690=CIRCLE('',#11429,0.000500000000000012);
#691=CIRCLE('',#11430,0.000500000000000013);
#692=CIRCLE('',#11431,0.0005);
#693=CIRCLE('',#11432,0.0005);
#694=CIRCLE('',#11433,0.0005);
#695=CIRCLE('',#11434,0.0005);
#696=CIRCLE('',#11435,0.0005);
#697=CIRCLE('',#11436,0.0005);
#698=CIRCLE('',#11437,0.000500000000000006);
#699=CIRCLE('',#11438,0.000500000000000006);
#700=CIRCLE('',#11439,0.0005);
#701=CIRCLE('',#11440,0.0005);
#702=CIRCLE('',#11441,0.0005);
#703=CIRCLE('',#11442,0.0005);
#704=CIRCLE('',#11443,0.0005);
#705=CIRCLE('',#11444,0.0005);
#706=CIRCLE('',#11445,0.0005);
#707=CIRCLE('',#11446,0.0005);
#708=CIRCLE('',#11447,0.00049999999999999);
#709=CIRCLE('',#11448,0.000499999999999988);
#710=CIRCLE('',#11449,0.0005);
#711=CIRCLE('',#11450,0.0005);
#712=CIRCLE('',#11451,0.000499999999999994);
#713=CIRCLE('',#11452,0.000499999999999992);
#714=CIRCLE('',#11453,0.0005);
#715=CIRCLE('',#11454,0.0005);
#716=CIRCLE('',#11455,0.000499999999999994);
#717=CIRCLE('',#11456,0.000499999999999992);
#718=CIRCLE('',#11457,0.0005);
#719=CIRCLE('',#11458,0.0005);
#720=CIRCLE('',#11459,0.0005);
#721=CIRCLE('',#11460,0.0005);
#722=CIRCLE('',#11461,0.0005);
#723=CIRCLE('',#11462,0.0005);
#724=CIRCLE('',#11463,0.0005);
#725=CIRCLE('',#11464,0.0005);
#726=CIRCLE('',#11465,0.0005);
#727=CIRCLE('',#11466,0.0005);
#728=CIRCLE('',#11807,0.000499999999999976);
#729=CIRCLE('',#11810,0.000499999999999976);
#730=CIRCLE('',#11813,0.000499999999999988);
#731=CIRCLE('',#11816,0.000499999999999961);
#732=CIRCLE('',#11819,0.000499999999999973);
#733=CIRCLE('',#11822,0.000499999999999961);
#734=CIRCLE('',#11825,0.000499999999999966);
#735=CIRCLE('',#11828,0.000500000000000011);
#736=CIRCLE('',#11835,0.000499999999999976);
#737=CIRCLE('',#11838,0.000499999999999976);
#738=CIRCLE('',#11841,0.000499999999999976);
#739=CIRCLE('',#11844,0.000499999999999973);
#740=CIRCLE('',#11847,0.000499999999999973);
#741=CIRCLE('',#11850,0.000499999999999973);
#742=CIRCLE('',#11853,0.000499999999999976);
#743=CIRCLE('',#11856,0.00049999999999999);
#744=CIRCLE('',#11861,0.000499999999999988);
#745=CIRCLE('',#11864,0.000499999999999976);
#746=CIRCLE('',#11867,0.000499999999999988);
#747=CIRCLE('',#11870,0.000499999999999961);
#748=CIRCLE('',#11873,0.000499999999999973);
#749=CIRCLE('',#11876,0.000499999999999973);
#750=CIRCLE('',#11879,0.000499999999999974);
#751=CIRCLE('',#11882,0.0005);
#752=CIRCLE('',#11889,0.000499999999999983);
#753=CIRCLE('',#11892,0.000499999999999983);
#754=CIRCLE('',#11895,0.000499999999999983);
#755=CIRCLE('',#11898,0.000499999999999973);
#756=CIRCLE('',#11901,0.000499999999999973);
#757=CIRCLE('',#11904,0.000499999999999973);
#758=CIRCLE('',#11907,0.000499999999999974);
#759=CIRCLE('',#11910,0.000499999999999989);
#760=CIRCLE('',#11915,0.000499999999999985);
#761=CIRCLE('',#11918,0.000499999999999981);
#762=CIRCLE('',#11921,0.00049999999999998);
#763=CIRCLE('',#11924,0.000499999999999973);
#764=CIRCLE('',#11927,0.000499999999999968);
#765=CIRCLE('',#11930,0.000499999999999969);
#766=CIRCLE('',#11933,0.000499999999999976);
#767=CIRCLE('',#11936,0.0005);
#768=CIRCLE('',#11939,0.0005);
#769=CIRCLE('',#11940,0.000499999999999976);
#770=CIRCLE('',#11946,0.000499999999999989);
#771=CIRCLE('',#11947,0.000499999999999974);
#772=CIRCLE('',#11952,0.0005);
#773=CIRCLE('',#11954,0.000499999999999976);
#774=CIRCLE('',#11958,0.000499999999999963);
#775=CIRCLE('',#11959,0.0005);
#776=CIRCLE('',#11965,0.000499999999999988);
#777=CIRCLE('',#11967,0.0005);
#778=CIRCLE('',#11970,0.00049999999999999);
#779=CIRCLE('',#11971,0.000499999999999976);
#780=CIRCLE('',#11976,0.0005);
#781=CIRCLE('',#11978,0.000499999999999976);
#782=CIRCLE('',#11982,0.000499999999999966);
#783=CIRCLE('',#11983,0.000500000000000011);
#784=CIRCLE('',#11989,0.000499999999999976);
#785=CIRCLE('',#11991,0.0005);
#786=ORIENTED_EDGE('',*,*,#4014,.F.);
#787=ORIENTED_EDGE('',*,*,#4015,.T.);
#788=ORIENTED_EDGE('',*,*,#4016,.T.);
#789=ORIENTED_EDGE('',*,*,#4017,.F.);
#790=ORIENTED_EDGE('',*,*,#4018,.T.);
#791=ORIENTED_EDGE('',*,*,#4019,.T.);
#792=ORIENTED_EDGE('',*,*,#4020,.T.);
#793=ORIENTED_EDGE('',*,*,#4021,.F.);
#794=ORIENTED_EDGE('',*,*,#4022,.F.);
#795=ORIENTED_EDGE('',*,*,#4023,.F.);
#796=ORIENTED_EDGE('',*,*,#4024,.F.);
#797=ORIENTED_EDGE('',*,*,#4025,.T.);
#798=ORIENTED_EDGE('',*,*,#4026,.F.);
#799=ORIENTED_EDGE('',*,*,#4027,.F.);
#800=ORIENTED_EDGE('',*,*,#4028,.F.);
#801=ORIENTED_EDGE('',*,*,#4029,.T.);
#802=ORIENTED_EDGE('',*,*,#4030,.T.);
#803=ORIENTED_EDGE('',*,*,#4031,.F.);
#804=ORIENTED_EDGE('',*,*,#4032,.F.);
#805=ORIENTED_EDGE('',*,*,#4033,.F.);
#806=ORIENTED_EDGE('',*,*,#4034,.F.);
#807=ORIENTED_EDGE('',*,*,#4035,.T.);
#808=ORIENTED_EDGE('',*,*,#4036,.F.);
#809=ORIENTED_EDGE('',*,*,#4037,.F.);
#810=ORIENTED_EDGE('',*,*,#4038,.T.);
#811=ORIENTED_EDGE('',*,*,#4039,.F.);
#812=ORIENTED_EDGE('',*,*,#4040,.T.);
#813=ORIENTED_EDGE('',*,*,#4041,.F.);
#814=ORIENTED_EDGE('',*,*,#4042,.F.);
#815=ORIENTED_EDGE('',*,*,#4043,.T.);
#816=ORIENTED_EDGE('',*,*,#4044,.F.);
#817=ORIENTED_EDGE('',*,*,#4045,.F.);
#818=ORIENTED_EDGE('',*,*,#4046,.T.);
#819=ORIENTED_EDGE('',*,*,#4047,.F.);
#820=ORIENTED_EDGE('',*,*,#4048,.T.);
#821=ORIENTED_EDGE('',*,*,#4049,.T.);
#822=ORIENTED_EDGE('',*,*,#4050,.T.);
#823=ORIENTED_EDGE('',*,*,#4051,.T.);
#824=ORIENTED_EDGE('',*,*,#4052,.F.);
#825=ORIENTED_EDGE('',*,*,#4053,.T.);
#826=ORIENTED_EDGE('',*,*,#4054,.F.);
#827=ORIENTED_EDGE('',*,*,#4055,.T.);
#828=ORIENTED_EDGE('',*,*,#4056,.T.);
#829=ORIENTED_EDGE('',*,*,#4057,.F.);
#830=ORIENTED_EDGE('',*,*,#4058,.T.);
#831=ORIENTED_EDGE('',*,*,#4059,.T.);
#832=ORIENTED_EDGE('',*,*,#4060,.T.);
#833=ORIENTED_EDGE('',*,*,#4061,.T.);
#834=ORIENTED_EDGE('',*,*,#4062,.F.);
#835=ORIENTED_EDGE('',*,*,#4063,.F.);
#836=ORIENTED_EDGE('',*,*,#4064,.T.);
#837=ORIENTED_EDGE('',*,*,#4065,.T.);
#838=ORIENTED_EDGE('',*,*,#4066,.T.);
#839=ORIENTED_EDGE('',*,*,#4067,.T.);
#840=ORIENTED_EDGE('',*,*,#4068,.T.);
#841=ORIENTED_EDGE('',*,*,#4069,.F.);
#842=ORIENTED_EDGE('',*,*,#4070,.F.);
#843=ORIENTED_EDGE('',*,*,#4071,.F.);
#844=ORIENTED_EDGE('',*,*,#4072,.F.);
#845=ORIENTED_EDGE('',*,*,#4073,.T.);
#846=ORIENTED_EDGE('',*,*,#4074,.F.);
#847=ORIENTED_EDGE('',*,*,#4075,.F.);
#848=ORIENTED_EDGE('',*,*,#4076,.F.);
#849=ORIENTED_EDGE('',*,*,#4077,.T.);
#850=ORIENTED_EDGE('',*,*,#4078,.T.);
#851=ORIENTED_EDGE('',*,*,#4079,.F.);
#852=ORIENTED_EDGE('',*,*,#4080,.F.);
#853=ORIENTED_EDGE('',*,*,#4081,.F.);
#854=ORIENTED_EDGE('',*,*,#4082,.F.);
#855=ORIENTED_EDGE('',*,*,#4083,.T.);
#856=ORIENTED_EDGE('',*,*,#4084,.F.);
#857=ORIENTED_EDGE('',*,*,#4085,.F.);
#858=ORIENTED_EDGE('',*,*,#4086,.T.);
#859=ORIENTED_EDGE('',*,*,#4087,.F.);
#860=ORIENTED_EDGE('',*,*,#4088,.T.);
#861=ORIENTED_EDGE('',*,*,#4089,.F.);
#862=ORIENTED_EDGE('',*,*,#4090,.F.);
#863=ORIENTED_EDGE('',*,*,#4091,.T.);
#864=ORIENTED_EDGE('',*,*,#4092,.F.);
#865=ORIENTED_EDGE('',*,*,#4093,.F.);
#866=ORIENTED_EDGE('',*,*,#4094,.T.);
#867=ORIENTED_EDGE('',*,*,#4095,.F.);
#868=ORIENTED_EDGE('',*,*,#4096,.T.);
#869=ORIENTED_EDGE('',*,*,#4097,.T.);
#870=ORIENTED_EDGE('',*,*,#4098,.T.);
#871=ORIENTED_EDGE('',*,*,#4099,.T.);
#872=ORIENTED_EDGE('',*,*,#4100,.F.);
#873=ORIENTED_EDGE('',*,*,#4101,.T.);
#874=ORIENTED_EDGE('',*,*,#4102,.F.);
#875=ORIENTED_EDGE('',*,*,#4103,.T.);
#876=ORIENTED_EDGE('',*,*,#4104,.T.);
#877=ORIENTED_EDGE('',*,*,#4105,.F.);
#878=ORIENTED_EDGE('',*,*,#4106,.T.);
#879=ORIENTED_EDGE('',*,*,#4107,.T.);
#880=ORIENTED_EDGE('',*,*,#4108,.T.);
#881=ORIENTED_EDGE('',*,*,#4109,.T.);
#882=ORIENTED_EDGE('',*,*,#4110,.F.);
#883=ORIENTED_EDGE('',*,*,#4111,.F.);
#884=ORIENTED_EDGE('',*,*,#4112,.T.);
#885=ORIENTED_EDGE('',*,*,#4113,.T.);
#886=ORIENTED_EDGE('',*,*,#4114,.F.);
#887=ORIENTED_EDGE('',*,*,#4115,.T.);
#888=ORIENTED_EDGE('',*,*,#4116,.F.);
#889=ORIENTED_EDGE('',*,*,#4117,.T.);
#890=ORIENTED_EDGE('',*,*,#4118,.F.);
#891=ORIENTED_EDGE('',*,*,#4119,.F.);
#892=ORIENTED_EDGE('',*,*,#4120,.F.);
#893=ORIENTED_EDGE('',*,*,#4121,.F.);
#894=ORIENTED_EDGE('',*,*,#4122,.F.);
#895=ORIENTED_EDGE('',*,*,#4123,.T.);
#896=ORIENTED_EDGE('',*,*,#4124,.F.);
#897=ORIENTED_EDGE('',*,*,#4125,.T.);
#898=ORIENTED_EDGE('',*,*,#4126,.F.);
#899=ORIENTED_EDGE('',*,*,#4127,.F.);
#900=ORIENTED_EDGE('',*,*,#4128,.F.);
#901=ORIENTED_EDGE('',*,*,#4129,.F.);
#902=ORIENTED_EDGE('',*,*,#4130,.F.);
#903=ORIENTED_EDGE('',*,*,#4131,.T.);
#904=ORIENTED_EDGE('',*,*,#4132,.F.);
#905=ORIENTED_EDGE('',*,*,#4133,.T.);
#906=ORIENTED_EDGE('',*,*,#4134,.F.);
#907=ORIENTED_EDGE('',*,*,#4135,.F.);
#908=ORIENTED_EDGE('',*,*,#4136,.F.);
#909=ORIENTED_EDGE('',*,*,#4137,.F.);
#910=ORIENTED_EDGE('',*,*,#4138,.F.);
#911=ORIENTED_EDGE('',*,*,#4139,.T.);
#912=ORIENTED_EDGE('',*,*,#4140,.F.);
#913=ORIENTED_EDGE('',*,*,#4141,.T.);
#914=ORIENTED_EDGE('',*,*,#4142,.F.);
#915=ORIENTED_EDGE('',*,*,#4143,.F.);
#916=ORIENTED_EDGE('',*,*,#4144,.F.);
#917=ORIENTED_EDGE('',*,*,#4145,.F.);
#918=ORIENTED_EDGE('',*,*,#4146,.F.);
#919=ORIENTED_EDGE('',*,*,#4147,.T.);
#920=ORIENTED_EDGE('',*,*,#4148,.F.);
#921=ORIENTED_EDGE('',*,*,#4149,.T.);
#922=ORIENTED_EDGE('',*,*,#4150,.F.);
#923=ORIENTED_EDGE('',*,*,#4151,.F.);
#924=ORIENTED_EDGE('',*,*,#4152,.F.);
#925=ORIENTED_EDGE('',*,*,#4153,.F.);
#926=ORIENTED_EDGE('',*,*,#4154,.F.);
#927=ORIENTED_EDGE('',*,*,#4155,.T.);
#928=ORIENTED_EDGE('',*,*,#4156,.F.);
#929=ORIENTED_EDGE('',*,*,#4157,.T.);
#930=ORIENTED_EDGE('',*,*,#4158,.F.);
#931=ORIENTED_EDGE('',*,*,#4159,.F.);
#932=ORIENTED_EDGE('',*,*,#4160,.F.);
#933=ORIENTED_EDGE('',*,*,#4161,.F.);
#934=ORIENTED_EDGE('',*,*,#4162,.F.);
#935=ORIENTED_EDGE('',*,*,#4163,.T.);
#936=ORIENTED_EDGE('',*,*,#4164,.F.);
#937=ORIENTED_EDGE('',*,*,#4165,.T.);
#938=ORIENTED_EDGE('',*,*,#4166,.F.);
#939=ORIENTED_EDGE('',*,*,#4167,.F.);
#940=ORIENTED_EDGE('',*,*,#4168,.F.);
#941=ORIENTED_EDGE('',*,*,#4169,.F.);
#942=ORIENTED_EDGE('',*,*,#4170,.F.);
#943=ORIENTED_EDGE('',*,*,#4171,.T.);
#944=ORIENTED_EDGE('',*,*,#4172,.F.);
#945=ORIENTED_EDGE('',*,*,#4173,.T.);
#946=ORIENTED_EDGE('',*,*,#4174,.F.);
#947=ORIENTED_EDGE('',*,*,#4175,.F.);
#948=ORIENTED_EDGE('',*,*,#4176,.F.);
#949=ORIENTED_EDGE('',*,*,#4177,.F.);
#950=ORIENTED_EDGE('',*,*,#4178,.F.);
#951=ORIENTED_EDGE('',*,*,#4179,.T.);
#952=ORIENTED_EDGE('',*,*,#4180,.F.);
#953=ORIENTED_EDGE('',*,*,#4181,.T.);
#954=ORIENTED_EDGE('',*,*,#4182,.F.);
#955=ORIENTED_EDGE('',*,*,#4183,.F.);
#956=ORIENTED_EDGE('',*,*,#4184,.F.);
#957=ORIENTED_EDGE('',*,*,#4185,.F.);
#958=ORIENTED_EDGE('',*,*,#4186,.F.);
#959=ORIENTED_EDGE('',*,*,#4187,.T.);
#960=ORIENTED_EDGE('',*,*,#4188,.F.);
#961=ORIENTED_EDGE('',*,*,#4189,.T.);
#962=ORIENTED_EDGE('',*,*,#4190,.F.);
#963=ORIENTED_EDGE('',*,*,#4191,.F.);
#964=ORIENTED_EDGE('',*,*,#4192,.F.);
#965=ORIENTED_EDGE('',*,*,#4193,.F.);
#966=ORIENTED_EDGE('',*,*,#4194,.F.);
#967=ORIENTED_EDGE('',*,*,#4195,.T.);
#968=ORIENTED_EDGE('',*,*,#4196,.F.);
#969=ORIENTED_EDGE('',*,*,#4197,.T.);
#970=ORIENTED_EDGE('',*,*,#4198,.F.);
#971=ORIENTED_EDGE('',*,*,#4199,.F.);
#972=ORIENTED_EDGE('',*,*,#4200,.F.);
#973=ORIENTED_EDGE('',*,*,#4201,.F.);
#974=ORIENTED_EDGE('',*,*,#4202,.F.);
#975=ORIENTED_EDGE('',*,*,#4203,.T.);
#976=ORIENTED_EDGE('',*,*,#4204,.F.);
#977=ORIENTED_EDGE('',*,*,#4205,.T.);
#978=ORIENTED_EDGE('',*,*,#4206,.F.);
#979=ORIENTED_EDGE('',*,*,#4207,.F.);
#980=ORIENTED_EDGE('',*,*,#4208,.F.);
#981=ORIENTED_EDGE('',*,*,#4209,.F.);
#982=ORIENTED_EDGE('',*,*,#4210,.F.);
#983=ORIENTED_EDGE('',*,*,#4211,.T.);
#984=ORIENTED_EDGE('',*,*,#4212,.F.);
#985=ORIENTED_EDGE('',*,*,#4213,.T.);
#986=ORIENTED_EDGE('',*,*,#4214,.F.);
#987=ORIENTED_EDGE('',*,*,#4215,.F.);
#988=ORIENTED_EDGE('',*,*,#4216,.F.);
#989=ORIENTED_EDGE('',*,*,#4217,.F.);
#990=ORIENTED_EDGE('',*,*,#4218,.F.);
#991=ORIENTED_EDGE('',*,*,#4219,.T.);
#992=ORIENTED_EDGE('',*,*,#4220,.F.);
#993=ORIENTED_EDGE('',*,*,#4221,.T.);
#994=ORIENTED_EDGE('',*,*,#4222,.F.);
#995=ORIENTED_EDGE('',*,*,#4223,.F.);
#996=ORIENTED_EDGE('',*,*,#4224,.F.);
#997=ORIENTED_EDGE('',*,*,#4225,.F.);
#998=ORIENTED_EDGE('',*,*,#4226,.F.);
#999=ORIENTED_EDGE('',*,*,#4227,.T.);
#1000=ORIENTED_EDGE('',*,*,#4228,.F.);
#1001=ORIENTED_EDGE('',*,*,#4229,.T.);
#1002=ORIENTED_EDGE('',*,*,#4230,.F.);
#1003=ORIENTED_EDGE('',*,*,#4231,.F.);
#1004=ORIENTED_EDGE('',*,*,#4232,.F.);
#1005=ORIENTED_EDGE('',*,*,#4233,.F.);
#1006=ORIENTED_EDGE('',*,*,#4234,.F.);
#1007=ORIENTED_EDGE('',*,*,#4235,.T.);
#1008=ORIENTED_EDGE('',*,*,#4236,.F.);
#1009=ORIENTED_EDGE('',*,*,#4237,.T.);
#1010=ORIENTED_EDGE('',*,*,#4238,.F.);
#1011=ORIENTED_EDGE('',*,*,#4239,.F.);
#1012=ORIENTED_EDGE('',*,*,#4240,.F.);
#1013=ORIENTED_EDGE('',*,*,#4241,.F.);
#1014=ORIENTED_EDGE('',*,*,#4242,.F.);
#1015=ORIENTED_EDGE('',*,*,#4243,.T.);
#1016=ORIENTED_EDGE('',*,*,#4244,.F.);
#1017=ORIENTED_EDGE('',*,*,#4245,.T.);
#1018=ORIENTED_EDGE('',*,*,#4246,.F.);
#1019=ORIENTED_EDGE('',*,*,#4247,.F.);
#1020=ORIENTED_EDGE('',*,*,#4248,.F.);
#1021=ORIENTED_EDGE('',*,*,#4249,.F.);
#1022=ORIENTED_EDGE('',*,*,#4250,.F.);
#1023=ORIENTED_EDGE('',*,*,#4251,.T.);
#1024=ORIENTED_EDGE('',*,*,#4252,.F.);
#1025=ORIENTED_EDGE('',*,*,#4253,.T.);
#1026=ORIENTED_EDGE('',*,*,#4254,.F.);
#1027=ORIENTED_EDGE('',*,*,#4255,.F.);
#1028=ORIENTED_EDGE('',*,*,#4256,.F.);
#1029=ORIENTED_EDGE('',*,*,#4257,.F.);
#1030=ORIENTED_EDGE('',*,*,#4258,.F.);
#1031=ORIENTED_EDGE('',*,*,#4259,.T.);
#1032=ORIENTED_EDGE('',*,*,#4260,.F.);
#1033=ORIENTED_EDGE('',*,*,#4261,.T.);
#1034=ORIENTED_EDGE('',*,*,#4262,.F.);
#1035=ORIENTED_EDGE('',*,*,#4263,.F.);
#1036=ORIENTED_EDGE('',*,*,#4264,.F.);
#1037=ORIENTED_EDGE('',*,*,#4265,.F.);
#1038=ORIENTED_EDGE('',*,*,#4266,.F.);
#1039=ORIENTED_EDGE('',*,*,#4267,.T.);
#1040=ORIENTED_EDGE('',*,*,#4268,.F.);
#1041=ORIENTED_EDGE('',*,*,#4269,.T.);
#1042=ORIENTED_EDGE('',*,*,#4270,.F.);
#1043=ORIENTED_EDGE('',*,*,#4271,.F.);
#1044=ORIENTED_EDGE('',*,*,#4272,.F.);
#1045=ORIENTED_EDGE('',*,*,#4273,.F.);
#1046=ORIENTED_EDGE('',*,*,#4274,.F.);
#1047=ORIENTED_EDGE('',*,*,#4275,.T.);
#1048=ORIENTED_EDGE('',*,*,#4276,.F.);
#1049=ORIENTED_EDGE('',*,*,#4277,.T.);
#1050=ORIENTED_EDGE('',*,*,#4278,.F.);
#1051=ORIENTED_EDGE('',*,*,#4279,.F.);
#1052=ORIENTED_EDGE('',*,*,#4280,.F.);
#1053=ORIENTED_EDGE('',*,*,#4281,.F.);
#1054=ORIENTED_EDGE('',*,*,#4282,.F.);
#1055=ORIENTED_EDGE('',*,*,#4283,.T.);
#1056=ORIENTED_EDGE('',*,*,#4284,.F.);
#1057=ORIENTED_EDGE('',*,*,#4285,.T.);
#1058=ORIENTED_EDGE('',*,*,#4286,.F.);
#1059=ORIENTED_EDGE('',*,*,#4287,.F.);
#1060=ORIENTED_EDGE('',*,*,#4288,.F.);
#1061=ORIENTED_EDGE('',*,*,#4289,.F.);
#1062=ORIENTED_EDGE('',*,*,#4290,.F.);
#1063=ORIENTED_EDGE('',*,*,#4291,.T.);
#1064=ORIENTED_EDGE('',*,*,#4292,.F.);
#1065=ORIENTED_EDGE('',*,*,#4293,.T.);
#1066=ORIENTED_EDGE('',*,*,#4294,.F.);
#1067=ORIENTED_EDGE('',*,*,#4295,.F.);
#1068=ORIENTED_EDGE('',*,*,#4296,.F.);
#1069=ORIENTED_EDGE('',*,*,#4297,.F.);
#1070=ORIENTED_EDGE('',*,*,#4298,.F.);
#1071=ORIENTED_EDGE('',*,*,#4299,.T.);
#1072=ORIENTED_EDGE('',*,*,#4300,.F.);
#1073=ORIENTED_EDGE('',*,*,#4301,.T.);
#1074=ORIENTED_EDGE('',*,*,#4302,.F.);
#1075=ORIENTED_EDGE('',*,*,#4303,.F.);
#1076=ORIENTED_EDGE('',*,*,#4304,.F.);
#1077=ORIENTED_EDGE('',*,*,#4305,.F.);
#1078=ORIENTED_EDGE('',*,*,#4306,.F.);
#1079=ORIENTED_EDGE('',*,*,#4307,.T.);
#1080=ORIENTED_EDGE('',*,*,#4308,.F.);
#1081=ORIENTED_EDGE('',*,*,#4309,.T.);
#1082=ORIENTED_EDGE('',*,*,#4310,.F.);
#1083=ORIENTED_EDGE('',*,*,#4311,.F.);
#1084=ORIENTED_EDGE('',*,*,#4312,.F.);
#1085=ORIENTED_EDGE('',*,*,#4313,.F.);
#1086=ORIENTED_EDGE('',*,*,#4314,.F.);
#1087=ORIENTED_EDGE('',*,*,#4315,.T.);
#1088=ORIENTED_EDGE('',*,*,#4316,.F.);
#1089=ORIENTED_EDGE('',*,*,#4317,.T.);
#1090=ORIENTED_EDGE('',*,*,#4318,.F.);
#1091=ORIENTED_EDGE('',*,*,#4319,.F.);
#1092=ORIENTED_EDGE('',*,*,#4320,.F.);
#1093=ORIENTED_EDGE('',*,*,#4321,.F.);
#1094=ORIENTED_EDGE('',*,*,#4322,.F.);
#1095=ORIENTED_EDGE('',*,*,#4323,.T.);
#1096=ORIENTED_EDGE('',*,*,#4324,.F.);
#1097=ORIENTED_EDGE('',*,*,#4325,.T.);
#1098=ORIENTED_EDGE('',*,*,#4326,.F.);
#1099=ORIENTED_EDGE('',*,*,#4327,.F.);
#1100=ORIENTED_EDGE('',*,*,#4328,.F.);
#1101=ORIENTED_EDGE('',*,*,#4329,.F.);
#1102=ORIENTED_EDGE('',*,*,#4330,.F.);
#1103=ORIENTED_EDGE('',*,*,#4331,.T.);
#1104=ORIENTED_EDGE('',*,*,#4332,.F.);
#1105=ORIENTED_EDGE('',*,*,#4333,.T.);
#1106=ORIENTED_EDGE('',*,*,#4334,.F.);
#1107=ORIENTED_EDGE('',*,*,#4335,.F.);
#1108=ORIENTED_EDGE('',*,*,#4336,.F.);
#1109=ORIENTED_EDGE('',*,*,#4337,.F.);
#1110=ORIENTED_EDGE('',*,*,#4338,.F.);
#1111=ORIENTED_EDGE('',*,*,#4339,.T.);
#1112=ORIENTED_EDGE('',*,*,#4340,.F.);
#1113=ORIENTED_EDGE('',*,*,#4341,.T.);
#1114=ORIENTED_EDGE('',*,*,#4342,.F.);
#1115=ORIENTED_EDGE('',*,*,#4343,.F.);
#1116=ORIENTED_EDGE('',*,*,#4344,.F.);
#1117=ORIENTED_EDGE('',*,*,#4345,.F.);
#1118=ORIENTED_EDGE('',*,*,#4346,.F.);
#1119=ORIENTED_EDGE('',*,*,#4347,.T.);
#1120=ORIENTED_EDGE('',*,*,#4348,.F.);
#1121=ORIENTED_EDGE('',*,*,#4349,.T.);
#1122=ORIENTED_EDGE('',*,*,#4350,.F.);
#1123=ORIENTED_EDGE('',*,*,#4351,.F.);
#1124=ORIENTED_EDGE('',*,*,#4352,.F.);
#1125=ORIENTED_EDGE('',*,*,#4353,.F.);
#1126=ORIENTED_EDGE('',*,*,#4354,.F.);
#1127=ORIENTED_EDGE('',*,*,#4355,.T.);
#1128=ORIENTED_EDGE('',*,*,#4356,.F.);
#1129=ORIENTED_EDGE('',*,*,#4357,.T.);
#1130=ORIENTED_EDGE('',*,*,#4358,.F.);
#1131=ORIENTED_EDGE('',*,*,#4359,.F.);
#1132=ORIENTED_EDGE('',*,*,#4360,.F.);
#1133=ORIENTED_EDGE('',*,*,#4361,.F.);
#1134=ORIENTED_EDGE('',*,*,#4362,.F.);
#1135=ORIENTED_EDGE('',*,*,#4363,.T.);
#1136=ORIENTED_EDGE('',*,*,#4364,.F.);
#1137=ORIENTED_EDGE('',*,*,#4365,.T.);
#1138=ORIENTED_EDGE('',*,*,#4366,.F.);
#1139=ORIENTED_EDGE('',*,*,#4367,.F.);
#1140=ORIENTED_EDGE('',*,*,#4368,.F.);
#1141=ORIENTED_EDGE('',*,*,#4369,.F.);
#1142=ORIENTED_EDGE('',*,*,#4370,.F.);
#1143=ORIENTED_EDGE('',*,*,#4371,.T.);
#1144=ORIENTED_EDGE('',*,*,#4372,.F.);
#1145=ORIENTED_EDGE('',*,*,#4373,.T.);
#1146=ORIENTED_EDGE('',*,*,#4374,.F.);
#1147=ORIENTED_EDGE('',*,*,#4375,.F.);
#1148=ORIENTED_EDGE('',*,*,#4376,.F.);
#1149=ORIENTED_EDGE('',*,*,#4377,.F.);
#1150=ORIENTED_EDGE('',*,*,#4378,.F.);
#1151=ORIENTED_EDGE('',*,*,#4379,.T.);
#1152=ORIENTED_EDGE('',*,*,#4380,.F.);
#1153=ORIENTED_EDGE('',*,*,#4381,.T.);
#1154=ORIENTED_EDGE('',*,*,#4382,.F.);
#1155=ORIENTED_EDGE('',*,*,#4383,.F.);
#1156=ORIENTED_EDGE('',*,*,#4384,.F.);
#1157=ORIENTED_EDGE('',*,*,#4385,.F.);
#1158=ORIENTED_EDGE('',*,*,#4386,.F.);
#1159=ORIENTED_EDGE('',*,*,#4387,.T.);
#1160=ORIENTED_EDGE('',*,*,#4388,.F.);
#1161=ORIENTED_EDGE('',*,*,#4389,.T.);
#1162=ORIENTED_EDGE('',*,*,#4390,.F.);
#1163=ORIENTED_EDGE('',*,*,#4391,.F.);
#1164=ORIENTED_EDGE('',*,*,#4392,.F.);
#1165=ORIENTED_EDGE('',*,*,#4393,.F.);
#1166=ORIENTED_EDGE('',*,*,#4394,.F.);
#1167=ORIENTED_EDGE('',*,*,#4395,.T.);
#1168=ORIENTED_EDGE('',*,*,#4396,.F.);
#1169=ORIENTED_EDGE('',*,*,#4397,.T.);
#1170=ORIENTED_EDGE('',*,*,#4398,.F.);
#1171=ORIENTED_EDGE('',*,*,#4399,.F.);
#1172=ORIENTED_EDGE('',*,*,#4400,.F.);
#1173=ORIENTED_EDGE('',*,*,#4401,.F.);
#1174=ORIENTED_EDGE('',*,*,#4402,.F.);
#1175=ORIENTED_EDGE('',*,*,#4403,.F.);
#1176=ORIENTED_EDGE('',*,*,#4404,.F.);
#1177=ORIENTED_EDGE('',*,*,#4405,.F.);
#1178=ORIENTED_EDGE('',*,*,#4406,.F.);
#1179=ORIENTED_EDGE('',*,*,#4407,.T.);
#1180=ORIENTED_EDGE('',*,*,#4408,.F.);
#1181=ORIENTED_EDGE('',*,*,#4409,.T.);
#1182=ORIENTED_EDGE('',*,*,#4410,.T.);
#1183=ORIENTED_EDGE('',*,*,#4411,.F.);
#1184=ORIENTED_EDGE('',*,*,#4412,.T.);
#1185=ORIENTED_EDGE('',*,*,#4413,.F.);
#1186=ORIENTED_EDGE('',*,*,#4414,.F.);
#1187=ORIENTED_EDGE('',*,*,#4415,.F.);
#1188=ORIENTED_EDGE('',*,*,#4416,.F.);
#1189=ORIENTED_EDGE('',*,*,#4417,.F.);
#1190=ORIENTED_EDGE('',*,*,#4418,.F.);
#1191=ORIENTED_EDGE('',*,*,#4419,.F.);
#1192=ORIENTED_EDGE('',*,*,#4420,.F.);
#1193=ORIENTED_EDGE('',*,*,#4421,.F.);
#1194=ORIENTED_EDGE('',*,*,#4422,.F.);
#1195=ORIENTED_EDGE('',*,*,#4423,.T.);
#1196=ORIENTED_EDGE('',*,*,#4424,.F.);
#1197=ORIENTED_EDGE('',*,*,#4425,.T.);
#1198=ORIENTED_EDGE('',*,*,#4426,.T.);
#1199=ORIENTED_EDGE('',*,*,#4427,.F.);
#1200=ORIENTED_EDGE('',*,*,#4428,.T.);
#1201=ORIENTED_EDGE('',*,*,#4429,.F.);
#1202=ORIENTED_EDGE('',*,*,#4430,.F.);
#1203=ORIENTED_EDGE('',*,*,#4431,.F.);
#1204=ORIENTED_EDGE('',*,*,#4432,.F.);
#1205=ORIENTED_EDGE('',*,*,#4433,.F.);
#1206=ORIENTED_EDGE('',*,*,#4434,.F.);
#1207=ORIENTED_EDGE('',*,*,#4435,.T.);
#1208=ORIENTED_EDGE('',*,*,#4436,.F.);
#1209=ORIENTED_EDGE('',*,*,#4437,.T.);
#1210=ORIENTED_EDGE('',*,*,#4438,.F.);
#1211=ORIENTED_EDGE('',*,*,#4439,.F.);
#1212=ORIENTED_EDGE('',*,*,#4440,.F.);
#1213=ORIENTED_EDGE('',*,*,#4441,.F.);
#1214=ORIENTED_EDGE('',*,*,#4016,.F.);
#1215=ORIENTED_EDGE('',*,*,#4442,.T.);
#1216=ORIENTED_EDGE('',*,*,#4443,.T.);
#1217=ORIENTED_EDGE('',*,*,#4444,.T.);
#1218=ORIENTED_EDGE('',*,*,#4445,.F.);
#1219=ORIENTED_EDGE('',*,*,#4446,.T.);
#1220=ORIENTED_EDGE('',*,*,#4447,.F.);
#1221=ORIENTED_EDGE('',*,*,#4448,.T.);
#1222=ORIENTED_EDGE('',*,*,#4449,.F.);
#1223=ORIENTED_EDGE('',*,*,#4450,.T.);
#1224=ORIENTED_EDGE('',*,*,#4451,.F.);
#1225=ORIENTED_EDGE('',*,*,#4452,.T.);
#1226=ORIENTED_EDGE('',*,*,#4453,.F.);
#1227=ORIENTED_EDGE('',*,*,#4454,.T.);
#1228=ORIENTED_EDGE('',*,*,#4455,.F.);
#1229=ORIENTED_EDGE('',*,*,#4456,.T.);
#1230=ORIENTED_EDGE('',*,*,#4457,.F.);
#1231=ORIENTED_EDGE('',*,*,#4458,.T.);
#1232=ORIENTED_EDGE('',*,*,#4459,.T.);
#1233=ORIENTED_EDGE('',*,*,#4460,.T.);
#1234=ORIENTED_EDGE('',*,*,#4461,.T.);
#1235=ORIENTED_EDGE('',*,*,#4462,.T.);
#1236=ORIENTED_EDGE('',*,*,#4463,.F.);
#1237=ORIENTED_EDGE('',*,*,#4464,.T.);
#1238=ORIENTED_EDGE('',*,*,#4465,.F.);
#1239=ORIENTED_EDGE('',*,*,#4466,.T.);
#1240=ORIENTED_EDGE('',*,*,#4467,.T.);
#1241=ORIENTED_EDGE('',*,*,#4468,.F.);
#1242=ORIENTED_EDGE('',*,*,#4469,.T.);
#1243=ORIENTED_EDGE('',*,*,#4470,.T.);
#1244=ORIENTED_EDGE('',*,*,#4471,.T.);
#1245=ORIENTED_EDGE('',*,*,#4472,.T.);
#1246=ORIENTED_EDGE('',*,*,#4473,.F.);
#1247=ORIENTED_EDGE('',*,*,#4474,.F.);
#1248=ORIENTED_EDGE('',*,*,#4475,.T.);
#1249=ORIENTED_EDGE('',*,*,#4476,.T.);
#1250=ORIENTED_EDGE('',*,*,#4477,.T.);
#1251=ORIENTED_EDGE('',*,*,#4478,.T.);
#1252=ORIENTED_EDGE('',*,*,#4479,.T.);
#1253=ORIENTED_EDGE('',*,*,#4480,.T.);
#1254=ORIENTED_EDGE('',*,*,#4481,.T.);
#1255=ORIENTED_EDGE('',*,*,#4482,.F.);
#1256=ORIENTED_EDGE('',*,*,#4483,.T.);
#1257=ORIENTED_EDGE('',*,*,#4484,.T.);
#1258=ORIENTED_EDGE('',*,*,#4485,.F.);
#1259=ORIENTED_EDGE('',*,*,#4486,.F.);
#1260=ORIENTED_EDGE('',*,*,#4487,.F.);
#1261=ORIENTED_EDGE('',*,*,#4488,.T.);
#1262=ORIENTED_EDGE('',*,*,#4489,.T.);
#1263=ORIENTED_EDGE('',*,*,#4490,.F.);
#1264=ORIENTED_EDGE('',*,*,#4491,.T.);
#1265=ORIENTED_EDGE('',*,*,#4492,.T.);
#1266=ORIENTED_EDGE('',*,*,#4493,.F.);
#1267=ORIENTED_EDGE('',*,*,#4494,.F.);
#1268=ORIENTED_EDGE('',*,*,#4495,.F.);
#1269=ORIENTED_EDGE('',*,*,#4496,.T.);
#1270=ORIENTED_EDGE('',*,*,#4497,.T.);
#1271=ORIENTED_EDGE('',*,*,#4498,.T.);
#1272=ORIENTED_EDGE('',*,*,#4499,.T.);
#1273=ORIENTED_EDGE('',*,*,#4500,.T.);
#1274=ORIENTED_EDGE('',*,*,#4501,.F.);
#1275=ORIENTED_EDGE('',*,*,#4502,.F.);
#1276=ORIENTED_EDGE('',*,*,#4503,.T.);
#1277=ORIENTED_EDGE('',*,*,#4504,.T.);
#1278=ORIENTED_EDGE('',*,*,#4505,.F.);
#1279=ORIENTED_EDGE('',*,*,#4506,.F.);
#1280=ORIENTED_EDGE('',*,*,#4507,.F.);
#1281=ORIENTED_EDGE('',*,*,#4508,.T.);
#1282=ORIENTED_EDGE('',*,*,#4509,.F.);
#1283=ORIENTED_EDGE('',*,*,#4510,.F.);
#1284=ORIENTED_EDGE('',*,*,#4511,.T.);
#1285=ORIENTED_EDGE('',*,*,#4512,.T.);
#1286=ORIENTED_EDGE('',*,*,#4513,.T.);
#1287=ORIENTED_EDGE('',*,*,#4514,.F.);
#1288=ORIENTED_EDGE('',*,*,#4515,.F.);
#1289=ORIENTED_EDGE('',*,*,#4516,.T.);
#1290=ORIENTED_EDGE('',*,*,#4517,.F.);
#1291=ORIENTED_EDGE('',*,*,#4518,.T.);
#1292=ORIENTED_EDGE('',*,*,#4509,.T.);
#1293=ORIENTED_EDGE('',*,*,#4519,.F.);
#1294=ORIENTED_EDGE('',*,*,#4520,.F.);
#1295=ORIENTED_EDGE('',*,*,#4521,.T.);
#1296=ORIENTED_EDGE('',*,*,#4501,.T.);
#1297=ORIENTED_EDGE('',*,*,#4522,.T.);
#1298=ORIENTED_EDGE('',*,*,#4523,.F.);
#1299=ORIENTED_EDGE('',*,*,#4524,.T.);
#1300=ORIENTED_EDGE('',*,*,#4525,.T.);
#1301=ORIENTED_EDGE('',*,*,#4497,.F.);
#1302=ORIENTED_EDGE('',*,*,#4526,.T.);
#1303=ORIENTED_EDGE('',*,*,#4527,.T.);
#1304=ORIENTED_EDGE('',*,*,#4489,.F.);
#1305=ORIENTED_EDGE('',*,*,#4528,.F.);
#1306=ORIENTED_EDGE('',*,*,#4529,.F.);
#1307=ORIENTED_EDGE('',*,*,#4530,.F.);
#1308=ORIENTED_EDGE('',*,*,#4434,.T.);
#1309=ORIENTED_EDGE('',*,*,#4531,.T.);
#1310=ORIENTED_EDGE('',*,*,#4532,.F.);
#1311=ORIENTED_EDGE('',*,*,#4531,.F.);
#1312=ORIENTED_EDGE('',*,*,#4441,.T.);
#1313=ORIENTED_EDGE('',*,*,#4533,.T.);
#1314=ORIENTED_EDGE('',*,*,#4534,.F.);
#1315=ORIENTED_EDGE('',*,*,#4533,.F.);
#1316=ORIENTED_EDGE('',*,*,#4440,.T.);
#1317=ORIENTED_EDGE('',*,*,#4535,.T.);
#1318=ORIENTED_EDGE('',*,*,#4536,.F.);
#1319=ORIENTED_EDGE('',*,*,#4537,.F.);
#1320=ORIENTED_EDGE('',*,*,#4421,.T.);
#1321=ORIENTED_EDGE('',*,*,#4538,.T.);
#1322=ORIENTED_EDGE('',*,*,#4539,.F.);
#1323=ORIENTED_EDGE('',*,*,#4540,.F.);
#1324=ORIENTED_EDGE('',*,*,#4416,.T.);
#1325=ORIENTED_EDGE('',*,*,#4541,.T.);
#1326=ORIENTED_EDGE('',*,*,#4542,.F.);
#1327=ORIENTED_EDGE('',*,*,#4543,.F.);
#1328=ORIENTED_EDGE('',*,*,#4417,.T.);
#1329=ORIENTED_EDGE('',*,*,#4540,.T.);
#1330=ORIENTED_EDGE('',*,*,#4544,.F.);
#1331=ORIENTED_EDGE('',*,*,#4541,.F.);
#1332=ORIENTED_EDGE('',*,*,#4415,.T.);
#1333=ORIENTED_EDGE('',*,*,#4545,.T.);
#1334=ORIENTED_EDGE('',*,*,#4546,.F.);
#1335=ORIENTED_EDGE('',*,*,#4547,.F.);
#1336=ORIENTED_EDGE('',*,*,#4422,.T.);
#1337=ORIENTED_EDGE('',*,*,#4537,.T.);
#1338=ORIENTED_EDGE('',*,*,#4548,.F.);
#1339=ORIENTED_EDGE('',*,*,#4538,.F.);
#1340=ORIENTED_EDGE('',*,*,#4420,.T.);
#1341=ORIENTED_EDGE('',*,*,#4549,.T.);
#1342=ORIENTED_EDGE('',*,*,#4550,.T.);
#1343=ORIENTED_EDGE('',*,*,#4551,.F.);
#1344=ORIENTED_EDGE('',*,*,#4423,.F.);
#1345=ORIENTED_EDGE('',*,*,#4547,.T.);
#1346=ORIENTED_EDGE('',*,*,#4419,.T.);
#1347=ORIENTED_EDGE('',*,*,#4552,.T.);
#1348=ORIENTED_EDGE('',*,*,#4553,.F.);
#1349=ORIENTED_EDGE('',*,*,#4549,.F.);
#1350=ORIENTED_EDGE('',*,*,#4554,.T.);
#1351=ORIENTED_EDGE('',*,*,#4555,.F.);
#1352=ORIENTED_EDGE('',*,*,#4410,.F.);
#1353=ORIENTED_EDGE('',*,*,#4543,.T.);
#1354=ORIENTED_EDGE('',*,*,#4414,.T.);
#1355=ORIENTED_EDGE('',*,*,#4556,.T.);
#1356=ORIENTED_EDGE('',*,*,#4557,.F.);
#1357=ORIENTED_EDGE('',*,*,#4545,.F.);
#1358=ORIENTED_EDGE('',*,*,#4558,.F.);
#1359=ORIENTED_EDGE('',*,*,#4559,.T.);
#1360=ORIENTED_EDGE('',*,*,#4560,.T.);
#1361=ORIENTED_EDGE('',*,*,#4460,.F.);
#1362=ORIENTED_EDGE('',*,*,#4561,.F.);
#1363=ORIENTED_EDGE('',*,*,#4478,.F.);
#1364=ORIENTED_EDGE('',*,*,#4562,.F.);
#1365=ORIENTED_EDGE('',*,*,#4563,.T.);
#1366=ORIENTED_EDGE('',*,*,#4564,.T.);
#1367=ORIENTED_EDGE('',*,*,#4565,.T.);
#1368=ORIENTED_EDGE('',*,*,#4014,.T.);
#1369=ORIENTED_EDGE('',*,*,#4566,.T.);
#1370=ORIENTED_EDGE('',*,*,#4567,.F.);
#1371=ORIENTED_EDGE('',*,*,#4568,.F.);
#1372=ORIENTED_EDGE('',*,*,#4569,.T.);
#1373=ORIENTED_EDGE('',*,*,#4570,.T.);
#1374=ORIENTED_EDGE('',*,*,#4571,.T.);
#1375=ORIENTED_EDGE('',*,*,#4572,.F.);
#1376=ORIENTED_EDGE('',*,*,#4517,.T.);
#1377=ORIENTED_EDGE('',*,*,#4573,.T.);
#1378=ORIENTED_EDGE('',*,*,#4574,.F.);
#1379=ORIENTED_EDGE('',*,*,#4575,.F.);
#1380=ORIENTED_EDGE('',*,*,#4576,.F.);
#1381=ORIENTED_EDGE('',*,*,#4577,.T.);
#1382=ORIENTED_EDGE('',*,*,#4578,.T.);
#1383=ORIENTED_EDGE('',*,*,#4579,.F.);
#1384=ORIENTED_EDGE('',*,*,#4520,.T.);
#1385=ORIENTED_EDGE('',*,*,#4580,.T.);
#1386=ORIENTED_EDGE('',*,*,#4581,.F.);
#1387=ORIENTED_EDGE('',*,*,#4582,.T.);
#1388=ORIENTED_EDGE('',*,*,#4524,.F.);
#1389=ORIENTED_EDGE('',*,*,#4583,.T.);
#1390=ORIENTED_EDGE('',*,*,#4584,.F.);
#1391=ORIENTED_EDGE('',*,*,#4585,.F.);
#1392=ORIENTED_EDGE('',*,*,#4586,.F.);
#1393=ORIENTED_EDGE('',*,*,#4587,.T.);
#1394=ORIENTED_EDGE('',*,*,#4588,.T.);
#1395=ORIENTED_EDGE('',*,*,#4589,.F.);
#1396=ORIENTED_EDGE('',*,*,#4526,.F.);
#1397=ORIENTED_EDGE('',*,*,#4590,.T.);
#1398=ORIENTED_EDGE('',*,*,#4591,.F.);
#1399=ORIENTED_EDGE('',*,*,#4592,.F.);
#1400=ORIENTED_EDGE('',*,*,#4593,.F.);
#1401=ORIENTED_EDGE('',*,*,#4594,.T.);
#1402=ORIENTED_EDGE('',*,*,#4595,.T.);
#1403=ORIENTED_EDGE('',*,*,#4596,.F.);
#1404=ORIENTED_EDGE('',*,*,#4597,.F.);
#1405=ORIENTED_EDGE('',*,*,#4598,.T.);
#1406=ORIENTED_EDGE('',*,*,#4599,.T.);
#1407=ORIENTED_EDGE('',*,*,#4563,.F.);
#1408=ORIENTED_EDGE('',*,*,#4600,.F.);
#1409=ORIENTED_EDGE('',*,*,#4601,.T.);
#1410=ORIENTED_EDGE('',*,*,#4602,.T.);
#1411=ORIENTED_EDGE('',*,*,#4603,.F.);
#1412=ORIENTED_EDGE('',*,*,#4604,.T.);
#1413=ORIENTED_EDGE('',*,*,#4605,.F.);
#1414=ORIENTED_EDGE('',*,*,#4606,.F.);
#1415=ORIENTED_EDGE('',*,*,#4559,.F.);
#1416=ORIENTED_EDGE('',*,*,#4607,.T.);
#1417=ORIENTED_EDGE('',*,*,#4608,.T.);
#1418=ORIENTED_EDGE('',*,*,#4609,.T.);
#1419=ORIENTED_EDGE('',*,*,#4610,.T.);
#1420=ORIENTED_EDGE('',*,*,#4611,.T.);
#1421=ORIENTED_EDGE('',*,*,#4612,.T.);
#1422=ORIENTED_EDGE('',*,*,#4613,.T.);
#1423=ORIENTED_EDGE('',*,*,#4614,.T.);
#1424=ORIENTED_EDGE('',*,*,#4615,.T.);
#1425=ORIENTED_EDGE('',*,*,#4616,.T.);
#1426=ORIENTED_EDGE('',*,*,#4617,.T.);
#1427=ORIENTED_EDGE('',*,*,#4618,.T.);
#1428=ORIENTED_EDGE('',*,*,#4619,.T.);
#1429=ORIENTED_EDGE('',*,*,#4620,.T.);
#1430=ORIENTED_EDGE('',*,*,#4621,.T.);
#1431=ORIENTED_EDGE('',*,*,#4622,.T.);
#1432=ORIENTED_EDGE('',*,*,#4623,.F.);
#1433=ORIENTED_EDGE('',*,*,#4529,.T.);
#1434=ORIENTED_EDGE('',*,*,#4532,.T.);
#1435=ORIENTED_EDGE('',*,*,#4534,.T.);
#1436=ORIENTED_EDGE('',*,*,#4624,.T.);
#1437=ORIENTED_EDGE('',*,*,#4625,.T.);
#1438=ORIENTED_EDGE('',*,*,#4626,.F.);
#1439=ORIENTED_EDGE('',*,*,#4627,.T.);
#1440=ORIENTED_EDGE('',*,*,#4553,.T.);
#1441=ORIENTED_EDGE('',*,*,#4628,.T.);
#1442=ORIENTED_EDGE('',*,*,#4629,.F.);
#1443=ORIENTED_EDGE('',*,*,#4630,.T.);
#1444=ORIENTED_EDGE('',*,*,#4550,.F.);
#1445=ORIENTED_EDGE('',*,*,#4546,.T.);
#1446=ORIENTED_EDGE('',*,*,#4536,.T.);
#1447=ORIENTED_EDGE('',*,*,#4548,.T.);
#1448=ORIENTED_EDGE('',*,*,#4631,.T.);
#1449=ORIENTED_EDGE('',*,*,#4632,.F.);
#1450=ORIENTED_EDGE('',*,*,#4633,.T.);
#1451=ORIENTED_EDGE('',*,*,#4634,.T.);
#1452=ORIENTED_EDGE('',*,*,#4635,.T.);
#1453=ORIENTED_EDGE('',*,*,#4636,.T.);
#1454=ORIENTED_EDGE('',*,*,#4637,.T.);
#1455=ORIENTED_EDGE('',*,*,#4638,.F.);
#1456=ORIENTED_EDGE('',*,*,#4639,.T.);
#1457=ORIENTED_EDGE('',*,*,#4554,.F.);
#1458=ORIENTED_EDGE('',*,*,#4542,.T.);
#1459=ORIENTED_EDGE('',*,*,#4539,.T.);
#1460=ORIENTED_EDGE('',*,*,#4544,.T.);
#1461=ORIENTED_EDGE('',*,*,#4557,.T.);
#1462=ORIENTED_EDGE('',*,*,#4640,.T.);
#1463=ORIENTED_EDGE('',*,*,#4641,.F.);
#1464=ORIENTED_EDGE('',*,*,#4642,.T.);
#1465=ORIENTED_EDGE('',*,*,#4643,.F.);
#1466=ORIENTED_EDGE('',*,*,#4644,.T.);
#1467=ORIENTED_EDGE('',*,*,#4645,.F.);
#1468=ORIENTED_EDGE('',*,*,#4646,.F.);
#1469=ORIENTED_EDGE('',*,*,#4647,.F.);
#1470=ORIENTED_EDGE('',*,*,#4648,.F.);
#1471=ORIENTED_EDGE('',*,*,#4649,.F.);
#1472=ORIENTED_EDGE('',*,*,#4650,.T.);
#1473=ORIENTED_EDGE('',*,*,#4651,.T.);
#1474=ORIENTED_EDGE('',*,*,#4652,.T.);
#1475=ORIENTED_EDGE('',*,*,#4653,.T.);
#1476=ORIENTED_EDGE('',*,*,#4654,.T.);
#1477=ORIENTED_EDGE('',*,*,#4655,.F.);
#1478=ORIENTED_EDGE('',*,*,#4656,.T.);
#1479=ORIENTED_EDGE('',*,*,#4657,.F.);
#1480=ORIENTED_EDGE('',*,*,#4658,.T.);
#1481=ORIENTED_EDGE('',*,*,#4659,.T.);
#1482=ORIENTED_EDGE('',*,*,#4660,.T.);
#1483=ORIENTED_EDGE('',*,*,#4661,.T.);
#1484=ORIENTED_EDGE('',*,*,#4662,.T.);
#1485=ORIENTED_EDGE('',*,*,#4663,.F.);
#1486=ORIENTED_EDGE('',*,*,#4664,.T.);
#1487=ORIENTED_EDGE('',*,*,#4665,.F.);
#1488=ORIENTED_EDGE('',*,*,#4666,.T.);
#1489=ORIENTED_EDGE('',*,*,#4667,.T.);
#1490=ORIENTED_EDGE('',*,*,#4668,.T.);
#1491=ORIENTED_EDGE('',*,*,#4669,.T.);
#1492=ORIENTED_EDGE('',*,*,#4670,.T.);
#1493=ORIENTED_EDGE('',*,*,#4671,.F.);
#1494=ORIENTED_EDGE('',*,*,#4672,.T.);
#1495=ORIENTED_EDGE('',*,*,#4673,.F.);
#1496=ORIENTED_EDGE('',*,*,#4674,.T.);
#1497=ORIENTED_EDGE('',*,*,#4675,.T.);
#1498=ORIENTED_EDGE('',*,*,#4676,.T.);
#1499=ORIENTED_EDGE('',*,*,#4677,.T.);
#1500=ORIENTED_EDGE('',*,*,#4678,.T.);
#1501=ORIENTED_EDGE('',*,*,#4679,.F.);
#1502=ORIENTED_EDGE('',*,*,#4680,.T.);
#1503=ORIENTED_EDGE('',*,*,#4681,.F.);
#1504=ORIENTED_EDGE('',*,*,#4682,.T.);
#1505=ORIENTED_EDGE('',*,*,#4683,.T.);
#1506=ORIENTED_EDGE('',*,*,#4684,.T.);
#1507=ORIENTED_EDGE('',*,*,#4685,.T.);
#1508=ORIENTED_EDGE('',*,*,#4686,.T.);
#1509=ORIENTED_EDGE('',*,*,#4687,.F.);
#1510=ORIENTED_EDGE('',*,*,#4688,.T.);
#1511=ORIENTED_EDGE('',*,*,#4689,.F.);
#1512=ORIENTED_EDGE('',*,*,#4690,.T.);
#1513=ORIENTED_EDGE('',*,*,#4691,.F.);
#1514=ORIENTED_EDGE('',*,*,#4692,.T.);
#1515=ORIENTED_EDGE('',*,*,#4693,.F.);
#1516=ORIENTED_EDGE('',*,*,#4694,.F.);
#1517=ORIENTED_EDGE('',*,*,#4695,.F.);
#1518=ORIENTED_EDGE('',*,*,#4696,.F.);
#1519=ORIENTED_EDGE('',*,*,#4697,.T.);
#1520=ORIENTED_EDGE('',*,*,#4698,.F.);
#1521=ORIENTED_EDGE('',*,*,#4699,.T.);
#1522=ORIENTED_EDGE('',*,*,#4700,.T.);
#1523=ORIENTED_EDGE('',*,*,#4701,.F.);
#1524=ORIENTED_EDGE('',*,*,#4702,.T.);
#1525=ORIENTED_EDGE('',*,*,#4703,.T.);
#1526=ORIENTED_EDGE('',*,*,#4704,.F.);
#1527=ORIENTED_EDGE('',*,*,#4705,.T.);
#1528=ORIENTED_EDGE('',*,*,#4706,.F.);
#1529=ORIENTED_EDGE('',*,*,#4707,.T.);
#1530=ORIENTED_EDGE('',*,*,#4708,.T.);
#1531=ORIENTED_EDGE('',*,*,#4709,.T.);
#1532=ORIENTED_EDGE('',*,*,#4710,.T.);
#1533=ORIENTED_EDGE('',*,*,#4711,.F.);
#1534=ORIENTED_EDGE('',*,*,#4712,.T.);
#1535=ORIENTED_EDGE('',*,*,#4713,.T.);
#1536=ORIENTED_EDGE('',*,*,#4714,.T.);
#1537=ORIENTED_EDGE('',*,*,#4715,.T.);
#1538=ORIENTED_EDGE('',*,*,#4716,.F.);
#1539=ORIENTED_EDGE('',*,*,#4717,.F.);
#1540=ORIENTED_EDGE('',*,*,#4718,.F.);
#1541=ORIENTED_EDGE('',*,*,#4719,.F.);
#1542=ORIENTED_EDGE('',*,*,#4720,.F.);
#1543=ORIENTED_EDGE('',*,*,#4721,.F.);
#1544=ORIENTED_EDGE('',*,*,#4722,.T.);
#1545=ORIENTED_EDGE('',*,*,#4723,.T.);
#1546=ORIENTED_EDGE('',*,*,#4724,.F.);
#1547=ORIENTED_EDGE('',*,*,#4725,.T.);
#1548=ORIENTED_EDGE('',*,*,#4726,.F.);
#1549=ORIENTED_EDGE('',*,*,#4727,.T.);
#1550=ORIENTED_EDGE('',*,*,#4728,.T.);
#1551=ORIENTED_EDGE('',*,*,#4729,.T.);
#1552=ORIENTED_EDGE('',*,*,#4730,.T.);
#1553=ORIENTED_EDGE('',*,*,#4731,.F.);
#1554=ORIENTED_EDGE('',*,*,#4732,.T.);
#1555=ORIENTED_EDGE('',*,*,#4733,.T.);
#1556=ORIENTED_EDGE('',*,*,#4734,.T.);
#1557=ORIENTED_EDGE('',*,*,#4735,.T.);
#1558=ORIENTED_EDGE('',*,*,#4736,.F.);
#1559=ORIENTED_EDGE('',*,*,#4737,.F.);
#1560=ORIENTED_EDGE('',*,*,#4738,.F.);
#1561=ORIENTED_EDGE('',*,*,#4739,.F.);
#1562=ORIENTED_EDGE('',*,*,#4740,.F.);
#1563=ORIENTED_EDGE('',*,*,#4741,.F.);
#1564=ORIENTED_EDGE('',*,*,#4742,.T.);
#1565=ORIENTED_EDGE('',*,*,#4743,.F.);
#1566=ORIENTED_EDGE('',*,*,#4744,.T.);
#1567=ORIENTED_EDGE('',*,*,#4745,.F.);
#1568=ORIENTED_EDGE('',*,*,#4746,.F.);
#1569=ORIENTED_EDGE('',*,*,#4747,.F.);
#1570=ORIENTED_EDGE('',*,*,#4748,.F.);
#1571=ORIENTED_EDGE('',*,*,#4749,.T.);
#1572=ORIENTED_EDGE('',*,*,#4750,.F.);
#1573=ORIENTED_EDGE('',*,*,#4751,.T.);
#1574=ORIENTED_EDGE('',*,*,#4752,.T.);
#1575=ORIENTED_EDGE('',*,*,#4753,.F.);
#1576=ORIENTED_EDGE('',*,*,#4754,.T.);
#1577=ORIENTED_EDGE('',*,*,#4755,.T.);
#1578=ORIENTED_EDGE('',*,*,#4756,.T.);
#1579=ORIENTED_EDGE('',*,*,#4757,.T.);
#1580=ORIENTED_EDGE('',*,*,#4758,.T.);
#1581=ORIENTED_EDGE('',*,*,#4759,.F.);
#1582=ORIENTED_EDGE('',*,*,#4760,.T.);
#1583=ORIENTED_EDGE('',*,*,#4761,.F.);
#1584=ORIENTED_EDGE('',*,*,#4762,.T.);
#1585=ORIENTED_EDGE('',*,*,#4763,.T.);
#1586=ORIENTED_EDGE('',*,*,#4764,.T.);
#1587=ORIENTED_EDGE('',*,*,#4765,.T.);
#1588=ORIENTED_EDGE('',*,*,#4766,.T.);
#1589=ORIENTED_EDGE('',*,*,#4767,.F.);
#1590=ORIENTED_EDGE('',*,*,#4768,.T.);
#1591=ORIENTED_EDGE('',*,*,#4769,.F.);
#1592=ORIENTED_EDGE('',*,*,#4770,.T.);
#1593=ORIENTED_EDGE('',*,*,#4771,.T.);
#1594=ORIENTED_EDGE('',*,*,#4772,.T.);
#1595=ORIENTED_EDGE('',*,*,#4773,.T.);
#1596=ORIENTED_EDGE('',*,*,#4774,.T.);
#1597=ORIENTED_EDGE('',*,*,#4775,.F.);
#1598=ORIENTED_EDGE('',*,*,#4776,.T.);
#1599=ORIENTED_EDGE('',*,*,#4777,.F.);
#1600=ORIENTED_EDGE('',*,*,#4778,.T.);
#1601=ORIENTED_EDGE('',*,*,#4779,.T.);
#1602=ORIENTED_EDGE('',*,*,#4780,.T.);
#1603=ORIENTED_EDGE('',*,*,#4781,.T.);
#1604=ORIENTED_EDGE('',*,*,#4782,.T.);
#1605=ORIENTED_EDGE('',*,*,#4783,.F.);
#1606=ORIENTED_EDGE('',*,*,#4784,.T.);
#1607=ORIENTED_EDGE('',*,*,#4785,.F.);
#1608=ORIENTED_EDGE('',*,*,#4786,.T.);
#1609=ORIENTED_EDGE('',*,*,#4787,.T.);
#1610=ORIENTED_EDGE('',*,*,#4788,.T.);
#1611=ORIENTED_EDGE('',*,*,#4789,.T.);
#1612=ORIENTED_EDGE('',*,*,#4790,.T.);
#1613=ORIENTED_EDGE('',*,*,#4791,.F.);
#1614=ORIENTED_EDGE('',*,*,#4792,.T.);
#1615=ORIENTED_EDGE('',*,*,#4793,.F.);
#1616=ORIENTED_EDGE('',*,*,#4794,.T.);
#1617=ORIENTED_EDGE('',*,*,#4795,.T.);
#1618=ORIENTED_EDGE('',*,*,#4796,.T.);
#1619=ORIENTED_EDGE('',*,*,#4797,.T.);
#1620=ORIENTED_EDGE('',*,*,#4798,.T.);
#1621=ORIENTED_EDGE('',*,*,#4799,.F.);
#1622=ORIENTED_EDGE('',*,*,#4800,.T.);
#1623=ORIENTED_EDGE('',*,*,#4801,.F.);
#1624=ORIENTED_EDGE('',*,*,#4802,.T.);
#1625=ORIENTED_EDGE('',*,*,#4803,.T.);
#1626=ORIENTED_EDGE('',*,*,#4804,.T.);
#1627=ORIENTED_EDGE('',*,*,#4805,.T.);
#1628=ORIENTED_EDGE('',*,*,#4806,.T.);
#1629=ORIENTED_EDGE('',*,*,#4807,.F.);
#1630=ORIENTED_EDGE('',*,*,#4808,.T.);
#1631=ORIENTED_EDGE('',*,*,#4809,.F.);
#1632=ORIENTED_EDGE('',*,*,#4810,.T.);
#1633=ORIENTED_EDGE('',*,*,#4811,.T.);
#1634=ORIENTED_EDGE('',*,*,#4812,.T.);
#1635=ORIENTED_EDGE('',*,*,#4813,.T.);
#1636=ORIENTED_EDGE('',*,*,#4814,.T.);
#1637=ORIENTED_EDGE('',*,*,#4815,.F.);
#1638=ORIENTED_EDGE('',*,*,#4816,.T.);
#1639=ORIENTED_EDGE('',*,*,#4817,.F.);
#1640=ORIENTED_EDGE('',*,*,#4818,.T.);
#1641=ORIENTED_EDGE('',*,*,#4819,.T.);
#1642=ORIENTED_EDGE('',*,*,#4820,.T.);
#1643=ORIENTED_EDGE('',*,*,#4821,.T.);
#1644=ORIENTED_EDGE('',*,*,#4822,.T.);
#1645=ORIENTED_EDGE('',*,*,#4823,.F.);
#1646=ORIENTED_EDGE('',*,*,#4824,.T.);
#1647=ORIENTED_EDGE('',*,*,#4825,.F.);
#1648=ORIENTED_EDGE('',*,*,#4826,.T.);
#1649=ORIENTED_EDGE('',*,*,#4827,.T.);
#1650=ORIENTED_EDGE('',*,*,#4828,.T.);
#1651=ORIENTED_EDGE('',*,*,#4829,.T.);
#1652=ORIENTED_EDGE('',*,*,#4830,.T.);
#1653=ORIENTED_EDGE('',*,*,#4831,.F.);
#1654=ORIENTED_EDGE('',*,*,#4832,.T.);
#1655=ORIENTED_EDGE('',*,*,#4833,.F.);
#1656=ORIENTED_EDGE('',*,*,#4834,.T.);
#1657=ORIENTED_EDGE('',*,*,#4835,.T.);
#1658=ORIENTED_EDGE('',*,*,#4836,.T.);
#1659=ORIENTED_EDGE('',*,*,#4837,.T.);
#1660=ORIENTED_EDGE('',*,*,#4838,.T.);
#1661=ORIENTED_EDGE('',*,*,#4839,.F.);
#1662=ORIENTED_EDGE('',*,*,#4840,.T.);
#1663=ORIENTED_EDGE('',*,*,#4841,.F.);
#1664=ORIENTED_EDGE('',*,*,#4842,.T.);
#1665=ORIENTED_EDGE('',*,*,#4843,.T.);
#1666=ORIENTED_EDGE('',*,*,#4844,.T.);
#1667=ORIENTED_EDGE('',*,*,#4845,.T.);
#1668=ORIENTED_EDGE('',*,*,#4846,.T.);
#1669=ORIENTED_EDGE('',*,*,#4847,.F.);
#1670=ORIENTED_EDGE('',*,*,#4848,.T.);
#1671=ORIENTED_EDGE('',*,*,#4849,.F.);
#1672=ORIENTED_EDGE('',*,*,#4850,.T.);
#1673=ORIENTED_EDGE('',*,*,#4851,.T.);
#1674=ORIENTED_EDGE('',*,*,#4852,.T.);
#1675=ORIENTED_EDGE('',*,*,#4853,.T.);
#1676=ORIENTED_EDGE('',*,*,#4854,.T.);
#1677=ORIENTED_EDGE('',*,*,#4855,.F.);
#1678=ORIENTED_EDGE('',*,*,#4856,.T.);
#1679=ORIENTED_EDGE('',*,*,#4857,.F.);
#1680=ORIENTED_EDGE('',*,*,#4858,.T.);
#1681=ORIENTED_EDGE('',*,*,#4859,.T.);
#1682=ORIENTED_EDGE('',*,*,#4860,.T.);
#1683=ORIENTED_EDGE('',*,*,#4861,.T.);
#1684=ORIENTED_EDGE('',*,*,#4862,.T.);
#1685=ORIENTED_EDGE('',*,*,#4863,.F.);
#1686=ORIENTED_EDGE('',*,*,#4864,.T.);
#1687=ORIENTED_EDGE('',*,*,#4865,.F.);
#1688=ORIENTED_EDGE('',*,*,#4866,.T.);
#1689=ORIENTED_EDGE('',*,*,#4867,.T.);
#1690=ORIENTED_EDGE('',*,*,#4868,.T.);
#1691=ORIENTED_EDGE('',*,*,#4869,.T.);
#1692=ORIENTED_EDGE('',*,*,#4870,.T.);
#1693=ORIENTED_EDGE('',*,*,#4871,.F.);
#1694=ORIENTED_EDGE('',*,*,#4872,.T.);
#1695=ORIENTED_EDGE('',*,*,#4873,.F.);
#1696=ORIENTED_EDGE('',*,*,#4874,.T.);
#1697=ORIENTED_EDGE('',*,*,#4875,.T.);
#1698=ORIENTED_EDGE('',*,*,#4876,.T.);
#1699=ORIENTED_EDGE('',*,*,#4877,.T.);
#1700=ORIENTED_EDGE('',*,*,#4878,.T.);
#1701=ORIENTED_EDGE('',*,*,#4879,.F.);
#1702=ORIENTED_EDGE('',*,*,#4880,.T.);
#1703=ORIENTED_EDGE('',*,*,#4881,.F.);
#1704=ORIENTED_EDGE('',*,*,#4882,.T.);
#1705=ORIENTED_EDGE('',*,*,#4883,.T.);
#1706=ORIENTED_EDGE('',*,*,#4884,.T.);
#1707=ORIENTED_EDGE('',*,*,#4885,.T.);
#1708=ORIENTED_EDGE('',*,*,#4886,.T.);
#1709=ORIENTED_EDGE('',*,*,#4887,.F.);
#1710=ORIENTED_EDGE('',*,*,#4888,.T.);
#1711=ORIENTED_EDGE('',*,*,#4889,.F.);
#1712=ORIENTED_EDGE('',*,*,#4890,.T.);
#1713=ORIENTED_EDGE('',*,*,#4891,.T.);
#1714=ORIENTED_EDGE('',*,*,#4892,.T.);
#1715=ORIENTED_EDGE('',*,*,#4893,.T.);
#1716=ORIENTED_EDGE('',*,*,#4894,.T.);
#1717=ORIENTED_EDGE('',*,*,#4895,.F.);
#1718=ORIENTED_EDGE('',*,*,#4896,.T.);
#1719=ORIENTED_EDGE('',*,*,#4897,.F.);
#1720=ORIENTED_EDGE('',*,*,#4898,.T.);
#1721=ORIENTED_EDGE('',*,*,#4899,.T.);
#1722=ORIENTED_EDGE('',*,*,#4900,.T.);
#1723=ORIENTED_EDGE('',*,*,#4901,.T.);
#1724=ORIENTED_EDGE('',*,*,#4902,.T.);
#1725=ORIENTED_EDGE('',*,*,#4903,.F.);
#1726=ORIENTED_EDGE('',*,*,#4904,.T.);
#1727=ORIENTED_EDGE('',*,*,#4905,.F.);
#1728=ORIENTED_EDGE('',*,*,#4906,.T.);
#1729=ORIENTED_EDGE('',*,*,#4907,.T.);
#1730=ORIENTED_EDGE('',*,*,#4908,.T.);
#1731=ORIENTED_EDGE('',*,*,#4909,.T.);
#1732=ORIENTED_EDGE('',*,*,#4910,.T.);
#1733=ORIENTED_EDGE('',*,*,#4911,.F.);
#1734=ORIENTED_EDGE('',*,*,#4912,.T.);
#1735=ORIENTED_EDGE('',*,*,#4913,.F.);
#1736=ORIENTED_EDGE('',*,*,#4914,.T.);
#1737=ORIENTED_EDGE('',*,*,#4915,.T.);
#1738=ORIENTED_EDGE('',*,*,#4916,.T.);
#1739=ORIENTED_EDGE('',*,*,#4917,.T.);
#1740=ORIENTED_EDGE('',*,*,#4918,.T.);
#1741=ORIENTED_EDGE('',*,*,#4919,.F.);
#1742=ORIENTED_EDGE('',*,*,#4920,.T.);
#1743=ORIENTED_EDGE('',*,*,#4921,.F.);
#1744=ORIENTED_EDGE('',*,*,#4922,.T.);
#1745=ORIENTED_EDGE('',*,*,#4923,.T.);
#1746=ORIENTED_EDGE('',*,*,#4924,.T.);
#1747=ORIENTED_EDGE('',*,*,#4925,.T.);
#1748=ORIENTED_EDGE('',*,*,#4926,.T.);
#1749=ORIENTED_EDGE('',*,*,#4927,.F.);
#1750=ORIENTED_EDGE('',*,*,#4928,.T.);
#1751=ORIENTED_EDGE('',*,*,#4929,.F.);
#1752=ORIENTED_EDGE('',*,*,#4930,.T.);
#1753=ORIENTED_EDGE('',*,*,#4931,.T.);
#1754=ORIENTED_EDGE('',*,*,#4932,.T.);
#1755=ORIENTED_EDGE('',*,*,#4933,.T.);
#1756=ORIENTED_EDGE('',*,*,#4934,.T.);
#1757=ORIENTED_EDGE('',*,*,#4935,.F.);
#1758=ORIENTED_EDGE('',*,*,#4936,.T.);
#1759=ORIENTED_EDGE('',*,*,#4937,.F.);
#1760=ORIENTED_EDGE('',*,*,#4938,.T.);
#1761=ORIENTED_EDGE('',*,*,#4939,.T.);
#1762=ORIENTED_EDGE('',*,*,#4940,.T.);
#1763=ORIENTED_EDGE('',*,*,#4941,.T.);
#1764=ORIENTED_EDGE('',*,*,#4942,.T.);
#1765=ORIENTED_EDGE('',*,*,#4943,.F.);
#1766=ORIENTED_EDGE('',*,*,#4944,.T.);
#1767=ORIENTED_EDGE('',*,*,#4945,.F.);
#1768=ORIENTED_EDGE('',*,*,#4946,.T.);
#1769=ORIENTED_EDGE('',*,*,#4947,.T.);
#1770=ORIENTED_EDGE('',*,*,#4948,.T.);
#1771=ORIENTED_EDGE('',*,*,#4949,.T.);
#1772=ORIENTED_EDGE('',*,*,#4950,.T.);
#1773=ORIENTED_EDGE('',*,*,#4951,.F.);
#1774=ORIENTED_EDGE('',*,*,#4952,.T.);
#1775=ORIENTED_EDGE('',*,*,#4953,.F.);
#1776=ORIENTED_EDGE('',*,*,#4954,.T.);
#1777=ORIENTED_EDGE('',*,*,#4955,.T.);
#1778=ORIENTED_EDGE('',*,*,#4956,.T.);
#1779=ORIENTED_EDGE('',*,*,#4957,.T.);
#1780=ORIENTED_EDGE('',*,*,#4958,.T.);
#1781=ORIENTED_EDGE('',*,*,#4959,.F.);
#1782=ORIENTED_EDGE('',*,*,#4960,.T.);
#1783=ORIENTED_EDGE('',*,*,#4961,.F.);
#1784=ORIENTED_EDGE('',*,*,#4962,.T.);
#1785=ORIENTED_EDGE('',*,*,#4963,.T.);
#1786=ORIENTED_EDGE('',*,*,#4964,.T.);
#1787=ORIENTED_EDGE('',*,*,#4965,.T.);
#1788=ORIENTED_EDGE('',*,*,#4966,.T.);
#1789=ORIENTED_EDGE('',*,*,#4967,.F.);
#1790=ORIENTED_EDGE('',*,*,#4968,.T.);
#1791=ORIENTED_EDGE('',*,*,#4969,.F.);
#1792=ORIENTED_EDGE('',*,*,#4970,.T.);
#1793=ORIENTED_EDGE('',*,*,#4971,.T.);
#1794=ORIENTED_EDGE('',*,*,#4972,.T.);
#1795=ORIENTED_EDGE('',*,*,#4973,.T.);
#1796=ORIENTED_EDGE('',*,*,#4974,.T.);
#1797=ORIENTED_EDGE('',*,*,#4975,.F.);
#1798=ORIENTED_EDGE('',*,*,#4976,.T.);
#1799=ORIENTED_EDGE('',*,*,#4977,.F.);
#1800=ORIENTED_EDGE('',*,*,#4978,.T.);
#1801=ORIENTED_EDGE('',*,*,#4979,.T.);
#1802=ORIENTED_EDGE('',*,*,#4980,.T.);
#1803=ORIENTED_EDGE('',*,*,#4981,.T.);
#1804=ORIENTED_EDGE('',*,*,#4982,.T.);
#1805=ORIENTED_EDGE('',*,*,#4983,.F.);
#1806=ORIENTED_EDGE('',*,*,#4984,.T.);
#1807=ORIENTED_EDGE('',*,*,#4985,.F.);
#1808=ORIENTED_EDGE('',*,*,#4986,.T.);
#1809=ORIENTED_EDGE('',*,*,#4987,.T.);
#1810=ORIENTED_EDGE('',*,*,#4988,.T.);
#1811=ORIENTED_EDGE('',*,*,#4989,.T.);
#1812=ORIENTED_EDGE('',*,*,#4990,.T.);
#1813=ORIENTED_EDGE('',*,*,#4991,.F.);
#1814=ORIENTED_EDGE('',*,*,#4992,.T.);
#1815=ORIENTED_EDGE('',*,*,#4993,.F.);
#1816=ORIENTED_EDGE('',*,*,#4994,.T.);
#1817=ORIENTED_EDGE('',*,*,#4995,.T.);
#1818=ORIENTED_EDGE('',*,*,#4996,.T.);
#1819=ORIENTED_EDGE('',*,*,#4997,.T.);
#1820=ORIENTED_EDGE('',*,*,#4998,.T.);
#1821=ORIENTED_EDGE('',*,*,#4999,.F.);
#1822=ORIENTED_EDGE('',*,*,#5000,.T.);
#1823=ORIENTED_EDGE('',*,*,#5001,.F.);
#1824=ORIENTED_EDGE('',*,*,#4439,.T.);
#1825=ORIENTED_EDGE('',*,*,#5002,.T.);
#1826=ORIENTED_EDGE('',*,*,#4624,.F.);
#1827=ORIENTED_EDGE('',*,*,#4535,.F.);
#1828=ORIENTED_EDGE('',*,*,#4623,.T.);
#1829=ORIENTED_EDGE('',*,*,#5003,.F.);
#1830=ORIENTED_EDGE('',*,*,#4435,.F.);
#1831=ORIENTED_EDGE('',*,*,#4530,.T.);
#1832=ORIENTED_EDGE('',*,*,#4689,.T.);
#1833=ORIENTED_EDGE('',*,*,#5004,.F.);
#1834=ORIENTED_EDGE('',*,*,#4363,.F.);
#1835=ORIENTED_EDGE('',*,*,#5005,.T.);
#1836=ORIENTED_EDGE('',*,*,#4688,.F.);
#1837=ORIENTED_EDGE('',*,*,#5006,.F.);
#1838=ORIENTED_EDGE('',*,*,#4364,.T.);
#1839=ORIENTED_EDGE('',*,*,#5004,.T.);
#1840=ORIENTED_EDGE('',*,*,#4687,.T.);
#1841=ORIENTED_EDGE('',*,*,#5007,.F.);
#1842=ORIENTED_EDGE('',*,*,#4365,.F.);
#1843=ORIENTED_EDGE('',*,*,#5006,.T.);
#1844=ORIENTED_EDGE('',*,*,#4686,.F.);
#1845=ORIENTED_EDGE('',*,*,#5008,.F.);
#1846=ORIENTED_EDGE('',*,*,#4366,.T.);
#1847=ORIENTED_EDGE('',*,*,#5007,.T.);
#1848=ORIENTED_EDGE('',*,*,#4685,.F.);
#1849=ORIENTED_EDGE('',*,*,#5009,.F.);
#1850=ORIENTED_EDGE('',*,*,#4367,.T.);
#1851=ORIENTED_EDGE('',*,*,#5008,.T.);
#1852=ORIENTED_EDGE('',*,*,#4684,.F.);
#1853=ORIENTED_EDGE('',*,*,#5010,.F.);
#1854=ORIENTED_EDGE('',*,*,#4368,.T.);
#1855=ORIENTED_EDGE('',*,*,#5009,.T.);
#1856=ORIENTED_EDGE('',*,*,#4683,.F.);
#1857=ORIENTED_EDGE('',*,*,#5011,.F.);
#1858=ORIENTED_EDGE('',*,*,#4369,.T.);
#1859=ORIENTED_EDGE('',*,*,#5010,.T.);
#1860=ORIENTED_EDGE('',*,*,#4682,.F.);
#1861=ORIENTED_EDGE('',*,*,#5005,.F.);
#1862=ORIENTED_EDGE('',*,*,#4362,.T.);
#1863=ORIENTED_EDGE('',*,*,#5011,.T.);
#1864=ORIENTED_EDGE('',*,*,#4681,.T.);
#1865=ORIENTED_EDGE('',*,*,#5012,.F.);
#1866=ORIENTED_EDGE('',*,*,#4371,.F.);
#1867=ORIENTED_EDGE('',*,*,#5013,.T.);
#1868=ORIENTED_EDGE('',*,*,#4680,.F.);
#1869=ORIENTED_EDGE('',*,*,#5014,.F.);
#1870=ORIENTED_EDGE('',*,*,#4372,.T.);
#1871=ORIENTED_EDGE('',*,*,#5012,.T.);
#1872=ORIENTED_EDGE('',*,*,#4679,.T.);
#1873=ORIENTED_EDGE('',*,*,#5015,.F.);
#1874=ORIENTED_EDGE('',*,*,#4373,.F.);
#1875=ORIENTED_EDGE('',*,*,#5014,.T.);
#1876=ORIENTED_EDGE('',*,*,#4678,.F.);
#1877=ORIENTED_EDGE('',*,*,#5016,.F.);
#1878=ORIENTED_EDGE('',*,*,#4374,.T.);
#1879=ORIENTED_EDGE('',*,*,#5015,.T.);
#1880=ORIENTED_EDGE('',*,*,#4677,.F.);
#1881=ORIENTED_EDGE('',*,*,#5017,.F.);
#1882=ORIENTED_EDGE('',*,*,#4375,.T.);
#1883=ORIENTED_EDGE('',*,*,#5016,.T.);
#1884=ORIENTED_EDGE('',*,*,#4676,.F.);
#1885=ORIENTED_EDGE('',*,*,#5018,.F.);
#1886=ORIENTED_EDGE('',*,*,#4376,.T.);
#1887=ORIENTED_EDGE('',*,*,#5017,.T.);
#1888=ORIENTED_EDGE('',*,*,#4675,.F.);
#1889=ORIENTED_EDGE('',*,*,#5019,.F.);
#1890=ORIENTED_EDGE('',*,*,#4377,.T.);
#1891=ORIENTED_EDGE('',*,*,#5018,.T.);
#1892=ORIENTED_EDGE('',*,*,#4674,.F.);
#1893=ORIENTED_EDGE('',*,*,#5013,.F.);
#1894=ORIENTED_EDGE('',*,*,#4370,.T.);
#1895=ORIENTED_EDGE('',*,*,#5019,.T.);
#1896=ORIENTED_EDGE('',*,*,#4673,.T.);
#1897=ORIENTED_EDGE('',*,*,#5020,.F.);
#1898=ORIENTED_EDGE('',*,*,#4379,.F.);
#1899=ORIENTED_EDGE('',*,*,#5021,.T.);
#1900=ORIENTED_EDGE('',*,*,#4672,.F.);
#1901=ORIENTED_EDGE('',*,*,#5022,.F.);
#1902=ORIENTED_EDGE('',*,*,#4380,.T.);
#1903=ORIENTED_EDGE('',*,*,#5020,.T.);
#1904=ORIENTED_EDGE('',*,*,#4671,.T.);
#1905=ORIENTED_EDGE('',*,*,#5023,.F.);
#1906=ORIENTED_EDGE('',*,*,#4381,.F.);
#1907=ORIENTED_EDGE('',*,*,#5022,.T.);
#1908=ORIENTED_EDGE('',*,*,#4670,.F.);
#1909=ORIENTED_EDGE('',*,*,#5024,.F.);
#1910=ORIENTED_EDGE('',*,*,#4382,.T.);
#1911=ORIENTED_EDGE('',*,*,#5023,.T.);
#1912=ORIENTED_EDGE('',*,*,#4669,.F.);
#1913=ORIENTED_EDGE('',*,*,#5025,.F.);
#1914=ORIENTED_EDGE('',*,*,#4383,.T.);
#1915=ORIENTED_EDGE('',*,*,#5024,.T.);
#1916=ORIENTED_EDGE('',*,*,#4668,.F.);
#1917=ORIENTED_EDGE('',*,*,#5026,.F.);
#1918=ORIENTED_EDGE('',*,*,#4384,.T.);
#1919=ORIENTED_EDGE('',*,*,#5025,.T.);
#1920=ORIENTED_EDGE('',*,*,#4667,.F.);
#1921=ORIENTED_EDGE('',*,*,#5027,.F.);
#1922=ORIENTED_EDGE('',*,*,#4385,.T.);
#1923=ORIENTED_EDGE('',*,*,#5026,.T.);
#1924=ORIENTED_EDGE('',*,*,#4666,.F.);
#1925=ORIENTED_EDGE('',*,*,#5021,.F.);
#1926=ORIENTED_EDGE('',*,*,#4378,.T.);
#1927=ORIENTED_EDGE('',*,*,#5027,.T.);
#1928=ORIENTED_EDGE('',*,*,#4665,.T.);
#1929=ORIENTED_EDGE('',*,*,#5028,.F.);
#1930=ORIENTED_EDGE('',*,*,#4387,.F.);
#1931=ORIENTED_EDGE('',*,*,#5029,.T.);
#1932=ORIENTED_EDGE('',*,*,#4664,.F.);
#1933=ORIENTED_EDGE('',*,*,#5030,.F.);
#1934=ORIENTED_EDGE('',*,*,#4388,.T.);
#1935=ORIENTED_EDGE('',*,*,#5028,.T.);
#1936=ORIENTED_EDGE('',*,*,#4663,.T.);
#1937=ORIENTED_EDGE('',*,*,#5031,.F.);
#1938=ORIENTED_EDGE('',*,*,#4389,.F.);
#1939=ORIENTED_EDGE('',*,*,#5030,.T.);
#1940=ORIENTED_EDGE('',*,*,#4662,.F.);
#1941=ORIENTED_EDGE('',*,*,#5032,.F.);
#1942=ORIENTED_EDGE('',*,*,#4390,.T.);
#1943=ORIENTED_EDGE('',*,*,#5031,.T.);
#1944=ORIENTED_EDGE('',*,*,#4661,.F.);
#1945=ORIENTED_EDGE('',*,*,#5033,.F.);
#1946=ORIENTED_EDGE('',*,*,#4391,.T.);
#1947=ORIENTED_EDGE('',*,*,#5032,.T.);
#1948=ORIENTED_EDGE('',*,*,#4660,.F.);
#1949=ORIENTED_EDGE('',*,*,#5034,.F.);
#1950=ORIENTED_EDGE('',*,*,#4392,.T.);
#1951=ORIENTED_EDGE('',*,*,#5033,.T.);
#1952=ORIENTED_EDGE('',*,*,#4659,.F.);
#1953=ORIENTED_EDGE('',*,*,#5035,.F.);
#1954=ORIENTED_EDGE('',*,*,#4393,.T.);
#1955=ORIENTED_EDGE('',*,*,#5034,.T.);
#1956=ORIENTED_EDGE('',*,*,#4658,.F.);
#1957=ORIENTED_EDGE('',*,*,#5029,.F.);
#1958=ORIENTED_EDGE('',*,*,#4386,.T.);
#1959=ORIENTED_EDGE('',*,*,#5035,.T.);
#1960=ORIENTED_EDGE('',*,*,#4657,.T.);
#1961=ORIENTED_EDGE('',*,*,#5036,.F.);
#1962=ORIENTED_EDGE('',*,*,#4395,.F.);
#1963=ORIENTED_EDGE('',*,*,#5037,.T.);
#1964=ORIENTED_EDGE('',*,*,#4656,.F.);
#1965=ORIENTED_EDGE('',*,*,#5038,.F.);
#1966=ORIENTED_EDGE('',*,*,#4396,.T.);
#1967=ORIENTED_EDGE('',*,*,#5036,.T.);
#1968=ORIENTED_EDGE('',*,*,#4655,.T.);
#1969=ORIENTED_EDGE('',*,*,#5039,.F.);
#1970=ORIENTED_EDGE('',*,*,#4397,.F.);
#1971=ORIENTED_EDGE('',*,*,#5038,.T.);
#1972=ORIENTED_EDGE('',*,*,#4654,.F.);
#1973=ORIENTED_EDGE('',*,*,#5040,.F.);
#1974=ORIENTED_EDGE('',*,*,#4398,.T.);
#1975=ORIENTED_EDGE('',*,*,#5039,.T.);
#1976=ORIENTED_EDGE('',*,*,#4653,.F.);
#1977=ORIENTED_EDGE('',*,*,#5041,.F.);
#1978=ORIENTED_EDGE('',*,*,#4399,.T.);
#1979=ORIENTED_EDGE('',*,*,#5040,.T.);
#1980=ORIENTED_EDGE('',*,*,#4652,.F.);
#1981=ORIENTED_EDGE('',*,*,#5042,.F.);
#1982=ORIENTED_EDGE('',*,*,#4400,.T.);
#1983=ORIENTED_EDGE('',*,*,#5041,.T.);
#1984=ORIENTED_EDGE('',*,*,#4651,.F.);
#1985=ORIENTED_EDGE('',*,*,#5043,.F.);
#1986=ORIENTED_EDGE('',*,*,#4401,.T.);
#1987=ORIENTED_EDGE('',*,*,#5042,.T.);
#1988=ORIENTED_EDGE('',*,*,#4650,.F.);
#1989=ORIENTED_EDGE('',*,*,#5037,.F.);
#1990=ORIENTED_EDGE('',*,*,#4394,.T.);
#1991=ORIENTED_EDGE('',*,*,#5043,.T.);
#1992=ORIENTED_EDGE('',*,*,#4632,.T.);
#1993=ORIENTED_EDGE('',*,*,#5044,.F.);
#1994=ORIENTED_EDGE('',*,*,#4426,.F.);
#1995=ORIENTED_EDGE('',*,*,#5045,.T.);
#1996=ORIENTED_EDGE('',*,*,#4631,.F.);
#1997=ORIENTED_EDGE('',*,*,#5046,.F.);
#1998=ORIENTED_EDGE('',*,*,#4427,.T.);
#1999=ORIENTED_EDGE('',*,*,#5044,.T.);
#2000=ORIENTED_EDGE('',*,*,#4638,.T.);
#2001=ORIENTED_EDGE('',*,*,#5047,.F.);
#2002=ORIENTED_EDGE('',*,*,#4428,.F.);
#2003=ORIENTED_EDGE('',*,*,#5046,.T.);
#2004=ORIENTED_EDGE('',*,*,#4637,.F.);
#2005=ORIENTED_EDGE('',*,*,#5048,.F.);
#2006=ORIENTED_EDGE('',*,*,#4429,.T.);
#2007=ORIENTED_EDGE('',*,*,#5047,.T.);
#2008=ORIENTED_EDGE('',*,*,#4636,.F.);
#2009=ORIENTED_EDGE('',*,*,#5049,.F.);
#2010=ORIENTED_EDGE('',*,*,#4430,.T.);
#2011=ORIENTED_EDGE('',*,*,#5048,.T.);
#2012=ORIENTED_EDGE('',*,*,#4635,.F.);
#2013=ORIENTED_EDGE('',*,*,#5050,.F.);
#2014=ORIENTED_EDGE('',*,*,#4431,.T.);
#2015=ORIENTED_EDGE('',*,*,#5049,.T.);
#2016=ORIENTED_EDGE('',*,*,#4634,.F.);
#2017=ORIENTED_EDGE('',*,*,#5051,.F.);
#2018=ORIENTED_EDGE('',*,*,#4432,.T.);
#2019=ORIENTED_EDGE('',*,*,#5050,.T.);
#2020=ORIENTED_EDGE('',*,*,#4633,.F.);
#2021=ORIENTED_EDGE('',*,*,#5045,.F.);
#2022=ORIENTED_EDGE('',*,*,#4433,.T.);
#2023=ORIENTED_EDGE('',*,*,#5051,.T.);
#2024=ORIENTED_EDGE('',*,*,#4627,.F.);
#2025=ORIENTED_EDGE('',*,*,#5052,.F.);
#2026=ORIENTED_EDGE('',*,*,#4436,.T.);
#2027=ORIENTED_EDGE('',*,*,#5003,.T.);
#2028=ORIENTED_EDGE('',*,*,#4626,.T.);
#2029=ORIENTED_EDGE('',*,*,#5053,.F.);
#2030=ORIENTED_EDGE('',*,*,#4437,.F.);
#2031=ORIENTED_EDGE('',*,*,#5052,.T.);
#2032=ORIENTED_EDGE('',*,*,#4625,.F.);
#2033=ORIENTED_EDGE('',*,*,#5002,.F.);
#2034=ORIENTED_EDGE('',*,*,#4438,.T.);
#2035=ORIENTED_EDGE('',*,*,#5053,.T.);
#2036=ORIENTED_EDGE('',*,*,#5054,.F.);
#2037=ORIENTED_EDGE('',*,*,#4649,.T.);
#2038=ORIENTED_EDGE('',*,*,#5055,.T.);
#2039=ORIENTED_EDGE('',*,*,#4402,.T.);
#2040=ORIENTED_EDGE('',*,*,#5055,.F.);
#2041=ORIENTED_EDGE('',*,*,#4648,.T.);
#2042=ORIENTED_EDGE('',*,*,#5056,.T.);
#2043=ORIENTED_EDGE('',*,*,#4403,.T.);
#2044=ORIENTED_EDGE('',*,*,#5056,.F.);
#2045=ORIENTED_EDGE('',*,*,#4647,.T.);
#2046=ORIENTED_EDGE('',*,*,#5057,.T.);
#2047=ORIENTED_EDGE('',*,*,#4404,.T.);
#2048=ORIENTED_EDGE('',*,*,#5057,.F.);
#2049=ORIENTED_EDGE('',*,*,#4646,.T.);
#2050=ORIENTED_EDGE('',*,*,#5058,.T.);
#2051=ORIENTED_EDGE('',*,*,#4405,.T.);
#2052=ORIENTED_EDGE('',*,*,#5058,.F.);
#2053=ORIENTED_EDGE('',*,*,#4645,.T.);
#2054=ORIENTED_EDGE('',*,*,#5059,.T.);
#2055=ORIENTED_EDGE('',*,*,#4406,.T.);
#2056=ORIENTED_EDGE('',*,*,#4644,.F.);
#2057=ORIENTED_EDGE('',*,*,#5060,.T.);
#2058=ORIENTED_EDGE('',*,*,#4407,.F.);
#2059=ORIENTED_EDGE('',*,*,#5059,.F.);
#2060=ORIENTED_EDGE('',*,*,#5060,.F.);
#2061=ORIENTED_EDGE('',*,*,#4643,.T.);
#2062=ORIENTED_EDGE('',*,*,#5061,.T.);
#2063=ORIENTED_EDGE('',*,*,#4408,.T.);
#2064=ORIENTED_EDGE('',*,*,#4642,.F.);
#2065=ORIENTED_EDGE('',*,*,#5054,.T.);
#2066=ORIENTED_EDGE('',*,*,#4409,.F.);
#2067=ORIENTED_EDGE('',*,*,#5061,.F.);
#2068=ORIENTED_EDGE('',*,*,#4500,.F.);
#2069=ORIENTED_EDGE('',*,*,#5062,.F.);
#2070=ORIENTED_EDGE('',*,*,#4580,.F.);
#2071=ORIENTED_EDGE('',*,*,#4522,.F.);
#2072=ORIENTED_EDGE('',*,*,#4499,.F.);
#2073=ORIENTED_EDGE('',*,*,#5063,.T.);
#2074=ORIENTED_EDGE('',*,*,#4581,.T.);
#2075=ORIENTED_EDGE('',*,*,#5062,.T.);
#2076=ORIENTED_EDGE('',*,*,#5064,.F.);
#2077=ORIENTED_EDGE('',*,*,#4716,.T.);
#2078=ORIENTED_EDGE('',*,*,#5065,.F.);
#2079=ORIENTED_EDGE('',*,*,#4020,.F.);
#2080=ORIENTED_EDGE('',*,*,#5066,.F.);
#2081=ORIENTED_EDGE('',*,*,#4048,.F.);
#2082=ORIENTED_EDGE('',*,*,#5067,.T.);
#2083=ORIENTED_EDGE('',*,*,#4696,.T.);
#2084=ORIENTED_EDGE('',*,*,#5068,.F.);
#2085=ORIENTED_EDGE('',*,*,#4736,.T.);
#2086=ORIENTED_EDGE('',*,*,#5069,.F.);
#2087=ORIENTED_EDGE('',*,*,#4068,.F.);
#2088=ORIENTED_EDGE('',*,*,#5070,.F.);
#2089=ORIENTED_EDGE('',*,*,#4096,.F.);
#2090=ORIENTED_EDGE('',*,*,#5071,.T.);
#2091=ORIENTED_EDGE('',*,*,#4748,.T.);
#2092=ORIENTED_EDGE('',*,*,#4712,.F.);
#2093=ORIENTED_EDGE('',*,*,#5072,.T.);
#2094=ORIENTED_EDGE('',*,*,#4024,.T.);
#2095=ORIENTED_EDGE('',*,*,#5073,.T.);
#2096=ORIENTED_EDGE('',*,*,#4044,.T.);
#2097=ORIENTED_EDGE('',*,*,#5074,.T.);
#2098=ORIENTED_EDGE('',*,*,#4700,.F.);
#2099=ORIENTED_EDGE('',*,*,#5075,.F.);
#2100=ORIENTED_EDGE('',*,*,#4732,.F.);
#2101=ORIENTED_EDGE('',*,*,#5076,.T.);
#2102=ORIENTED_EDGE('',*,*,#4072,.T.);
#2103=ORIENTED_EDGE('',*,*,#5077,.T.);
#2104=ORIENTED_EDGE('',*,*,#4092,.T.);
#2105=ORIENTED_EDGE('',*,*,#5078,.T.);
#2106=ORIENTED_EDGE('',*,*,#4752,.F.);
#2107=ORIENTED_EDGE('',*,*,#5079,.F.);
#2108=ORIENTED_EDGE('',*,*,#4481,.F.);
#2109=ORIENTED_EDGE('',*,*,#5080,.T.);
#2110=ORIENTED_EDGE('',*,*,#4597,.T.);
#2111=ORIENTED_EDGE('',*,*,#5081,.T.);
#2112=ORIENTED_EDGE('',*,*,#4754,.F.);
#2113=ORIENTED_EDGE('',*,*,#5082,.F.);
#2114=ORIENTED_EDGE('',*,*,#4354,.T.);
#2115=ORIENTED_EDGE('',*,*,#5083,.T.);
#2116=ORIENTED_EDGE('',*,*,#4761,.T.);
#2117=ORIENTED_EDGE('',*,*,#5084,.F.);
#2118=ORIENTED_EDGE('',*,*,#4355,.F.);
#2119=ORIENTED_EDGE('',*,*,#5082,.T.);
#2120=ORIENTED_EDGE('',*,*,#4760,.F.);
#2121=ORIENTED_EDGE('',*,*,#5085,.F.);
#2122=ORIENTED_EDGE('',*,*,#4356,.T.);
#2123=ORIENTED_EDGE('',*,*,#5084,.T.);
#2124=ORIENTED_EDGE('',*,*,#4759,.T.);
#2125=ORIENTED_EDGE('',*,*,#5086,.F.);
#2126=ORIENTED_EDGE('',*,*,#4357,.F.);
#2127=ORIENTED_EDGE('',*,*,#5085,.T.);
#2128=ORIENTED_EDGE('',*,*,#4758,.F.);
#2129=ORIENTED_EDGE('',*,*,#5087,.F.);
#2130=ORIENTED_EDGE('',*,*,#4358,.T.);
#2131=ORIENTED_EDGE('',*,*,#5086,.T.);
#2132=ORIENTED_EDGE('',*,*,#4757,.F.);
#2133=ORIENTED_EDGE('',*,*,#5088,.F.);
#2134=ORIENTED_EDGE('',*,*,#4359,.T.);
#2135=ORIENTED_EDGE('',*,*,#5087,.T.);
#2136=ORIENTED_EDGE('',*,*,#4756,.F.);
#2137=ORIENTED_EDGE('',*,*,#5089,.F.);
#2138=ORIENTED_EDGE('',*,*,#4360,.T.);
#2139=ORIENTED_EDGE('',*,*,#5088,.T.);
#2140=ORIENTED_EDGE('',*,*,#4762,.F.);
#2141=ORIENTED_EDGE('',*,*,#5090,.F.);
#2142=ORIENTED_EDGE('',*,*,#4346,.T.);
#2143=ORIENTED_EDGE('',*,*,#5091,.T.);
#2144=ORIENTED_EDGE('',*,*,#4769,.T.);
#2145=ORIENTED_EDGE('',*,*,#5092,.F.);
#2146=ORIENTED_EDGE('',*,*,#4347,.F.);
#2147=ORIENTED_EDGE('',*,*,#5090,.T.);
#2148=ORIENTED_EDGE('',*,*,#4768,.F.);
#2149=ORIENTED_EDGE('',*,*,#5093,.F.);
#2150=ORIENTED_EDGE('',*,*,#4348,.T.);
#2151=ORIENTED_EDGE('',*,*,#5092,.T.);
#2152=ORIENTED_EDGE('',*,*,#4767,.T.);
#2153=ORIENTED_EDGE('',*,*,#5094,.F.);
#2154=ORIENTED_EDGE('',*,*,#4349,.F.);
#2155=ORIENTED_EDGE('',*,*,#5093,.T.);
#2156=ORIENTED_EDGE('',*,*,#4766,.F.);
#2157=ORIENTED_EDGE('',*,*,#5095,.F.);
#2158=ORIENTED_EDGE('',*,*,#4350,.T.);
#2159=ORIENTED_EDGE('',*,*,#5094,.T.);
#2160=ORIENTED_EDGE('',*,*,#4765,.F.);
#2161=ORIENTED_EDGE('',*,*,#5096,.F.);
#2162=ORIENTED_EDGE('',*,*,#4351,.T.);
#2163=ORIENTED_EDGE('',*,*,#5095,.T.);
#2164=ORIENTED_EDGE('',*,*,#4764,.F.);
#2165=ORIENTED_EDGE('',*,*,#5097,.F.);
#2166=ORIENTED_EDGE('',*,*,#4352,.T.);
#2167=ORIENTED_EDGE('',*,*,#5096,.T.);
#2168=ORIENTED_EDGE('',*,*,#4770,.F.);
#2169=ORIENTED_EDGE('',*,*,#5098,.F.);
#2170=ORIENTED_EDGE('',*,*,#4338,.T.);
#2171=ORIENTED_EDGE('',*,*,#5099,.T.);
#2172=ORIENTED_EDGE('',*,*,#4777,.T.);
#2173=ORIENTED_EDGE('',*,*,#5100,.F.);
#2174=ORIENTED_EDGE('',*,*,#4339,.F.);
#2175=ORIENTED_EDGE('',*,*,#5098,.T.);
#2176=ORIENTED_EDGE('',*,*,#4776,.F.);
#2177=ORIENTED_EDGE('',*,*,#5101,.F.);
#2178=ORIENTED_EDGE('',*,*,#4340,.T.);
#2179=ORIENTED_EDGE('',*,*,#5100,.T.);
#2180=ORIENTED_EDGE('',*,*,#4775,.T.);
#2181=ORIENTED_EDGE('',*,*,#5102,.F.);
#2182=ORIENTED_EDGE('',*,*,#4341,.F.);
#2183=ORIENTED_EDGE('',*,*,#5101,.T.);
#2184=ORIENTED_EDGE('',*,*,#4774,.F.);
#2185=ORIENTED_EDGE('',*,*,#5103,.F.);
#2186=ORIENTED_EDGE('',*,*,#4342,.T.);
#2187=ORIENTED_EDGE('',*,*,#5102,.T.);
#2188=ORIENTED_EDGE('',*,*,#4773,.F.);
#2189=ORIENTED_EDGE('',*,*,#5104,.F.);
#2190=ORIENTED_EDGE('',*,*,#4343,.T.);
#2191=ORIENTED_EDGE('',*,*,#5103,.T.);
#2192=ORIENTED_EDGE('',*,*,#4772,.F.);
#2193=ORIENTED_EDGE('',*,*,#5105,.F.);
#2194=ORIENTED_EDGE('',*,*,#4344,.T.);
#2195=ORIENTED_EDGE('',*,*,#5104,.T.);
#2196=ORIENTED_EDGE('',*,*,#4778,.F.);
#2197=ORIENTED_EDGE('',*,*,#5106,.F.);
#2198=ORIENTED_EDGE('',*,*,#4330,.T.);
#2199=ORIENTED_EDGE('',*,*,#5107,.T.);
#2200=ORIENTED_EDGE('',*,*,#4785,.T.);
#2201=ORIENTED_EDGE('',*,*,#5108,.F.);
#2202=ORIENTED_EDGE('',*,*,#4331,.F.);
#2203=ORIENTED_EDGE('',*,*,#5106,.T.);
#2204=ORIENTED_EDGE('',*,*,#4784,.F.);
#2205=ORIENTED_EDGE('',*,*,#5109,.F.);
#2206=ORIENTED_EDGE('',*,*,#4332,.T.);
#2207=ORIENTED_EDGE('',*,*,#5108,.T.);
#2208=ORIENTED_EDGE('',*,*,#4783,.T.);
#2209=ORIENTED_EDGE('',*,*,#5110,.F.);
#2210=ORIENTED_EDGE('',*,*,#4333,.F.);
#2211=ORIENTED_EDGE('',*,*,#5109,.T.);
#2212=ORIENTED_EDGE('',*,*,#4782,.F.);
#2213=ORIENTED_EDGE('',*,*,#5111,.F.);
#2214=ORIENTED_EDGE('',*,*,#4334,.T.);
#2215=ORIENTED_EDGE('',*,*,#5110,.T.);
#2216=ORIENTED_EDGE('',*,*,#4781,.F.);
#2217=ORIENTED_EDGE('',*,*,#5112,.F.);
#2218=ORIENTED_EDGE('',*,*,#4335,.T.);
#2219=ORIENTED_EDGE('',*,*,#5111,.T.);
#2220=ORIENTED_EDGE('',*,*,#4780,.F.);
#2221=ORIENTED_EDGE('',*,*,#5113,.F.);
#2222=ORIENTED_EDGE('',*,*,#4336,.T.);
#2223=ORIENTED_EDGE('',*,*,#5112,.T.);
#2224=ORIENTED_EDGE('',*,*,#4786,.F.);
#2225=ORIENTED_EDGE('',*,*,#5114,.F.);
#2226=ORIENTED_EDGE('',*,*,#4322,.T.);
#2227=ORIENTED_EDGE('',*,*,#5115,.T.);
#2228=ORIENTED_EDGE('',*,*,#4793,.T.);
#2229=ORIENTED_EDGE('',*,*,#5116,.F.);
#2230=ORIENTED_EDGE('',*,*,#4323,.F.);
#2231=ORIENTED_EDGE('',*,*,#5114,.T.);
#2232=ORIENTED_EDGE('',*,*,#4792,.F.);
#2233=ORIENTED_EDGE('',*,*,#5117,.F.);
#2234=ORIENTED_EDGE('',*,*,#4324,.T.);
#2235=ORIENTED_EDGE('',*,*,#5116,.T.);
#2236=ORIENTED_EDGE('',*,*,#4791,.T.);
#2237=ORIENTED_EDGE('',*,*,#5118,.F.);
#2238=ORIENTED_EDGE('',*,*,#4325,.F.);
#2239=ORIENTED_EDGE('',*,*,#5117,.T.);
#2240=ORIENTED_EDGE('',*,*,#4790,.F.);
#2241=ORIENTED_EDGE('',*,*,#5119,.F.);
#2242=ORIENTED_EDGE('',*,*,#4326,.T.);
#2243=ORIENTED_EDGE('',*,*,#5118,.T.);
#2244=ORIENTED_EDGE('',*,*,#4789,.F.);
#2245=ORIENTED_EDGE('',*,*,#5120,.F.);
#2246=ORIENTED_EDGE('',*,*,#4327,.T.);
#2247=ORIENTED_EDGE('',*,*,#5119,.T.);
#2248=ORIENTED_EDGE('',*,*,#4788,.F.);
#2249=ORIENTED_EDGE('',*,*,#5121,.F.);
#2250=ORIENTED_EDGE('',*,*,#4328,.T.);
#2251=ORIENTED_EDGE('',*,*,#5120,.T.);
#2252=ORIENTED_EDGE('',*,*,#4794,.F.);
#2253=ORIENTED_EDGE('',*,*,#5122,.F.);
#2254=ORIENTED_EDGE('',*,*,#4314,.T.);
#2255=ORIENTED_EDGE('',*,*,#5123,.T.);
#2256=ORIENTED_EDGE('',*,*,#4801,.T.);
#2257=ORIENTED_EDGE('',*,*,#5124,.F.);
#2258=ORIENTED_EDGE('',*,*,#4315,.F.);
#2259=ORIENTED_EDGE('',*,*,#5122,.T.);
#2260=ORIENTED_EDGE('',*,*,#4800,.F.);
#2261=ORIENTED_EDGE('',*,*,#5125,.F.);
#2262=ORIENTED_EDGE('',*,*,#4316,.T.);
#2263=ORIENTED_EDGE('',*,*,#5124,.T.);
#2264=ORIENTED_EDGE('',*,*,#4799,.T.);
#2265=ORIENTED_EDGE('',*,*,#5126,.F.);
#2266=ORIENTED_EDGE('',*,*,#4317,.F.);
#2267=ORIENTED_EDGE('',*,*,#5125,.T.);
#2268=ORIENTED_EDGE('',*,*,#4798,.F.);
#2269=ORIENTED_EDGE('',*,*,#5127,.F.);
#2270=ORIENTED_EDGE('',*,*,#4318,.T.);
#2271=ORIENTED_EDGE('',*,*,#5126,.T.);
#2272=ORIENTED_EDGE('',*,*,#4797,.F.);
#2273=ORIENTED_EDGE('',*,*,#5128,.F.);
#2274=ORIENTED_EDGE('',*,*,#4319,.T.);
#2275=ORIENTED_EDGE('',*,*,#5127,.T.);
#2276=ORIENTED_EDGE('',*,*,#4796,.F.);
#2277=ORIENTED_EDGE('',*,*,#5129,.F.);
#2278=ORIENTED_EDGE('',*,*,#4320,.T.);
#2279=ORIENTED_EDGE('',*,*,#5128,.T.);
#2280=ORIENTED_EDGE('',*,*,#4802,.F.);
#2281=ORIENTED_EDGE('',*,*,#5130,.F.);
#2282=ORIENTED_EDGE('',*,*,#4306,.T.);
#2283=ORIENTED_EDGE('',*,*,#5131,.T.);
#2284=ORIENTED_EDGE('',*,*,#4809,.T.);
#2285=ORIENTED_EDGE('',*,*,#5132,.F.);
#2286=ORIENTED_EDGE('',*,*,#4307,.F.);
#2287=ORIENTED_EDGE('',*,*,#5130,.T.);
#2288=ORIENTED_EDGE('',*,*,#4808,.F.);
#2289=ORIENTED_EDGE('',*,*,#5133,.F.);
#2290=ORIENTED_EDGE('',*,*,#4308,.T.);
#2291=ORIENTED_EDGE('',*,*,#5132,.T.);
#2292=ORIENTED_EDGE('',*,*,#4807,.T.);
#2293=ORIENTED_EDGE('',*,*,#5134,.F.);
#2294=ORIENTED_EDGE('',*,*,#4309,.F.);
#2295=ORIENTED_EDGE('',*,*,#5133,.T.);
#2296=ORIENTED_EDGE('',*,*,#4806,.F.);
#2297=ORIENTED_EDGE('',*,*,#5135,.F.);
#2298=ORIENTED_EDGE('',*,*,#4310,.T.);
#2299=ORIENTED_EDGE('',*,*,#5134,.T.);
#2300=ORIENTED_EDGE('',*,*,#4805,.F.);
#2301=ORIENTED_EDGE('',*,*,#5136,.F.);
#2302=ORIENTED_EDGE('',*,*,#4311,.T.);
#2303=ORIENTED_EDGE('',*,*,#5135,.T.);
#2304=ORIENTED_EDGE('',*,*,#4804,.F.);
#2305=ORIENTED_EDGE('',*,*,#5137,.F.);
#2306=ORIENTED_EDGE('',*,*,#4312,.T.);
#2307=ORIENTED_EDGE('',*,*,#5136,.T.);
#2308=ORIENTED_EDGE('',*,*,#4810,.F.);
#2309=ORIENTED_EDGE('',*,*,#5138,.F.);
#2310=ORIENTED_EDGE('',*,*,#4298,.T.);
#2311=ORIENTED_EDGE('',*,*,#5139,.T.);
#2312=ORIENTED_EDGE('',*,*,#4817,.T.);
#2313=ORIENTED_EDGE('',*,*,#5140,.F.);
#2314=ORIENTED_EDGE('',*,*,#4299,.F.);
#2315=ORIENTED_EDGE('',*,*,#5138,.T.);
#2316=ORIENTED_EDGE('',*,*,#4816,.F.);
#2317=ORIENTED_EDGE('',*,*,#5141,.F.);
#2318=ORIENTED_EDGE('',*,*,#4300,.T.);
#2319=ORIENTED_EDGE('',*,*,#5140,.T.);
#2320=ORIENTED_EDGE('',*,*,#4815,.T.);
#2321=ORIENTED_EDGE('',*,*,#5142,.F.);
#2322=ORIENTED_EDGE('',*,*,#4301,.F.);
#2323=ORIENTED_EDGE('',*,*,#5141,.T.);
#2324=ORIENTED_EDGE('',*,*,#4814,.F.);
#2325=ORIENTED_EDGE('',*,*,#5143,.F.);
#2326=ORIENTED_EDGE('',*,*,#4302,.T.);
#2327=ORIENTED_EDGE('',*,*,#5142,.T.);
#2328=ORIENTED_EDGE('',*,*,#4813,.F.);
#2329=ORIENTED_EDGE('',*,*,#5144,.F.);
#2330=ORIENTED_EDGE('',*,*,#4303,.T.);
#2331=ORIENTED_EDGE('',*,*,#5143,.T.);
#2332=ORIENTED_EDGE('',*,*,#4812,.F.);
#2333=ORIENTED_EDGE('',*,*,#5145,.F.);
#2334=ORIENTED_EDGE('',*,*,#4304,.T.);
#2335=ORIENTED_EDGE('',*,*,#5144,.T.);
#2336=ORIENTED_EDGE('',*,*,#4818,.F.);
#2337=ORIENTED_EDGE('',*,*,#5146,.F.);
#2338=ORIENTED_EDGE('',*,*,#4290,.T.);
#2339=ORIENTED_EDGE('',*,*,#5147,.T.);
#2340=ORIENTED_EDGE('',*,*,#4825,.T.);
#2341=ORIENTED_EDGE('',*,*,#5148,.F.);
#2342=ORIENTED_EDGE('',*,*,#4291,.F.);
#2343=ORIENTED_EDGE('',*,*,#5146,.T.);
#2344=ORIENTED_EDGE('',*,*,#4824,.F.);
#2345=ORIENTED_EDGE('',*,*,#5149,.F.);
#2346=ORIENTED_EDGE('',*,*,#4292,.T.);
#2347=ORIENTED_EDGE('',*,*,#5148,.T.);
#2348=ORIENTED_EDGE('',*,*,#4823,.T.);
#2349=ORIENTED_EDGE('',*,*,#5150,.F.);
#2350=ORIENTED_EDGE('',*,*,#4293,.F.);
#2351=ORIENTED_EDGE('',*,*,#5149,.T.);
#2352=ORIENTED_EDGE('',*,*,#4822,.F.);
#2353=ORIENTED_EDGE('',*,*,#5151,.F.);
#2354=ORIENTED_EDGE('',*,*,#4294,.T.);
#2355=ORIENTED_EDGE('',*,*,#5150,.T.);
#2356=ORIENTED_EDGE('',*,*,#4821,.F.);
#2357=ORIENTED_EDGE('',*,*,#5152,.F.);
#2358=ORIENTED_EDGE('',*,*,#4295,.T.);
#2359=ORIENTED_EDGE('',*,*,#5151,.T.);
#2360=ORIENTED_EDGE('',*,*,#4820,.F.);
#2361=ORIENTED_EDGE('',*,*,#5153,.F.);
#2362=ORIENTED_EDGE('',*,*,#4296,.T.);
#2363=ORIENTED_EDGE('',*,*,#5152,.T.);
#2364=ORIENTED_EDGE('',*,*,#4826,.F.);
#2365=ORIENTED_EDGE('',*,*,#5154,.F.);
#2366=ORIENTED_EDGE('',*,*,#4282,.T.);
#2367=ORIENTED_EDGE('',*,*,#5155,.T.);
#2368=ORIENTED_EDGE('',*,*,#4833,.T.);
#2369=ORIENTED_EDGE('',*,*,#5156,.F.);
#2370=ORIENTED_EDGE('',*,*,#4283,.F.);
#2371=ORIENTED_EDGE('',*,*,#5154,.T.);
#2372=ORIENTED_EDGE('',*,*,#4832,.F.);
#2373=ORIENTED_EDGE('',*,*,#5157,.F.);
#2374=ORIENTED_EDGE('',*,*,#4284,.T.);
#2375=ORIENTED_EDGE('',*,*,#5156,.T.);
#2376=ORIENTED_EDGE('',*,*,#4831,.T.);
#2377=ORIENTED_EDGE('',*,*,#5158,.F.);
#2378=ORIENTED_EDGE('',*,*,#4285,.F.);
#2379=ORIENTED_EDGE('',*,*,#5157,.T.);
#2380=ORIENTED_EDGE('',*,*,#4830,.F.);
#2381=ORIENTED_EDGE('',*,*,#5159,.F.);
#2382=ORIENTED_EDGE('',*,*,#4286,.T.);
#2383=ORIENTED_EDGE('',*,*,#5158,.T.);
#2384=ORIENTED_EDGE('',*,*,#4829,.F.);
#2385=ORIENTED_EDGE('',*,*,#5160,.F.);
#2386=ORIENTED_EDGE('',*,*,#4287,.T.);
#2387=ORIENTED_EDGE('',*,*,#5159,.T.);
#2388=ORIENTED_EDGE('',*,*,#4828,.F.);
#2389=ORIENTED_EDGE('',*,*,#5161,.F.);
#2390=ORIENTED_EDGE('',*,*,#4288,.T.);
#2391=ORIENTED_EDGE('',*,*,#5160,.T.);
#2392=ORIENTED_EDGE('',*,*,#4834,.F.);
#2393=ORIENTED_EDGE('',*,*,#5162,.F.);
#2394=ORIENTED_EDGE('',*,*,#4274,.T.);
#2395=ORIENTED_EDGE('',*,*,#5163,.T.);
#2396=ORIENTED_EDGE('',*,*,#4841,.T.);
#2397=ORIENTED_EDGE('',*,*,#5164,.F.);
#2398=ORIENTED_EDGE('',*,*,#4275,.F.);
#2399=ORIENTED_EDGE('',*,*,#5162,.T.);
#2400=ORIENTED_EDGE('',*,*,#4840,.F.);
#2401=ORIENTED_EDGE('',*,*,#5165,.F.);
#2402=ORIENTED_EDGE('',*,*,#4276,.T.);
#2403=ORIENTED_EDGE('',*,*,#5164,.T.);
#2404=ORIENTED_EDGE('',*,*,#4839,.T.);
#2405=ORIENTED_EDGE('',*,*,#5166,.F.);
#2406=ORIENTED_EDGE('',*,*,#4277,.F.);
#2407=ORIENTED_EDGE('',*,*,#5165,.T.);
#2408=ORIENTED_EDGE('',*,*,#4838,.F.);
#2409=ORIENTED_EDGE('',*,*,#5167,.F.);
#2410=ORIENTED_EDGE('',*,*,#4278,.T.);
#2411=ORIENTED_EDGE('',*,*,#5166,.T.);
#2412=ORIENTED_EDGE('',*,*,#4837,.F.);
#2413=ORIENTED_EDGE('',*,*,#5168,.F.);
#2414=ORIENTED_EDGE('',*,*,#4279,.T.);
#2415=ORIENTED_EDGE('',*,*,#5167,.T.);
#2416=ORIENTED_EDGE('',*,*,#4836,.F.);
#2417=ORIENTED_EDGE('',*,*,#5169,.F.);
#2418=ORIENTED_EDGE('',*,*,#4280,.T.);
#2419=ORIENTED_EDGE('',*,*,#5168,.T.);
#2420=ORIENTED_EDGE('',*,*,#4842,.F.);
#2421=ORIENTED_EDGE('',*,*,#5170,.F.);
#2422=ORIENTED_EDGE('',*,*,#4266,.T.);
#2423=ORIENTED_EDGE('',*,*,#5171,.T.);
#2424=ORIENTED_EDGE('',*,*,#4849,.T.);
#2425=ORIENTED_EDGE('',*,*,#5172,.F.);
#2426=ORIENTED_EDGE('',*,*,#4267,.F.);
#2427=ORIENTED_EDGE('',*,*,#5170,.T.);
#2428=ORIENTED_EDGE('',*,*,#4848,.F.);
#2429=ORIENTED_EDGE('',*,*,#5173,.F.);
#2430=ORIENTED_EDGE('',*,*,#4268,.T.);
#2431=ORIENTED_EDGE('',*,*,#5172,.T.);
#2432=ORIENTED_EDGE('',*,*,#4847,.T.);
#2433=ORIENTED_EDGE('',*,*,#5174,.F.);
#2434=ORIENTED_EDGE('',*,*,#4269,.F.);
#2435=ORIENTED_EDGE('',*,*,#5173,.T.);
#2436=ORIENTED_EDGE('',*,*,#4846,.F.);
#2437=ORIENTED_EDGE('',*,*,#5175,.F.);
#2438=ORIENTED_EDGE('',*,*,#4270,.T.);
#2439=ORIENTED_EDGE('',*,*,#5174,.T.);
#2440=ORIENTED_EDGE('',*,*,#4845,.F.);
#2441=ORIENTED_EDGE('',*,*,#5176,.F.);
#2442=ORIENTED_EDGE('',*,*,#4271,.T.);
#2443=ORIENTED_EDGE('',*,*,#5175,.T.);
#2444=ORIENTED_EDGE('',*,*,#4844,.F.);
#2445=ORIENTED_EDGE('',*,*,#5177,.F.);
#2446=ORIENTED_EDGE('',*,*,#4272,.T.);
#2447=ORIENTED_EDGE('',*,*,#5176,.T.);
#2448=ORIENTED_EDGE('',*,*,#4850,.F.);
#2449=ORIENTED_EDGE('',*,*,#5178,.F.);
#2450=ORIENTED_EDGE('',*,*,#4258,.T.);
#2451=ORIENTED_EDGE('',*,*,#5179,.T.);
#2452=ORIENTED_EDGE('',*,*,#4857,.T.);
#2453=ORIENTED_EDGE('',*,*,#5180,.F.);
#2454=ORIENTED_EDGE('',*,*,#4259,.F.);
#2455=ORIENTED_EDGE('',*,*,#5178,.T.);
#2456=ORIENTED_EDGE('',*,*,#4856,.F.);
#2457=ORIENTED_EDGE('',*,*,#5181,.F.);
#2458=ORIENTED_EDGE('',*,*,#4260,.T.);
#2459=ORIENTED_EDGE('',*,*,#5180,.T.);
#2460=ORIENTED_EDGE('',*,*,#4855,.T.);
#2461=ORIENTED_EDGE('',*,*,#5182,.F.);
#2462=ORIENTED_EDGE('',*,*,#4261,.F.);
#2463=ORIENTED_EDGE('',*,*,#5181,.T.);
#2464=ORIENTED_EDGE('',*,*,#4854,.F.);
#2465=ORIENTED_EDGE('',*,*,#5183,.F.);
#2466=ORIENTED_EDGE('',*,*,#4262,.T.);
#2467=ORIENTED_EDGE('',*,*,#5182,.T.);
#2468=ORIENTED_EDGE('',*,*,#4853,.F.);
#2469=ORIENTED_EDGE('',*,*,#5184,.F.);
#2470=ORIENTED_EDGE('',*,*,#4263,.T.);
#2471=ORIENTED_EDGE('',*,*,#5183,.T.);
#2472=ORIENTED_EDGE('',*,*,#4852,.F.);
#2473=ORIENTED_EDGE('',*,*,#5185,.F.);
#2474=ORIENTED_EDGE('',*,*,#4264,.T.);
#2475=ORIENTED_EDGE('',*,*,#5184,.T.);
#2476=ORIENTED_EDGE('',*,*,#4858,.F.);
#2477=ORIENTED_EDGE('',*,*,#5186,.F.);
#2478=ORIENTED_EDGE('',*,*,#4250,.T.);
#2479=ORIENTED_EDGE('',*,*,#5187,.T.);
#2480=ORIENTED_EDGE('',*,*,#4865,.T.);
#2481=ORIENTED_EDGE('',*,*,#5188,.F.);
#2482=ORIENTED_EDGE('',*,*,#4251,.F.);
#2483=ORIENTED_EDGE('',*,*,#5186,.T.);
#2484=ORIENTED_EDGE('',*,*,#4864,.F.);
#2485=ORIENTED_EDGE('',*,*,#5189,.F.);
#2486=ORIENTED_EDGE('',*,*,#4252,.T.);
#2487=ORIENTED_EDGE('',*,*,#5188,.T.);
#2488=ORIENTED_EDGE('',*,*,#4863,.T.);
#2489=ORIENTED_EDGE('',*,*,#5190,.F.);
#2490=ORIENTED_EDGE('',*,*,#4253,.F.);
#2491=ORIENTED_EDGE('',*,*,#5189,.T.);
#2492=ORIENTED_EDGE('',*,*,#4862,.F.);
#2493=ORIENTED_EDGE('',*,*,#5191,.F.);
#2494=ORIENTED_EDGE('',*,*,#4254,.T.);
#2495=ORIENTED_EDGE('',*,*,#5190,.T.);
#2496=ORIENTED_EDGE('',*,*,#4861,.F.);
#2497=ORIENTED_EDGE('',*,*,#5192,.F.);
#2498=ORIENTED_EDGE('',*,*,#4255,.T.);
#2499=ORIENTED_EDGE('',*,*,#5191,.T.);
#2500=ORIENTED_EDGE('',*,*,#4860,.F.);
#2501=ORIENTED_EDGE('',*,*,#5193,.F.);
#2502=ORIENTED_EDGE('',*,*,#4256,.T.);
#2503=ORIENTED_EDGE('',*,*,#5192,.T.);
#2504=ORIENTED_EDGE('',*,*,#4699,.F.);
#2505=ORIENTED_EDGE('',*,*,#5194,.F.);
#2506=ORIENTED_EDGE('',*,*,#4045,.T.);
#2507=ORIENTED_EDGE('',*,*,#5075,.T.);
#2508=ORIENTED_EDGE('',*,*,#4698,.T.);
#2509=ORIENTED_EDGE('',*,*,#5195,.F.);
#2510=ORIENTED_EDGE('',*,*,#4046,.F.);
#2511=ORIENTED_EDGE('',*,*,#5194,.T.);
#2512=ORIENTED_EDGE('',*,*,#4697,.F.);
#2513=ORIENTED_EDGE('',*,*,#5067,.F.);
#2514=ORIENTED_EDGE('',*,*,#4047,.T.);
#2515=ORIENTED_EDGE('',*,*,#5195,.T.);
#2516=ORIENTED_EDGE('',*,*,#4715,.F.);
#2517=ORIENTED_EDGE('',*,*,#5196,.F.);
#2518=ORIENTED_EDGE('',*,*,#4021,.T.);
#2519=ORIENTED_EDGE('',*,*,#5065,.T.);
#2520=ORIENTED_EDGE('',*,*,#4714,.F.);
#2521=ORIENTED_EDGE('',*,*,#5197,.F.);
#2522=ORIENTED_EDGE('',*,*,#4022,.T.);
#2523=ORIENTED_EDGE('',*,*,#5196,.T.);
#2524=ORIENTED_EDGE('',*,*,#4713,.F.);
#2525=ORIENTED_EDGE('',*,*,#5073,.F.);
#2526=ORIENTED_EDGE('',*,*,#4023,.T.);
#2527=ORIENTED_EDGE('',*,*,#5197,.T.);
#2528=ORIENTED_EDGE('',*,*,#4866,.F.);
#2529=ORIENTED_EDGE('',*,*,#5198,.F.);
#2530=ORIENTED_EDGE('',*,*,#4242,.T.);
#2531=ORIENTED_EDGE('',*,*,#5199,.T.);
#2532=ORIENTED_EDGE('',*,*,#4873,.T.);
#2533=ORIENTED_EDGE('',*,*,#5200,.F.);
#2534=ORIENTED_EDGE('',*,*,#4243,.F.);
#2535=ORIENTED_EDGE('',*,*,#5198,.T.);
#2536=ORIENTED_EDGE('',*,*,#4872,.F.);
#2537=ORIENTED_EDGE('',*,*,#5201,.F.);
#2538=ORIENTED_EDGE('',*,*,#4244,.T.);
#2539=ORIENTED_EDGE('',*,*,#5200,.T.);
#2540=ORIENTED_EDGE('',*,*,#4871,.T.);
#2541=ORIENTED_EDGE('',*,*,#5202,.F.);
#2542=ORIENTED_EDGE('',*,*,#4245,.F.);
#2543=ORIENTED_EDGE('',*,*,#5201,.T.);
#2544=ORIENTED_EDGE('',*,*,#4870,.F.);
#2545=ORIENTED_EDGE('',*,*,#5203,.F.);
#2546=ORIENTED_EDGE('',*,*,#4246,.T.);
#2547=ORIENTED_EDGE('',*,*,#5202,.T.);
#2548=ORIENTED_EDGE('',*,*,#4869,.F.);
#2549=ORIENTED_EDGE('',*,*,#5204,.F.);
#2550=ORIENTED_EDGE('',*,*,#4247,.T.);
#2551=ORIENTED_EDGE('',*,*,#5203,.T.);
#2552=ORIENTED_EDGE('',*,*,#4868,.F.);
#2553=ORIENTED_EDGE('',*,*,#5205,.F.);
#2554=ORIENTED_EDGE('',*,*,#4248,.T.);
#2555=ORIENTED_EDGE('',*,*,#5204,.T.);
#2556=ORIENTED_EDGE('',*,*,#4874,.F.);
#2557=ORIENTED_EDGE('',*,*,#5206,.F.);
#2558=ORIENTED_EDGE('',*,*,#4234,.T.);
#2559=ORIENTED_EDGE('',*,*,#5207,.T.);
#2560=ORIENTED_EDGE('',*,*,#4881,.T.);
#2561=ORIENTED_EDGE('',*,*,#5208,.F.);
#2562=ORIENTED_EDGE('',*,*,#4235,.F.);
#2563=ORIENTED_EDGE('',*,*,#5206,.T.);
#2564=ORIENTED_EDGE('',*,*,#4880,.F.);
#2565=ORIENTED_EDGE('',*,*,#5209,.F.);
#2566=ORIENTED_EDGE('',*,*,#4236,.T.);
#2567=ORIENTED_EDGE('',*,*,#5208,.T.);
#2568=ORIENTED_EDGE('',*,*,#4879,.T.);
#2569=ORIENTED_EDGE('',*,*,#5210,.F.);
#2570=ORIENTED_EDGE('',*,*,#4237,.F.);
#2571=ORIENTED_EDGE('',*,*,#5209,.T.);
#2572=ORIENTED_EDGE('',*,*,#4878,.F.);
#2573=ORIENTED_EDGE('',*,*,#5211,.F.);
#2574=ORIENTED_EDGE('',*,*,#4238,.T.);
#2575=ORIENTED_EDGE('',*,*,#5210,.T.);
#2576=ORIENTED_EDGE('',*,*,#4877,.F.);
#2577=ORIENTED_EDGE('',*,*,#5212,.F.);
#2578=ORIENTED_EDGE('',*,*,#4239,.T.);
#2579=ORIENTED_EDGE('',*,*,#5211,.T.);
#2580=ORIENTED_EDGE('',*,*,#4876,.F.);
#2581=ORIENTED_EDGE('',*,*,#5213,.F.);
#2582=ORIENTED_EDGE('',*,*,#4240,.T.);
#2583=ORIENTED_EDGE('',*,*,#5212,.T.);
#2584=ORIENTED_EDGE('',*,*,#4882,.F.);
#2585=ORIENTED_EDGE('',*,*,#5214,.F.);
#2586=ORIENTED_EDGE('',*,*,#4226,.T.);
#2587=ORIENTED_EDGE('',*,*,#5215,.T.);
#2588=ORIENTED_EDGE('',*,*,#4889,.T.);
#2589=ORIENTED_EDGE('',*,*,#5216,.F.);
#2590=ORIENTED_EDGE('',*,*,#4227,.F.);
#2591=ORIENTED_EDGE('',*,*,#5214,.T.);
#2592=ORIENTED_EDGE('',*,*,#4888,.F.);
#2593=ORIENTED_EDGE('',*,*,#5217,.F.);
#2594=ORIENTED_EDGE('',*,*,#4228,.T.);
#2595=ORIENTED_EDGE('',*,*,#5216,.T.);
#2596=ORIENTED_EDGE('',*,*,#4887,.T.);
#2597=ORIENTED_EDGE('',*,*,#5218,.F.);
#2598=ORIENTED_EDGE('',*,*,#4229,.F.);
#2599=ORIENTED_EDGE('',*,*,#5217,.T.);
#2600=ORIENTED_EDGE('',*,*,#4886,.F.);
#2601=ORIENTED_EDGE('',*,*,#5219,.F.);
#2602=ORIENTED_EDGE('',*,*,#4230,.T.);
#2603=ORIENTED_EDGE('',*,*,#5218,.T.);
#2604=ORIENTED_EDGE('',*,*,#4885,.F.);
#2605=ORIENTED_EDGE('',*,*,#5220,.F.);
#2606=ORIENTED_EDGE('',*,*,#4231,.T.);
#2607=ORIENTED_EDGE('',*,*,#5219,.T.);
#2608=ORIENTED_EDGE('',*,*,#4884,.F.);
#2609=ORIENTED_EDGE('',*,*,#5221,.F.);
#2610=ORIENTED_EDGE('',*,*,#4232,.T.);
#2611=ORIENTED_EDGE('',*,*,#5220,.T.);
#2612=ORIENTED_EDGE('',*,*,#4890,.F.);
#2613=ORIENTED_EDGE('',*,*,#5222,.F.);
#2614=ORIENTED_EDGE('',*,*,#4218,.T.);
#2615=ORIENTED_EDGE('',*,*,#5223,.T.);
#2616=ORIENTED_EDGE('',*,*,#4897,.T.);
#2617=ORIENTED_EDGE('',*,*,#5224,.F.);
#2618=ORIENTED_EDGE('',*,*,#4219,.F.);
#2619=ORIENTED_EDGE('',*,*,#5222,.T.);
#2620=ORIENTED_EDGE('',*,*,#4896,.F.);
#2621=ORIENTED_EDGE('',*,*,#5225,.F.);
#2622=ORIENTED_EDGE('',*,*,#4220,.T.);
#2623=ORIENTED_EDGE('',*,*,#5224,.T.);
#2624=ORIENTED_EDGE('',*,*,#4895,.T.);
#2625=ORIENTED_EDGE('',*,*,#5226,.F.);
#2626=ORIENTED_EDGE('',*,*,#4221,.F.);
#2627=ORIENTED_EDGE('',*,*,#5225,.T.);
#2628=ORIENTED_EDGE('',*,*,#4894,.F.);
#2629=ORIENTED_EDGE('',*,*,#5227,.F.);
#2630=ORIENTED_EDGE('',*,*,#4222,.T.);
#2631=ORIENTED_EDGE('',*,*,#5226,.T.);
#2632=ORIENTED_EDGE('',*,*,#4893,.F.);
#2633=ORIENTED_EDGE('',*,*,#5228,.F.);
#2634=ORIENTED_EDGE('',*,*,#4223,.T.);
#2635=ORIENTED_EDGE('',*,*,#5227,.T.);
#2636=ORIENTED_EDGE('',*,*,#4892,.F.);
#2637=ORIENTED_EDGE('',*,*,#5229,.F.);
#2638=ORIENTED_EDGE('',*,*,#4224,.T.);
#2639=ORIENTED_EDGE('',*,*,#5228,.T.);
#2640=ORIENTED_EDGE('',*,*,#4639,.F.);
#2641=ORIENTED_EDGE('',*,*,#5230,.F.);
#2642=ORIENTED_EDGE('',*,*,#4411,.T.);
#2643=ORIENTED_EDGE('',*,*,#4555,.T.);
#2644=ORIENTED_EDGE('',*,*,#4641,.T.);
#2645=ORIENTED_EDGE('',*,*,#5231,.F.);
#2646=ORIENTED_EDGE('',*,*,#4412,.F.);
#2647=ORIENTED_EDGE('',*,*,#5230,.T.);
#2648=ORIENTED_EDGE('',*,*,#4640,.F.);
#2649=ORIENTED_EDGE('',*,*,#4556,.F.);
#2650=ORIENTED_EDGE('',*,*,#4413,.T.);
#2651=ORIENTED_EDGE('',*,*,#5231,.T.);
#2652=ORIENTED_EDGE('',*,*,#4898,.F.);
#2653=ORIENTED_EDGE('',*,*,#5232,.F.);
#2654=ORIENTED_EDGE('',*,*,#4210,.T.);
#2655=ORIENTED_EDGE('',*,*,#5233,.T.);
#2656=ORIENTED_EDGE('',*,*,#4905,.T.);
#2657=ORIENTED_EDGE('',*,*,#5234,.F.);
#2658=ORIENTED_EDGE('',*,*,#4211,.F.);
#2659=ORIENTED_EDGE('',*,*,#5232,.T.);
#2660=ORIENTED_EDGE('',*,*,#4904,.F.);
#2661=ORIENTED_EDGE('',*,*,#5235,.F.);
#2662=ORIENTED_EDGE('',*,*,#4212,.T.);
#2663=ORIENTED_EDGE('',*,*,#5234,.T.);
#2664=ORIENTED_EDGE('',*,*,#4903,.T.);
#2665=ORIENTED_EDGE('',*,*,#5236,.F.);
#2666=ORIENTED_EDGE('',*,*,#4213,.F.);
#2667=ORIENTED_EDGE('',*,*,#5235,.T.);
#2668=ORIENTED_EDGE('',*,*,#4902,.F.);
#2669=ORIENTED_EDGE('',*,*,#5237,.F.);
#2670=ORIENTED_EDGE('',*,*,#4214,.T.);
#2671=ORIENTED_EDGE('',*,*,#5236,.T.);
#2672=ORIENTED_EDGE('',*,*,#4901,.F.);
#2673=ORIENTED_EDGE('',*,*,#5238,.F.);
#2674=ORIENTED_EDGE('',*,*,#4215,.T.);
#2675=ORIENTED_EDGE('',*,*,#5237,.T.);
#2676=ORIENTED_EDGE('',*,*,#4900,.F.);
#2677=ORIENTED_EDGE('',*,*,#5239,.F.);
#2678=ORIENTED_EDGE('',*,*,#4216,.T.);
#2679=ORIENTED_EDGE('',*,*,#5238,.T.);
#2680=ORIENTED_EDGE('',*,*,#4906,.F.);
#2681=ORIENTED_EDGE('',*,*,#5240,.F.);
#2682=ORIENTED_EDGE('',*,*,#4202,.T.);
#2683=ORIENTED_EDGE('',*,*,#5241,.T.);
#2684=ORIENTED_EDGE('',*,*,#4913,.T.);
#2685=ORIENTED_EDGE('',*,*,#5242,.F.);
#2686=ORIENTED_EDGE('',*,*,#4203,.F.);
#2687=ORIENTED_EDGE('',*,*,#5240,.T.);
#2688=ORIENTED_EDGE('',*,*,#4912,.F.);
#2689=ORIENTED_EDGE('',*,*,#5243,.F.);
#2690=ORIENTED_EDGE('',*,*,#4204,.T.);
#2691=ORIENTED_EDGE('',*,*,#5242,.T.);
#2692=ORIENTED_EDGE('',*,*,#4911,.T.);
#2693=ORIENTED_EDGE('',*,*,#5244,.F.);
#2694=ORIENTED_EDGE('',*,*,#4205,.F.);
#2695=ORIENTED_EDGE('',*,*,#5243,.T.);
#2696=ORIENTED_EDGE('',*,*,#4910,.F.);
#2697=ORIENTED_EDGE('',*,*,#5245,.F.);
#2698=ORIENTED_EDGE('',*,*,#4206,.T.);
#2699=ORIENTED_EDGE('',*,*,#5244,.T.);
#2700=ORIENTED_EDGE('',*,*,#4909,.F.);
#2701=ORIENTED_EDGE('',*,*,#5246,.F.);
#2702=ORIENTED_EDGE('',*,*,#4207,.T.);
#2703=ORIENTED_EDGE('',*,*,#5245,.T.);
#2704=ORIENTED_EDGE('',*,*,#4908,.F.);
#2705=ORIENTED_EDGE('',*,*,#5247,.F.);
#2706=ORIENTED_EDGE('',*,*,#4208,.T.);
#2707=ORIENTED_EDGE('',*,*,#5246,.T.);
#2708=ORIENTED_EDGE('',*,*,#4914,.F.);
#2709=ORIENTED_EDGE('',*,*,#5248,.F.);
#2710=ORIENTED_EDGE('',*,*,#4194,.T.);
#2711=ORIENTED_EDGE('',*,*,#5249,.T.);
#2712=ORIENTED_EDGE('',*,*,#4921,.T.);
#2713=ORIENTED_EDGE('',*,*,#5250,.F.);
#2714=ORIENTED_EDGE('',*,*,#4195,.F.);
#2715=ORIENTED_EDGE('',*,*,#5248,.T.);
#2716=ORIENTED_EDGE('',*,*,#4920,.F.);
#2717=ORIENTED_EDGE('',*,*,#5251,.F.);
#2718=ORIENTED_EDGE('',*,*,#4196,.T.);
#2719=ORIENTED_EDGE('',*,*,#5250,.T.);
#2720=ORIENTED_EDGE('',*,*,#4919,.T.);
#2721=ORIENTED_EDGE('',*,*,#5252,.F.);
#2722=ORIENTED_EDGE('',*,*,#4197,.F.);
#2723=ORIENTED_EDGE('',*,*,#5251,.T.);
#2724=ORIENTED_EDGE('',*,*,#4918,.F.);
#2725=ORIENTED_EDGE('',*,*,#5253,.F.);
#2726=ORIENTED_EDGE('',*,*,#4198,.T.);
#2727=ORIENTED_EDGE('',*,*,#5252,.T.);
#2728=ORIENTED_EDGE('',*,*,#4917,.F.);
#2729=ORIENTED_EDGE('',*,*,#5254,.F.);
#2730=ORIENTED_EDGE('',*,*,#4199,.T.);
#2731=ORIENTED_EDGE('',*,*,#5253,.T.);
#2732=ORIENTED_EDGE('',*,*,#4916,.F.);
#2733=ORIENTED_EDGE('',*,*,#5255,.F.);
#2734=ORIENTED_EDGE('',*,*,#4200,.T.);
#2735=ORIENTED_EDGE('',*,*,#5254,.T.);
#2736=ORIENTED_EDGE('',*,*,#4922,.F.);
#2737=ORIENTED_EDGE('',*,*,#5256,.F.);
#2738=ORIENTED_EDGE('',*,*,#4186,.T.);
#2739=ORIENTED_EDGE('',*,*,#5257,.T.);
#2740=ORIENTED_EDGE('',*,*,#4929,.T.);
#2741=ORIENTED_EDGE('',*,*,#5258,.F.);
#2742=ORIENTED_EDGE('',*,*,#4187,.F.);
#2743=ORIENTED_EDGE('',*,*,#5256,.T.);
#2744=ORIENTED_EDGE('',*,*,#4928,.F.);
#2745=ORIENTED_EDGE('',*,*,#5259,.F.);
#2746=ORIENTED_EDGE('',*,*,#4188,.T.);
#2747=ORIENTED_EDGE('',*,*,#5258,.T.);
#2748=ORIENTED_EDGE('',*,*,#4927,.T.);
#2749=ORIENTED_EDGE('',*,*,#5260,.F.);
#2750=ORIENTED_EDGE('',*,*,#4189,.F.);
#2751=ORIENTED_EDGE('',*,*,#5259,.T.);
#2752=ORIENTED_EDGE('',*,*,#4926,.F.);
#2753=ORIENTED_EDGE('',*,*,#5261,.F.);
#2754=ORIENTED_EDGE('',*,*,#4190,.T.);
#2755=ORIENTED_EDGE('',*,*,#5260,.T.);
#2756=ORIENTED_EDGE('',*,*,#4925,.F.);
#2757=ORIENTED_EDGE('',*,*,#5262,.F.);
#2758=ORIENTED_EDGE('',*,*,#4191,.T.);
#2759=ORIENTED_EDGE('',*,*,#5261,.T.);
#2760=ORIENTED_EDGE('',*,*,#4924,.F.);
#2761=ORIENTED_EDGE('',*,*,#5263,.F.);
#2762=ORIENTED_EDGE('',*,*,#4192,.T.);
#2763=ORIENTED_EDGE('',*,*,#5262,.T.);
#2764=ORIENTED_EDGE('',*,*,#4930,.F.);
#2765=ORIENTED_EDGE('',*,*,#5264,.F.);
#2766=ORIENTED_EDGE('',*,*,#4178,.T.);
#2767=ORIENTED_EDGE('',*,*,#5265,.T.);
#2768=ORIENTED_EDGE('',*,*,#4937,.T.);
#2769=ORIENTED_EDGE('',*,*,#5266,.F.);
#2770=ORIENTED_EDGE('',*,*,#4179,.F.);
#2771=ORIENTED_EDGE('',*,*,#5264,.T.);
#2772=ORIENTED_EDGE('',*,*,#4936,.F.);
#2773=ORIENTED_EDGE('',*,*,#5267,.F.);
#2774=ORIENTED_EDGE('',*,*,#4180,.T.);
#2775=ORIENTED_EDGE('',*,*,#5266,.T.);
#2776=ORIENTED_EDGE('',*,*,#4935,.T.);
#2777=ORIENTED_EDGE('',*,*,#5268,.F.);
#2778=ORIENTED_EDGE('',*,*,#4181,.F.);
#2779=ORIENTED_EDGE('',*,*,#5267,.T.);
#2780=ORIENTED_EDGE('',*,*,#4934,.F.);
#2781=ORIENTED_EDGE('',*,*,#5269,.F.);
#2782=ORIENTED_EDGE('',*,*,#4182,.T.);
#2783=ORIENTED_EDGE('',*,*,#5268,.T.);
#2784=ORIENTED_EDGE('',*,*,#4933,.F.);
#2785=ORIENTED_EDGE('',*,*,#5270,.F.);
#2786=ORIENTED_EDGE('',*,*,#4183,.T.);
#2787=ORIENTED_EDGE('',*,*,#5269,.T.);
#2788=ORIENTED_EDGE('',*,*,#4932,.F.);
#2789=ORIENTED_EDGE('',*,*,#5271,.F.);
#2790=ORIENTED_EDGE('',*,*,#4184,.T.);
#2791=ORIENTED_EDGE('',*,*,#5270,.T.);
#2792=ORIENTED_EDGE('',*,*,#4938,.F.);
#2793=ORIENTED_EDGE('',*,*,#5272,.F.);
#2794=ORIENTED_EDGE('',*,*,#4170,.T.);
#2795=ORIENTED_EDGE('',*,*,#5273,.T.);
#2796=ORIENTED_EDGE('',*,*,#4945,.T.);
#2797=ORIENTED_EDGE('',*,*,#5274,.F.);
#2798=ORIENTED_EDGE('',*,*,#4171,.F.);
#2799=ORIENTED_EDGE('',*,*,#5272,.T.);
#2800=ORIENTED_EDGE('',*,*,#4944,.F.);
#2801=ORIENTED_EDGE('',*,*,#5275,.F.);
#2802=ORIENTED_EDGE('',*,*,#4172,.T.);
#2803=ORIENTED_EDGE('',*,*,#5274,.T.);
#2804=ORIENTED_EDGE('',*,*,#4943,.T.);
#2805=ORIENTED_EDGE('',*,*,#5276,.F.);
#2806=ORIENTED_EDGE('',*,*,#4173,.F.);
#2807=ORIENTED_EDGE('',*,*,#5275,.T.);
#2808=ORIENTED_EDGE('',*,*,#4942,.F.);
#2809=ORIENTED_EDGE('',*,*,#5277,.F.);
#2810=ORIENTED_EDGE('',*,*,#4174,.T.);
#2811=ORIENTED_EDGE('',*,*,#5276,.T.);
#2812=ORIENTED_EDGE('',*,*,#4941,.F.);
#2813=ORIENTED_EDGE('',*,*,#5278,.F.);
#2814=ORIENTED_EDGE('',*,*,#4175,.T.);
#2815=ORIENTED_EDGE('',*,*,#5277,.T.);
#2816=ORIENTED_EDGE('',*,*,#4940,.F.);
#2817=ORIENTED_EDGE('',*,*,#5279,.F.);
#2818=ORIENTED_EDGE('',*,*,#4176,.T.);
#2819=ORIENTED_EDGE('',*,*,#5278,.T.);
#2820=ORIENTED_EDGE('',*,*,#4946,.F.);
#2821=ORIENTED_EDGE('',*,*,#5280,.F.);
#2822=ORIENTED_EDGE('',*,*,#4162,.T.);
#2823=ORIENTED_EDGE('',*,*,#5281,.T.);
#2824=ORIENTED_EDGE('',*,*,#4953,.T.);
#2825=ORIENTED_EDGE('',*,*,#5282,.F.);
#2826=ORIENTED_EDGE('',*,*,#4163,.F.);
#2827=ORIENTED_EDGE('',*,*,#5280,.T.);
#2828=ORIENTED_EDGE('',*,*,#4952,.F.);
#2829=ORIENTED_EDGE('',*,*,#5283,.F.);
#2830=ORIENTED_EDGE('',*,*,#4164,.T.);
#2831=ORIENTED_EDGE('',*,*,#5282,.T.);
#2832=ORIENTED_EDGE('',*,*,#4951,.T.);
#2833=ORIENTED_EDGE('',*,*,#5284,.F.);
#2834=ORIENTED_EDGE('',*,*,#4165,.F.);
#2835=ORIENTED_EDGE('',*,*,#5283,.T.);
#2836=ORIENTED_EDGE('',*,*,#4950,.F.);
#2837=ORIENTED_EDGE('',*,*,#5285,.F.);
#2838=ORIENTED_EDGE('',*,*,#4166,.T.);
#2839=ORIENTED_EDGE('',*,*,#5284,.T.);
#2840=ORIENTED_EDGE('',*,*,#4949,.F.);
#2841=ORIENTED_EDGE('',*,*,#5286,.F.);
#2842=ORIENTED_EDGE('',*,*,#4167,.T.);
#2843=ORIENTED_EDGE('',*,*,#5285,.T.);
#2844=ORIENTED_EDGE('',*,*,#4948,.F.);
#2845=ORIENTED_EDGE('',*,*,#5287,.F.);
#2846=ORIENTED_EDGE('',*,*,#4168,.T.);
#2847=ORIENTED_EDGE('',*,*,#5286,.T.);
#2848=ORIENTED_EDGE('',*,*,#4630,.F.);
#2849=ORIENTED_EDGE('',*,*,#5288,.F.);
#2850=ORIENTED_EDGE('',*,*,#4424,.T.);
#2851=ORIENTED_EDGE('',*,*,#4551,.T.);
#2852=ORIENTED_EDGE('',*,*,#4629,.T.);
#2853=ORIENTED_EDGE('',*,*,#5289,.F.);
#2854=ORIENTED_EDGE('',*,*,#4425,.F.);
#2855=ORIENTED_EDGE('',*,*,#5288,.T.);
#2856=ORIENTED_EDGE('',*,*,#4628,.F.);
#2857=ORIENTED_EDGE('',*,*,#4552,.F.);
#2858=ORIENTED_EDGE('',*,*,#4418,.T.);
#2859=ORIENTED_EDGE('',*,*,#5289,.T.);
#2860=ORIENTED_EDGE('',*,*,#4954,.F.);
#2861=ORIENTED_EDGE('',*,*,#5290,.F.);
#2862=ORIENTED_EDGE('',*,*,#4154,.T.);
#2863=ORIENTED_EDGE('',*,*,#5291,.T.);
#2864=ORIENTED_EDGE('',*,*,#4961,.T.);
#2865=ORIENTED_EDGE('',*,*,#5292,.F.);
#2866=ORIENTED_EDGE('',*,*,#4155,.F.);
#2867=ORIENTED_EDGE('',*,*,#5290,.T.);
#2868=ORIENTED_EDGE('',*,*,#4960,.F.);
#2869=ORIENTED_EDGE('',*,*,#5293,.F.);
#2870=ORIENTED_EDGE('',*,*,#4156,.T.);
#2871=ORIENTED_EDGE('',*,*,#5292,.T.);
#2872=ORIENTED_EDGE('',*,*,#4959,.T.);
#2873=ORIENTED_EDGE('',*,*,#5294,.F.);
#2874=ORIENTED_EDGE('',*,*,#4157,.F.);
#2875=ORIENTED_EDGE('',*,*,#5293,.T.);
#2876=ORIENTED_EDGE('',*,*,#4958,.F.);
#2877=ORIENTED_EDGE('',*,*,#5295,.F.);
#2878=ORIENTED_EDGE('',*,*,#4158,.T.);
#2879=ORIENTED_EDGE('',*,*,#5294,.T.);
#2880=ORIENTED_EDGE('',*,*,#4957,.F.);
#2881=ORIENTED_EDGE('',*,*,#5296,.F.);
#2882=ORIENTED_EDGE('',*,*,#4159,.T.);
#2883=ORIENTED_EDGE('',*,*,#5295,.T.);
#2884=ORIENTED_EDGE('',*,*,#4956,.F.);
#2885=ORIENTED_EDGE('',*,*,#5297,.F.);
#2886=ORIENTED_EDGE('',*,*,#4160,.T.);
#2887=ORIENTED_EDGE('',*,*,#5296,.T.);
#2888=ORIENTED_EDGE('',*,*,#4751,.F.);
#2889=ORIENTED_EDGE('',*,*,#5298,.F.);
#2890=ORIENTED_EDGE('',*,*,#4093,.T.);
#2891=ORIENTED_EDGE('',*,*,#5079,.T.);
#2892=ORIENTED_EDGE('',*,*,#4750,.T.);
#2893=ORIENTED_EDGE('',*,*,#5299,.F.);
#2894=ORIENTED_EDGE('',*,*,#4094,.F.);
#2895=ORIENTED_EDGE('',*,*,#5298,.T.);
#2896=ORIENTED_EDGE('',*,*,#4749,.F.);
#2897=ORIENTED_EDGE('',*,*,#5071,.F.);
#2898=ORIENTED_EDGE('',*,*,#4095,.T.);
#2899=ORIENTED_EDGE('',*,*,#5299,.T.);
#2900=ORIENTED_EDGE('',*,*,#4735,.F.);
#2901=ORIENTED_EDGE('',*,*,#5300,.F.);
#2902=ORIENTED_EDGE('',*,*,#4069,.T.);
#2903=ORIENTED_EDGE('',*,*,#5069,.T.);
#2904=ORIENTED_EDGE('',*,*,#4734,.F.);
#2905=ORIENTED_EDGE('',*,*,#5301,.F.);
#2906=ORIENTED_EDGE('',*,*,#4070,.T.);
#2907=ORIENTED_EDGE('',*,*,#5300,.T.);
#2908=ORIENTED_EDGE('',*,*,#4733,.F.);
#2909=ORIENTED_EDGE('',*,*,#5077,.F.);
#2910=ORIENTED_EDGE('',*,*,#4071,.T.);
#2911=ORIENTED_EDGE('',*,*,#5301,.T.);
#2912=ORIENTED_EDGE('',*,*,#4962,.F.);
#2913=ORIENTED_EDGE('',*,*,#5302,.F.);
#2914=ORIENTED_EDGE('',*,*,#4146,.T.);
#2915=ORIENTED_EDGE('',*,*,#5303,.T.);
#2916=ORIENTED_EDGE('',*,*,#4969,.T.);
#2917=ORIENTED_EDGE('',*,*,#5304,.F.);
#2918=ORIENTED_EDGE('',*,*,#4147,.F.);
#2919=ORIENTED_EDGE('',*,*,#5302,.T.);
#2920=ORIENTED_EDGE('',*,*,#4968,.F.);
#2921=ORIENTED_EDGE('',*,*,#5305,.F.);
#2922=ORIENTED_EDGE('',*,*,#4148,.T.);
#2923=ORIENTED_EDGE('',*,*,#5304,.T.);
#2924=ORIENTED_EDGE('',*,*,#4967,.T.);
#2925=ORIENTED_EDGE('',*,*,#5306,.F.);
#2926=ORIENTED_EDGE('',*,*,#4149,.F.);
#2927=ORIENTED_EDGE('',*,*,#5305,.T.);
#2928=ORIENTED_EDGE('',*,*,#4966,.F.);
#2929=ORIENTED_EDGE('',*,*,#5307,.F.);
#2930=ORIENTED_EDGE('',*,*,#4150,.T.);
#2931=ORIENTED_EDGE('',*,*,#5306,.T.);
#2932=ORIENTED_EDGE('',*,*,#4965,.F.);
#2933=ORIENTED_EDGE('',*,*,#5308,.F.);
#2934=ORIENTED_EDGE('',*,*,#4151,.T.);
#2935=ORIENTED_EDGE('',*,*,#5307,.T.);
#2936=ORIENTED_EDGE('',*,*,#4964,.F.);
#2937=ORIENTED_EDGE('',*,*,#5309,.F.);
#2938=ORIENTED_EDGE('',*,*,#4152,.T.);
#2939=ORIENTED_EDGE('',*,*,#5308,.T.);
#2940=ORIENTED_EDGE('',*,*,#4970,.F.);
#2941=ORIENTED_EDGE('',*,*,#5310,.F.);
#2942=ORIENTED_EDGE('',*,*,#4138,.T.);
#2943=ORIENTED_EDGE('',*,*,#5311,.T.);
#2944=ORIENTED_EDGE('',*,*,#4977,.T.);
#2945=ORIENTED_EDGE('',*,*,#5312,.F.);
#2946=ORIENTED_EDGE('',*,*,#4139,.F.);
#2947=ORIENTED_EDGE('',*,*,#5310,.T.);
#2948=ORIENTED_EDGE('',*,*,#4976,.F.);
#2949=ORIENTED_EDGE('',*,*,#5313,.F.);
#2950=ORIENTED_EDGE('',*,*,#4140,.T.);
#2951=ORIENTED_EDGE('',*,*,#5312,.T.);
#2952=ORIENTED_EDGE('',*,*,#4975,.T.);
#2953=ORIENTED_EDGE('',*,*,#5314,.F.);
#2954=ORIENTED_EDGE('',*,*,#4141,.F.);
#2955=ORIENTED_EDGE('',*,*,#5313,.T.);
#2956=ORIENTED_EDGE('',*,*,#4974,.F.);
#2957=ORIENTED_EDGE('',*,*,#5315,.F.);
#2958=ORIENTED_EDGE('',*,*,#4142,.T.);
#2959=ORIENTED_EDGE('',*,*,#5314,.T.);
#2960=ORIENTED_EDGE('',*,*,#4973,.F.);
#2961=ORIENTED_EDGE('',*,*,#5316,.F.);
#2962=ORIENTED_EDGE('',*,*,#4143,.T.);
#2963=ORIENTED_EDGE('',*,*,#5315,.T.);
#2964=ORIENTED_EDGE('',*,*,#4972,.F.);
#2965=ORIENTED_EDGE('',*,*,#5317,.F.);
#2966=ORIENTED_EDGE('',*,*,#4144,.T.);
#2967=ORIENTED_EDGE('',*,*,#5316,.T.);
#2968=ORIENTED_EDGE('',*,*,#4978,.F.);
#2969=ORIENTED_EDGE('',*,*,#5318,.F.);
#2970=ORIENTED_EDGE('',*,*,#4130,.T.);
#2971=ORIENTED_EDGE('',*,*,#5319,.T.);
#2972=ORIENTED_EDGE('',*,*,#4985,.T.);
#2973=ORIENTED_EDGE('',*,*,#5320,.F.);
#2974=ORIENTED_EDGE('',*,*,#4131,.F.);
#2975=ORIENTED_EDGE('',*,*,#5318,.T.);
#2976=ORIENTED_EDGE('',*,*,#4984,.F.);
#2977=ORIENTED_EDGE('',*,*,#5321,.F.);
#2978=ORIENTED_EDGE('',*,*,#4132,.T.);
#2979=ORIENTED_EDGE('',*,*,#5320,.T.);
#2980=ORIENTED_EDGE('',*,*,#4983,.T.);
#2981=ORIENTED_EDGE('',*,*,#5322,.F.);
#2982=ORIENTED_EDGE('',*,*,#4133,.F.);
#2983=ORIENTED_EDGE('',*,*,#5321,.T.);
#2984=ORIENTED_EDGE('',*,*,#4982,.F.);
#2985=ORIENTED_EDGE('',*,*,#5323,.F.);
#2986=ORIENTED_EDGE('',*,*,#4134,.T.);
#2987=ORIENTED_EDGE('',*,*,#5322,.T.);
#2988=ORIENTED_EDGE('',*,*,#4981,.F.);
#2989=ORIENTED_EDGE('',*,*,#5324,.F.);
#2990=ORIENTED_EDGE('',*,*,#4135,.T.);
#2991=ORIENTED_EDGE('',*,*,#5323,.T.);
#2992=ORIENTED_EDGE('',*,*,#4980,.F.);
#2993=ORIENTED_EDGE('',*,*,#5325,.F.);
#2994=ORIENTED_EDGE('',*,*,#4136,.T.);
#2995=ORIENTED_EDGE('',*,*,#5324,.T.);
#2996=ORIENTED_EDGE('',*,*,#4986,.F.);
#2997=ORIENTED_EDGE('',*,*,#5326,.F.);
#2998=ORIENTED_EDGE('',*,*,#4122,.T.);
#2999=ORIENTED_EDGE('',*,*,#5327,.T.);
#3000=ORIENTED_EDGE('',*,*,#4993,.T.);
#3001=ORIENTED_EDGE('',*,*,#5328,.F.);
#3002=ORIENTED_EDGE('',*,*,#4123,.F.);
#3003=ORIENTED_EDGE('',*,*,#5326,.T.);
#3004=ORIENTED_EDGE('',*,*,#4992,.F.);
#3005=ORIENTED_EDGE('',*,*,#5329,.F.);
#3006=ORIENTED_EDGE('',*,*,#4124,.T.);
#3007=ORIENTED_EDGE('',*,*,#5328,.T.);
#3008=ORIENTED_EDGE('',*,*,#4991,.T.);
#3009=ORIENTED_EDGE('',*,*,#5330,.F.);
#3010=ORIENTED_EDGE('',*,*,#4125,.F.);
#3011=ORIENTED_EDGE('',*,*,#5329,.T.);
#3012=ORIENTED_EDGE('',*,*,#4990,.F.);
#3013=ORIENTED_EDGE('',*,*,#5331,.F.);
#3014=ORIENTED_EDGE('',*,*,#4126,.T.);
#3015=ORIENTED_EDGE('',*,*,#5330,.T.);
#3016=ORIENTED_EDGE('',*,*,#4989,.F.);
#3017=ORIENTED_EDGE('',*,*,#5332,.F.);
#3018=ORIENTED_EDGE('',*,*,#4127,.T.);
#3019=ORIENTED_EDGE('',*,*,#5331,.T.);
#3020=ORIENTED_EDGE('',*,*,#4988,.F.);
#3021=ORIENTED_EDGE('',*,*,#5333,.F.);
#3022=ORIENTED_EDGE('',*,*,#4128,.T.);
#3023=ORIENTED_EDGE('',*,*,#5332,.T.);
#3024=ORIENTED_EDGE('',*,*,#4994,.F.);
#3025=ORIENTED_EDGE('',*,*,#5334,.F.);
#3026=ORIENTED_EDGE('',*,*,#4114,.T.);
#3027=ORIENTED_EDGE('',*,*,#5335,.T.);
#3028=ORIENTED_EDGE('',*,*,#5001,.T.);
#3029=ORIENTED_EDGE('',*,*,#5336,.F.);
#3030=ORIENTED_EDGE('',*,*,#4115,.F.);
#3031=ORIENTED_EDGE('',*,*,#5334,.T.);
#3032=ORIENTED_EDGE('',*,*,#5000,.F.);
#3033=ORIENTED_EDGE('',*,*,#5337,.F.);
#3034=ORIENTED_EDGE('',*,*,#4116,.T.);
#3035=ORIENTED_EDGE('',*,*,#5336,.T.);
#3036=ORIENTED_EDGE('',*,*,#4999,.T.);
#3037=ORIENTED_EDGE('',*,*,#5338,.F.);
#3038=ORIENTED_EDGE('',*,*,#4117,.F.);
#3039=ORIENTED_EDGE('',*,*,#5337,.T.);
#3040=ORIENTED_EDGE('',*,*,#4998,.F.);
#3041=ORIENTED_EDGE('',*,*,#5339,.F.);
#3042=ORIENTED_EDGE('',*,*,#4118,.T.);
#3043=ORIENTED_EDGE('',*,*,#5338,.T.);
#3044=ORIENTED_EDGE('',*,*,#4997,.F.);
#3045=ORIENTED_EDGE('',*,*,#5340,.F.);
#3046=ORIENTED_EDGE('',*,*,#4119,.T.);
#3047=ORIENTED_EDGE('',*,*,#5339,.T.);
#3048=ORIENTED_EDGE('',*,*,#4996,.F.);
#3049=ORIENTED_EDGE('',*,*,#5341,.F.);
#3050=ORIENTED_EDGE('',*,*,#4120,.T.);
#3051=ORIENTED_EDGE('',*,*,#5340,.T.);
#3052=ORIENTED_EDGE('',*,*,#4755,.F.);
#3053=ORIENTED_EDGE('',*,*,#5083,.F.);
#3054=ORIENTED_EDGE('',*,*,#4361,.T.);
#3055=ORIENTED_EDGE('',*,*,#5089,.T.);
#3056=ORIENTED_EDGE('',*,*,#4763,.F.);
#3057=ORIENTED_EDGE('',*,*,#5091,.F.);
#3058=ORIENTED_EDGE('',*,*,#4353,.T.);
#3059=ORIENTED_EDGE('',*,*,#5097,.T.);
#3060=ORIENTED_EDGE('',*,*,#4771,.F.);
#3061=ORIENTED_EDGE('',*,*,#5099,.F.);
#3062=ORIENTED_EDGE('',*,*,#4345,.T.);
#3063=ORIENTED_EDGE('',*,*,#5105,.T.);
#3064=ORIENTED_EDGE('',*,*,#4779,.F.);
#3065=ORIENTED_EDGE('',*,*,#5107,.F.);
#3066=ORIENTED_EDGE('',*,*,#4337,.T.);
#3067=ORIENTED_EDGE('',*,*,#5113,.T.);
#3068=ORIENTED_EDGE('',*,*,#4787,.F.);
#3069=ORIENTED_EDGE('',*,*,#5115,.F.);
#3070=ORIENTED_EDGE('',*,*,#4329,.T.);
#3071=ORIENTED_EDGE('',*,*,#5121,.T.);
#3072=ORIENTED_EDGE('',*,*,#4795,.F.);
#3073=ORIENTED_EDGE('',*,*,#5123,.F.);
#3074=ORIENTED_EDGE('',*,*,#4321,.T.);
#3075=ORIENTED_EDGE('',*,*,#5129,.T.);
#3076=ORIENTED_EDGE('',*,*,#4803,.F.);
#3077=ORIENTED_EDGE('',*,*,#5131,.F.);
#3078=ORIENTED_EDGE('',*,*,#4313,.T.);
#3079=ORIENTED_EDGE('',*,*,#5137,.T.);
#3080=ORIENTED_EDGE('',*,*,#4811,.F.);
#3081=ORIENTED_EDGE('',*,*,#5139,.F.);
#3082=ORIENTED_EDGE('',*,*,#4305,.T.);
#3083=ORIENTED_EDGE('',*,*,#5145,.T.);
#3084=ORIENTED_EDGE('',*,*,#4819,.F.);
#3085=ORIENTED_EDGE('',*,*,#5147,.F.);
#3086=ORIENTED_EDGE('',*,*,#4297,.T.);
#3087=ORIENTED_EDGE('',*,*,#5153,.T.);
#3088=ORIENTED_EDGE('',*,*,#4827,.F.);
#3089=ORIENTED_EDGE('',*,*,#5155,.F.);
#3090=ORIENTED_EDGE('',*,*,#4289,.T.);
#3091=ORIENTED_EDGE('',*,*,#5161,.T.);
#3092=ORIENTED_EDGE('',*,*,#4835,.F.);
#3093=ORIENTED_EDGE('',*,*,#5163,.F.);
#3094=ORIENTED_EDGE('',*,*,#4281,.T.);
#3095=ORIENTED_EDGE('',*,*,#5169,.T.);
#3096=ORIENTED_EDGE('',*,*,#4843,.F.);
#3097=ORIENTED_EDGE('',*,*,#5171,.F.);
#3098=ORIENTED_EDGE('',*,*,#4273,.T.);
#3099=ORIENTED_EDGE('',*,*,#5177,.T.);
#3100=ORIENTED_EDGE('',*,*,#4851,.F.);
#3101=ORIENTED_EDGE('',*,*,#5179,.F.);
#3102=ORIENTED_EDGE('',*,*,#4265,.T.);
#3103=ORIENTED_EDGE('',*,*,#5185,.T.);
#3104=ORIENTED_EDGE('',*,*,#4859,.F.);
#3105=ORIENTED_EDGE('',*,*,#5187,.F.);
#3106=ORIENTED_EDGE('',*,*,#4257,.T.);
#3107=ORIENTED_EDGE('',*,*,#5193,.T.);
#3108=ORIENTED_EDGE('',*,*,#4867,.F.);
#3109=ORIENTED_EDGE('',*,*,#5199,.F.);
#3110=ORIENTED_EDGE('',*,*,#4249,.T.);
#3111=ORIENTED_EDGE('',*,*,#5205,.T.);
#3112=ORIENTED_EDGE('',*,*,#4875,.F.);
#3113=ORIENTED_EDGE('',*,*,#5207,.F.);
#3114=ORIENTED_EDGE('',*,*,#4241,.T.);
#3115=ORIENTED_EDGE('',*,*,#5213,.T.);
#3116=ORIENTED_EDGE('',*,*,#4883,.F.);
#3117=ORIENTED_EDGE('',*,*,#5215,.F.);
#3118=ORIENTED_EDGE('',*,*,#4233,.T.);
#3119=ORIENTED_EDGE('',*,*,#5221,.T.);
#3120=ORIENTED_EDGE('',*,*,#4891,.F.);
#3121=ORIENTED_EDGE('',*,*,#5223,.F.);
#3122=ORIENTED_EDGE('',*,*,#4225,.T.);
#3123=ORIENTED_EDGE('',*,*,#5229,.T.);
#3124=ORIENTED_EDGE('',*,*,#4899,.F.);
#3125=ORIENTED_EDGE('',*,*,#5233,.F.);
#3126=ORIENTED_EDGE('',*,*,#4217,.T.);
#3127=ORIENTED_EDGE('',*,*,#5239,.T.);
#3128=ORIENTED_EDGE('',*,*,#4907,.F.);
#3129=ORIENTED_EDGE('',*,*,#5241,.F.);
#3130=ORIENTED_EDGE('',*,*,#4209,.T.);
#3131=ORIENTED_EDGE('',*,*,#5247,.T.);
#3132=ORIENTED_EDGE('',*,*,#4915,.F.);
#3133=ORIENTED_EDGE('',*,*,#5249,.F.);
#3134=ORIENTED_EDGE('',*,*,#4201,.T.);
#3135=ORIENTED_EDGE('',*,*,#5255,.T.);
#3136=ORIENTED_EDGE('',*,*,#4923,.F.);
#3137=ORIENTED_EDGE('',*,*,#5257,.F.);
#3138=ORIENTED_EDGE('',*,*,#4193,.T.);
#3139=ORIENTED_EDGE('',*,*,#5263,.T.);
#3140=ORIENTED_EDGE('',*,*,#4931,.F.);
#3141=ORIENTED_EDGE('',*,*,#5265,.F.);
#3142=ORIENTED_EDGE('',*,*,#4185,.T.);
#3143=ORIENTED_EDGE('',*,*,#5271,.T.);
#3144=ORIENTED_EDGE('',*,*,#4939,.F.);
#3145=ORIENTED_EDGE('',*,*,#5273,.F.);
#3146=ORIENTED_EDGE('',*,*,#4177,.T.);
#3147=ORIENTED_EDGE('',*,*,#5279,.T.);
#3148=ORIENTED_EDGE('',*,*,#4947,.F.);
#3149=ORIENTED_EDGE('',*,*,#5281,.F.);
#3150=ORIENTED_EDGE('',*,*,#4169,.T.);
#3151=ORIENTED_EDGE('',*,*,#5287,.T.);
#3152=ORIENTED_EDGE('',*,*,#4955,.F.);
#3153=ORIENTED_EDGE('',*,*,#5291,.F.);
#3154=ORIENTED_EDGE('',*,*,#4161,.T.);
#3155=ORIENTED_EDGE('',*,*,#5297,.T.);
#3156=ORIENTED_EDGE('',*,*,#4963,.F.);
#3157=ORIENTED_EDGE('',*,*,#5303,.F.);
#3158=ORIENTED_EDGE('',*,*,#4153,.T.);
#3159=ORIENTED_EDGE('',*,*,#5309,.T.);
#3160=ORIENTED_EDGE('',*,*,#4971,.F.);
#3161=ORIENTED_EDGE('',*,*,#5311,.F.);
#3162=ORIENTED_EDGE('',*,*,#4145,.T.);
#3163=ORIENTED_EDGE('',*,*,#5317,.T.);
#3164=ORIENTED_EDGE('',*,*,#4979,.F.);
#3165=ORIENTED_EDGE('',*,*,#5319,.F.);
#3166=ORIENTED_EDGE('',*,*,#4137,.T.);
#3167=ORIENTED_EDGE('',*,*,#5325,.T.);
#3168=ORIENTED_EDGE('',*,*,#4987,.F.);
#3169=ORIENTED_EDGE('',*,*,#5327,.F.);
#3170=ORIENTED_EDGE('',*,*,#4129,.T.);
#3171=ORIENTED_EDGE('',*,*,#5333,.T.);
#3172=ORIENTED_EDGE('',*,*,#4995,.F.);
#3173=ORIENTED_EDGE('',*,*,#5335,.F.);
#3174=ORIENTED_EDGE('',*,*,#4121,.T.);
#3175=ORIENTED_EDGE('',*,*,#5341,.T.);
#3176=ORIENTED_EDGE('',*,*,#4730,.F.);
#3177=ORIENTED_EDGE('',*,*,#5342,.T.);
#3178=ORIENTED_EDGE('',*,*,#5343,.T.);
#3179=ORIENTED_EDGE('',*,*,#5344,.T.);
#3180=ORIENTED_EDGE('',*,*,#4074,.T.);
#3181=ORIENTED_EDGE('',*,*,#5345,.F.);
#3182=ORIENTED_EDGE('',*,*,#5344,.F.);
#3183=ORIENTED_EDGE('',*,*,#5346,.T.);
#3184=ORIENTED_EDGE('',*,*,#5347,.T.);
#3185=ORIENTED_EDGE('',*,*,#4075,.T.);
#3186=ORIENTED_EDGE('',*,*,#5347,.F.);
#3187=ORIENTED_EDGE('',*,*,#5348,.T.);
#3188=ORIENTED_EDGE('',*,*,#5349,.T.);
#3189=ORIENTED_EDGE('',*,*,#4076,.T.);
#3190=ORIENTED_EDGE('',*,*,#5350,.F.);
#3191=ORIENTED_EDGE('',*,*,#5351,.T.);
#3192=ORIENTED_EDGE('',*,*,#4077,.F.);
#3193=ORIENTED_EDGE('',*,*,#5349,.F.);
#3194=ORIENTED_EDGE('',*,*,#5352,.F.);
#3195=ORIENTED_EDGE('',*,*,#5353,.T.);
#3196=ORIENTED_EDGE('',*,*,#4078,.F.);
#3197=ORIENTED_EDGE('',*,*,#5351,.F.);
#3198=ORIENTED_EDGE('',*,*,#5353,.F.);
#3199=ORIENTED_EDGE('',*,*,#5354,.T.);
#3200=ORIENTED_EDGE('',*,*,#5355,.T.);
#3201=ORIENTED_EDGE('',*,*,#4079,.T.);
#3202=ORIENTED_EDGE('',*,*,#5355,.F.);
#3203=ORIENTED_EDGE('',*,*,#5356,.T.);
#3204=ORIENTED_EDGE('',*,*,#5357,.T.);
#3205=ORIENTED_EDGE('',*,*,#4080,.T.);
#3206=ORIENTED_EDGE('',*,*,#5357,.F.);
#3207=ORIENTED_EDGE('',*,*,#5358,.T.);
#3208=ORIENTED_EDGE('',*,*,#5359,.T.);
#3209=ORIENTED_EDGE('',*,*,#4081,.T.);
#3210=ORIENTED_EDGE('',*,*,#5359,.F.);
#3211=ORIENTED_EDGE('',*,*,#5360,.T.);
#3212=ORIENTED_EDGE('',*,*,#5361,.T.);
#3213=ORIENTED_EDGE('',*,*,#4082,.T.);
#3214=ORIENTED_EDGE('',*,*,#5362,.F.);
#3215=ORIENTED_EDGE('',*,*,#5363,.T.);
#3216=ORIENTED_EDGE('',*,*,#4083,.F.);
#3217=ORIENTED_EDGE('',*,*,#5361,.F.);
#3218=ORIENTED_EDGE('',*,*,#5363,.F.);
#3219=ORIENTED_EDGE('',*,*,#5364,.T.);
#3220=ORIENTED_EDGE('',*,*,#5365,.T.);
#3221=ORIENTED_EDGE('',*,*,#4084,.T.);
#3222=ORIENTED_EDGE('',*,*,#5365,.F.);
#3223=ORIENTED_EDGE('',*,*,#5366,.T.);
#3224=ORIENTED_EDGE('',*,*,#5367,.T.);
#3225=ORIENTED_EDGE('',*,*,#4085,.T.);
#3226=ORIENTED_EDGE('',*,*,#4726,.T.);
#3227=ORIENTED_EDGE('',*,*,#5368,.T.);
#3228=ORIENTED_EDGE('',*,*,#5369,.F.);
#3229=ORIENTED_EDGE('',*,*,#5370,.T.);
#3230=ORIENTED_EDGE('',*,*,#4086,.F.);
#3231=ORIENTED_EDGE('',*,*,#5367,.F.);
#3232=ORIENTED_EDGE('',*,*,#5371,.F.);
#3233=ORIENTED_EDGE('',*,*,#5372,.F.);
#3234=ORIENTED_EDGE('',*,*,#5370,.F.);
#3235=ORIENTED_EDGE('',*,*,#5373,.T.);
#3236=ORIENTED_EDGE('',*,*,#5374,.T.);
#3237=ORIENTED_EDGE('',*,*,#4087,.T.);
#3238=ORIENTED_EDGE('',*,*,#5375,.F.);
#3239=ORIENTED_EDGE('',*,*,#5376,.T.);
#3240=ORIENTED_EDGE('',*,*,#4088,.F.);
#3241=ORIENTED_EDGE('',*,*,#5374,.F.);
#3242=ORIENTED_EDGE('',*,*,#5376,.F.);
#3243=ORIENTED_EDGE('',*,*,#5377,.T.);
#3244=ORIENTED_EDGE('',*,*,#5378,.T.);
#3245=ORIENTED_EDGE('',*,*,#4089,.T.);
#3246=ORIENTED_EDGE('',*,*,#5379,.T.);
#3247=ORIENTED_EDGE('',*,*,#4090,.T.);
#3248=ORIENTED_EDGE('',*,*,#5378,.F.);
#3249=ORIENTED_EDGE('',*,*,#5380,.T.);
#3250=ORIENTED_EDGE('',*,*,#5381,.F.);
#3251=ORIENTED_EDGE('',*,*,#4722,.F.);
#3252=ORIENTED_EDGE('',*,*,#4091,.F.);
#3253=ORIENTED_EDGE('',*,*,#5379,.F.);
#3254=ORIENTED_EDGE('',*,*,#4753,.T.);
#3255=ORIENTED_EDGE('',*,*,#5078,.F.);
#3256=ORIENTED_EDGE('',*,*,#4731,.T.);
#3257=ORIENTED_EDGE('',*,*,#5345,.T.);
#3258=ORIENTED_EDGE('',*,*,#4073,.F.);
#3259=ORIENTED_EDGE('',*,*,#5076,.F.);
#3260=ORIENTED_EDGE('',*,*,#5068,.T.);
#3261=ORIENTED_EDGE('',*,*,#4067,.F.);
#3262=ORIENTED_EDGE('',*,*,#5382,.F.);
#3263=ORIENTED_EDGE('',*,*,#4737,.T.);
#3264=ORIENTED_EDGE('',*,*,#5382,.T.);
#3265=ORIENTED_EDGE('',*,*,#4066,.F.);
#3266=ORIENTED_EDGE('',*,*,#5383,.F.);
#3267=ORIENTED_EDGE('',*,*,#5384,.F.);
#3268=ORIENTED_EDGE('',*,*,#5385,.F.);
#3269=ORIENTED_EDGE('',*,*,#4738,.T.);
#3270=ORIENTED_EDGE('',*,*,#5386,.F.);
#3271=ORIENTED_EDGE('',*,*,#5383,.T.);
#3272=ORIENTED_EDGE('',*,*,#4113,.F.);
#3273=ORIENTED_EDGE('',*,*,#5387,.F.);
#3274=ORIENTED_EDGE('',*,*,#5388,.F.);
#3275=ORIENTED_EDGE('',*,*,#5387,.T.);
#3276=ORIENTED_EDGE('',*,*,#4112,.F.);
#3277=ORIENTED_EDGE('',*,*,#5389,.F.);
#3278=ORIENTED_EDGE('',*,*,#5390,.F.);
#3279=ORIENTED_EDGE('',*,*,#5391,.T.);
#3280=ORIENTED_EDGE('',*,*,#5389,.T.);
#3281=ORIENTED_EDGE('',*,*,#4111,.T.);
#3282=ORIENTED_EDGE('',*,*,#5392,.F.);
#3283=ORIENTED_EDGE('',*,*,#5393,.T.);
#3284=ORIENTED_EDGE('',*,*,#5390,.T.);
#3285=ORIENTED_EDGE('',*,*,#4110,.T.);
#3286=ORIENTED_EDGE('',*,*,#5394,.F.);
#3287=ORIENTED_EDGE('',*,*,#5392,.T.);
#3288=ORIENTED_EDGE('',*,*,#4109,.F.);
#3289=ORIENTED_EDGE('',*,*,#5395,.F.);
#3290=ORIENTED_EDGE('',*,*,#5396,.F.);
#3291=ORIENTED_EDGE('',*,*,#5395,.T.);
#3292=ORIENTED_EDGE('',*,*,#4108,.F.);
#3293=ORIENTED_EDGE('',*,*,#5397,.F.);
#3294=ORIENTED_EDGE('',*,*,#5398,.F.);
#3295=ORIENTED_EDGE('',*,*,#5397,.T.);
#3296=ORIENTED_EDGE('',*,*,#4107,.F.);
#3297=ORIENTED_EDGE('',*,*,#5399,.F.);
#3298=ORIENTED_EDGE('',*,*,#5400,.F.);
#3299=ORIENTED_EDGE('',*,*,#5399,.T.);
#3300=ORIENTED_EDGE('',*,*,#4106,.F.);
#3301=ORIENTED_EDGE('',*,*,#5401,.F.);
#3302=ORIENTED_EDGE('',*,*,#5402,.F.);
#3303=ORIENTED_EDGE('',*,*,#5403,.T.);
#3304=ORIENTED_EDGE('',*,*,#5401,.T.);
#3305=ORIENTED_EDGE('',*,*,#4105,.T.);
#3306=ORIENTED_EDGE('',*,*,#5404,.F.);
#3307=ORIENTED_EDGE('',*,*,#5402,.T.);
#3308=ORIENTED_EDGE('',*,*,#4104,.F.);
#3309=ORIENTED_EDGE('',*,*,#5405,.F.);
#3310=ORIENTED_EDGE('',*,*,#5406,.F.);
#3311=ORIENTED_EDGE('',*,*,#5405,.T.);
#3312=ORIENTED_EDGE('',*,*,#4103,.F.);
#3313=ORIENTED_EDGE('',*,*,#5407,.F.);
#3314=ORIENTED_EDGE('',*,*,#4742,.F.);
#3315=ORIENTED_EDGE('',*,*,#5408,.T.);
#3316=ORIENTED_EDGE('',*,*,#5409,.T.);
#3317=ORIENTED_EDGE('',*,*,#5407,.T.);
#3318=ORIENTED_EDGE('',*,*,#4102,.T.);
#3319=ORIENTED_EDGE('',*,*,#5410,.F.);
#3320=ORIENTED_EDGE('',*,*,#5411,.T.);
#3321=ORIENTED_EDGE('',*,*,#5412,.F.);
#3322=ORIENTED_EDGE('',*,*,#5413,.F.);
#3323=ORIENTED_EDGE('',*,*,#5410,.T.);
#3324=ORIENTED_EDGE('',*,*,#4101,.F.);
#3325=ORIENTED_EDGE('',*,*,#5414,.F.);
#3326=ORIENTED_EDGE('',*,*,#5415,.F.);
#3327=ORIENTED_EDGE('',*,*,#5416,.T.);
#3328=ORIENTED_EDGE('',*,*,#5414,.T.);
#3329=ORIENTED_EDGE('',*,*,#4100,.T.);
#3330=ORIENTED_EDGE('',*,*,#5417,.F.);
#3331=ORIENTED_EDGE('',*,*,#5415,.T.);
#3332=ORIENTED_EDGE('',*,*,#4099,.F.);
#3333=ORIENTED_EDGE('',*,*,#5418,.F.);
#3334=ORIENTED_EDGE('',*,*,#4746,.T.);
#3335=ORIENTED_EDGE('',*,*,#5419,.T.);
#3336=ORIENTED_EDGE('',*,*,#5420,.F.);
#3337=ORIENTED_EDGE('',*,*,#5418,.T.);
#3338=ORIENTED_EDGE('',*,*,#4098,.F.);
#3339=ORIENTED_EDGE('',*,*,#5421,.F.);
#3340=ORIENTED_EDGE('',*,*,#5070,.T.);
#3341=ORIENTED_EDGE('',*,*,#4747,.T.);
#3342=ORIENTED_EDGE('',*,*,#5421,.T.);
#3343=ORIENTED_EDGE('',*,*,#4097,.F.);
#3344=ORIENTED_EDGE('',*,*,#4710,.F.);
#3345=ORIENTED_EDGE('',*,*,#5422,.T.);
#3346=ORIENTED_EDGE('',*,*,#5423,.T.);
#3347=ORIENTED_EDGE('',*,*,#5424,.T.);
#3348=ORIENTED_EDGE('',*,*,#4026,.T.);
#3349=ORIENTED_EDGE('',*,*,#5425,.F.);
#3350=ORIENTED_EDGE('',*,*,#5424,.F.);
#3351=ORIENTED_EDGE('',*,*,#5426,.T.);
#3352=ORIENTED_EDGE('',*,*,#5427,.T.);
#3353=ORIENTED_EDGE('',*,*,#4027,.T.);
#3354=ORIENTED_EDGE('',*,*,#5427,.F.);
#3355=ORIENTED_EDGE('',*,*,#5428,.T.);
#3356=ORIENTED_EDGE('',*,*,#5429,.T.);
#3357=ORIENTED_EDGE('',*,*,#4028,.T.);
#3358=ORIENTED_EDGE('',*,*,#5430,.F.);
#3359=ORIENTED_EDGE('',*,*,#5431,.T.);
#3360=ORIENTED_EDGE('',*,*,#4029,.F.);
#3361=ORIENTED_EDGE('',*,*,#5429,.F.);
#3362=ORIENTED_EDGE('',*,*,#5432,.F.);
#3363=ORIENTED_EDGE('',*,*,#5433,.T.);
#3364=ORIENTED_EDGE('',*,*,#4030,.F.);
#3365=ORIENTED_EDGE('',*,*,#5431,.F.);
#3366=ORIENTED_EDGE('',*,*,#5433,.F.);
#3367=ORIENTED_EDGE('',*,*,#5434,.T.);
#3368=ORIENTED_EDGE('',*,*,#5435,.T.);
#3369=ORIENTED_EDGE('',*,*,#4031,.T.);
#3370=ORIENTED_EDGE('',*,*,#5435,.F.);
#3371=ORIENTED_EDGE('',*,*,#5436,.T.);
#3372=ORIENTED_EDGE('',*,*,#5437,.T.);
#3373=ORIENTED_EDGE('',*,*,#4032,.T.);
#3374=ORIENTED_EDGE('',*,*,#5437,.F.);
#3375=ORIENTED_EDGE('',*,*,#5438,.T.);
#3376=ORIENTED_EDGE('',*,*,#5439,.T.);
#3377=ORIENTED_EDGE('',*,*,#4033,.T.);
#3378=ORIENTED_EDGE('',*,*,#5439,.F.);
#3379=ORIENTED_EDGE('',*,*,#5440,.T.);
#3380=ORIENTED_EDGE('',*,*,#5441,.T.);
#3381=ORIENTED_EDGE('',*,*,#4034,.T.);
#3382=ORIENTED_EDGE('',*,*,#5442,.F.);
#3383=ORIENTED_EDGE('',*,*,#5443,.T.);
#3384=ORIENTED_EDGE('',*,*,#4035,.F.);
#3385=ORIENTED_EDGE('',*,*,#5441,.F.);
#3386=ORIENTED_EDGE('',*,*,#5443,.F.);
#3387=ORIENTED_EDGE('',*,*,#5444,.T.);
#3388=ORIENTED_EDGE('',*,*,#5445,.T.);
#3389=ORIENTED_EDGE('',*,*,#4036,.T.);
#3390=ORIENTED_EDGE('',*,*,#5445,.F.);
#3391=ORIENTED_EDGE('',*,*,#5446,.T.);
#3392=ORIENTED_EDGE('',*,*,#5447,.T.);
#3393=ORIENTED_EDGE('',*,*,#4037,.T.);
#3394=ORIENTED_EDGE('',*,*,#4706,.T.);
#3395=ORIENTED_EDGE('',*,*,#5448,.T.);
#3396=ORIENTED_EDGE('',*,*,#5449,.F.);
#3397=ORIENTED_EDGE('',*,*,#5450,.T.);
#3398=ORIENTED_EDGE('',*,*,#4038,.F.);
#3399=ORIENTED_EDGE('',*,*,#5447,.F.);
#3400=ORIENTED_EDGE('',*,*,#5451,.F.);
#3401=ORIENTED_EDGE('',*,*,#5452,.F.);
#3402=ORIENTED_EDGE('',*,*,#5450,.F.);
#3403=ORIENTED_EDGE('',*,*,#5453,.T.);
#3404=ORIENTED_EDGE('',*,*,#5454,.T.);
#3405=ORIENTED_EDGE('',*,*,#4039,.T.);
#3406=ORIENTED_EDGE('',*,*,#5455,.F.);
#3407=ORIENTED_EDGE('',*,*,#5456,.T.);
#3408=ORIENTED_EDGE('',*,*,#4040,.F.);
#3409=ORIENTED_EDGE('',*,*,#5454,.F.);
#3410=ORIENTED_EDGE('',*,*,#5456,.F.);
#3411=ORIENTED_EDGE('',*,*,#5457,.T.);
#3412=ORIENTED_EDGE('',*,*,#5458,.T.);
#3413=ORIENTED_EDGE('',*,*,#4041,.T.);
#3414=ORIENTED_EDGE('',*,*,#5459,.T.);
#3415=ORIENTED_EDGE('',*,*,#4042,.T.);
#3416=ORIENTED_EDGE('',*,*,#5458,.F.);
#3417=ORIENTED_EDGE('',*,*,#5460,.T.);
#3418=ORIENTED_EDGE('',*,*,#5461,.F.);
#3419=ORIENTED_EDGE('',*,*,#4702,.F.);
#3420=ORIENTED_EDGE('',*,*,#4043,.F.);
#3421=ORIENTED_EDGE('',*,*,#5459,.F.);
#3422=ORIENTED_EDGE('',*,*,#4701,.T.);
#3423=ORIENTED_EDGE('',*,*,#5074,.F.);
#3424=ORIENTED_EDGE('',*,*,#4711,.T.);
#3425=ORIENTED_EDGE('',*,*,#5425,.T.);
#3426=ORIENTED_EDGE('',*,*,#4025,.F.);
#3427=ORIENTED_EDGE('',*,*,#5072,.F.);
#3428=ORIENTED_EDGE('',*,*,#5064,.T.);
#3429=ORIENTED_EDGE('',*,*,#4019,.F.);
#3430=ORIENTED_EDGE('',*,*,#5462,.F.);
#3431=ORIENTED_EDGE('',*,*,#4717,.T.);
#3432=ORIENTED_EDGE('',*,*,#5462,.T.);
#3433=ORIENTED_EDGE('',*,*,#4018,.F.);
#3434=ORIENTED_EDGE('',*,*,#5463,.F.);
#3435=ORIENTED_EDGE('',*,*,#5464,.F.);
#3436=ORIENTED_EDGE('',*,*,#5465,.F.);
#3437=ORIENTED_EDGE('',*,*,#4718,.T.);
#3438=ORIENTED_EDGE('',*,*,#5466,.F.);
#3439=ORIENTED_EDGE('',*,*,#5463,.T.);
#3440=ORIENTED_EDGE('',*,*,#4065,.F.);
#3441=ORIENTED_EDGE('',*,*,#5467,.F.);
#3442=ORIENTED_EDGE('',*,*,#5468,.F.);
#3443=ORIENTED_EDGE('',*,*,#5467,.T.);
#3444=ORIENTED_EDGE('',*,*,#4064,.F.);
#3445=ORIENTED_EDGE('',*,*,#5469,.F.);
#3446=ORIENTED_EDGE('',*,*,#5470,.F.);
#3447=ORIENTED_EDGE('',*,*,#5471,.T.);
#3448=ORIENTED_EDGE('',*,*,#5469,.T.);
#3449=ORIENTED_EDGE('',*,*,#4063,.T.);
#3450=ORIENTED_EDGE('',*,*,#5472,.F.);
#3451=ORIENTED_EDGE('',*,*,#5473,.T.);
#3452=ORIENTED_EDGE('',*,*,#5470,.T.);
#3453=ORIENTED_EDGE('',*,*,#4062,.T.);
#3454=ORIENTED_EDGE('',*,*,#5474,.F.);
#3455=ORIENTED_EDGE('',*,*,#5472,.T.);
#3456=ORIENTED_EDGE('',*,*,#4061,.F.);
#3457=ORIENTED_EDGE('',*,*,#5475,.F.);
#3458=ORIENTED_EDGE('',*,*,#5476,.F.);
#3459=ORIENTED_EDGE('',*,*,#5475,.T.);
#3460=ORIENTED_EDGE('',*,*,#4060,.F.);
#3461=ORIENTED_EDGE('',*,*,#5477,.F.);
#3462=ORIENTED_EDGE('',*,*,#5478,.F.);
#3463=ORIENTED_EDGE('',*,*,#5477,.T.);
#3464=ORIENTED_EDGE('',*,*,#4059,.F.);
#3465=ORIENTED_EDGE('',*,*,#5479,.F.);
#3466=ORIENTED_EDGE('',*,*,#5480,.F.);
#3467=ORIENTED_EDGE('',*,*,#5479,.T.);
#3468=ORIENTED_EDGE('',*,*,#4058,.F.);
#3469=ORIENTED_EDGE('',*,*,#5481,.F.);
#3470=ORIENTED_EDGE('',*,*,#5482,.F.);
#3471=ORIENTED_EDGE('',*,*,#5483,.T.);
#3472=ORIENTED_EDGE('',*,*,#5481,.T.);
#3473=ORIENTED_EDGE('',*,*,#4057,.T.);
#3474=ORIENTED_EDGE('',*,*,#5484,.F.);
#3475=ORIENTED_EDGE('',*,*,#5482,.T.);
#3476=ORIENTED_EDGE('',*,*,#4056,.F.);
#3477=ORIENTED_EDGE('',*,*,#5485,.F.);
#3478=ORIENTED_EDGE('',*,*,#5486,.F.);
#3479=ORIENTED_EDGE('',*,*,#5485,.T.);
#3480=ORIENTED_EDGE('',*,*,#4055,.F.);
#3481=ORIENTED_EDGE('',*,*,#5487,.F.);
#3482=ORIENTED_EDGE('',*,*,#4690,.F.);
#3483=ORIENTED_EDGE('',*,*,#5488,.T.);
#3484=ORIENTED_EDGE('',*,*,#5489,.T.);
#3485=ORIENTED_EDGE('',*,*,#5487,.T.);
#3486=ORIENTED_EDGE('',*,*,#4054,.T.);
#3487=ORIENTED_EDGE('',*,*,#5490,.F.);
#3488=ORIENTED_EDGE('',*,*,#5491,.T.);
#3489=ORIENTED_EDGE('',*,*,#5492,.F.);
#3490=ORIENTED_EDGE('',*,*,#5493,.F.);
#3491=ORIENTED_EDGE('',*,*,#5490,.T.);
#3492=ORIENTED_EDGE('',*,*,#4053,.F.);
#3493=ORIENTED_EDGE('',*,*,#5494,.F.);
#3494=ORIENTED_EDGE('',*,*,#5495,.F.);
#3495=ORIENTED_EDGE('',*,*,#5496,.T.);
#3496=ORIENTED_EDGE('',*,*,#5494,.T.);
#3497=ORIENTED_EDGE('',*,*,#4052,.T.);
#3498=ORIENTED_EDGE('',*,*,#5497,.F.);
#3499=ORIENTED_EDGE('',*,*,#5495,.T.);
#3500=ORIENTED_EDGE('',*,*,#4051,.F.);
#3501=ORIENTED_EDGE('',*,*,#5498,.F.);
#3502=ORIENTED_EDGE('',*,*,#4694,.T.);
#3503=ORIENTED_EDGE('',*,*,#5499,.T.);
#3504=ORIENTED_EDGE('',*,*,#5500,.F.);
#3505=ORIENTED_EDGE('',*,*,#5498,.T.);
#3506=ORIENTED_EDGE('',*,*,#4050,.F.);
#3507=ORIENTED_EDGE('',*,*,#5501,.F.);
#3508=ORIENTED_EDGE('',*,*,#5066,.T.);
#3509=ORIENTED_EDGE('',*,*,#4695,.T.);
#3510=ORIENTED_EDGE('',*,*,#5501,.T.);
#3511=ORIENTED_EDGE('',*,*,#4049,.F.);
#3512=ORIENTED_EDGE('',*,*,#4562,.T.);
#3513=ORIENTED_EDGE('',*,*,#4477,.F.);
#3514=ORIENTED_EDGE('',*,*,#5502,.F.);
#3515=ORIENTED_EDGE('',*,*,#5503,.F.);
#3516=ORIENTED_EDGE('',*,*,#5504,.T.);
#3517=ORIENTED_EDGE('',*,*,#4600,.T.);
#3518=ORIENTED_EDGE('',*,*,#5505,.F.);
#3519=ORIENTED_EDGE('',*,*,#5502,.T.);
#3520=ORIENTED_EDGE('',*,*,#4476,.F.);
#3521=ORIENTED_EDGE('',*,*,#5506,.F.);
#3522=ORIENTED_EDGE('',*,*,#5507,.F.);
#3523=ORIENTED_EDGE('',*,*,#5506,.T.);
#3524=ORIENTED_EDGE('',*,*,#4475,.F.);
#3525=ORIENTED_EDGE('',*,*,#5508,.F.);
#3526=ORIENTED_EDGE('',*,*,#5509,.F.);
#3527=ORIENTED_EDGE('',*,*,#5510,.T.);
#3528=ORIENTED_EDGE('',*,*,#5508,.T.);
#3529=ORIENTED_EDGE('',*,*,#4474,.T.);
#3530=ORIENTED_EDGE('',*,*,#5511,.F.);
#3531=ORIENTED_EDGE('',*,*,#5512,.T.);
#3532=ORIENTED_EDGE('',*,*,#5509,.T.);
#3533=ORIENTED_EDGE('',*,*,#4473,.T.);
#3534=ORIENTED_EDGE('',*,*,#5513,.F.);
#3535=ORIENTED_EDGE('',*,*,#5511,.T.);
#3536=ORIENTED_EDGE('',*,*,#4472,.F.);
#3537=ORIENTED_EDGE('',*,*,#5514,.F.);
#3538=ORIENTED_EDGE('',*,*,#5515,.F.);
#3539=ORIENTED_EDGE('',*,*,#5514,.T.);
#3540=ORIENTED_EDGE('',*,*,#4471,.F.);
#3541=ORIENTED_EDGE('',*,*,#5516,.F.);
#3542=ORIENTED_EDGE('',*,*,#5517,.F.);
#3543=ORIENTED_EDGE('',*,*,#5516,.T.);
#3544=ORIENTED_EDGE('',*,*,#4470,.F.);
#3545=ORIENTED_EDGE('',*,*,#5518,.F.);
#3546=ORIENTED_EDGE('',*,*,#5519,.F.);
#3547=ORIENTED_EDGE('',*,*,#5518,.T.);
#3548=ORIENTED_EDGE('',*,*,#4469,.F.);
#3549=ORIENTED_EDGE('',*,*,#5520,.F.);
#3550=ORIENTED_EDGE('',*,*,#5521,.F.);
#3551=ORIENTED_EDGE('',*,*,#5522,.T.);
#3552=ORIENTED_EDGE('',*,*,#5520,.T.);
#3553=ORIENTED_EDGE('',*,*,#4468,.T.);
#3554=ORIENTED_EDGE('',*,*,#5523,.F.);
#3555=ORIENTED_EDGE('',*,*,#5521,.T.);
#3556=ORIENTED_EDGE('',*,*,#4467,.F.);
#3557=ORIENTED_EDGE('',*,*,#5524,.F.);
#3558=ORIENTED_EDGE('',*,*,#5525,.F.);
#3559=ORIENTED_EDGE('',*,*,#5524,.T.);
#3560=ORIENTED_EDGE('',*,*,#4466,.F.);
#3561=ORIENTED_EDGE('',*,*,#5526,.F.);
#3562=ORIENTED_EDGE('',*,*,#4602,.F.);
#3563=ORIENTED_EDGE('',*,*,#5527,.F.);
#3564=ORIENTED_EDGE('',*,*,#5528,.T.);
#3565=ORIENTED_EDGE('',*,*,#5526,.T.);
#3566=ORIENTED_EDGE('',*,*,#4465,.T.);
#3567=ORIENTED_EDGE('',*,*,#5529,.F.);
#3568=ORIENTED_EDGE('',*,*,#5530,.T.);
#3569=ORIENTED_EDGE('',*,*,#5531,.F.);
#3570=ORIENTED_EDGE('',*,*,#5532,.F.);
#3571=ORIENTED_EDGE('',*,*,#5529,.T.);
#3572=ORIENTED_EDGE('',*,*,#4464,.F.);
#3573=ORIENTED_EDGE('',*,*,#5533,.F.);
#3574=ORIENTED_EDGE('',*,*,#5534,.F.);
#3575=ORIENTED_EDGE('',*,*,#5535,.T.);
#3576=ORIENTED_EDGE('',*,*,#5533,.T.);
#3577=ORIENTED_EDGE('',*,*,#4463,.T.);
#3578=ORIENTED_EDGE('',*,*,#5536,.F.);
#3579=ORIENTED_EDGE('',*,*,#5534,.T.);
#3580=ORIENTED_EDGE('',*,*,#4462,.F.);
#3581=ORIENTED_EDGE('',*,*,#5537,.F.);
#3582=ORIENTED_EDGE('',*,*,#4606,.T.);
#3583=ORIENTED_EDGE('',*,*,#5538,.T.);
#3584=ORIENTED_EDGE('',*,*,#5539,.F.);
#3585=ORIENTED_EDGE('',*,*,#5537,.T.);
#3586=ORIENTED_EDGE('',*,*,#4461,.F.);
#3587=ORIENTED_EDGE('',*,*,#4560,.F.);
#3588=ORIENTED_EDGE('',*,*,#5532,.T.);
#3589=ORIENTED_EDGE('',*,*,#5535,.F.);
#3590=ORIENTED_EDGE('',*,*,#5536,.T.);
#3591=ORIENTED_EDGE('',*,*,#5539,.T.);
#3592=ORIENTED_EDGE('',*,*,#5540,.T.);
#3593=ORIENTED_EDGE('',*,*,#5541,.F.);
#3594=ORIENTED_EDGE('',*,*,#5542,.T.);
#3595=ORIENTED_EDGE('',*,*,#5530,.F.);
#3596=ORIENTED_EDGE('',*,*,#4605,.T.);
#3597=ORIENTED_EDGE('',*,*,#5543,.T.);
#3598=ORIENTED_EDGE('',*,*,#5540,.F.);
#3599=ORIENTED_EDGE('',*,*,#5538,.F.);
#3600=ORIENTED_EDGE('',*,*,#5544,.T.);
#3601=ORIENTED_EDGE('',*,*,#5541,.T.);
#3602=ORIENTED_EDGE('',*,*,#5543,.F.);
#3603=ORIENTED_EDGE('',*,*,#4604,.F.);
#3604=ORIENTED_EDGE('',*,*,#4603,.T.);
#3605=ORIENTED_EDGE('',*,*,#5531,.T.);
#3606=ORIENTED_EDGE('',*,*,#5542,.F.);
#3607=ORIENTED_EDGE('',*,*,#5544,.F.);
#3608=ORIENTED_EDGE('',*,*,#5503,.T.);
#3609=ORIENTED_EDGE('',*,*,#5505,.T.);
#3610=ORIENTED_EDGE('',*,*,#5507,.T.);
#3611=ORIENTED_EDGE('',*,*,#5510,.F.);
#3612=ORIENTED_EDGE('',*,*,#5512,.F.);
#3613=ORIENTED_EDGE('',*,*,#5513,.T.);
#3614=ORIENTED_EDGE('',*,*,#5515,.T.);
#3615=ORIENTED_EDGE('',*,*,#5517,.T.);
#3616=ORIENTED_EDGE('',*,*,#5519,.T.);
#3617=ORIENTED_EDGE('',*,*,#5522,.F.);
#3618=ORIENTED_EDGE('',*,*,#5523,.T.);
#3619=ORIENTED_EDGE('',*,*,#5525,.T.);
#3620=ORIENTED_EDGE('',*,*,#5528,.F.);
#3621=ORIENTED_EDGE('',*,*,#5545,.F.);
#3622=ORIENTED_EDGE('',*,*,#5493,.T.);
#3623=ORIENTED_EDGE('',*,*,#5496,.F.);
#3624=ORIENTED_EDGE('',*,*,#5497,.T.);
#3625=ORIENTED_EDGE('',*,*,#5500,.T.);
#3626=ORIENTED_EDGE('',*,*,#5546,.T.);
#3627=ORIENTED_EDGE('',*,*,#5547,.F.);
#3628=ORIENTED_EDGE('',*,*,#5548,.T.);
#3629=ORIENTED_EDGE('',*,*,#5491,.F.);
#3630=ORIENTED_EDGE('',*,*,#4693,.T.);
#3631=ORIENTED_EDGE('',*,*,#5549,.T.);
#3632=ORIENTED_EDGE('',*,*,#5546,.F.);
#3633=ORIENTED_EDGE('',*,*,#5499,.F.);
#3634=ORIENTED_EDGE('',*,*,#5550,.T.);
#3635=ORIENTED_EDGE('',*,*,#5547,.T.);
#3636=ORIENTED_EDGE('',*,*,#5549,.F.);
#3637=ORIENTED_EDGE('',*,*,#4692,.F.);
#3638=ORIENTED_EDGE('',*,*,#4691,.T.);
#3639=ORIENTED_EDGE('',*,*,#5492,.T.);
#3640=ORIENTED_EDGE('',*,*,#5548,.F.);
#3641=ORIENTED_EDGE('',*,*,#5550,.F.);
#3642=ORIENTED_EDGE('',*,*,#4721,.T.);
#3643=ORIENTED_EDGE('',*,*,#5551,.T.);
#3644=ORIENTED_EDGE('',*,*,#5552,.F.);
#3645=ORIENTED_EDGE('',*,*,#5488,.F.);
#3646=ORIENTED_EDGE('',*,*,#4719,.T.);
#3647=ORIENTED_EDGE('',*,*,#5465,.T.);
#3648=ORIENTED_EDGE('',*,*,#5553,.F.);
#3649=ORIENTED_EDGE('',*,*,#5554,.F.);
#3650=ORIENTED_EDGE('',*,*,#4720,.T.);
#3651=ORIENTED_EDGE('',*,*,#5554,.T.);
#3652=ORIENTED_EDGE('',*,*,#5555,.F.);
#3653=ORIENTED_EDGE('',*,*,#5551,.F.);
#3654=ORIENTED_EDGE('',*,*,#5466,.T.);
#3655=ORIENTED_EDGE('',*,*,#5468,.T.);
#3656=ORIENTED_EDGE('',*,*,#5471,.F.);
#3657=ORIENTED_EDGE('',*,*,#5473,.F.);
#3658=ORIENTED_EDGE('',*,*,#5474,.T.);
#3659=ORIENTED_EDGE('',*,*,#5476,.T.);
#3660=ORIENTED_EDGE('',*,*,#5478,.T.);
#3661=ORIENTED_EDGE('',*,*,#5480,.T.);
#3662=ORIENTED_EDGE('',*,*,#5483,.F.);
#3663=ORIENTED_EDGE('',*,*,#5484,.T.);
#3664=ORIENTED_EDGE('',*,*,#5486,.T.);
#3665=ORIENTED_EDGE('',*,*,#5489,.F.);
#3666=ORIENTED_EDGE('',*,*,#5552,.T.);
#3667=ORIENTED_EDGE('',*,*,#5555,.T.);
#3668=ORIENTED_EDGE('',*,*,#5553,.T.);
#3669=ORIENTED_EDGE('',*,*,#5464,.T.);
#3670=ORIENTED_EDGE('',*,*,#5449,.T.);
#3671=ORIENTED_EDGE('',*,*,#5556,.F.);
#3672=ORIENTED_EDGE('',*,*,#5557,.T.);
#3673=ORIENTED_EDGE('',*,*,#5558,.F.);
#3674=ORIENTED_EDGE('',*,*,#5460,.F.);
#3675=ORIENTED_EDGE('',*,*,#5457,.F.);
#3676=ORIENTED_EDGE('',*,*,#5455,.T.);
#3677=ORIENTED_EDGE('',*,*,#5453,.F.);
#3678=ORIENTED_EDGE('',*,*,#5559,.T.);
#3679=ORIENTED_EDGE('',*,*,#5556,.T.);
#3680=ORIENTED_EDGE('',*,*,#5448,.F.);
#3681=ORIENTED_EDGE('',*,*,#4705,.F.);
#3682=ORIENTED_EDGE('',*,*,#4704,.T.);
#3683=ORIENTED_EDGE('',*,*,#5560,.T.);
#3684=ORIENTED_EDGE('',*,*,#5557,.F.);
#3685=ORIENTED_EDGE('',*,*,#5559,.F.);
#3686=ORIENTED_EDGE('',*,*,#5461,.T.);
#3687=ORIENTED_EDGE('',*,*,#5558,.T.);
#3688=ORIENTED_EDGE('',*,*,#5560,.F.);
#3689=ORIENTED_EDGE('',*,*,#4703,.F.);
#3690=ORIENTED_EDGE('',*,*,#5561,.T.);
#3691=ORIENTED_EDGE('',*,*,#5562,.T.);
#3692=ORIENTED_EDGE('',*,*,#5563,.F.);
#3693=ORIENTED_EDGE('',*,*,#4708,.F.);
#3694=ORIENTED_EDGE('',*,*,#5563,.T.);
#3695=ORIENTED_EDGE('',*,*,#5564,.T.);
#3696=ORIENTED_EDGE('',*,*,#5422,.F.);
#3697=ORIENTED_EDGE('',*,*,#4709,.F.);
#3698=ORIENTED_EDGE('',*,*,#5452,.T.);
#3699=ORIENTED_EDGE('',*,*,#5565,.T.);
#3700=ORIENTED_EDGE('',*,*,#5561,.F.);
#3701=ORIENTED_EDGE('',*,*,#4707,.F.);
#3702=ORIENTED_EDGE('',*,*,#5423,.F.);
#3703=ORIENTED_EDGE('',*,*,#5564,.F.);
#3704=ORIENTED_EDGE('',*,*,#5562,.F.);
#3705=ORIENTED_EDGE('',*,*,#5565,.F.);
#3706=ORIENTED_EDGE('',*,*,#5451,.T.);
#3707=ORIENTED_EDGE('',*,*,#5446,.F.);
#3708=ORIENTED_EDGE('',*,*,#5444,.F.);
#3709=ORIENTED_EDGE('',*,*,#5442,.T.);
#3710=ORIENTED_EDGE('',*,*,#5440,.F.);
#3711=ORIENTED_EDGE('',*,*,#5438,.F.);
#3712=ORIENTED_EDGE('',*,*,#5436,.F.);
#3713=ORIENTED_EDGE('',*,*,#5434,.F.);
#3714=ORIENTED_EDGE('',*,*,#5432,.T.);
#3715=ORIENTED_EDGE('',*,*,#5430,.T.);
#3716=ORIENTED_EDGE('',*,*,#5428,.F.);
#3717=ORIENTED_EDGE('',*,*,#5426,.F.);
#3718=ORIENTED_EDGE('',*,*,#5413,.T.);
#3719=ORIENTED_EDGE('',*,*,#5416,.F.);
#3720=ORIENTED_EDGE('',*,*,#5417,.T.);
#3721=ORIENTED_EDGE('',*,*,#5420,.T.);
#3722=ORIENTED_EDGE('',*,*,#5566,.T.);
#3723=ORIENTED_EDGE('',*,*,#5567,.F.);
#3724=ORIENTED_EDGE('',*,*,#5568,.T.);
#3725=ORIENTED_EDGE('',*,*,#5411,.F.);
#3726=ORIENTED_EDGE('',*,*,#4745,.T.);
#3727=ORIENTED_EDGE('',*,*,#5569,.T.);
#3728=ORIENTED_EDGE('',*,*,#5566,.F.);
#3729=ORIENTED_EDGE('',*,*,#5419,.F.);
#3730=ORIENTED_EDGE('',*,*,#5570,.T.);
#3731=ORIENTED_EDGE('',*,*,#5567,.T.);
#3732=ORIENTED_EDGE('',*,*,#5569,.F.);
#3733=ORIENTED_EDGE('',*,*,#4744,.F.);
#3734=ORIENTED_EDGE('',*,*,#4743,.T.);
#3735=ORIENTED_EDGE('',*,*,#5412,.T.);
#3736=ORIENTED_EDGE('',*,*,#5568,.F.);
#3737=ORIENTED_EDGE('',*,*,#5570,.F.);
#3738=ORIENTED_EDGE('',*,*,#4741,.T.);
#3739=ORIENTED_EDGE('',*,*,#5571,.T.);
#3740=ORIENTED_EDGE('',*,*,#5572,.F.);
#3741=ORIENTED_EDGE('',*,*,#5408,.F.);
#3742=ORIENTED_EDGE('',*,*,#4739,.T.);
#3743=ORIENTED_EDGE('',*,*,#5385,.T.);
#3744=ORIENTED_EDGE('',*,*,#5573,.F.);
#3745=ORIENTED_EDGE('',*,*,#5574,.F.);
#3746=ORIENTED_EDGE('',*,*,#4740,.T.);
#3747=ORIENTED_EDGE('',*,*,#5574,.T.);
#3748=ORIENTED_EDGE('',*,*,#5575,.F.);
#3749=ORIENTED_EDGE('',*,*,#5571,.F.);
#3750=ORIENTED_EDGE('',*,*,#5386,.T.);
#3751=ORIENTED_EDGE('',*,*,#5388,.T.);
#3752=ORIENTED_EDGE('',*,*,#5391,.F.);
#3753=ORIENTED_EDGE('',*,*,#5393,.F.);
#3754=ORIENTED_EDGE('',*,*,#5394,.T.);
#3755=ORIENTED_EDGE('',*,*,#5396,.T.);
#3756=ORIENTED_EDGE('',*,*,#5398,.T.);
#3757=ORIENTED_EDGE('',*,*,#5400,.T.);
#3758=ORIENTED_EDGE('',*,*,#5403,.F.);
#3759=ORIENTED_EDGE('',*,*,#5404,.T.);
#3760=ORIENTED_EDGE('',*,*,#5406,.T.);
#3761=ORIENTED_EDGE('',*,*,#5409,.F.);
#3762=ORIENTED_EDGE('',*,*,#5572,.T.);
#3763=ORIENTED_EDGE('',*,*,#5575,.T.);
#3764=ORIENTED_EDGE('',*,*,#5573,.T.);
#3765=ORIENTED_EDGE('',*,*,#5384,.T.);
#3766=ORIENTED_EDGE('',*,*,#5369,.T.);
#3767=ORIENTED_EDGE('',*,*,#5576,.F.);
#3768=ORIENTED_EDGE('',*,*,#5577,.T.);
#3769=ORIENTED_EDGE('',*,*,#5578,.F.);
#3770=ORIENTED_EDGE('',*,*,#5380,.F.);
#3771=ORIENTED_EDGE('',*,*,#5377,.F.);
#3772=ORIENTED_EDGE('',*,*,#5375,.T.);
#3773=ORIENTED_EDGE('',*,*,#5373,.F.);
#3774=ORIENTED_EDGE('',*,*,#5579,.T.);
#3775=ORIENTED_EDGE('',*,*,#5576,.T.);
#3776=ORIENTED_EDGE('',*,*,#5368,.F.);
#3777=ORIENTED_EDGE('',*,*,#4725,.F.);
#3778=ORIENTED_EDGE('',*,*,#4724,.T.);
#3779=ORIENTED_EDGE('',*,*,#5580,.T.);
#3780=ORIENTED_EDGE('',*,*,#5577,.F.);
#3781=ORIENTED_EDGE('',*,*,#5579,.F.);
#3782=ORIENTED_EDGE('',*,*,#5381,.T.);
#3783=ORIENTED_EDGE('',*,*,#5578,.T.);
#3784=ORIENTED_EDGE('',*,*,#5580,.F.);
#3785=ORIENTED_EDGE('',*,*,#4723,.F.);
#3786=ORIENTED_EDGE('',*,*,#5581,.T.);
#3787=ORIENTED_EDGE('',*,*,#5582,.T.);
#3788=ORIENTED_EDGE('',*,*,#5583,.F.);
#3789=ORIENTED_EDGE('',*,*,#4728,.F.);
#3790=ORIENTED_EDGE('',*,*,#5583,.T.);
#3791=ORIENTED_EDGE('',*,*,#5584,.T.);
#3792=ORIENTED_EDGE('',*,*,#5342,.F.);
#3793=ORIENTED_EDGE('',*,*,#4729,.F.);
#3794=ORIENTED_EDGE('',*,*,#5372,.T.);
#3795=ORIENTED_EDGE('',*,*,#5585,.T.);
#3796=ORIENTED_EDGE('',*,*,#5581,.F.);
#3797=ORIENTED_EDGE('',*,*,#4727,.F.);
#3798=ORIENTED_EDGE('',*,*,#5343,.F.);
#3799=ORIENTED_EDGE('',*,*,#5584,.F.);
#3800=ORIENTED_EDGE('',*,*,#5582,.F.);
#3801=ORIENTED_EDGE('',*,*,#5585,.F.);
#3802=ORIENTED_EDGE('',*,*,#5371,.T.);
#3803=ORIENTED_EDGE('',*,*,#5366,.F.);
#3804=ORIENTED_EDGE('',*,*,#5364,.F.);
#3805=ORIENTED_EDGE('',*,*,#5362,.T.);
#3806=ORIENTED_EDGE('',*,*,#5360,.F.);
#3807=ORIENTED_EDGE('',*,*,#5358,.F.);
#3808=ORIENTED_EDGE('',*,*,#5356,.F.);
#3809=ORIENTED_EDGE('',*,*,#5354,.F.);
#3810=ORIENTED_EDGE('',*,*,#5352,.T.);
#3811=ORIENTED_EDGE('',*,*,#5350,.T.);
#3812=ORIENTED_EDGE('',*,*,#5348,.F.);
#3813=ORIENTED_EDGE('',*,*,#5346,.F.);
#3814=ORIENTED_EDGE('',*,*,#4498,.F.);
#3815=ORIENTED_EDGE('',*,*,#4525,.F.);
#3816=ORIENTED_EDGE('',*,*,#4582,.F.);
#3817=ORIENTED_EDGE('',*,*,#5063,.F.);
#3818=ORIENTED_EDGE('',*,*,#5504,.F.);
#3819=ORIENTED_EDGE('',*,*,#5545,.T.);
#3820=ORIENTED_EDGE('',*,*,#5527,.T.);
#3821=ORIENTED_EDGE('',*,*,#4601,.F.);
#3822=ORIENTED_EDGE('',*,*,#4594,.F.);
#3823=ORIENTED_EDGE('',*,*,#5586,.T.);
#3824=ORIENTED_EDGE('',*,*,#4484,.F.);
#3825=ORIENTED_EDGE('',*,*,#5587,.F.);
#3826=ORIENTED_EDGE('',*,*,#4595,.F.);
#3827=ORIENTED_EDGE('',*,*,#5587,.T.);
#3828=ORIENTED_EDGE('',*,*,#4483,.F.);
#3829=ORIENTED_EDGE('',*,*,#5588,.F.);
#3830=ORIENTED_EDGE('',*,*,#5081,.F.);
#3831=ORIENTED_EDGE('',*,*,#4596,.T.);
#3832=ORIENTED_EDGE('',*,*,#5588,.T.);
#3833=ORIENTED_EDGE('',*,*,#4482,.T.);
#3834=ORIENTED_EDGE('',*,*,#4590,.F.);
#3835=ORIENTED_EDGE('',*,*,#4528,.T.);
#3836=ORIENTED_EDGE('',*,*,#4488,.F.);
#3837=ORIENTED_EDGE('',*,*,#5589,.F.);
#3838=ORIENTED_EDGE('',*,*,#5590,.F.);
#3839=ORIENTED_EDGE('',*,*,#4591,.T.);
#3840=ORIENTED_EDGE('',*,*,#5589,.T.);
#3841=ORIENTED_EDGE('',*,*,#4487,.T.);
#3842=ORIENTED_EDGE('',*,*,#5591,.F.);
#3843=ORIENTED_EDGE('',*,*,#4592,.T.);
#3844=ORIENTED_EDGE('',*,*,#5590,.T.);
#3845=ORIENTED_EDGE('',*,*,#4486,.T.);
#3846=ORIENTED_EDGE('',*,*,#5586,.F.);
#3847=ORIENTED_EDGE('',*,*,#4593,.T.);
#3848=ORIENTED_EDGE('',*,*,#5591,.T.);
#3849=ORIENTED_EDGE('',*,*,#4485,.T.);
#3850=ORIENTED_EDGE('',*,*,#4587,.F.);
#3851=ORIENTED_EDGE('',*,*,#5592,.T.);
#3852=ORIENTED_EDGE('',*,*,#4492,.F.);
#3853=ORIENTED_EDGE('',*,*,#5593,.F.);
#3854=ORIENTED_EDGE('',*,*,#4588,.F.);
#3855=ORIENTED_EDGE('',*,*,#5593,.T.);
#3856=ORIENTED_EDGE('',*,*,#4491,.F.);
#3857=ORIENTED_EDGE('',*,*,#5594,.F.);
#3858=ORIENTED_EDGE('',*,*,#4527,.F.);
#3859=ORIENTED_EDGE('',*,*,#4589,.T.);
#3860=ORIENTED_EDGE('',*,*,#5594,.T.);
#3861=ORIENTED_EDGE('',*,*,#4490,.T.);
#3862=ORIENTED_EDGE('',*,*,#4583,.F.);
#3863=ORIENTED_EDGE('',*,*,#4523,.T.);
#3864=ORIENTED_EDGE('',*,*,#4496,.F.);
#3865=ORIENTED_EDGE('',*,*,#5595,.F.);
#3866=ORIENTED_EDGE('',*,*,#5596,.F.);
#3867=ORIENTED_EDGE('',*,*,#4584,.T.);
#3868=ORIENTED_EDGE('',*,*,#5595,.T.);
#3869=ORIENTED_EDGE('',*,*,#4495,.T.);
#3870=ORIENTED_EDGE('',*,*,#5597,.F.);
#3871=ORIENTED_EDGE('',*,*,#4585,.T.);
#3872=ORIENTED_EDGE('',*,*,#5596,.T.);
#3873=ORIENTED_EDGE('',*,*,#4494,.T.);
#3874=ORIENTED_EDGE('',*,*,#5592,.F.);
#3875=ORIENTED_EDGE('',*,*,#4586,.T.);
#3876=ORIENTED_EDGE('',*,*,#5597,.T.);
#3877=ORIENTED_EDGE('',*,*,#4493,.T.);
#3878=ORIENTED_EDGE('',*,*,#4577,.F.);
#3879=ORIENTED_EDGE('',*,*,#5598,.T.);
#3880=ORIENTED_EDGE('',*,*,#4504,.F.);
#3881=ORIENTED_EDGE('',*,*,#5599,.F.);
#3882=ORIENTED_EDGE('',*,*,#4578,.F.);
#3883=ORIENTED_EDGE('',*,*,#5599,.T.);
#3884=ORIENTED_EDGE('',*,*,#4503,.F.);
#3885=ORIENTED_EDGE('',*,*,#5600,.F.);
#3886=ORIENTED_EDGE('',*,*,#4521,.F.);
#3887=ORIENTED_EDGE('',*,*,#4579,.T.);
#3888=ORIENTED_EDGE('',*,*,#5600,.T.);
#3889=ORIENTED_EDGE('',*,*,#4502,.T.);
#3890=ORIENTED_EDGE('',*,*,#4573,.F.);
#3891=ORIENTED_EDGE('',*,*,#4519,.T.);
#3892=ORIENTED_EDGE('',*,*,#4508,.F.);
#3893=ORIENTED_EDGE('',*,*,#5601,.F.);
#3894=ORIENTED_EDGE('',*,*,#5602,.F.);
#3895=ORIENTED_EDGE('',*,*,#4574,.T.);
#3896=ORIENTED_EDGE('',*,*,#5601,.T.);
#3897=ORIENTED_EDGE('',*,*,#4507,.T.);
#3898=ORIENTED_EDGE('',*,*,#5603,.F.);
#3899=ORIENTED_EDGE('',*,*,#4575,.T.);
#3900=ORIENTED_EDGE('',*,*,#5602,.T.);
#3901=ORIENTED_EDGE('',*,*,#4506,.T.);
#3902=ORIENTED_EDGE('',*,*,#5598,.F.);
#3903=ORIENTED_EDGE('',*,*,#4576,.T.);
#3904=ORIENTED_EDGE('',*,*,#5603,.T.);
#3905=ORIENTED_EDGE('',*,*,#4505,.T.);
#3906=ORIENTED_EDGE('',*,*,#4571,.F.);
#3907=ORIENTED_EDGE('',*,*,#5604,.T.);
#3908=ORIENTED_EDGE('',*,*,#4511,.F.);
#3909=ORIENTED_EDGE('',*,*,#5605,.F.);
#3910=ORIENTED_EDGE('',*,*,#4518,.F.);
#3911=ORIENTED_EDGE('',*,*,#4572,.T.);
#3912=ORIENTED_EDGE('',*,*,#5605,.T.);
#3913=ORIENTED_EDGE('',*,*,#4510,.T.);
#3914=ORIENTED_EDGE('',*,*,#4566,.F.);
#3915=ORIENTED_EDGE('',*,*,#4017,.T.);
#3916=ORIENTED_EDGE('',*,*,#4516,.F.);
#3917=ORIENTED_EDGE('',*,*,#5606,.F.);
#3918=ORIENTED_EDGE('',*,*,#5607,.F.);
#3919=ORIENTED_EDGE('',*,*,#4567,.T.);
#3920=ORIENTED_EDGE('',*,*,#5606,.T.);
#3921=ORIENTED_EDGE('',*,*,#4515,.T.);
#3922=ORIENTED_EDGE('',*,*,#5608,.F.);
#3923=ORIENTED_EDGE('',*,*,#4568,.T.);
#3924=ORIENTED_EDGE('',*,*,#5607,.T.);
#3925=ORIENTED_EDGE('',*,*,#4514,.T.);
#3926=ORIENTED_EDGE('',*,*,#4569,.F.);
#3927=ORIENTED_EDGE('',*,*,#5608,.T.);
#3928=ORIENTED_EDGE('',*,*,#4513,.F.);
#3929=ORIENTED_EDGE('',*,*,#5609,.F.);
#3930=ORIENTED_EDGE('',*,*,#4570,.F.);
#3931=ORIENTED_EDGE('',*,*,#5609,.T.);
#3932=ORIENTED_EDGE('',*,*,#4512,.F.);
#3933=ORIENTED_EDGE('',*,*,#5604,.F.);
#3934=ORIENTED_EDGE('',*,*,#5610,.F.);
#3935=ORIENTED_EDGE('',*,*,#4445,.T.);
#3936=ORIENTED_EDGE('',*,*,#5611,.T.);
#3937=ORIENTED_EDGE('',*,*,#4621,.F.);
#3938=ORIENTED_EDGE('',*,*,#5612,.F.);
#3939=ORIENTED_EDGE('',*,*,#4447,.T.);
#3940=ORIENTED_EDGE('',*,*,#5613,.T.);
#3941=ORIENTED_EDGE('',*,*,#4619,.F.);
#3942=ORIENTED_EDGE('',*,*,#5614,.F.);
#3943=ORIENTED_EDGE('',*,*,#4449,.T.);
#3944=ORIENTED_EDGE('',*,*,#5615,.T.);
#3945=ORIENTED_EDGE('',*,*,#4617,.F.);
#3946=ORIENTED_EDGE('',*,*,#5616,.F.);
#3947=ORIENTED_EDGE('',*,*,#4451,.T.);
#3948=ORIENTED_EDGE('',*,*,#5617,.T.);
#3949=ORIENTED_EDGE('',*,*,#4615,.F.);
#3950=ORIENTED_EDGE('',*,*,#5618,.F.);
#3951=ORIENTED_EDGE('',*,*,#4453,.T.);
#3952=ORIENTED_EDGE('',*,*,#5619,.T.);
#3953=ORIENTED_EDGE('',*,*,#4613,.F.);
#3954=ORIENTED_EDGE('',*,*,#5620,.F.);
#3955=ORIENTED_EDGE('',*,*,#4455,.T.);
#3956=ORIENTED_EDGE('',*,*,#5621,.T.);
#3957=ORIENTED_EDGE('',*,*,#4611,.F.);
#3958=ORIENTED_EDGE('',*,*,#5622,.F.);
#3959=ORIENTED_EDGE('',*,*,#4457,.T.);
#3960=ORIENTED_EDGE('',*,*,#5623,.T.);
#3961=ORIENTED_EDGE('',*,*,#4609,.F.);
#3962=ORIENTED_EDGE('',*,*,#4558,.T.);
#3963=ORIENTED_EDGE('',*,*,#4459,.F.);
#3964=ORIENTED_EDGE('',*,*,#5624,.T.);
#3965=ORIENTED_EDGE('',*,*,#4607,.F.);
#3966=ORIENTED_EDGE('',*,*,#5624,.F.);
#3967=ORIENTED_EDGE('',*,*,#4458,.F.);
#3968=ORIENTED_EDGE('',*,*,#5622,.T.);
#3969=ORIENTED_EDGE('',*,*,#4608,.F.);
#3970=ORIENTED_EDGE('',*,*,#5623,.F.);
#3971=ORIENTED_EDGE('',*,*,#4456,.F.);
#3972=ORIENTED_EDGE('',*,*,#5620,.T.);
#3973=ORIENTED_EDGE('',*,*,#4610,.F.);
#3974=ORIENTED_EDGE('',*,*,#5621,.F.);
#3975=ORIENTED_EDGE('',*,*,#4454,.F.);
#3976=ORIENTED_EDGE('',*,*,#5618,.T.);
#3977=ORIENTED_EDGE('',*,*,#4612,.F.);
#3978=ORIENTED_EDGE('',*,*,#5619,.F.);
#3979=ORIENTED_EDGE('',*,*,#4452,.F.);
#3980=ORIENTED_EDGE('',*,*,#5616,.T.);
#3981=ORIENTED_EDGE('',*,*,#4614,.F.);
#3982=ORIENTED_EDGE('',*,*,#5617,.F.);
#3983=ORIENTED_EDGE('',*,*,#4450,.F.);
#3984=ORIENTED_EDGE('',*,*,#5614,.T.);
#3985=ORIENTED_EDGE('',*,*,#4616,.F.);
#3986=ORIENTED_EDGE('',*,*,#5615,.F.);
#3987=ORIENTED_EDGE('',*,*,#4448,.F.);
#3988=ORIENTED_EDGE('',*,*,#5612,.T.);
#3989=ORIENTED_EDGE('',*,*,#4618,.F.);
#3990=ORIENTED_EDGE('',*,*,#5613,.F.);
#3991=ORIENTED_EDGE('',*,*,#4446,.F.);
#3992=ORIENTED_EDGE('',*,*,#5610,.T.);
#3993=ORIENTED_EDGE('',*,*,#4620,.F.);
#3994=ORIENTED_EDGE('',*,*,#5611,.F.);
#3995=ORIENTED_EDGE('',*,*,#4444,.F.);
#3996=ORIENTED_EDGE('',*,*,#5625,.T.);
#3997=ORIENTED_EDGE('',*,*,#4622,.F.);
#3998=ORIENTED_EDGE('',*,*,#4443,.F.);
#3999=ORIENTED_EDGE('',*,*,#5626,.T.);
#4000=ORIENTED_EDGE('',*,*,#4564,.F.);
#4001=ORIENTED_EDGE('',*,*,#5625,.F.);
#4002=ORIENTED_EDGE('',*,*,#4599,.F.);
#4003=ORIENTED_EDGE('',*,*,#5627,.T.);
#4004=ORIENTED_EDGE('',*,*,#4479,.F.);
#4005=ORIENTED_EDGE('',*,*,#4561,.T.);
#4006=ORIENTED_EDGE('',*,*,#4565,.F.);
#4007=ORIENTED_EDGE('',*,*,#5626,.F.);
#4008=ORIENTED_EDGE('',*,*,#4442,.F.);
#4009=ORIENTED_EDGE('',*,*,#4015,.F.);
#4010=ORIENTED_EDGE('',*,*,#4480,.F.);
#4011=ORIENTED_EDGE('',*,*,#5627,.F.);
#4012=ORIENTED_EDGE('',*,*,#4598,.F.);
#4013=ORIENTED_EDGE('',*,*,#5080,.F.);
#4014=EDGE_CURVE('',#5628,#5629,#6704,.T.);
#4015=EDGE_CURVE('',#5628,#5630,#6705,.T.);
#4016=EDGE_CURVE('',#5630,#5631,#6706,.T.);
#4017=EDGE_CURVE('',#5629,#5631,#6707,.T.);
#4018=EDGE_CURVE('',#5632,#5633,#6708,.T.);
#4019=EDGE_CURVE('',#5633,#5634,#6709,.T.);
#4020=EDGE_CURVE('',#5634,#5635,#6710,.T.);
#4021=EDGE_CURVE('',#5636,#5635,#270,.T.);
#4022=EDGE_CURVE('',#5637,#5636,#6711,.T.);
#4023=EDGE_CURVE('',#5638,#5637,#271,.T.);
#4024=EDGE_CURVE('',#5639,#5638,#6712,.T.);
#4025=EDGE_CURVE('',#5639,#5640,#6713,.T.);
#4026=EDGE_CURVE('',#5641,#5640,#6714,.T.);
#4027=EDGE_CURVE('',#5642,#5641,#272,.T.);
#4028=EDGE_CURVE('',#5643,#5642,#6715,.T.);
#4029=EDGE_CURVE('',#5643,#5644,#273,.T.);
#4030=EDGE_CURVE('',#5644,#5645,#6716,.T.);
#4031=EDGE_CURVE('',#5646,#5645,#274,.T.);
#4032=EDGE_CURVE('',#5647,#5646,#6717,.T.);
#4033=EDGE_CURVE('',#5648,#5647,#275,.T.);
#4034=EDGE_CURVE('',#5649,#5648,#6718,.T.);
#4035=EDGE_CURVE('',#5649,#5650,#276,.T.);
#4036=EDGE_CURVE('',#5651,#5650,#6719,.T.);
#4037=EDGE_CURVE('',#5652,#5651,#277,.T.);
#4038=EDGE_CURVE('',#5652,#5653,#6720,.T.);
#4039=EDGE_CURVE('',#5654,#5653,#278,.T.);
#4040=EDGE_CURVE('',#5654,#5655,#6721,.T.);
#4041=EDGE_CURVE('',#5656,#5655,#279,.T.);
#4042=EDGE_CURVE('',#5657,#5656,#6722,.T.);
#4043=EDGE_CURVE('',#5657,#5658,#6723,.T.);
#4044=EDGE_CURVE('',#5659,#5658,#6724,.T.);
#4045=EDGE_CURVE('',#5660,#5659,#280,.T.);
#4046=EDGE_CURVE('',#5660,#5661,#6725,.T.);
#4047=EDGE_CURVE('',#5662,#5661,#281,.T.);
#4048=EDGE_CURVE('',#5662,#5663,#6726,.T.);
#4049=EDGE_CURVE('',#5663,#5664,#6727,.T.);
#4050=EDGE_CURVE('',#5664,#5665,#6728,.T.);
#4051=EDGE_CURVE('',#5665,#5666,#282,.T.);
#4052=EDGE_CURVE('',#5667,#5666,#6729,.T.);
#4053=EDGE_CURVE('',#5667,#5668,#283,.T.);
#4054=EDGE_CURVE('',#5669,#5668,#6730,.T.);
#4055=EDGE_CURVE('',#5669,#5670,#284,.T.);
#4056=EDGE_CURVE('',#5670,#5671,#6731,.T.);
#4057=EDGE_CURVE('',#5672,#5671,#285,.T.);
#4058=EDGE_CURVE('',#5672,#5673,#6732,.T.);
#4059=EDGE_CURVE('',#5673,#5674,#286,.T.);
#4060=EDGE_CURVE('',#5674,#5675,#6733,.T.);
#4061=EDGE_CURVE('',#5675,#5676,#287,.T.);
#4062=EDGE_CURVE('',#5677,#5676,#6734,.T.);
#4063=EDGE_CURVE('',#5678,#5677,#288,.T.);
#4064=EDGE_CURVE('',#5678,#5679,#6735,.T.);
#4065=EDGE_CURVE('',#5679,#5632,#289,.T.);
#4066=EDGE_CURVE('',#5680,#5681,#6736,.T.);
#4067=EDGE_CURVE('',#5681,#5682,#6737,.T.);
#4068=EDGE_CURVE('',#5682,#5683,#6738,.T.);
#4069=EDGE_CURVE('',#5684,#5683,#290,.T.);
#4070=EDGE_CURVE('',#5685,#5684,#6739,.T.);
#4071=EDGE_CURVE('',#5686,#5685,#291,.T.);
#4072=EDGE_CURVE('',#5687,#5686,#6740,.T.);
#4073=EDGE_CURVE('',#5687,#5688,#6741,.T.);
#4074=EDGE_CURVE('',#5689,#5688,#6742,.T.);
#4075=EDGE_CURVE('',#5690,#5689,#292,.T.);
#4076=EDGE_CURVE('',#5691,#5690,#6743,.T.);
#4077=EDGE_CURVE('',#5691,#5692,#293,.T.);
#4078=EDGE_CURVE('',#5692,#5693,#6744,.T.);
#4079=EDGE_CURVE('',#5694,#5693,#294,.T.);
#4080=EDGE_CURVE('',#5695,#5694,#6745,.T.);
#4081=EDGE_CURVE('',#5696,#5695,#295,.T.);
#4082=EDGE_CURVE('',#5697,#5696,#6746,.T.);
#4083=EDGE_CURVE('',#5697,#5698,#296,.T.);
#4084=EDGE_CURVE('',#5699,#5698,#6747,.T.);
#4085=EDGE_CURVE('',#5700,#5699,#297,.T.);
#4086=EDGE_CURVE('',#5700,#5701,#6748,.T.);
#4087=EDGE_CURVE('',#5702,#5701,#298,.T.);
#4088=EDGE_CURVE('',#5702,#5703,#6749,.T.);
#4089=EDGE_CURVE('',#5704,#5703,#299,.T.);
#4090=EDGE_CURVE('',#5705,#5704,#6750,.T.);
#4091=EDGE_CURVE('',#5705,#5706,#6751,.T.);
#4092=EDGE_CURVE('',#5707,#5706,#6752,.T.);
#4093=EDGE_CURVE('',#5708,#5707,#300,.T.);
#4094=EDGE_CURVE('',#5708,#5709,#6753,.T.);
#4095=EDGE_CURVE('',#5710,#5709,#301,.T.);
#4096=EDGE_CURVE('',#5710,#5711,#6754,.T.);
#4097=EDGE_CURVE('',#5711,#5712,#6755,.T.);
#4098=EDGE_CURVE('',#5712,#5713,#6756,.T.);
#4099=EDGE_CURVE('',#5713,#5714,#302,.T.);
#4100=EDGE_CURVE('',#5715,#5714,#6757,.T.);
#4101=EDGE_CURVE('',#5715,#5716,#303,.T.);
#4102=EDGE_CURVE('',#5717,#5716,#6758,.T.);
#4103=EDGE_CURVE('',#5717,#5718,#304,.T.);
#4104=EDGE_CURVE('',#5718,#5719,#6759,.T.);
#4105=EDGE_CURVE('',#5720,#5719,#305,.T.);
#4106=EDGE_CURVE('',#5720,#5721,#6760,.T.);
#4107=EDGE_CURVE('',#5721,#5722,#306,.T.);
#4108=EDGE_CURVE('',#5722,#5723,#6761,.T.);
#4109=EDGE_CURVE('',#5723,#5724,#307,.T.);
#4110=EDGE_CURVE('',#5725,#5724,#6762,.T.);
#4111=EDGE_CURVE('',#5726,#5725,#308,.T.);
#4112=EDGE_CURVE('',#5726,#5727,#6763,.T.);
#4113=EDGE_CURVE('',#5727,#5680,#309,.T.);
#4114=EDGE_CURVE('',#5728,#5729,#310,.T.);
#4115=EDGE_CURVE('',#5728,#5730,#6764,.T.);
#4116=EDGE_CURVE('',#5731,#5730,#311,.T.);
#4117=EDGE_CURVE('',#5731,#5732,#6765,.T.);
#4118=EDGE_CURVE('',#5733,#5732,#312,.T.);
#4119=EDGE_CURVE('',#5734,#5733,#6766,.T.);
#4120=EDGE_CURVE('',#5735,#5734,#313,.T.);
#4121=EDGE_CURVE('',#5729,#5735,#6767,.T.);
#4122=EDGE_CURVE('',#5736,#5737,#314,.T.);
#4123=EDGE_CURVE('',#5736,#5738,#6768,.T.);
#4124=EDGE_CURVE('',#5739,#5738,#315,.T.);
#4125=EDGE_CURVE('',#5739,#5740,#6769,.T.);
#4126=EDGE_CURVE('',#5741,#5740,#316,.T.);
#4127=EDGE_CURVE('',#5742,#5741,#6770,.T.);
#4128=EDGE_CURVE('',#5743,#5742,#317,.T.);
#4129=EDGE_CURVE('',#5737,#5743,#6771,.T.);
#4130=EDGE_CURVE('',#5744,#5745,#318,.T.);
#4131=EDGE_CURVE('',#5744,#5746,#6772,.T.);
#4132=EDGE_CURVE('',#5747,#5746,#319,.T.);
#4133=EDGE_CURVE('',#5747,#5748,#6773,.T.);
#4134=EDGE_CURVE('',#5749,#5748,#320,.T.);
#4135=EDGE_CURVE('',#5750,#5749,#6774,.T.);
#4136=EDGE_CURVE('',#5751,#5750,#321,.T.);
#4137=EDGE_CURVE('',#5745,#5751,#6775,.T.);
#4138=EDGE_CURVE('',#5752,#5753,#322,.T.);
#4139=EDGE_CURVE('',#5752,#5754,#6776,.T.);
#4140=EDGE_CURVE('',#5755,#5754,#323,.T.);
#4141=EDGE_CURVE('',#5755,#5756,#6777,.T.);
#4142=EDGE_CURVE('',#5757,#5756,#324,.T.);
#4143=EDGE_CURVE('',#5758,#5757,#6778,.T.);
#4144=EDGE_CURVE('',#5759,#5758,#325,.T.);
#4145=EDGE_CURVE('',#5753,#5759,#6779,.T.);
#4146=EDGE_CURVE('',#5760,#5761,#326,.T.);
#4147=EDGE_CURVE('',#5760,#5762,#6780,.T.);
#4148=EDGE_CURVE('',#5763,#5762,#327,.T.);
#4149=EDGE_CURVE('',#5763,#5764,#6781,.T.);
#4150=EDGE_CURVE('',#5765,#5764,#328,.T.);
#4151=EDGE_CURVE('',#5766,#5765,#6782,.T.);
#4152=EDGE_CURVE('',#5767,#5766,#329,.T.);
#4153=EDGE_CURVE('',#5761,#5767,#6783,.T.);
#4154=EDGE_CURVE('',#5768,#5769,#330,.T.);
#4155=EDGE_CURVE('',#5768,#5770,#6784,.T.);
#4156=EDGE_CURVE('',#5771,#5770,#331,.T.);
#4157=EDGE_CURVE('',#5771,#5772,#6785,.T.);
#4158=EDGE_CURVE('',#5773,#5772,#332,.T.);
#4159=EDGE_CURVE('',#5774,#5773,#6786,.T.);
#4160=EDGE_CURVE('',#5775,#5774,#333,.T.);
#4161=EDGE_CURVE('',#5769,#5775,#6787,.T.);
#4162=EDGE_CURVE('',#5776,#5777,#334,.T.);
#4163=EDGE_CURVE('',#5776,#5778,#6788,.T.);
#4164=EDGE_CURVE('',#5779,#5778,#335,.T.);
#4165=EDGE_CURVE('',#5779,#5780,#6789,.T.);
#4166=EDGE_CURVE('',#5781,#5780,#336,.T.);
#4167=EDGE_CURVE('',#5782,#5781,#6790,.T.);
#4168=EDGE_CURVE('',#5783,#5782,#337,.T.);
#4169=EDGE_CURVE('',#5777,#5783,#6791,.T.);
#4170=EDGE_CURVE('',#5784,#5785,#338,.T.);
#4171=EDGE_CURVE('',#5784,#5786,#6792,.T.);
#4172=EDGE_CURVE('',#5787,#5786,#339,.T.);
#4173=EDGE_CURVE('',#5787,#5788,#6793,.T.);
#4174=EDGE_CURVE('',#5789,#5788,#340,.T.);
#4175=EDGE_CURVE('',#5790,#5789,#6794,.T.);
#4176=EDGE_CURVE('',#5791,#5790,#341,.T.);
#4177=EDGE_CURVE('',#5785,#5791,#6795,.T.);
#4178=EDGE_CURVE('',#5792,#5793,#342,.T.);
#4179=EDGE_CURVE('',#5792,#5794,#6796,.T.);
#4180=EDGE_CURVE('',#5795,#5794,#343,.T.);
#4181=EDGE_CURVE('',#5795,#5796,#6797,.T.);
#4182=EDGE_CURVE('',#5797,#5796,#344,.T.);
#4183=EDGE_CURVE('',#5798,#5797,#6798,.T.);
#4184=EDGE_CURVE('',#5799,#5798,#345,.T.);
#4185=EDGE_CURVE('',#5793,#5799,#6799,.T.);
#4186=EDGE_CURVE('',#5800,#5801,#346,.T.);
#4187=EDGE_CURVE('',#5800,#5802,#6800,.T.);
#4188=EDGE_CURVE('',#5803,#5802,#347,.T.);
#4189=EDGE_CURVE('',#5803,#5804,#6801,.T.);
#4190=EDGE_CURVE('',#5805,#5804,#348,.T.);
#4191=EDGE_CURVE('',#5806,#5805,#6802,.T.);
#4192=EDGE_CURVE('',#5807,#5806,#349,.T.);
#4193=EDGE_CURVE('',#5801,#5807,#6803,.T.);
#4194=EDGE_CURVE('',#5808,#5809,#350,.T.);
#4195=EDGE_CURVE('',#5808,#5810,#6804,.T.);
#4196=EDGE_CURVE('',#5811,#5810,#351,.T.);
#4197=EDGE_CURVE('',#5811,#5812,#6805,.T.);
#4198=EDGE_CURVE('',#5813,#5812,#352,.T.);
#4199=EDGE_CURVE('',#5814,#5813,#6806,.T.);
#4200=EDGE_CURVE('',#5815,#5814,#353,.T.);
#4201=EDGE_CURVE('',#5809,#5815,#6807,.T.);
#4202=EDGE_CURVE('',#5816,#5817,#354,.T.);
#4203=EDGE_CURVE('',#5816,#5818,#6808,.T.);
#4204=EDGE_CURVE('',#5819,#5818,#355,.T.);
#4205=EDGE_CURVE('',#5819,#5820,#6809,.T.);
#4206=EDGE_CURVE('',#5821,#5820,#356,.T.);
#4207=EDGE_CURVE('',#5822,#5821,#6810,.T.);
#4208=EDGE_CURVE('',#5823,#5822,#357,.T.);
#4209=EDGE_CURVE('',#5817,#5823,#6811,.T.);
#4210=EDGE_CURVE('',#5824,#5825,#358,.T.);
#4211=EDGE_CURVE('',#5824,#5826,#6812,.T.);
#4212=EDGE_CURVE('',#5827,#5826,#359,.T.);
#4213=EDGE_CURVE('',#5827,#5828,#6813,.T.);
#4214=EDGE_CURVE('',#5829,#5828,#360,.T.);
#4215=EDGE_CURVE('',#5830,#5829,#6814,.T.);
#4216=EDGE_CURVE('',#5831,#5830,#361,.T.);
#4217=EDGE_CURVE('',#5825,#5831,#6815,.T.);
#4218=EDGE_CURVE('',#5832,#5833,#362,.T.);
#4219=EDGE_CURVE('',#5832,#5834,#6816,.T.);
#4220=EDGE_CURVE('',#5835,#5834,#363,.T.);
#4221=EDGE_CURVE('',#5835,#5836,#6817,.T.);
#4222=EDGE_CURVE('',#5837,#5836,#364,.T.);
#4223=EDGE_CURVE('',#5838,#5837,#6818,.T.);
#4224=EDGE_CURVE('',#5839,#5838,#365,.T.);
#4225=EDGE_CURVE('',#5833,#5839,#6819,.T.);
#4226=EDGE_CURVE('',#5840,#5841,#366,.T.);
#4227=EDGE_CURVE('',#5840,#5842,#6820,.T.);
#4228=EDGE_CURVE('',#5843,#5842,#367,.T.);
#4229=EDGE_CURVE('',#5843,#5844,#6821,.T.);
#4230=EDGE_CURVE('',#5845,#5844,#368,.T.);
#4231=EDGE_CURVE('',#5846,#5845,#6822,.T.);
#4232=EDGE_CURVE('',#5847,#5846,#369,.T.);
#4233=EDGE_CURVE('',#5841,#5847,#6823,.T.);
#4234=EDGE_CURVE('',#5848,#5849,#370,.T.);
#4235=EDGE_CURVE('',#5848,#5850,#6824,.T.);
#4236=EDGE_CURVE('',#5851,#5850,#371,.T.);
#4237=EDGE_CURVE('',#5851,#5852,#6825,.T.);
#4238=EDGE_CURVE('',#5853,#5852,#372,.T.);
#4239=EDGE_CURVE('',#5854,#5853,#6826,.T.);
#4240=EDGE_CURVE('',#5855,#5854,#373,.T.);
#4241=EDGE_CURVE('',#5849,#5855,#6827,.T.);
#4242=EDGE_CURVE('',#5856,#5857,#374,.T.);
#4243=EDGE_CURVE('',#5856,#5858,#6828,.T.);
#4244=EDGE_CURVE('',#5859,#5858,#375,.T.);
#4245=EDGE_CURVE('',#5859,#5860,#6829,.T.);
#4246=EDGE_CURVE('',#5861,#5860,#376,.T.);
#4247=EDGE_CURVE('',#5862,#5861,#6830,.T.);
#4248=EDGE_CURVE('',#5863,#5862,#377,.T.);
#4249=EDGE_CURVE('',#5857,#5863,#6831,.T.);
#4250=EDGE_CURVE('',#5864,#5865,#378,.T.);
#4251=EDGE_CURVE('',#5864,#5866,#6832,.T.);
#4252=EDGE_CURVE('',#5867,#5866,#379,.T.);
#4253=EDGE_CURVE('',#5867,#5868,#6833,.T.);
#4254=EDGE_CURVE('',#5869,#5868,#380,.T.);
#4255=EDGE_CURVE('',#5870,#5869,#6834,.T.);
#4256=EDGE_CURVE('',#5871,#5870,#381,.T.);
#4257=EDGE_CURVE('',#5865,#5871,#6835,.T.);
#4258=EDGE_CURVE('',#5872,#5873,#382,.T.);
#4259=EDGE_CURVE('',#5872,#5874,#6836,.T.);
#4260=EDGE_CURVE('',#5875,#5874,#383,.T.);
#4261=EDGE_CURVE('',#5875,#5876,#6837,.T.);
#4262=EDGE_CURVE('',#5877,#5876,#384,.T.);
#4263=EDGE_CURVE('',#5878,#5877,#6838,.T.);
#4264=EDGE_CURVE('',#5879,#5878,#385,.T.);
#4265=EDGE_CURVE('',#5873,#5879,#6839,.T.);
#4266=EDGE_CURVE('',#5880,#5881,#386,.T.);
#4267=EDGE_CURVE('',#5880,#5882,#6840,.T.);
#4268=EDGE_CURVE('',#5883,#5882,#387,.T.);
#4269=EDGE_CURVE('',#5883,#5884,#6841,.T.);
#4270=EDGE_CURVE('',#5885,#5884,#388,.T.);
#4271=EDGE_CURVE('',#5886,#5885,#6842,.T.);
#4272=EDGE_CURVE('',#5887,#5886,#389,.T.);
#4273=EDGE_CURVE('',#5881,#5887,#6843,.T.);
#4274=EDGE_CURVE('',#5888,#5889,#390,.T.);
#4275=EDGE_CURVE('',#5888,#5890,#6844,.T.);
#4276=EDGE_CURVE('',#5891,#5890,#391,.T.);
#4277=EDGE_CURVE('',#5891,#5892,#6845,.T.);
#4278=EDGE_CURVE('',#5893,#5892,#392,.T.);
#4279=EDGE_CURVE('',#5894,#5893,#6846,.T.);
#4280=EDGE_CURVE('',#5895,#5894,#393,.T.);
#4281=EDGE_CURVE('',#5889,#5895,#6847,.T.);
#4282=EDGE_CURVE('',#5896,#5897,#394,.T.);
#4283=EDGE_CURVE('',#5896,#5898,#6848,.T.);
#4284=EDGE_CURVE('',#5899,#5898,#395,.T.);
#4285=EDGE_CURVE('',#5899,#5900,#6849,.T.);
#4286=EDGE_CURVE('',#5901,#5900,#396,.T.);
#4287=EDGE_CURVE('',#5902,#5901,#6850,.T.);
#4288=EDGE_CURVE('',#5903,#5902,#397,.T.);
#4289=EDGE_CURVE('',#5897,#5903,#6851,.T.);
#4290=EDGE_CURVE('',#5904,#5905,#398,.T.);
#4291=EDGE_CURVE('',#5904,#5906,#6852,.T.);
#4292=EDGE_CURVE('',#5907,#5906,#399,.T.);
#4293=EDGE_CURVE('',#5907,#5908,#6853,.T.);
#4294=EDGE_CURVE('',#5909,#5908,#400,.T.);
#4295=EDGE_CURVE('',#5910,#5909,#6854,.T.);
#4296=EDGE_CURVE('',#5911,#5910,#401,.T.);
#4297=EDGE_CURVE('',#5905,#5911,#6855,.T.);
#4298=EDGE_CURVE('',#5912,#5913,#402,.T.);
#4299=EDGE_CURVE('',#5912,#5914,#6856,.T.);
#4300=EDGE_CURVE('',#5915,#5914,#403,.T.);
#4301=EDGE_CURVE('',#5915,#5916,#6857,.T.);
#4302=EDGE_CURVE('',#5917,#5916,#404,.T.);
#4303=EDGE_CURVE('',#5918,#5917,#6858,.T.);
#4304=EDGE_CURVE('',#5919,#5918,#405,.T.);
#4305=EDGE_CURVE('',#5913,#5919,#6859,.T.);
#4306=EDGE_CURVE('',#5920,#5921,#406,.T.);
#4307=EDGE_CURVE('',#5920,#5922,#6860,.T.);
#4308=EDGE_CURVE('',#5923,#5922,#407,.T.);
#4309=EDGE_CURVE('',#5923,#5924,#6861,.T.);
#4310=EDGE_CURVE('',#5925,#5924,#408,.T.);
#4311=EDGE_CURVE('',#5926,#5925,#6862,.T.);
#4312=EDGE_CURVE('',#5927,#5926,#409,.T.);
#4313=EDGE_CURVE('',#5921,#5927,#6863,.T.);
#4314=EDGE_CURVE('',#5928,#5929,#410,.T.);
#4315=EDGE_CURVE('',#5928,#5930,#6864,.T.);
#4316=EDGE_CURVE('',#5931,#5930,#411,.T.);
#4317=EDGE_CURVE('',#5931,#5932,#6865,.T.);
#4318=EDGE_CURVE('',#5933,#5932,#412,.T.);
#4319=EDGE_CURVE('',#5934,#5933,#6866,.T.);
#4320=EDGE_CURVE('',#5935,#5934,#413,.T.);
#4321=EDGE_CURVE('',#5929,#5935,#6867,.T.);
#4322=EDGE_CURVE('',#5936,#5937,#414,.T.);
#4323=EDGE_CURVE('',#5936,#5938,#6868,.T.);
#4324=EDGE_CURVE('',#5939,#5938,#415,.T.);
#4325=EDGE_CURVE('',#5939,#5940,#6869,.T.);
#4326=EDGE_CURVE('',#5941,#5940,#416,.T.);
#4327=EDGE_CURVE('',#5942,#5941,#6870,.T.);
#4328=EDGE_CURVE('',#5943,#5942,#417,.T.);
#4329=EDGE_CURVE('',#5937,#5943,#6871,.T.);
#4330=EDGE_CURVE('',#5944,#5945,#418,.T.);
#4331=EDGE_CURVE('',#5944,#5946,#6872,.T.);
#4332=EDGE_CURVE('',#5947,#5946,#419,.T.);
#4333=EDGE_CURVE('',#5947,#5948,#6873,.T.);
#4334=EDGE_CURVE('',#5949,#5948,#420,.T.);
#4335=EDGE_CURVE('',#5950,#5949,#6874,.T.);
#4336=EDGE_CURVE('',#5951,#5950,#421,.T.);
#4337=EDGE_CURVE('',#5945,#5951,#6875,.T.);
#4338=EDGE_CURVE('',#5952,#5953,#422,.T.);
#4339=EDGE_CURVE('',#5952,#5954,#6876,.T.);
#4340=EDGE_CURVE('',#5955,#5954,#423,.T.);
#4341=EDGE_CURVE('',#5955,#5956,#6877,.T.);
#4342=EDGE_CURVE('',#5957,#5956,#424,.T.);
#4343=EDGE_CURVE('',#5958,#5957,#6878,.T.);
#4344=EDGE_CURVE('',#5959,#5958,#425,.T.);
#4345=EDGE_CURVE('',#5953,#5959,#6879,.T.);
#4346=EDGE_CURVE('',#5960,#5961,#426,.T.);
#4347=EDGE_CURVE('',#5960,#5962,#6880,.T.);
#4348=EDGE_CURVE('',#5963,#5962,#427,.T.);
#4349=EDGE_CURVE('',#5963,#5964,#6881,.T.);
#4350=EDGE_CURVE('',#5965,#5964,#428,.T.);
#4351=EDGE_CURVE('',#5966,#5965,#6882,.T.);
#4352=EDGE_CURVE('',#5967,#5966,#429,.T.);
#4353=EDGE_CURVE('',#5961,#5967,#6883,.T.);
#4354=EDGE_CURVE('',#5968,#5969,#430,.T.);
#4355=EDGE_CURVE('',#5968,#5970,#6884,.T.);
#4356=EDGE_CURVE('',#5971,#5970,#431,.T.);
#4357=EDGE_CURVE('',#5971,#5972,#6885,.T.);
#4358=EDGE_CURVE('',#5973,#5972,#432,.T.);
#4359=EDGE_CURVE('',#5974,#5973,#6886,.T.);
#4360=EDGE_CURVE('',#5975,#5974,#433,.T.);
#4361=EDGE_CURVE('',#5969,#5975,#6887,.T.);
#4362=EDGE_CURVE('',#5976,#5977,#434,.T.);
#4363=EDGE_CURVE('',#5976,#5978,#6888,.T.);
#4364=EDGE_CURVE('',#5979,#5978,#435,.T.);
#4365=EDGE_CURVE('',#5979,#5980,#6889,.T.);
#4366=EDGE_CURVE('',#5981,#5980,#436,.T.);
#4367=EDGE_CURVE('',#5982,#5981,#6890,.T.);
#4368=EDGE_CURVE('',#5983,#5982,#437,.T.);
#4369=EDGE_CURVE('',#5977,#5983,#6891,.T.);
#4370=EDGE_CURVE('',#5984,#5985,#438,.T.);
#4371=EDGE_CURVE('',#5984,#5986,#6892,.T.);
#4372=EDGE_CURVE('',#5987,#5986,#439,.T.);
#4373=EDGE_CURVE('',#5987,#5988,#6893,.T.);
#4374=EDGE_CURVE('',#5989,#5988,#440,.T.);
#4375=EDGE_CURVE('',#5990,#5989,#6894,.T.);
#4376=EDGE_CURVE('',#5991,#5990,#441,.T.);
#4377=EDGE_CURVE('',#5985,#5991,#6895,.T.);
#4378=EDGE_CURVE('',#5992,#5993,#442,.T.);
#4379=EDGE_CURVE('',#5992,#5994,#6896,.T.);
#4380=EDGE_CURVE('',#5995,#5994,#443,.T.);
#4381=EDGE_CURVE('',#5995,#5996,#6897,.T.);
#4382=EDGE_CURVE('',#5997,#5996,#444,.T.);
#4383=EDGE_CURVE('',#5998,#5997,#6898,.T.);
#4384=EDGE_CURVE('',#5999,#5998,#445,.T.);
#4385=EDGE_CURVE('',#5993,#5999,#6899,.T.);
#4386=EDGE_CURVE('',#6000,#6001,#446,.T.);
#4387=EDGE_CURVE('',#6000,#6002,#6900,.T.);
#4388=EDGE_CURVE('',#6003,#6002,#447,.T.);
#4389=EDGE_CURVE('',#6003,#6004,#6901,.T.);
#4390=EDGE_CURVE('',#6005,#6004,#448,.T.);
#4391=EDGE_CURVE('',#6006,#6005,#6902,.T.);
#4392=EDGE_CURVE('',#6007,#6006,#449,.T.);
#4393=EDGE_CURVE('',#6001,#6007,#6903,.T.);
#4394=EDGE_CURVE('',#6008,#6009,#450,.T.);
#4395=EDGE_CURVE('',#6008,#6010,#6904,.T.);
#4396=EDGE_CURVE('',#6011,#6010,#451,.T.);
#4397=EDGE_CURVE('',#6011,#6012,#6905,.T.);
#4398=EDGE_CURVE('',#6013,#6012,#452,.T.);
#4399=EDGE_CURVE('',#6014,#6013,#6906,.T.);
#4400=EDGE_CURVE('',#6015,#6014,#453,.T.);
#4401=EDGE_CURVE('',#6009,#6015,#6907,.T.);
#4402=EDGE_CURVE('',#6016,#6017,#454,.T.);
#4403=EDGE_CURVE('',#6018,#6016,#6908,.T.);
#4404=EDGE_CURVE('',#6019,#6018,#455,.T.);
#4405=EDGE_CURVE('',#6020,#6019,#6909,.T.);
#4406=EDGE_CURVE('',#6021,#6020,#456,.T.);
#4407=EDGE_CURVE('',#6021,#6022,#6910,.T.);
#4408=EDGE_CURVE('',#6023,#6022,#457,.T.);
#4409=EDGE_CURVE('',#6023,#6017,#6911,.T.);
#4410=EDGE_CURVE('',#6024,#6025,#6912,.T.);
#4411=EDGE_CURVE('',#6026,#6025,#458,.T.);
#4412=EDGE_CURVE('',#6026,#6027,#6913,.T.);
#4413=EDGE_CURVE('',#6028,#6027,#459,.T.);
#4414=EDGE_CURVE('',#6029,#6028,#6914,.T.);
#4415=EDGE_CURVE('',#6030,#6029,#460,.T.);
#4416=EDGE_CURVE('',#6031,#6030,#6915,.T.);
#4417=EDGE_CURVE('',#6024,#6031,#461,.T.);
#4418=EDGE_CURVE('',#6032,#6033,#462,.T.);
#4419=EDGE_CURVE('',#6034,#6032,#6916,.T.);
#4420=EDGE_CURVE('',#6035,#6034,#463,.T.);
#4421=EDGE_CURVE('',#6036,#6035,#6917,.T.);
#4422=EDGE_CURVE('',#6037,#6036,#464,.T.);
#4423=EDGE_CURVE('',#6037,#6038,#6918,.T.);
#4424=EDGE_CURVE('',#6039,#6038,#465,.T.);
#4425=EDGE_CURVE('',#6039,#6033,#6919,.T.);
#4426=EDGE_CURVE('',#6040,#6041,#6920,.T.);
#4427=EDGE_CURVE('',#6042,#6041,#466,.T.);
#4428=EDGE_CURVE('',#6042,#6043,#6921,.T.);
#4429=EDGE_CURVE('',#6044,#6043,#467,.T.);
#4430=EDGE_CURVE('',#6045,#6044,#6922,.T.);
#4431=EDGE_CURVE('',#6046,#6045,#468,.T.);
#4432=EDGE_CURVE('',#6047,#6046,#6923,.T.);
#4433=EDGE_CURVE('',#6040,#6047,#469,.T.);
#4434=EDGE_CURVE('',#6048,#6049,#470,.T.);
#4435=EDGE_CURVE('',#6048,#6050,#6924,.T.);
#4436=EDGE_CURVE('',#6051,#6050,#471,.T.);
#4437=EDGE_CURVE('',#6051,#6052,#6925,.T.);
#4438=EDGE_CURVE('',#6053,#6052,#472,.T.);
#4439=EDGE_CURVE('',#6054,#6053,#6926,.T.);
#4440=EDGE_CURVE('',#6055,#6054,#473,.T.);
#4441=EDGE_CURVE('',#6049,#6055,#6927,.T.);
#4442=EDGE_CURVE('',#5630,#6056,#474,.T.);
#4443=EDGE_CURVE('',#6056,#6057,#6928,.T.);
#4444=EDGE_CURVE('',#6057,#6058,#475,.T.);
#4445=EDGE_CURVE('',#6059,#6058,#6929,.T.);
#4446=EDGE_CURVE('',#6059,#6060,#476,.T.);
#4447=EDGE_CURVE('',#6061,#6060,#6930,.T.);
#4448=EDGE_CURVE('',#6061,#6062,#477,.T.);
#4449=EDGE_CURVE('',#6063,#6062,#6931,.T.);
#4450=EDGE_CURVE('',#6063,#6064,#478,.T.);
#4451=EDGE_CURVE('',#6065,#6064,#6932,.T.);
#4452=EDGE_CURVE('',#6065,#6066,#479,.T.);
#4453=EDGE_CURVE('',#6067,#6066,#6933,.T.);
#4454=EDGE_CURVE('',#6067,#6068,#480,.T.);
#4455=EDGE_CURVE('',#6069,#6068,#6934,.T.);
#4456=EDGE_CURVE('',#6069,#6070,#481,.T.);
#4457=EDGE_CURVE('',#6071,#6070,#6935,.T.);
#4458=EDGE_CURVE('',#6071,#6072,#482,.T.);
#4459=EDGE_CURVE('',#6072,#6073,#6936,.T.);
#4460=EDGE_CURVE('',#6073,#6074,#6937,.T.);
#4461=EDGE_CURVE('',#6074,#6075,#6938,.T.);
#4462=EDGE_CURVE('',#6075,#6076,#483,.T.);
#4463=EDGE_CURVE('',#6077,#6076,#6939,.T.);
#4464=EDGE_CURVE('',#6077,#6078,#484,.T.);
#4465=EDGE_CURVE('',#6079,#6078,#6940,.T.);
#4466=EDGE_CURVE('',#6079,#6080,#485,.T.);
#4467=EDGE_CURVE('',#6080,#6081,#6941,.T.);
#4468=EDGE_CURVE('',#6082,#6081,#486,.T.);
#4469=EDGE_CURVE('',#6082,#6083,#6942,.T.);
#4470=EDGE_CURVE('',#6083,#6084,#487,.T.);
#4471=EDGE_CURVE('',#6084,#6085,#6943,.T.);
#4472=EDGE_CURVE('',#6085,#6086,#488,.T.);
#4473=EDGE_CURVE('',#6087,#6086,#6944,.T.);
#4474=EDGE_CURVE('',#6088,#6087,#489,.T.);
#4475=EDGE_CURVE('',#6088,#6089,#6945,.T.);
#4476=EDGE_CURVE('',#6089,#6090,#490,.T.);
#4477=EDGE_CURVE('',#6090,#6091,#6946,.T.);
#4478=EDGE_CURVE('',#6091,#6092,#6947,.T.);
#4479=EDGE_CURVE('',#6092,#6093,#6948,.T.);
#4480=EDGE_CURVE('',#6093,#6094,#491,.T.);
#4481=EDGE_CURVE('',#6094,#6095,#6949,.T.);
#4482=EDGE_CURVE('',#6096,#6095,#492,.T.);
#4483=EDGE_CURVE('',#6096,#6097,#6950,.T.);
#4484=EDGE_CURVE('',#6097,#6098,#493,.T.);
#4485=EDGE_CURVE('',#6099,#6098,#6951,.T.);
#4486=EDGE_CURVE('',#6100,#6099,#494,.T.);
#4487=EDGE_CURVE('',#6101,#6100,#6952,.T.);
#4488=EDGE_CURVE('',#6101,#6102,#495,.T.);
#4489=EDGE_CURVE('',#6102,#6103,#6953,.T.);
#4490=EDGE_CURVE('',#6104,#6103,#496,.T.);
#4491=EDGE_CURVE('',#6104,#6105,#6954,.T.);
#4492=EDGE_CURVE('',#6105,#6106,#497,.T.);
#4493=EDGE_CURVE('',#6107,#6106,#6955,.T.);
#4494=EDGE_CURVE('',#6108,#6107,#498,.T.);
#4495=EDGE_CURVE('',#6109,#6108,#6956,.T.);
#4496=EDGE_CURVE('',#6109,#6110,#499,.T.);
#4497=EDGE_CURVE('',#6110,#6111,#6957,.T.);
#4498=EDGE_CURVE('',#6111,#6112,#500,.T.);
#4499=EDGE_CURVE('',#6112,#6113,#6958,.T.);
#4500=EDGE_CURVE('',#6113,#6114,#501,.T.);
#4501=EDGE_CURVE('',#6115,#6114,#6959,.T.);
#4502=EDGE_CURVE('',#6116,#6115,#502,.T.);
#4503=EDGE_CURVE('',#6116,#6117,#6960,.T.);
#4504=EDGE_CURVE('',#6117,#6118,#503,.T.);
#4505=EDGE_CURVE('',#6119,#6118,#6961,.T.);
#4506=EDGE_CURVE('',#6120,#6119,#504,.T.);
#4507=EDGE_CURVE('',#6121,#6120,#6962,.T.);
#4508=EDGE_CURVE('',#6121,#6122,#505,.T.);
#4509=EDGE_CURVE('',#6123,#6122,#6963,.T.);
#4510=EDGE_CURVE('',#6124,#6123,#506,.T.);
#4511=EDGE_CURVE('',#6124,#6125,#6964,.T.);
#4512=EDGE_CURVE('',#6125,#6126,#507,.T.);
#4513=EDGE_CURVE('',#6126,#6127,#6965,.T.);
#4514=EDGE_CURVE('',#6128,#6127,#508,.T.);
#4515=EDGE_CURVE('',#6129,#6128,#6966,.T.);
#4516=EDGE_CURVE('',#6129,#5631,#509,.T.);
#4517=EDGE_CURVE('',#6130,#6131,#6967,.T.);
#4518=EDGE_CURVE('',#6130,#6123,#6968,.T.);
#4519=EDGE_CURVE('',#6131,#6122,#6969,.T.);
#4520=EDGE_CURVE('',#6132,#6133,#6970,.T.);
#4521=EDGE_CURVE('',#6132,#6115,#6971,.T.);
#4522=EDGE_CURVE('',#6114,#6133,#6972,.T.);
#4523=EDGE_CURVE('',#6134,#6110,#6973,.T.);
#4524=EDGE_CURVE('',#6134,#6135,#6974,.T.);
#4525=EDGE_CURVE('',#6135,#6111,#6975,.F.);
#4526=EDGE_CURVE('',#6136,#6137,#6976,.T.);
#4527=EDGE_CURVE('',#6137,#6103,#6977,.T.);
#4528=EDGE_CURVE('',#6136,#6102,#6978,.T.);
#4529=EDGE_CURVE('',#6138,#6139,#510,.T.);
#4530=EDGE_CURVE('',#6048,#6138,#6979,.T.);
#4531=EDGE_CURVE('',#6049,#6139,#6980,.T.);
#4532=EDGE_CURVE('',#6139,#6140,#6981,.T.);
#4533=EDGE_CURVE('',#6055,#6140,#6982,.T.);
#4534=EDGE_CURVE('',#6140,#6141,#511,.T.);
#4535=EDGE_CURVE('',#6054,#6141,#6983,.T.);
#4536=EDGE_CURVE('',#6142,#6143,#6984,.T.);
#4537=EDGE_CURVE('',#6036,#6142,#6985,.T.);
#4538=EDGE_CURVE('',#6035,#6143,#6986,.T.);
#4539=EDGE_CURVE('',#6144,#6145,#6987,.T.);
#4540=EDGE_CURVE('',#6031,#6144,#6988,.T.);
#4541=EDGE_CURVE('',#6030,#6145,#6989,.T.);
#4542=EDGE_CURVE('',#6146,#6144,#512,.T.);
#4543=EDGE_CURVE('',#6024,#6146,#6990,.T.);
#4544=EDGE_CURVE('',#6145,#6147,#513,.T.);
#4545=EDGE_CURVE('',#6029,#6147,#6991,.T.);
#4546=EDGE_CURVE('',#6148,#6142,#514,.T.);
#4547=EDGE_CURVE('',#6037,#6148,#6992,.T.);
#4548=EDGE_CURVE('',#6143,#6149,#515,.T.);
#4549=EDGE_CURVE('',#6034,#6149,#6993,.T.);
#4550=EDGE_CURVE('',#6148,#6150,#6994,.T.);
#4551=EDGE_CURVE('',#6038,#6150,#6995,.T.);
#4552=EDGE_CURVE('',#6032,#6151,#6996,.T.);
#4553=EDGE_CURVE('',#6149,#6151,#6997,.T.);
#4554=EDGE_CURVE('',#6146,#6152,#6998,.T.);
#4555=EDGE_CURVE('',#6025,#6152,#6999,.T.);
#4556=EDGE_CURVE('',#6028,#6153,#7000,.T.);
#4557=EDGE_CURVE('',#6147,#6153,#7001,.T.);
#4558=EDGE_CURVE('',#6154,#6073,#7002,.T.);
#4559=EDGE_CURVE('',#6154,#6155,#7003,.T.);
#4560=EDGE_CURVE('',#6155,#6074,#7004,.T.);
#4561=EDGE_CURVE('',#6092,#6156,#7005,.T.);
#4562=EDGE_CURVE('',#6157,#6091,#7006,.T.);
#4563=EDGE_CURVE('',#6157,#6156,#7007,.T.);
#4564=EDGE_CURVE('',#6158,#6159,#7008,.T.);
#4565=EDGE_CURVE('',#6159,#5628,#516,.F.);
#4566=EDGE_CURVE('',#5629,#6160,#517,.T.);
#4567=EDGE_CURVE('',#6161,#6160,#7009,.T.);
#4568=EDGE_CURVE('',#6162,#6161,#518,.T.);
#4569=EDGE_CURVE('',#6162,#6163,#7010,.T.);
#4570=EDGE_CURVE('',#6163,#6164,#519,.F.);
#4571=EDGE_CURVE('',#6164,#6165,#7011,.T.);
#4572=EDGE_CURVE('',#6130,#6165,#520,.F.);
#4573=EDGE_CURVE('',#6131,#6166,#521,.T.);
#4574=EDGE_CURVE('',#6167,#6166,#7012,.T.);
#4575=EDGE_CURVE('',#6168,#6167,#522,.T.);
#4576=EDGE_CURVE('',#6169,#6168,#7013,.T.);
#4577=EDGE_CURVE('',#6169,#6170,#523,.F.);
#4578=EDGE_CURVE('',#6170,#6171,#7014,.T.);
#4579=EDGE_CURVE('',#6132,#6171,#524,.F.);
#4580=EDGE_CURVE('',#6133,#6172,#525,.F.);
#4581=EDGE_CURVE('',#6173,#6172,#7015,.T.);
#4582=EDGE_CURVE('',#6173,#6135,#526,.F.);
#4583=EDGE_CURVE('',#6134,#6174,#527,.T.);
#4584=EDGE_CURVE('',#6175,#6174,#7016,.T.);
#4585=EDGE_CURVE('',#6176,#6175,#528,.T.);
#4586=EDGE_CURVE('',#6177,#6176,#7017,.T.);
#4587=EDGE_CURVE('',#6177,#6178,#529,.F.);
#4588=EDGE_CURVE('',#6178,#6179,#7018,.T.);
#4589=EDGE_CURVE('',#6137,#6179,#530,.F.);
#4590=EDGE_CURVE('',#6136,#6180,#531,.T.);
#4591=EDGE_CURVE('',#6181,#6180,#7019,.T.);
#4592=EDGE_CURVE('',#6182,#6181,#532,.T.);
#4593=EDGE_CURVE('',#6183,#6182,#7020,.T.);
#4594=EDGE_CURVE('',#6183,#6184,#533,.F.);
#4595=EDGE_CURVE('',#6184,#6185,#7021,.T.);
#4596=EDGE_CURVE('',#6186,#6185,#534,.F.);
#4597=EDGE_CURVE('',#6187,#6186,#7022,.T.);
#4598=EDGE_CURVE('',#6187,#6188,#535,.F.);
#4599=EDGE_CURVE('',#6188,#6156,#7023,.T.);
#4600=EDGE_CURVE('',#6189,#6157,#7024,.T.);
#4601=EDGE_CURVE('',#6189,#6190,#7025,.T.);
#4602=EDGE_CURVE('',#6190,#6191,#7026,.T.);
#4603=EDGE_CURVE('',#6192,#6191,#536,.F.);
#4604=EDGE_CURVE('',#6192,#6193,#7027,.T.);
#4605=EDGE_CURVE('',#6194,#6193,#537,.F.);
#4606=EDGE_CURVE('',#6155,#6194,#7028,.T.);
#4607=EDGE_CURVE('',#6154,#6195,#7029,.T.);
#4608=EDGE_CURVE('',#6195,#6196,#538,.F.);
#4609=EDGE_CURVE('',#6196,#6197,#7030,.T.);
#4610=EDGE_CURVE('',#6197,#6198,#539,.F.);
#4611=EDGE_CURVE('',#6198,#6199,#7031,.T.);
#4612=EDGE_CURVE('',#6199,#6200,#540,.F.);
#4613=EDGE_CURVE('',#6200,#6201,#7032,.T.);
#4614=EDGE_CURVE('',#6201,#6202,#541,.F.);
#4615=EDGE_CURVE('',#6202,#6203,#7033,.T.);
#4616=EDGE_CURVE('',#6203,#6204,#542,.F.);
#4617=EDGE_CURVE('',#6204,#6205,#7034,.T.);
#4618=EDGE_CURVE('',#6205,#6206,#543,.F.);
#4619=EDGE_CURVE('',#6206,#6207,#7035,.T.);
#4620=EDGE_CURVE('',#6207,#6208,#544,.F.);
#4621=EDGE_CURVE('',#6208,#6209,#7036,.T.);
#4622=EDGE_CURVE('',#6209,#6158,#545,.F.);
#4623=EDGE_CURVE('',#6138,#6210,#7037,.T.);
#4624=EDGE_CURVE('',#6141,#6211,#7038,.T.);
#4625=EDGE_CURVE('',#6211,#6212,#546,.T.);
#4626=EDGE_CURVE('',#6213,#6212,#7039,.T.);
#4627=EDGE_CURVE('',#6213,#6210,#547,.T.);
#4628=EDGE_CURVE('',#6151,#6214,#548,.T.);
#4629=EDGE_CURVE('',#6215,#6214,#7040,.T.);
#4630=EDGE_CURVE('',#6215,#6150,#549,.T.);
#4631=EDGE_CURVE('',#6216,#6217,#550,.T.);
#4632=EDGE_CURVE('',#6218,#6217,#7041,.T.);
#4633=EDGE_CURVE('',#6218,#6219,#551,.T.);
#4634=EDGE_CURVE('',#6219,#6220,#7042,.T.);
#4635=EDGE_CURVE('',#6220,#6221,#552,.T.);
#4636=EDGE_CURVE('',#6221,#6222,#7043,.T.);
#4637=EDGE_CURVE('',#6222,#6223,#553,.T.);
#4638=EDGE_CURVE('',#6216,#6223,#7044,.T.);
#4639=EDGE_CURVE('',#6224,#6152,#554,.T.);
#4640=EDGE_CURVE('',#6153,#6225,#555,.T.);
#4641=EDGE_CURVE('',#6224,#6225,#7045,.T.);
#4642=EDGE_CURVE('',#6226,#6227,#7046,.T.);
#4643=EDGE_CURVE('',#6228,#6227,#556,.F.);
#4644=EDGE_CURVE('',#6228,#6229,#7047,.T.);
#4645=EDGE_CURVE('',#6230,#6229,#557,.F.);
#4646=EDGE_CURVE('',#6231,#6230,#7048,.T.);
#4647=EDGE_CURVE('',#6232,#6231,#558,.F.);
#4648=EDGE_CURVE('',#6233,#6232,#7049,.T.);
#4649=EDGE_CURVE('',#6226,#6233,#559,.F.);
#4650=EDGE_CURVE('',#6234,#6235,#560,.T.);
#4651=EDGE_CURVE('',#6235,#6236,#7050,.T.);
#4652=EDGE_CURVE('',#6236,#6237,#561,.T.);
#4653=EDGE_CURVE('',#6237,#6238,#7051,.T.);
#4654=EDGE_CURVE('',#6238,#6239,#562,.T.);
#4655=EDGE_CURVE('',#6240,#6239,#7052,.T.);
#4656=EDGE_CURVE('',#6240,#6241,#563,.T.);
#4657=EDGE_CURVE('',#6234,#6241,#7053,.T.);
#4658=EDGE_CURVE('',#6242,#6243,#564,.T.);
#4659=EDGE_CURVE('',#6243,#6244,#7054,.T.);
#4660=EDGE_CURVE('',#6244,#6245,#565,.T.);
#4661=EDGE_CURVE('',#6245,#6246,#7055,.T.);
#4662=EDGE_CURVE('',#6246,#6247,#566,.T.);
#4663=EDGE_CURVE('',#6248,#6247,#7056,.T.);
#4664=EDGE_CURVE('',#6248,#6249,#567,.T.);
#4665=EDGE_CURVE('',#6242,#6249,#7057,.T.);
#4666=EDGE_CURVE('',#6250,#6251,#568,.T.);
#4667=EDGE_CURVE('',#6251,#6252,#7058,.T.);
#4668=EDGE_CURVE('',#6252,#6253,#569,.T.);
#4669=EDGE_CURVE('',#6253,#6254,#7059,.T.);
#4670=EDGE_CURVE('',#6254,#6255,#570,.T.);
#4671=EDGE_CURVE('',#6256,#6255,#7060,.T.);
#4672=EDGE_CURVE('',#6256,#6257,#571,.T.);
#4673=EDGE_CURVE('',#6250,#6257,#7061,.T.);
#4674=EDGE_CURVE('',#6258,#6259,#572,.T.);
#4675=EDGE_CURVE('',#6259,#6260,#7062,.T.);
#4676=EDGE_CURVE('',#6260,#6261,#573,.T.);
#4677=EDGE_CURVE('',#6261,#6262,#7063,.T.);
#4678=EDGE_CURVE('',#6262,#6263,#574,.T.);
#4679=EDGE_CURVE('',#6264,#6263,#7064,.T.);
#4680=EDGE_CURVE('',#6264,#6265,#575,.T.);
#4681=EDGE_CURVE('',#6258,#6265,#7065,.T.);
#4682=EDGE_CURVE('',#6266,#6267,#576,.T.);
#4683=EDGE_CURVE('',#6267,#6268,#7066,.T.);
#4684=EDGE_CURVE('',#6268,#6269,#577,.T.);
#4685=EDGE_CURVE('',#6269,#6270,#7067,.T.);
#4686=EDGE_CURVE('',#6270,#6271,#578,.T.);
#4687=EDGE_CURVE('',#6272,#6271,#7068,.T.);
#4688=EDGE_CURVE('',#6272,#6273,#579,.T.);
#4689=EDGE_CURVE('',#6266,#6273,#7069,.T.);
#4690=EDGE_CURVE('',#6274,#6275,#7070,.T.);
#4691=EDGE_CURVE('',#6276,#6275,#580,.F.);
#4692=EDGE_CURVE('',#6276,#6277,#7071,.T.);
#4693=EDGE_CURVE('',#6278,#6277,#581,.F.);
#4694=EDGE_CURVE('',#6279,#6278,#7072,.T.);
#4695=EDGE_CURVE('',#6280,#6279,#7073,.T.);
#4696=EDGE_CURVE('',#6281,#6280,#7074,.T.);
#4697=EDGE_CURVE('',#6281,#6282,#582,.T.);
#4698=EDGE_CURVE('',#6283,#6282,#7075,.T.);
#4699=EDGE_CURVE('',#6283,#6284,#583,.T.);
#4700=EDGE_CURVE('',#6284,#6285,#7076,.T.);
#4701=EDGE_CURVE('',#6286,#6285,#7077,.T.);
#4702=EDGE_CURVE('',#6286,#6287,#7078,.T.);
#4703=EDGE_CURVE('',#6287,#6288,#584,.T.);
#4704=EDGE_CURVE('',#6289,#6288,#7079,.T.);
#4705=EDGE_CURVE('',#6289,#6290,#585,.T.);
#4706=EDGE_CURVE('',#6291,#6290,#7080,.T.);
#4707=EDGE_CURVE('',#6291,#6292,#586,.T.);
#4708=EDGE_CURVE('',#6292,#6293,#7081,.T.);
#4709=EDGE_CURVE('',#6293,#6294,#587,.T.);
#4710=EDGE_CURVE('',#6294,#6295,#7082,.T.);
#4711=EDGE_CURVE('',#6296,#6295,#7083,.T.);
#4712=EDGE_CURVE('',#6296,#6297,#7084,.T.);
#4713=EDGE_CURVE('',#6297,#6298,#588,.T.);
#4714=EDGE_CURVE('',#6298,#6299,#7085,.T.);
#4715=EDGE_CURVE('',#6299,#6300,#589,.T.);
#4716=EDGE_CURVE('',#6301,#6300,#7086,.T.);
#4717=EDGE_CURVE('',#6302,#6301,#7087,.T.);
#4718=EDGE_CURVE('',#6303,#6302,#7088,.T.);
#4719=EDGE_CURVE('',#6304,#6303,#590,.F.);
#4720=EDGE_CURVE('',#6305,#6304,#7089,.T.);
#4721=EDGE_CURVE('',#6274,#6305,#591,.F.);
#4722=EDGE_CURVE('',#6306,#6307,#7090,.T.);
#4723=EDGE_CURVE('',#6307,#6308,#592,.T.);
#4724=EDGE_CURVE('',#6309,#6308,#7091,.T.);
#4725=EDGE_CURVE('',#6309,#6310,#593,.T.);
#4726=EDGE_CURVE('',#6311,#6310,#7092,.T.);
#4727=EDGE_CURVE('',#6311,#6312,#594,.T.);
#4728=EDGE_CURVE('',#6312,#6313,#7093,.T.);
#4729=EDGE_CURVE('',#6313,#6314,#595,.T.);
#4730=EDGE_CURVE('',#6314,#6315,#7094,.T.);
#4731=EDGE_CURVE('',#6316,#6315,#7095,.T.);
#4732=EDGE_CURVE('',#6316,#6317,#7096,.T.);
#4733=EDGE_CURVE('',#6317,#6318,#596,.T.);
#4734=EDGE_CURVE('',#6318,#6319,#7097,.T.);
#4735=EDGE_CURVE('',#6319,#6320,#597,.T.);
#4736=EDGE_CURVE('',#6321,#6320,#7098,.T.);
#4737=EDGE_CURVE('',#6322,#6321,#7099,.T.);
#4738=EDGE_CURVE('',#6323,#6322,#7100,.T.);
#4739=EDGE_CURVE('',#6324,#6323,#598,.F.);
#4740=EDGE_CURVE('',#6325,#6324,#7101,.T.);
#4741=EDGE_CURVE('',#6326,#6325,#599,.F.);
#4742=EDGE_CURVE('',#6326,#6327,#7102,.T.);
#4743=EDGE_CURVE('',#6328,#6327,#600,.F.);
#4744=EDGE_CURVE('',#6328,#6329,#7103,.T.);
#4745=EDGE_CURVE('',#6330,#6329,#601,.F.);
#4746=EDGE_CURVE('',#6331,#6330,#7104,.T.);
#4747=EDGE_CURVE('',#6332,#6331,#7105,.T.);
#4748=EDGE_CURVE('',#6333,#6332,#7106,.T.);
#4749=EDGE_CURVE('',#6333,#6334,#602,.T.);
#4750=EDGE_CURVE('',#6335,#6334,#7107,.T.);
#4751=EDGE_CURVE('',#6335,#6336,#603,.T.);
#4752=EDGE_CURVE('',#6336,#6337,#7108,.T.);
#4753=EDGE_CURVE('',#6306,#6337,#7109,.T.);
#4754=EDGE_CURVE('',#6338,#6339,#604,.T.);
#4755=EDGE_CURVE('',#6339,#6340,#7110,.T.);
#4756=EDGE_CURVE('',#6340,#6341,#605,.T.);
#4757=EDGE_CURVE('',#6341,#6342,#7111,.T.);
#4758=EDGE_CURVE('',#6342,#6343,#606,.T.);
#4759=EDGE_CURVE('',#6344,#6343,#7112,.T.);
#4760=EDGE_CURVE('',#6344,#6345,#607,.T.);
#4761=EDGE_CURVE('',#6338,#6345,#7113,.T.);
#4762=EDGE_CURVE('',#6346,#6347,#608,.T.);
#4763=EDGE_CURVE('',#6347,#6348,#7114,.T.);
#4764=EDGE_CURVE('',#6348,#6349,#609,.T.);
#4765=EDGE_CURVE('',#6349,#6350,#7115,.T.);
#4766=EDGE_CURVE('',#6350,#6351,#610,.T.);
#4767=EDGE_CURVE('',#6352,#6351,#7116,.T.);
#4768=EDGE_CURVE('',#6352,#6353,#611,.T.);
#4769=EDGE_CURVE('',#6346,#6353,#7117,.T.);
#4770=EDGE_CURVE('',#6354,#6355,#612,.T.);
#4771=EDGE_CURVE('',#6355,#6356,#7118,.T.);
#4772=EDGE_CURVE('',#6356,#6357,#613,.T.);
#4773=EDGE_CURVE('',#6357,#6358,#7119,.T.);
#4774=EDGE_CURVE('',#6358,#6359,#614,.T.);
#4775=EDGE_CURVE('',#6360,#6359,#7120,.T.);
#4776=EDGE_CURVE('',#6360,#6361,#615,.T.);
#4777=EDGE_CURVE('',#6354,#6361,#7121,.T.);
#4778=EDGE_CURVE('',#6362,#6363,#616,.T.);
#4779=EDGE_CURVE('',#6363,#6364,#7122,.T.);
#4780=EDGE_CURVE('',#6364,#6365,#617,.T.);
#4781=EDGE_CURVE('',#6365,#6366,#7123,.T.);
#4782=EDGE_CURVE('',#6366,#6367,#618,.T.);
#4783=EDGE_CURVE('',#6368,#6367,#7124,.T.);
#4784=EDGE_CURVE('',#6368,#6369,#619,.T.);
#4785=EDGE_CURVE('',#6362,#6369,#7125,.T.);
#4786=EDGE_CURVE('',#6370,#6371,#620,.T.);
#4787=EDGE_CURVE('',#6371,#6372,#7126,.T.);
#4788=EDGE_CURVE('',#6372,#6373,#621,.T.);
#4789=EDGE_CURVE('',#6373,#6374,#7127,.T.);
#4790=EDGE_CURVE('',#6374,#6375,#622,.T.);
#4791=EDGE_CURVE('',#6376,#6375,#7128,.T.);
#4792=EDGE_CURVE('',#6376,#6377,#623,.T.);
#4793=EDGE_CURVE('',#6370,#6377,#7129,.T.);
#4794=EDGE_CURVE('',#6378,#6379,#624,.T.);
#4795=EDGE_CURVE('',#6379,#6380,#7130,.T.);
#4796=EDGE_CURVE('',#6380,#6381,#625,.T.);
#4797=EDGE_CURVE('',#6381,#6382,#7131,.T.);
#4798=EDGE_CURVE('',#6382,#6383,#626,.T.);
#4799=EDGE_CURVE('',#6384,#6383,#7132,.T.);
#4800=EDGE_CURVE('',#6384,#6385,#627,.T.);
#4801=EDGE_CURVE('',#6378,#6385,#7133,.T.);
#4802=EDGE_CURVE('',#6386,#6387,#628,.T.);
#4803=EDGE_CURVE('',#6387,#6388,#7134,.T.);
#4804=EDGE_CURVE('',#6388,#6389,#629,.T.);
#4805=EDGE_CURVE('',#6389,#6390,#7135,.T.);
#4806=EDGE_CURVE('',#6390,#6391,#630,.T.);
#4807=EDGE_CURVE('',#6392,#6391,#7136,.T.);
#4808=EDGE_CURVE('',#6392,#6393,#631,.T.);
#4809=EDGE_CURVE('',#6386,#6393,#7137,.T.);
#4810=EDGE_CURVE('',#6394,#6395,#632,.T.);
#4811=EDGE_CURVE('',#6395,#6396,#7138,.T.);
#4812=EDGE_CURVE('',#6396,#6397,#633,.T.);
#4813=EDGE_CURVE('',#6397,#6398,#7139,.T.);
#4814=EDGE_CURVE('',#6398,#6399,#634,.T.);
#4815=EDGE_CURVE('',#6400,#6399,#7140,.T.);
#4816=EDGE_CURVE('',#6400,#6401,#635,.T.);
#4817=EDGE_CURVE('',#6394,#6401,#7141,.T.);
#4818=EDGE_CURVE('',#6402,#6403,#636,.T.);
#4819=EDGE_CURVE('',#6403,#6404,#7142,.T.);
#4820=EDGE_CURVE('',#6404,#6405,#637,.T.);
#4821=EDGE_CURVE('',#6405,#6406,#7143,.T.);
#4822=EDGE_CURVE('',#6406,#6407,#638,.T.);
#4823=EDGE_CURVE('',#6408,#6407,#7144,.T.);
#4824=EDGE_CURVE('',#6408,#6409,#639,.T.);
#4825=EDGE_CURVE('',#6402,#6409,#7145,.T.);
#4826=EDGE_CURVE('',#6410,#6411,#640,.T.);
#4827=EDGE_CURVE('',#6411,#6412,#7146,.T.);
#4828=EDGE_CURVE('',#6412,#6413,#641,.T.);
#4829=EDGE_CURVE('',#6413,#6414,#7147,.T.);
#4830=EDGE_CURVE('',#6414,#6415,#642,.T.);
#4831=EDGE_CURVE('',#6416,#6415,#7148,.T.);
#4832=EDGE_CURVE('',#6416,#6417,#643,.T.);
#4833=EDGE_CURVE('',#6410,#6417,#7149,.T.);
#4834=EDGE_CURVE('',#6418,#6419,#644,.T.);
#4835=EDGE_CURVE('',#6419,#6420,#7150,.T.);
#4836=EDGE_CURVE('',#6420,#6421,#645,.T.);
#4837=EDGE_CURVE('',#6421,#6422,#7151,.T.);
#4838=EDGE_CURVE('',#6422,#6423,#646,.T.);
#4839=EDGE_CURVE('',#6424,#6423,#7152,.T.);
#4840=EDGE_CURVE('',#6424,#6425,#647,.T.);
#4841=EDGE_CURVE('',#6418,#6425,#7153,.T.);
#4842=EDGE_CURVE('',#6426,#6427,#648,.T.);
#4843=EDGE_CURVE('',#6427,#6428,#7154,.T.);
#4844=EDGE_CURVE('',#6428,#6429,#649,.T.);
#4845=EDGE_CURVE('',#6429,#6430,#7155,.T.);
#4846=EDGE_CURVE('',#6430,#6431,#650,.T.);
#4847=EDGE_CURVE('',#6432,#6431,#7156,.T.);
#4848=EDGE_CURVE('',#6432,#6433,#651,.T.);
#4849=EDGE_CURVE('',#6426,#6433,#7157,.T.);
#4850=EDGE_CURVE('',#6434,#6435,#652,.T.);
#4851=EDGE_CURVE('',#6435,#6436,#7158,.T.);
#4852=EDGE_CURVE('',#6436,#6437,#653,.T.);
#4853=EDGE_CURVE('',#6437,#6438,#7159,.T.);
#4854=EDGE_CURVE('',#6438,#6439,#654,.T.);
#4855=EDGE_CURVE('',#6440,#6439,#7160,.T.);
#4856=EDGE_CURVE('',#6440,#6441,#655,.T.);
#4857=EDGE_CURVE('',#6434,#6441,#7161,.T.);
#4858=EDGE_CURVE('',#6442,#6443,#656,.T.);
#4859=EDGE_CURVE('',#6443,#6444,#7162,.T.);
#4860=EDGE_CURVE('',#6444,#6445,#657,.T.);
#4861=EDGE_CURVE('',#6445,#6446,#7163,.T.);
#4862=EDGE_CURVE('',#6446,#6447,#658,.T.);
#4863=EDGE_CURVE('',#6448,#6447,#7164,.T.);
#4864=EDGE_CURVE('',#6448,#6449,#659,.T.);
#4865=EDGE_CURVE('',#6442,#6449,#7165,.T.);
#4866=EDGE_CURVE('',#6450,#6451,#660,.T.);
#4867=EDGE_CURVE('',#6451,#6452,#7166,.T.);
#4868=EDGE_CURVE('',#6452,#6453,#661,.T.);
#4869=EDGE_CURVE('',#6453,#6454,#7167,.T.);
#4870=EDGE_CURVE('',#6454,#6455,#662,.T.);
#4871=EDGE_CURVE('',#6456,#6455,#7168,.T.);
#4872=EDGE_CURVE('',#6456,#6457,#663,.T.);
#4873=EDGE_CURVE('',#6450,#6457,#7169,.T.);
#4874=EDGE_CURVE('',#6458,#6459,#664,.T.);
#4875=EDGE_CURVE('',#6459,#6460,#7170,.T.);
#4876=EDGE_CURVE('',#6460,#6461,#665,.T.);
#4877=EDGE_CURVE('',#6461,#6462,#7171,.T.);
#4878=EDGE_CURVE('',#6462,#6463,#666,.T.);
#4879=EDGE_CURVE('',#6464,#6463,#7172,.T.);
#4880=EDGE_CURVE('',#6464,#6465,#667,.T.);
#4881=EDGE_CURVE('',#6458,#6465,#7173,.T.);
#4882=EDGE_CURVE('',#6466,#6467,#668,.T.);
#4883=EDGE_CURVE('',#6467,#6468,#7174,.T.);
#4884=EDGE_CURVE('',#6468,#6469,#669,.T.);
#4885=EDGE_CURVE('',#6469,#6470,#7175,.T.);
#4886=EDGE_CURVE('',#6470,#6471,#670,.T.);
#4887=EDGE_CURVE('',#6472,#6471,#7176,.T.);
#4888=EDGE_CURVE('',#6472,#6473,#671,.T.);
#4889=EDGE_CURVE('',#6466,#6473,#7177,.T.);
#4890=EDGE_CURVE('',#6474,#6475,#672,.T.);
#4891=EDGE_CURVE('',#6475,#6476,#7178,.T.);
#4892=EDGE_CURVE('',#6476,#6477,#673,.T.);
#4893=EDGE_CURVE('',#6477,#6478,#7179,.T.);
#4894=EDGE_CURVE('',#6478,#6479,#674,.T.);
#4895=EDGE_CURVE('',#6480,#6479,#7180,.T.);
#4896=EDGE_CURVE('',#6480,#6481,#675,.T.);
#4897=EDGE_CURVE('',#6474,#6481,#7181,.T.);
#4898=EDGE_CURVE('',#6482,#6483,#676,.T.);
#4899=EDGE_CURVE('',#6483,#6484,#7182,.T.);
#4900=EDGE_CURVE('',#6484,#6485,#677,.T.);
#4901=EDGE_CURVE('',#6485,#6486,#7183,.T.);
#4902=EDGE_CURVE('',#6486,#6487,#678,.T.);
#4903=EDGE_CURVE('',#6488,#6487,#7184,.T.);
#4904=EDGE_CURVE('',#6488,#6489,#679,.T.);
#4905=EDGE_CURVE('',#6482,#6489,#7185,.T.);
#4906=EDGE_CURVE('',#6490,#6491,#680,.T.);
#4907=EDGE_CURVE('',#6491,#6492,#7186,.T.);
#4908=EDGE_CURVE('',#6492,#6493,#681,.T.);
#4909=EDGE_CURVE('',#6493,#6494,#7187,.T.);
#4910=EDGE_CURVE('',#6494,#6495,#682,.T.);
#4911=EDGE_CURVE('',#6496,#6495,#7188,.T.);
#4912=EDGE_CURVE('',#6496,#6497,#683,.T.);
#4913=EDGE_CURVE('',#6490,#6497,#7189,.T.);
#4914=EDGE_CURVE('',#6498,#6499,#684,.T.);
#4915=EDGE_CURVE('',#6499,#6500,#7190,.T.);
#4916=EDGE_CURVE('',#6500,#6501,#685,.T.);
#4917=EDGE_CURVE('',#6501,#6502,#7191,.T.);
#4918=EDGE_CURVE('',#6502,#6503,#686,.T.);
#4919=EDGE_CURVE('',#6504,#6503,#7192,.T.);
#4920=EDGE_CURVE('',#6504,#6505,#687,.T.);
#4921=EDGE_CURVE('',#6498,#6505,#7193,.T.);
#4922=EDGE_CURVE('',#6506,#6507,#688,.T.);
#4923=EDGE_CURVE('',#6507,#6508,#7194,.T.);
#4924=EDGE_CURVE('',#6508,#6509,#689,.T.);
#4925=EDGE_CURVE('',#6509,#6510,#7195,.T.);
#4926=EDGE_CURVE('',#6510,#6511,#690,.T.);
#4927=EDGE_CURVE('',#6512,#6511,#7196,.T.);
#4928=EDGE_CURVE('',#6512,#6513,#691,.T.);
#4929=EDGE_CURVE('',#6506,#6513,#7197,.T.);
#4930=EDGE_CURVE('',#6514,#6515,#692,.T.);
#4931=EDGE_CURVE('',#6515,#6516,#7198,.T.);
#4932=EDGE_CURVE('',#6516,#6517,#693,.T.);
#4933=EDGE_CURVE('',#6517,#6518,#7199,.T.);
#4934=EDGE_CURVE('',#6518,#6519,#694,.T.);
#4935=EDGE_CURVE('',#6520,#6519,#7200,.T.);
#4936=EDGE_CURVE('',#6520,#6521,#695,.T.);
#4937=EDGE_CURVE('',#6514,#6521,#7201,.T.);
#4938=EDGE_CURVE('',#6522,#6523,#696,.T.);
#4939=EDGE_CURVE('',#6523,#6524,#7202,.T.);
#4940=EDGE_CURVE('',#6524,#6525,#697,.T.);
#4941=EDGE_CURVE('',#6525,#6526,#7203,.T.);
#4942=EDGE_CURVE('',#6526,#6527,#698,.T.);
#4943=EDGE_CURVE('',#6528,#6527,#7204,.T.);
#4944=EDGE_CURVE('',#6528,#6529,#699,.T.);
#4945=EDGE_CURVE('',#6522,#6529,#7205,.T.);
#4946=EDGE_CURVE('',#6530,#6531,#700,.T.);
#4947=EDGE_CURVE('',#6531,#6532,#7206,.T.);
#4948=EDGE_CURVE('',#6532,#6533,#701,.T.);
#4949=EDGE_CURVE('',#6533,#6534,#7207,.T.);
#4950=EDGE_CURVE('',#6534,#6535,#702,.T.);
#4951=EDGE_CURVE('',#6536,#6535,#7208,.T.);
#4952=EDGE_CURVE('',#6536,#6537,#703,.T.);
#4953=EDGE_CURVE('',#6530,#6537,#7209,.T.);
#4954=EDGE_CURVE('',#6538,#6539,#704,.T.);
#4955=EDGE_CURVE('',#6539,#6540,#7210,.T.);
#4956=EDGE_CURVE('',#6540,#6541,#705,.T.);
#4957=EDGE_CURVE('',#6541,#6542,#7211,.T.);
#4958=EDGE_CURVE('',#6542,#6543,#706,.T.);
#4959=EDGE_CURVE('',#6544,#6543,#7212,.T.);
#4960=EDGE_CURVE('',#6544,#6545,#707,.T.);
#4961=EDGE_CURVE('',#6538,#6545,#7213,.T.);
#4962=EDGE_CURVE('',#6546,#6547,#708,.T.);
#4963=EDGE_CURVE('',#6547,#6548,#7214,.T.);
#4964=EDGE_CURVE('',#6548,#6549,#709,.T.);
#4965=EDGE_CURVE('',#6549,#6550,#7215,.T.);
#4966=EDGE_CURVE('',#6550,#6551,#710,.T.);
#4967=EDGE_CURVE('',#6552,#6551,#7216,.T.);
#4968=EDGE_CURVE('',#6552,#6553,#711,.T.);
#4969=EDGE_CURVE('',#6546,#6553,#7217,.T.);
#4970=EDGE_CURVE('',#6554,#6555,#712,.T.);
#4971=EDGE_CURVE('',#6555,#6556,#7218,.T.);
#4972=EDGE_CURVE('',#6556,#6557,#713,.T.);
#4973=EDGE_CURVE('',#6557,#6558,#7219,.T.);
#4974=EDGE_CURVE('',#6558,#6559,#714,.T.);
#4975=EDGE_CURVE('',#6560,#6559,#7220,.T.);
#4976=EDGE_CURVE('',#6560,#6561,#715,.T.);
#4977=EDGE_CURVE('',#6554,#6561,#7221,.T.);
#4978=EDGE_CURVE('',#6562,#6563,#716,.T.);
#4979=EDGE_CURVE('',#6563,#6564,#7222,.T.);
#4980=EDGE_CURVE('',#6564,#6565,#717,.T.);
#4981=EDGE_CURVE('',#6565,#6566,#7223,.T.);
#4982=EDGE_CURVE('',#6566,#6567,#718,.T.);
#4983=EDGE_CURVE('',#6568,#6567,#7224,.T.);
#4984=EDGE_CURVE('',#6568,#6569,#719,.T.);
#4985=EDGE_CURVE('',#6562,#6569,#7225,.T.);
#4986=EDGE_CURVE('',#6570,#6571,#720,.T.);
#4987=EDGE_CURVE('',#6571,#6572,#7226,.T.);
#4988=EDGE_CURVE('',#6572,#6573,#721,.T.);
#4989=EDGE_CURVE('',#6573,#6574,#7227,.T.);
#4990=EDGE_CURVE('',#6574,#6575,#722,.T.);
#4991=EDGE_CURVE('',#6576,#6575,#7228,.T.);
#4992=EDGE_CURVE('',#6576,#6577,#723,.T.);
#4993=EDGE_CURVE('',#6570,#6577,#7229,.T.);
#4994=EDGE_CURVE('',#6578,#6579,#724,.T.);
#4995=EDGE_CURVE('',#6579,#6580,#7230,.T.);
#4996=EDGE_CURVE('',#6580,#6581,#725,.T.);
#4997=EDGE_CURVE('',#6581,#6582,#7231,.T.);
#4998=EDGE_CURVE('',#6582,#6583,#726,.T.);
#4999=EDGE_CURVE('',#6584,#6583,#7232,.T.);
#5000=EDGE_CURVE('',#6584,#6585,#727,.T.);
#5001=EDGE_CURVE('',#6578,#6585,#7233,.T.);
#5002=EDGE_CURVE('',#6053,#6211,#7234,.T.);
#5003=EDGE_CURVE('',#6050,#6210,#7235,.T.);
#5004=EDGE_CURVE('',#5978,#6273,#7236,.T.);
#5005=EDGE_CURVE('',#5976,#6266,#7237,.T.);
#5006=EDGE_CURVE('',#5979,#6272,#7238,.T.);
#5007=EDGE_CURVE('',#5980,#6271,#7239,.T.);
#5008=EDGE_CURVE('',#5981,#6270,#7240,.T.);
#5009=EDGE_CURVE('',#5982,#6269,#7241,.T.);
#5010=EDGE_CURVE('',#5983,#6268,#7242,.T.);
#5011=EDGE_CURVE('',#5977,#6267,#7243,.T.);
#5012=EDGE_CURVE('',#5986,#6265,#7244,.T.);
#5013=EDGE_CURVE('',#5984,#6258,#7245,.T.);
#5014=EDGE_CURVE('',#5987,#6264,#7246,.T.);
#5015=EDGE_CURVE('',#5988,#6263,#7247,.T.);
#5016=EDGE_CURVE('',#5989,#6262,#7248,.T.);
#5017=EDGE_CURVE('',#5990,#6261,#7249,.T.);
#5018=EDGE_CURVE('',#5991,#6260,#7250,.T.);
#5019=EDGE_CURVE('',#5985,#6259,#7251,.T.);
#5020=EDGE_CURVE('',#5994,#6257,#7252,.T.);
#5021=EDGE_CURVE('',#5992,#6250,#7253,.T.);
#5022=EDGE_CURVE('',#5995,#6256,#7254,.T.);
#5023=EDGE_CURVE('',#5996,#6255,#7255,.T.);
#5024=EDGE_CURVE('',#5997,#6254,#7256,.T.);
#5025=EDGE_CURVE('',#5998,#6253,#7257,.T.);
#5026=EDGE_CURVE('',#5999,#6252,#7258,.T.);
#5027=EDGE_CURVE('',#5993,#6251,#7259,.T.);
#5028=EDGE_CURVE('',#6002,#6249,#7260,.T.);
#5029=EDGE_CURVE('',#6000,#6242,#7261,.T.);
#5030=EDGE_CURVE('',#6003,#6248,#7262,.T.);
#5031=EDGE_CURVE('',#6004,#6247,#7263,.T.);
#5032=EDGE_CURVE('',#6005,#6246,#7264,.T.);
#5033=EDGE_CURVE('',#6006,#6245,#7265,.T.);
#5034=EDGE_CURVE('',#6007,#6244,#7266,.T.);
#5035=EDGE_CURVE('',#6001,#6243,#7267,.T.);
#5036=EDGE_CURVE('',#6010,#6241,#7268,.T.);
#5037=EDGE_CURVE('',#6008,#6234,#7269,.T.);
#5038=EDGE_CURVE('',#6011,#6240,#7270,.T.);
#5039=EDGE_CURVE('',#6012,#6239,#7271,.T.);
#5040=EDGE_CURVE('',#6013,#6238,#7272,.T.);
#5041=EDGE_CURVE('',#6014,#6237,#7273,.T.);
#5042=EDGE_CURVE('',#6015,#6236,#7274,.T.);
#5043=EDGE_CURVE('',#6009,#6235,#7275,.T.);
#5044=EDGE_CURVE('',#6041,#6217,#7276,.T.);
#5045=EDGE_CURVE('',#6040,#6218,#7277,.T.);
#5046=EDGE_CURVE('',#6042,#6216,#7278,.T.);
#5047=EDGE_CURVE('',#6043,#6223,#7279,.T.);
#5048=EDGE_CURVE('',#6044,#6222,#7280,.T.);
#5049=EDGE_CURVE('',#6045,#6221,#7281,.T.);
#5050=EDGE_CURVE('',#6046,#6220,#7282,.T.);
#5051=EDGE_CURVE('',#6047,#6219,#7283,.T.);
#5052=EDGE_CURVE('',#6051,#6213,#7284,.T.);
#5053=EDGE_CURVE('',#6052,#6212,#7285,.T.);
#5054=EDGE_CURVE('',#6226,#6017,#7286,.T.);
#5055=EDGE_CURVE('',#6233,#6016,#7287,.T.);
#5056=EDGE_CURVE('',#6232,#6018,#7288,.T.);
#5057=EDGE_CURVE('',#6231,#6019,#7289,.T.);
#5058=EDGE_CURVE('',#6230,#6020,#7290,.T.);
#5059=EDGE_CURVE('',#6229,#6021,#7291,.T.);
#5060=EDGE_CURVE('',#6228,#6022,#7292,.T.);
#5061=EDGE_CURVE('',#6227,#6023,#7293,.T.);
#5062=EDGE_CURVE('',#6172,#6113,#7294,.F.);
#5063=EDGE_CURVE('',#6112,#6173,#7295,.T.);
#5064=EDGE_CURVE('',#6301,#5634,#7296,.T.);
#5065=EDGE_CURVE('',#5635,#6300,#7297,.T.);
#5066=EDGE_CURVE('',#5663,#6280,#7298,.T.);
#5067=EDGE_CURVE('',#5662,#6281,#7299,.T.);
#5068=EDGE_CURVE('',#6321,#5682,#7300,.T.);
#5069=EDGE_CURVE('',#5683,#6320,#7301,.T.);
#5070=EDGE_CURVE('',#5711,#6332,#7302,.T.);
#5071=EDGE_CURVE('',#5710,#6333,#7303,.T.);
#5072=EDGE_CURVE('',#6296,#5639,#7304,.T.);
#5073=EDGE_CURVE('',#5638,#6297,#7305,.T.);
#5074=EDGE_CURVE('',#5658,#6285,#7306,.T.);
#5075=EDGE_CURVE('',#5659,#6284,#7307,.T.);
#5076=EDGE_CURVE('',#6316,#5687,#7308,.T.);
#5077=EDGE_CURVE('',#5686,#6317,#7309,.T.);
#5078=EDGE_CURVE('',#5706,#6337,#7310,.T.);
#5079=EDGE_CURVE('',#5707,#6336,#7311,.T.);
#5080=EDGE_CURVE('',#6094,#6187,#7312,.T.);
#5081=EDGE_CURVE('',#6186,#6095,#7313,.T.);
#5082=EDGE_CURVE('',#5968,#6338,#7314,.T.);
#5083=EDGE_CURVE('',#5969,#6339,#7315,.T.);
#5084=EDGE_CURVE('',#5970,#6345,#7316,.T.);
#5085=EDGE_CURVE('',#5971,#6344,#7317,.T.);
#5086=EDGE_CURVE('',#5972,#6343,#7318,.T.);
#5087=EDGE_CURVE('',#5973,#6342,#7319,.T.);
#5088=EDGE_CURVE('',#5974,#6341,#7320,.T.);
#5089=EDGE_CURVE('',#5975,#6340,#7321,.T.);
#5090=EDGE_CURVE('',#5960,#6346,#7322,.T.);
#5091=EDGE_CURVE('',#5961,#6347,#7323,.T.);
#5092=EDGE_CURVE('',#5962,#6353,#7324,.T.);
#5093=EDGE_CURVE('',#5963,#6352,#7325,.T.);
#5094=EDGE_CURVE('',#5964,#6351,#7326,.T.);
#5095=EDGE_CURVE('',#5965,#6350,#7327,.T.);
#5096=EDGE_CURVE('',#5966,#6349,#7328,.T.);
#5097=EDGE_CURVE('',#5967,#6348,#7329,.T.);
#5098=EDGE_CURVE('',#5952,#6354,#7330,.T.);
#5099=EDGE_CURVE('',#5953,#6355,#7331,.T.);
#5100=EDGE_CURVE('',#5954,#6361,#7332,.T.);
#5101=EDGE_CURVE('',#5955,#6360,#7333,.T.);
#5102=EDGE_CURVE('',#5956,#6359,#7334,.T.);
#5103=EDGE_CURVE('',#5957,#6358,#7335,.T.);
#5104=EDGE_CURVE('',#5958,#6357,#7336,.T.);
#5105=EDGE_CURVE('',#5959,#6356,#7337,.T.);
#5106=EDGE_CURVE('',#5944,#6362,#7338,.T.);
#5107=EDGE_CURVE('',#5945,#6363,#7339,.T.);
#5108=EDGE_CURVE('',#5946,#6369,#7340,.T.);
#5109=EDGE_CURVE('',#5947,#6368,#7341,.T.);
#5110=EDGE_CURVE('',#5948,#6367,#7342,.T.);
#5111=EDGE_CURVE('',#5949,#6366,#7343,.T.);
#5112=EDGE_CURVE('',#5950,#6365,#7344,.T.);
#5113=EDGE_CURVE('',#5951,#6364,#7345,.T.);
#5114=EDGE_CURVE('',#5936,#6370,#7346,.T.);
#5115=EDGE_CURVE('',#5937,#6371,#7347,.T.);
#5116=EDGE_CURVE('',#5938,#6377,#7348,.T.);
#5117=EDGE_CURVE('',#5939,#6376,#7349,.T.);
#5118=EDGE_CURVE('',#5940,#6375,#7350,.T.);
#5119=EDGE_CURVE('',#5941,#6374,#7351,.T.);
#5120=EDGE_CURVE('',#5942,#6373,#7352,.T.);
#5121=EDGE_CURVE('',#5943,#6372,#7353,.T.);
#5122=EDGE_CURVE('',#5928,#6378,#7354,.T.);
#5123=EDGE_CURVE('',#5929,#6379,#7355,.T.);
#5124=EDGE_CURVE('',#5930,#6385,#7356,.T.);
#5125=EDGE_CURVE('',#5931,#6384,#7357,.T.);
#5126=EDGE_CURVE('',#5932,#6383,#7358,.T.);
#5127=EDGE_CURVE('',#5933,#6382,#7359,.T.);
#5128=EDGE_CURVE('',#5934,#6381,#7360,.T.);
#5129=EDGE_CURVE('',#5935,#6380,#7361,.T.);
#5130=EDGE_CURVE('',#5920,#6386,#7362,.T.);
#5131=EDGE_CURVE('',#5921,#6387,#7363,.T.);
#5132=EDGE_CURVE('',#5922,#6393,#7364,.T.);
#5133=EDGE_CURVE('',#5923,#6392,#7365,.T.);
#5134=EDGE_CURVE('',#5924,#6391,#7366,.T.);
#5135=EDGE_CURVE('',#5925,#6390,#7367,.T.);
#5136=EDGE_CURVE('',#5926,#6389,#7368,.T.);
#5137=EDGE_CURVE('',#5927,#6388,#7369,.T.);
#5138=EDGE_CURVE('',#5912,#6394,#7370,.T.);
#5139=EDGE_CURVE('',#5913,#6395,#7371,.T.);
#5140=EDGE_CURVE('',#5914,#6401,#7372,.T.);
#5141=EDGE_CURVE('',#5915,#6400,#7373,.T.);
#5142=EDGE_CURVE('',#5916,#6399,#7374,.T.);
#5143=EDGE_CURVE('',#5917,#6398,#7375,.T.);
#5144=EDGE_CURVE('',#5918,#6397,#7376,.T.);
#5145=EDGE_CURVE('',#5919,#6396,#7377,.T.);
#5146=EDGE_CURVE('',#5904,#6402,#7378,.T.);
#5147=EDGE_CURVE('',#5905,#6403,#7379,.T.);
#5148=EDGE_CURVE('',#5906,#6409,#7380,.T.);
#5149=EDGE_CURVE('',#5907,#6408,#7381,.T.);
#5150=EDGE_CURVE('',#5908,#6407,#7382,.T.);
#5151=EDGE_CURVE('',#5909,#6406,#7383,.T.);
#5152=EDGE_CURVE('',#5910,#6405,#7384,.T.);
#5153=EDGE_CURVE('',#5911,#6404,#7385,.T.);
#5154=EDGE_CURVE('',#5896,#6410,#7386,.T.);
#5155=EDGE_CURVE('',#5897,#6411,#7387,.T.);
#5156=EDGE_CURVE('',#5898,#6417,#7388,.T.);
#5157=EDGE_CURVE('',#5899,#6416,#7389,.T.);
#5158=EDGE_CURVE('',#5900,#6415,#7390,.T.);
#5159=EDGE_CURVE('',#5901,#6414,#7391,.T.);
#5160=EDGE_CURVE('',#5902,#6413,#7392,.T.);
#5161=EDGE_CURVE('',#5903,#6412,#7393,.T.);
#5162=EDGE_CURVE('',#5888,#6418,#7394,.T.);
#5163=EDGE_CURVE('',#5889,#6419,#7395,.T.);
#5164=EDGE_CURVE('',#5890,#6425,#7396,.T.);
#5165=EDGE_CURVE('',#5891,#6424,#7397,.T.);
#5166=EDGE_CURVE('',#5892,#6423,#7398,.T.);
#5167=EDGE_CURVE('',#5893,#6422,#7399,.T.);
#5168=EDGE_CURVE('',#5894,#6421,#7400,.T.);
#5169=EDGE_CURVE('',#5895,#6420,#7401,.T.);
#5170=EDGE_CURVE('',#5880,#6426,#7402,.T.);
#5171=EDGE_CURVE('',#5881,#6427,#7403,.T.);
#5172=EDGE_CURVE('',#5882,#6433,#7404,.T.);
#5173=EDGE_CURVE('',#5883,#6432,#7405,.T.);
#5174=EDGE_CURVE('',#5884,#6431,#7406,.T.);
#5175=EDGE_CURVE('',#5885,#6430,#7407,.T.);
#5176=EDGE_CURVE('',#5886,#6429,#7408,.T.);
#5177=EDGE_CURVE('',#5887,#6428,#7409,.T.);
#5178=EDGE_CURVE('',#5872,#6434,#7410,.T.);
#5179=EDGE_CURVE('',#5873,#6435,#7411,.T.);
#5180=EDGE_CURVE('',#5874,#6441,#7412,.T.);
#5181=EDGE_CURVE('',#5875,#6440,#7413,.T.);
#5182=EDGE_CURVE('',#5876,#6439,#7414,.T.);
#5183=EDGE_CURVE('',#5877,#6438,#7415,.T.);
#5184=EDGE_CURVE('',#5878,#6437,#7416,.T.);
#5185=EDGE_CURVE('',#5879,#6436,#7417,.T.);
#5186=EDGE_CURVE('',#5864,#6442,#7418,.T.);
#5187=EDGE_CURVE('',#5865,#6443,#7419,.T.);
#5188=EDGE_CURVE('',#5866,#6449,#7420,.T.);
#5189=EDGE_CURVE('',#5867,#6448,#7421,.T.);
#5190=EDGE_CURVE('',#5868,#6447,#7422,.T.);
#5191=EDGE_CURVE('',#5869,#6446,#7423,.T.);
#5192=EDGE_CURVE('',#5870,#6445,#7424,.T.);
#5193=EDGE_CURVE('',#5871,#6444,#7425,.T.);
#5194=EDGE_CURVE('',#5660,#6283,#7426,.T.);
#5195=EDGE_CURVE('',#5661,#6282,#7427,.T.);
#5196=EDGE_CURVE('',#5636,#6299,#7428,.T.);
#5197=EDGE_CURVE('',#5637,#6298,#7429,.T.);
#5198=EDGE_CURVE('',#5856,#6450,#7430,.T.);
#5199=EDGE_CURVE('',#5857,#6451,#7431,.T.);
#5200=EDGE_CURVE('',#5858,#6457,#7432,.T.);
#5201=EDGE_CURVE('',#5859,#6456,#7433,.T.);
#5202=EDGE_CURVE('',#5860,#6455,#7434,.T.);
#5203=EDGE_CURVE('',#5861,#6454,#7435,.T.);
#5204=EDGE_CURVE('',#5862,#6453,#7436,.T.);
#5205=EDGE_CURVE('',#5863,#6452,#7437,.T.);
#5206=EDGE_CURVE('',#5848,#6458,#7438,.T.);
#5207=EDGE_CURVE('',#5849,#6459,#7439,.T.);
#5208=EDGE_CURVE('',#5850,#6465,#7440,.T.);
#5209=EDGE_CURVE('',#5851,#6464,#7441,.T.);
#5210=EDGE_CURVE('',#5852,#6463,#7442,.T.);
#5211=EDGE_CURVE('',#5853,#6462,#7443,.T.);
#5212=EDGE_CURVE('',#5854,#6461,#7444,.T.);
#5213=EDGE_CURVE('',#5855,#6460,#7445,.T.);
#5214=EDGE_CURVE('',#5840,#6466,#7446,.T.);
#5215=EDGE_CURVE('',#5841,#6467,#7447,.T.);
#5216=EDGE_CURVE('',#5842,#6473,#7448,.T.);
#5217=EDGE_CURVE('',#5843,#6472,#7449,.T.);
#5218=EDGE_CURVE('',#5844,#6471,#7450,.T.);
#5219=EDGE_CURVE('',#5845,#6470,#7451,.T.);
#5220=EDGE_CURVE('',#5846,#6469,#7452,.T.);
#5221=EDGE_CURVE('',#5847,#6468,#7453,.T.);
#5222=EDGE_CURVE('',#5832,#6474,#7454,.T.);
#5223=EDGE_CURVE('',#5833,#6475,#7455,.T.);
#5224=EDGE_CURVE('',#5834,#6481,#7456,.T.);
#5225=EDGE_CURVE('',#5835,#6480,#7457,.T.);
#5226=EDGE_CURVE('',#5836,#6479,#7458,.T.);
#5227=EDGE_CURVE('',#5837,#6478,#7459,.T.);
#5228=EDGE_CURVE('',#5838,#6477,#7460,.T.);
#5229=EDGE_CURVE('',#5839,#6476,#7461,.T.);
#5230=EDGE_CURVE('',#6026,#6224,#7462,.T.);
#5231=EDGE_CURVE('',#6027,#6225,#7463,.T.);
#5232=EDGE_CURVE('',#5824,#6482,#7464,.T.);
#5233=EDGE_CURVE('',#5825,#6483,#7465,.T.);
#5234=EDGE_CURVE('',#5826,#6489,#7466,.T.);
#5235=EDGE_CURVE('',#5827,#6488,#7467,.T.);
#5236=EDGE_CURVE('',#5828,#6487,#7468,.T.);
#5237=EDGE_CURVE('',#5829,#6486,#7469,.T.);
#5238=EDGE_CURVE('',#5830,#6485,#7470,.T.);
#5239=EDGE_CURVE('',#5831,#6484,#7471,.T.);
#5240=EDGE_CURVE('',#5816,#6490,#7472,.T.);
#5241=EDGE_CURVE('',#5817,#6491,#7473,.T.);
#5242=EDGE_CURVE('',#5818,#6497,#7474,.T.);
#5243=EDGE_CURVE('',#5819,#6496,#7475,.T.);
#5244=EDGE_CURVE('',#5820,#6495,#7476,.T.);
#5245=EDGE_CURVE('',#5821,#6494,#7477,.T.);
#5246=EDGE_CURVE('',#5822,#6493,#7478,.T.);
#5247=EDGE_CURVE('',#5823,#6492,#7479,.T.);
#5248=EDGE_CURVE('',#5808,#6498,#7480,.T.);
#5249=EDGE_CURVE('',#5809,#6499,#7481,.T.);
#5250=EDGE_CURVE('',#5810,#6505,#7482,.T.);
#5251=EDGE_CURVE('',#5811,#6504,#7483,.T.);
#5252=EDGE_CURVE('',#5812,#6503,#7484,.T.);
#5253=EDGE_CURVE('',#5813,#6502,#7485,.T.);
#5254=EDGE_CURVE('',#5814,#6501,#7486,.T.);
#5255=EDGE_CURVE('',#5815,#6500,#7487,.T.);
#5256=EDGE_CURVE('',#5800,#6506,#7488,.T.);
#5257=EDGE_CURVE('',#5801,#6507,#7489,.T.);
#5258=EDGE_CURVE('',#5802,#6513,#7490,.T.);
#5259=EDGE_CURVE('',#5803,#6512,#7491,.T.);
#5260=EDGE_CURVE('',#5804,#6511,#7492,.T.);
#5261=EDGE_CURVE('',#5805,#6510,#7493,.T.);
#5262=EDGE_CURVE('',#5806,#6509,#7494,.T.);
#5263=EDGE_CURVE('',#5807,#6508,#7495,.T.);
#5264=EDGE_CURVE('',#5792,#6514,#7496,.T.);
#5265=EDGE_CURVE('',#5793,#6515,#7497,.T.);
#5266=EDGE_CURVE('',#5794,#6521,#7498,.T.);
#5267=EDGE_CURVE('',#5795,#6520,#7499,.T.);
#5268=EDGE_CURVE('',#5796,#6519,#7500,.T.);
#5269=EDGE_CURVE('',#5797,#6518,#7501,.T.);
#5270=EDGE_CURVE('',#5798,#6517,#7502,.T.);
#5271=EDGE_CURVE('',#5799,#6516,#7503,.T.);
#5272=EDGE_CURVE('',#5784,#6522,#7504,.T.);
#5273=EDGE_CURVE('',#5785,#6523,#7505,.T.);
#5274=EDGE_CURVE('',#5786,#6529,#7506,.T.);
#5275=EDGE_CURVE('',#5787,#6528,#7507,.T.);
#5276=EDGE_CURVE('',#5788,#6527,#7508,.T.);
#5277=EDGE_CURVE('',#5789,#6526,#7509,.T.);
#5278=EDGE_CURVE('',#5790,#6525,#7510,.T.);
#5279=EDGE_CURVE('',#5791,#6524,#7511,.T.);
#5280=EDGE_CURVE('',#5776,#6530,#7512,.T.);
#5281=EDGE_CURVE('',#5777,#6531,#7513,.T.);
#5282=EDGE_CURVE('',#5778,#6537,#7514,.T.);
#5283=EDGE_CURVE('',#5779,#6536,#7515,.T.);
#5284=EDGE_CURVE('',#5780,#6535,#7516,.T.);
#5285=EDGE_CURVE('',#5781,#6534,#7517,.T.);
#5286=EDGE_CURVE('',#5782,#6533,#7518,.T.);
#5287=EDGE_CURVE('',#5783,#6532,#7519,.T.);
#5288=EDGE_CURVE('',#6039,#6215,#7520,.T.);
#5289=EDGE_CURVE('',#6033,#6214,#7521,.T.);
#5290=EDGE_CURVE('',#5768,#6538,#7522,.T.);
#5291=EDGE_CURVE('',#5769,#6539,#7523,.T.);
#5292=EDGE_CURVE('',#5770,#6545,#7524,.T.);
#5293=EDGE_CURVE('',#5771,#6544,#7525,.T.);
#5294=EDGE_CURVE('',#5772,#6543,#7526,.T.);
#5295=EDGE_CURVE('',#5773,#6542,#7527,.T.);
#5296=EDGE_CURVE('',#5774,#6541,#7528,.T.);
#5297=EDGE_CURVE('',#5775,#6540,#7529,.T.);
#5298=EDGE_CURVE('',#5708,#6335,#7530,.T.);
#5299=EDGE_CURVE('',#5709,#6334,#7531,.T.);
#5300=EDGE_CURVE('',#5684,#6319,#7532,.T.);
#5301=EDGE_CURVE('',#5685,#6318,#7533,.T.);
#5302=EDGE_CURVE('',#5760,#6546,#7534,.T.);
#5303=EDGE_CURVE('',#5761,#6547,#7535,.T.);
#5304=EDGE_CURVE('',#5762,#6553,#7536,.T.);
#5305=EDGE_CURVE('',#5763,#6552,#7537,.T.);
#5306=EDGE_CURVE('',#5764,#6551,#7538,.T.);
#5307=EDGE_CURVE('',#5765,#6550,#7539,.T.);
#5308=EDGE_CURVE('',#5766,#6549,#7540,.T.);
#5309=EDGE_CURVE('',#5767,#6548,#7541,.T.);
#5310=EDGE_CURVE('',#5752,#6554,#7542,.T.);
#5311=EDGE_CURVE('',#5753,#6555,#7543,.T.);
#5312=EDGE_CURVE('',#5754,#6561,#7544,.T.);
#5313=EDGE_CURVE('',#5755,#6560,#7545,.T.);
#5314=EDGE_CURVE('',#5756,#6559,#7546,.T.);
#5315=EDGE_CURVE('',#5757,#6558,#7547,.T.);
#5316=EDGE_CURVE('',#5758,#6557,#7548,.T.);
#5317=EDGE_CURVE('',#5759,#6556,#7549,.T.);
#5318=EDGE_CURVE('',#5744,#6562,#7550,.T.);
#5319=EDGE_CURVE('',#5745,#6563,#7551,.T.);
#5320=EDGE_CURVE('',#5746,#6569,#7552,.T.);
#5321=EDGE_CURVE('',#5747,#6568,#7553,.T.);
#5322=EDGE_CURVE('',#5748,#6567,#7554,.T.);
#5323=EDGE_CURVE('',#5749,#6566,#7555,.T.);
#5324=EDGE_CURVE('',#5750,#6565,#7556,.T.);
#5325=EDGE_CURVE('',#5751,#6564,#7557,.T.);
#5326=EDGE_CURVE('',#5736,#6570,#7558,.T.);
#5327=EDGE_CURVE('',#5737,#6571,#7559,.T.);
#5328=EDGE_CURVE('',#5738,#6577,#7560,.T.);
#5329=EDGE_CURVE('',#5739,#6576,#7561,.T.);
#5330=EDGE_CURVE('',#5740,#6575,#7562,.T.);
#5331=EDGE_CURVE('',#5741,#6574,#7563,.T.);
#5332=EDGE_CURVE('',#5742,#6573,#7564,.T.);
#5333=EDGE_CURVE('',#5743,#6572,#7565,.T.);
#5334=EDGE_CURVE('',#5728,#6578,#7566,.T.);
#5335=EDGE_CURVE('',#5729,#6579,#7567,.T.);
#5336=EDGE_CURVE('',#5730,#6585,#7568,.T.);
#5337=EDGE_CURVE('',#5731,#6584,#7569,.T.);
#5338=EDGE_CURVE('',#5732,#6583,#7570,.T.);
#5339=EDGE_CURVE('',#5733,#6582,#7571,.T.);
#5340=EDGE_CURVE('',#5734,#6581,#7572,.T.);
#5341=EDGE_CURVE('',#5735,#6580,#7573,.T.);
#5342=EDGE_CURVE('',#6314,#6586,#7574,.T.);
#5343=EDGE_CURVE('',#6586,#6587,#7575,.T.);
#5344=EDGE_CURVE('',#6587,#5689,#7576,.T.);
#5345=EDGE_CURVE('',#6315,#5688,#7577,.T.);
#5346=EDGE_CURVE('',#6587,#6588,#728,.F.);
#5347=EDGE_CURVE('',#6588,#5690,#7578,.T.);
#5348=EDGE_CURVE('',#6588,#6589,#7579,.T.);
#5349=EDGE_CURVE('',#6589,#5691,#7580,.T.);
#5350=EDGE_CURVE('',#6590,#6589,#729,.F.);
#5351=EDGE_CURVE('',#6590,#5692,#7581,.T.);
#5352=EDGE_CURVE('',#6591,#6590,#7582,.T.);
#5353=EDGE_CURVE('',#6591,#5693,#7583,.T.);
#5354=EDGE_CURVE('',#6591,#6592,#730,.F.);
#5355=EDGE_CURVE('',#6592,#5694,#7584,.T.);
#5356=EDGE_CURVE('',#6592,#6593,#7585,.T.);
#5357=EDGE_CURVE('',#6593,#5695,#7586,.T.);
#5358=EDGE_CURVE('',#6593,#6594,#731,.F.);
#5359=EDGE_CURVE('',#6594,#5696,#7587,.T.);
#5360=EDGE_CURVE('',#6594,#6595,#7588,.T.);
#5361=EDGE_CURVE('',#6595,#5697,#7589,.T.);
#5362=EDGE_CURVE('',#6596,#6595,#732,.F.);
#5363=EDGE_CURVE('',#6596,#5698,#7590,.T.);
#5364=EDGE_CURVE('',#6596,#6597,#7591,.T.);
#5365=EDGE_CURVE('',#6597,#5699,#7592,.T.);
#5366=EDGE_CURVE('',#6597,#6598,#733,.F.);
#5367=EDGE_CURVE('',#6598,#5700,#7593,.T.);
#5368=EDGE_CURVE('',#6310,#6599,#7594,.T.);
#5369=EDGE_CURVE('',#6600,#6599,#7595,.T.);
#5370=EDGE_CURVE('',#6600,#5701,#7596,.T.);
#5371=EDGE_CURVE('',#6601,#6598,#7597,.T.);
#5372=EDGE_CURVE('',#6311,#6601,#7598,.T.);
#5373=EDGE_CURVE('',#6600,#6602,#734,.F.);
#5374=EDGE_CURVE('',#6602,#5702,#7599,.T.);
#5375=EDGE_CURVE('',#6603,#6602,#7600,.T.);
#5376=EDGE_CURVE('',#6603,#5703,#7601,.T.);
#5377=EDGE_CURVE('',#6603,#6604,#735,.F.);
#5378=EDGE_CURVE('',#6604,#5704,#7602,.T.);
#5379=EDGE_CURVE('',#6306,#5705,#7603,.T.);
#5380=EDGE_CURVE('',#6604,#6605,#7604,.T.);
#5381=EDGE_CURVE('',#6307,#6605,#7605,.T.);
#5382=EDGE_CURVE('',#6322,#5681,#7606,.T.);
#5383=EDGE_CURVE('',#6606,#5680,#7607,.T.);
#5384=EDGE_CURVE('',#6607,#6606,#7608,.T.);
#5385=EDGE_CURVE('',#6323,#6607,#7609,.T.);
#5386=EDGE_CURVE('',#6606,#6608,#736,.T.);
#5387=EDGE_CURVE('',#6608,#5727,#7610,.T.);
#5388=EDGE_CURVE('',#6608,#6609,#7611,.T.);
#5389=EDGE_CURVE('',#6609,#5726,#7612,.T.);
#5390=EDGE_CURVE('',#6610,#5725,#7613,.T.);
#5391=EDGE_CURVE('',#6610,#6609,#737,.T.);
#5392=EDGE_CURVE('',#6611,#5724,#7614,.T.);
#5393=EDGE_CURVE('',#6611,#6610,#7615,.T.);
#5394=EDGE_CURVE('',#6611,#6612,#738,.T.);
#5395=EDGE_CURVE('',#6612,#5723,#7616,.T.);
#5396=EDGE_CURVE('',#6612,#6613,#7617,.T.);
#5397=EDGE_CURVE('',#6613,#5722,#7618,.T.);
#5398=EDGE_CURVE('',#6613,#6614,#739,.T.);
#5399=EDGE_CURVE('',#6614,#5721,#7619,.T.);
#5400=EDGE_CURVE('',#6614,#6615,#7620,.T.);
#5401=EDGE_CURVE('',#6615,#5720,#7621,.T.);
#5402=EDGE_CURVE('',#6616,#5719,#7622,.T.);
#5403=EDGE_CURVE('',#6616,#6615,#740,.T.);
#5404=EDGE_CURVE('',#6616,#6617,#7623,.T.);
#5405=EDGE_CURVE('',#6617,#5718,#7624,.T.);
#5406=EDGE_CURVE('',#6617,#6618,#741,.T.);
#5407=EDGE_CURVE('',#6618,#5717,#7625,.T.);
#5408=EDGE_CURVE('',#6326,#6619,#7626,.T.);
#5409=EDGE_CURVE('',#6619,#6618,#7627,.T.);
#5410=EDGE_CURVE('',#6620,#5716,#7628,.T.);
#5411=EDGE_CURVE('',#6620,#6621,#7629,.T.);
#5412=EDGE_CURVE('',#6327,#6621,#7630,.T.);
#5413=EDGE_CURVE('',#6620,#6622,#742,.T.);
#5414=EDGE_CURVE('',#6622,#5715,#7631,.T.);
#5415=EDGE_CURVE('',#6623,#5714,#7632,.T.);
#5416=EDGE_CURVE('',#6623,#6622,#7633,.T.);
#5417=EDGE_CURVE('',#6623,#6624,#743,.T.);
#5418=EDGE_CURVE('',#6624,#5713,#7634,.T.);
#5419=EDGE_CURVE('',#6330,#6625,#7635,.T.);
#5420=EDGE_CURVE('',#6624,#6625,#7636,.T.);
#5421=EDGE_CURVE('',#6331,#5712,#7637,.T.);
#5422=EDGE_CURVE('',#6294,#6626,#7638,.T.);
#5423=EDGE_CURVE('',#6626,#6627,#7639,.T.);
#5424=EDGE_CURVE('',#6627,#5641,#7640,.T.);
#5425=EDGE_CURVE('',#6295,#5640,#7641,.T.);
#5426=EDGE_CURVE('',#6627,#6628,#744,.F.);
#5427=EDGE_CURVE('',#6628,#5642,#7642,.T.);
#5428=EDGE_CURVE('',#6628,#6629,#7643,.T.);
#5429=EDGE_CURVE('',#6629,#5643,#7644,.T.);
#5430=EDGE_CURVE('',#6630,#6629,#745,.F.);
#5431=EDGE_CURVE('',#6630,#5644,#7645,.T.);
#5432=EDGE_CURVE('',#6631,#6630,#7646,.T.);
#5433=EDGE_CURVE('',#6631,#5645,#7647,.T.);
#5434=EDGE_CURVE('',#6631,#6632,#746,.F.);
#5435=EDGE_CURVE('',#6632,#5646,#7648,.T.);
#5436=EDGE_CURVE('',#6632,#6633,#7649,.T.);
#5437=EDGE_CURVE('',#6633,#5647,#7650,.T.);
#5438=EDGE_CURVE('',#6633,#6634,#747,.F.);
#5439=EDGE_CURVE('',#6634,#5648,#7651,.T.);
#5440=EDGE_CURVE('',#6634,#6635,#7652,.T.);
#5441=EDGE_CURVE('',#6635,#5649,#7653,.T.);
#5442=EDGE_CURVE('',#6636,#6635,#748,.F.);
#5443=EDGE_CURVE('',#6636,#5650,#7654,.T.);
#5444=EDGE_CURVE('',#6636,#6637,#7655,.T.);
#5445=EDGE_CURVE('',#6637,#5651,#7656,.T.);
#5446=EDGE_CURVE('',#6637,#6638,#749,.F.);
#5447=EDGE_CURVE('',#6638,#5652,#7657,.T.);
#5448=EDGE_CURVE('',#6290,#6639,#7658,.T.);
#5449=EDGE_CURVE('',#6640,#6639,#7659,.T.);
#5450=EDGE_CURVE('',#6640,#5653,#7660,.T.);
#5451=EDGE_CURVE('',#6641,#6638,#7661,.T.);
#5452=EDGE_CURVE('',#6291,#6641,#7662,.T.);
#5453=EDGE_CURVE('',#6640,#6642,#750,.F.);
#5454=EDGE_CURVE('',#6642,#5654,#7663,.T.);
#5455=EDGE_CURVE('',#6643,#6642,#7664,.T.);
#5456=EDGE_CURVE('',#6643,#5655,#7665,.T.);
#5457=EDGE_CURVE('',#6643,#6644,#751,.F.);
#5458=EDGE_CURVE('',#6644,#5656,#7666,.T.);
#5459=EDGE_CURVE('',#6286,#5657,#7667,.T.);
#5460=EDGE_CURVE('',#6644,#6645,#7668,.T.);
#5461=EDGE_CURVE('',#6287,#6645,#7669,.T.);
#5462=EDGE_CURVE('',#6302,#5633,#7670,.T.);
#5463=EDGE_CURVE('',#6646,#5632,#7671,.T.);
#5464=EDGE_CURVE('',#6647,#6646,#7672,.T.);
#5465=EDGE_CURVE('',#6303,#6647,#7673,.T.);
#5466=EDGE_CURVE('',#6646,#6648,#752,.T.);
#5467=EDGE_CURVE('',#6648,#5679,#7674,.T.);
#5468=EDGE_CURVE('',#6648,#6649,#7675,.T.);
#5469=EDGE_CURVE('',#6649,#5678,#7676,.T.);
#5470=EDGE_CURVE('',#6650,#5677,#7677,.T.);
#5471=EDGE_CURVE('',#6650,#6649,#753,.T.);
#5472=EDGE_CURVE('',#6651,#5676,#7678,.T.);
#5473=EDGE_CURVE('',#6651,#6650,#7679,.T.);
#5474=EDGE_CURVE('',#6651,#6652,#754,.T.);
#5475=EDGE_CURVE('',#6652,#5675,#7680,.T.);
#5476=EDGE_CURVE('',#6652,#6653,#7681,.T.);
#5477=EDGE_CURVE('',#6653,#5674,#7682,.T.);
#5478=EDGE_CURVE('',#6653,#6654,#755,.T.);
#5479=EDGE_CURVE('',#6654,#5673,#7683,.T.);
#5480=EDGE_CURVE('',#6654,#6655,#7684,.T.);
#5481=EDGE_CURVE('',#6655,#5672,#7685,.T.);
#5482=EDGE_CURVE('',#6656,#5671,#7686,.T.);
#5483=EDGE_CURVE('',#6656,#6655,#756,.T.);
#5484=EDGE_CURVE('',#6656,#6657,#7687,.T.);
#5485=EDGE_CURVE('',#6657,#5670,#7688,.T.);
#5486=EDGE_CURVE('',#6657,#6658,#757,.T.);
#5487=EDGE_CURVE('',#6658,#5669,#7689,.T.);
#5488=EDGE_CURVE('',#6274,#6659,#7690,.T.);
#5489=EDGE_CURVE('',#6659,#6658,#7691,.T.);
#5490=EDGE_CURVE('',#6660,#5668,#7692,.T.);
#5491=EDGE_CURVE('',#6660,#6661,#7693,.T.);
#5492=EDGE_CURVE('',#6275,#6661,#7694,.T.);
#5493=EDGE_CURVE('',#6660,#6662,#758,.T.);
#5494=EDGE_CURVE('',#6662,#5667,#7695,.T.);
#5495=EDGE_CURVE('',#6663,#5666,#7696,.T.);
#5496=EDGE_CURVE('',#6663,#6662,#7697,.T.);
#5497=EDGE_CURVE('',#6663,#6664,#759,.T.);
#5498=EDGE_CURVE('',#6664,#5665,#7698,.T.);
#5499=EDGE_CURVE('',#6278,#6665,#7699,.T.);
#5500=EDGE_CURVE('',#6664,#6665,#7700,.T.);
#5501=EDGE_CURVE('',#6279,#5664,#7701,.T.);
#5502=EDGE_CURVE('',#6666,#6090,#7702,.T.);
#5503=EDGE_CURVE('',#6667,#6666,#7703,.T.);
#5504=EDGE_CURVE('',#6667,#6189,#7704,.T.);
#5505=EDGE_CURVE('',#6666,#6668,#760,.T.);
#5506=EDGE_CURVE('',#6668,#6089,#7705,.T.);
#5507=EDGE_CURVE('',#6668,#6669,#7706,.T.);
#5508=EDGE_CURVE('',#6669,#6088,#7707,.T.);
#5509=EDGE_CURVE('',#6670,#6087,#7708,.T.);
#5510=EDGE_CURVE('',#6670,#6669,#761,.T.);
#5511=EDGE_CURVE('',#6671,#6086,#7709,.T.);
#5512=EDGE_CURVE('',#6671,#6670,#7710,.T.);
#5513=EDGE_CURVE('',#6671,#6672,#762,.T.);
#5514=EDGE_CURVE('',#6672,#6085,#7711,.T.);
#5515=EDGE_CURVE('',#6672,#6673,#7712,.T.);
#5516=EDGE_CURVE('',#6673,#6084,#7713,.T.);
#5517=EDGE_CURVE('',#6673,#6674,#763,.T.);
#5518=EDGE_CURVE('',#6674,#6083,#7714,.T.);
#5519=EDGE_CURVE('',#6674,#6675,#7715,.T.);
#5520=EDGE_CURVE('',#6675,#6082,#7716,.T.);
#5521=EDGE_CURVE('',#6676,#6081,#7717,.T.);
#5522=EDGE_CURVE('',#6676,#6675,#764,.T.);
#5523=EDGE_CURVE('',#6676,#6677,#7718,.T.);
#5524=EDGE_CURVE('',#6677,#6080,#7719,.T.);
#5525=EDGE_CURVE('',#6677,#6678,#765,.T.);
#5526=EDGE_CURVE('',#6678,#6079,#7720,.T.);
#5527=EDGE_CURVE('',#6679,#6190,#7721,.T.);
#5528=EDGE_CURVE('',#6679,#6678,#7722,.T.);
#5529=EDGE_CURVE('',#6680,#6078,#7723,.T.);
#5530=EDGE_CURVE('',#6680,#6681,#7724,.T.);
#5531=EDGE_CURVE('',#6191,#6681,#7725,.T.);
#5532=EDGE_CURVE('',#6680,#6682,#766,.T.);
#5533=EDGE_CURVE('',#6682,#6077,#7726,.T.);
#5534=EDGE_CURVE('',#6683,#6076,#7727,.T.);
#5535=EDGE_CURVE('',#6683,#6682,#7728,.T.);
#5536=EDGE_CURVE('',#6683,#6684,#767,.T.);
#5537=EDGE_CURVE('',#6684,#6075,#7729,.T.);
#5538=EDGE_CURVE('',#6194,#6685,#7730,.T.);
#5539=EDGE_CURVE('',#6684,#6685,#7731,.T.);
#5540=EDGE_CURVE('',#6685,#6686,#768,.T.);
#5541=EDGE_CURVE('',#6687,#6686,#7732,.T.);
#5542=EDGE_CURVE('',#6687,#6681,#769,.T.);
#5543=EDGE_CURVE('',#6193,#6686,#7733,.T.);
#5544=EDGE_CURVE('',#6192,#6687,#7734,.T.);
#5545=EDGE_CURVE('',#6667,#6679,#7735,.T.);
#5546=EDGE_CURVE('',#6665,#6688,#770,.T.);
#5547=EDGE_CURVE('',#6689,#6688,#7736,.T.);
#5548=EDGE_CURVE('',#6689,#6661,#771,.T.);
#5549=EDGE_CURVE('',#6277,#6688,#7737,.T.);
#5550=EDGE_CURVE('',#6276,#6689,#7738,.T.);
#5551=EDGE_CURVE('',#6305,#6690,#7739,.T.);
#5552=EDGE_CURVE('',#6659,#6690,#772,.T.);
#5553=EDGE_CURVE('',#6691,#6647,#773,.T.);
#5554=EDGE_CURVE('',#6304,#6691,#7740,.T.);
#5555=EDGE_CURVE('',#6690,#6691,#7741,.T.);
#5556=EDGE_CURVE('',#6692,#6639,#774,.T.);
#5557=EDGE_CURVE('',#6692,#6693,#7742,.T.);
#5558=EDGE_CURVE('',#6645,#6693,#775,.T.);
#5559=EDGE_CURVE('',#6289,#6692,#7743,.T.);
#5560=EDGE_CURVE('',#6288,#6693,#7744,.T.);
#5561=EDGE_CURVE('',#6292,#6694,#7745,.T.);
#5562=EDGE_CURVE('',#6694,#6695,#7746,.T.);
#5563=EDGE_CURVE('',#6293,#6695,#7747,.T.);
#5564=EDGE_CURVE('',#6695,#6626,#776,.T.);
#5565=EDGE_CURVE('',#6641,#6694,#777,.T.);
#5566=EDGE_CURVE('',#6625,#6696,#778,.T.);
#5567=EDGE_CURVE('',#6697,#6696,#7748,.T.);
#5568=EDGE_CURVE('',#6697,#6621,#779,.T.);
#5569=EDGE_CURVE('',#6329,#6696,#7749,.T.);
#5570=EDGE_CURVE('',#6328,#6697,#7750,.T.);
#5571=EDGE_CURVE('',#6325,#6698,#7751,.T.);
#5572=EDGE_CURVE('',#6619,#6698,#780,.T.);
#5573=EDGE_CURVE('',#6699,#6607,#781,.T.);
#5574=EDGE_CURVE('',#6324,#6699,#7752,.T.);
#5575=EDGE_CURVE('',#6698,#6699,#7753,.T.);
#5576=EDGE_CURVE('',#6700,#6599,#782,.T.);
#5577=EDGE_CURVE('',#6700,#6701,#7754,.T.);
#5578=EDGE_CURVE('',#6605,#6701,#783,.T.);
#5579=EDGE_CURVE('',#6309,#6700,#7755,.T.);
#5580=EDGE_CURVE('',#6308,#6701,#7756,.T.);
#5581=EDGE_CURVE('',#6312,#6702,#7757,.T.);
#5582=EDGE_CURVE('',#6702,#6703,#7758,.T.);
#5583=EDGE_CURVE('',#6313,#6703,#7759,.T.);
#5584=EDGE_CURVE('',#6703,#6586,#784,.T.);
#5585=EDGE_CURVE('',#6601,#6702,#785,.T.);
#5586=EDGE_CURVE('',#6183,#6098,#7760,.T.);
#5587=EDGE_CURVE('',#6184,#6097,#7761,.T.);
#5588=EDGE_CURVE('',#6185,#6096,#7762,.T.);
#5589=EDGE_CURVE('',#6180,#6101,#7763,.T.);
#5590=EDGE_CURVE('',#6181,#6100,#7764,.T.);
#5591=EDGE_CURVE('',#6182,#6099,#7765,.T.);
#5592=EDGE_CURVE('',#6177,#6106,#7766,.T.);
#5593=EDGE_CURVE('',#6178,#6105,#7767,.T.);
#5594=EDGE_CURVE('',#6179,#6104,#7768,.T.);
#5595=EDGE_CURVE('',#6174,#6109,#7769,.T.);
#5596=EDGE_CURVE('',#6175,#6108,#7770,.T.);
#5597=EDGE_CURVE('',#6176,#6107,#7771,.T.);
#5598=EDGE_CURVE('',#6169,#6118,#7772,.T.);
#5599=EDGE_CURVE('',#6170,#6117,#7773,.T.);
#5600=EDGE_CURVE('',#6171,#6116,#7774,.T.);
#5601=EDGE_CURVE('',#6166,#6121,#7775,.T.);
#5602=EDGE_CURVE('',#6167,#6120,#7776,.T.);
#5603=EDGE_CURVE('',#6168,#6119,#7777,.T.);
#5604=EDGE_CURVE('',#6164,#6125,#7778,.T.);
#5605=EDGE_CURVE('',#6165,#6124,#7779,.T.);
#5606=EDGE_CURVE('',#6160,#6129,#7780,.T.);
#5607=EDGE_CURVE('',#6161,#6128,#7781,.T.);
#5608=EDGE_CURVE('',#6162,#6127,#7782,.T.);
#5609=EDGE_CURVE('',#6163,#6126,#7783,.T.);
#5610=EDGE_CURVE('',#6059,#6208,#7784,.T.);
#5611=EDGE_CURVE('',#6058,#6209,#7785,.T.);
#5612=EDGE_CURVE('',#6061,#6206,#7786,.T.);
#5613=EDGE_CURVE('',#6060,#6207,#7787,.T.);
#5614=EDGE_CURVE('',#6063,#6204,#7788,.T.);
#5615=EDGE_CURVE('',#6062,#6205,#7789,.T.);
#5616=EDGE_CURVE('',#6065,#6202,#7790,.T.);
#5617=EDGE_CURVE('',#6064,#6203,#7791,.T.);
#5618=EDGE_CURVE('',#6067,#6200,#7792,.T.);
#5619=EDGE_CURVE('',#6066,#6201,#7793,.T.);
#5620=EDGE_CURVE('',#6069,#6198,#7794,.T.);
#5621=EDGE_CURVE('',#6068,#6199,#7795,.T.);
#5622=EDGE_CURVE('',#6071,#6196,#7796,.T.);
#5623=EDGE_CURVE('',#6070,#6197,#7797,.T.);
#5624=EDGE_CURVE('',#6072,#6195,#7798,.T.);
#5625=EDGE_CURVE('',#6057,#6158,#7799,.T.);
#5626=EDGE_CURVE('',#6056,#6159,#7800,.F.);
#5627=EDGE_CURVE('',#6188,#6093,#7801,.F.);
#5628=VERTEX_POINT('',#15258);
#5629=VERTEX_POINT('',#15259);
#5630=VERTEX_POINT('',#15261);
#5631=VERTEX_POINT('',#15263);
#5632=VERTEX_POINT('',#15267);
#5633=VERTEX_POINT('',#15268);
#5634=VERTEX_POINT('',#15270);
#5635=VERTEX_POINT('',#15272);
#5636=VERTEX_POINT('',#15274);
#5637=VERTEX_POINT('',#15276);
#5638=VERTEX_POINT('',#15278);
#5639=VERTEX_POINT('',#15280);
#5640=VERTEX_POINT('',#15282);
#5641=VERTEX_POINT('',#15284);
#5642=VERTEX_POINT('',#15286);
#5643=VERTEX_POINT('',#15288);
#5644=VERTEX_POINT('',#15290);
#5645=VERTEX_POINT('',#15292);
#5646=VERTEX_POINT('',#15294);
#5647=VERTEX_POINT('',#15296);
#5648=VERTEX_POINT('',#15298);
#5649=VERTEX_POINT('',#15300);
#5650=VERTEX_POINT('',#15302);
#5651=VERTEX_POINT('',#15304);
#5652=VERTEX_POINT('',#15306);
#5653=VERTEX_POINT('',#15308);
#5654=VERTEX_POINT('',#15310);
#5655=VERTEX_POINT('',#15312);
#5656=VERTEX_POINT('',#15314);
#5657=VERTEX_POINT('',#15316);
#5658=VERTEX_POINT('',#15318);
#5659=VERTEX_POINT('',#15320);
#5660=VERTEX_POINT('',#15322);
#5661=VERTEX_POINT('',#15324);
#5662=VERTEX_POINT('',#15326);
#5663=VERTEX_POINT('',#15328);
#5664=VERTEX_POINT('',#15330);
#5665=VERTEX_POINT('',#15332);
#5666=VERTEX_POINT('',#15334);
#5667=VERTEX_POINT('',#15336);
#5668=VERTEX_POINT('',#15338);
#5669=VERTEX_POINT('',#15340);
#5670=VERTEX_POINT('',#15342);
#5671=VERTEX_POINT('',#15344);
#5672=VERTEX_POINT('',#15346);
#5673=VERTEX_POINT('',#15348);
#5674=VERTEX_POINT('',#15350);
#5675=VERTEX_POINT('',#15352);
#5676=VERTEX_POINT('',#15354);
#5677=VERTEX_POINT('',#15356);
#5678=VERTEX_POINT('',#15358);
#5679=VERTEX_POINT('',#15360);
#5680=VERTEX_POINT('',#15363);
#5681=VERTEX_POINT('',#15364);
#5682=VERTEX_POINT('',#15366);
#5683=VERTEX_POINT('',#15368);
#5684=VERTEX_POINT('',#15370);
#5685=VERTEX_POINT('',#15372);
#5686=VERTEX_POINT('',#15374);
#5687=VERTEX_POINT('',#15376);
#5688=VERTEX_POINT('',#15378);
#5689=VERTEX_POINT('',#15380);
#5690=VERTEX_POINT('',#15382);
#5691=VERTEX_POINT('',#15384);
#5692=VERTEX_POINT('',#15386);
#5693=VERTEX_POINT('',#15388);
#5694=VERTEX_POINT('',#15390);
#5695=VERTEX_POINT('',#15392);
#5696=VERTEX_POINT('',#15394);
#5697=VERTEX_POINT('',#15396);
#5698=VERTEX_POINT('',#15398);
#5699=VERTEX_POINT('',#15400);
#5700=VERTEX_POINT('',#15402);
#5701=VERTEX_POINT('',#15404);
#5702=VERTEX_POINT('',#15406);
#5703=VERTEX_POINT('',#15408);
#5704=VERTEX_POINT('',#15410);
#5705=VERTEX_POINT('',#15412);
#5706=VERTEX_POINT('',#15414);
#5707=VERTEX_POINT('',#15416);
#5708=VERTEX_POINT('',#15418);
#5709=VERTEX_POINT('',#15420);
#5710=VERTEX_POINT('',#15422);
#5711=VERTEX_POINT('',#15424);
#5712=VERTEX_POINT('',#15426);
#5713=VERTEX_POINT('',#15428);
#5714=VERTEX_POINT('',#15430);
#5715=VERTEX_POINT('',#15432);
#5716=VERTEX_POINT('',#15434);
#5717=VERTEX_POINT('',#15436);
#5718=VERTEX_POINT('',#15438);
#5719=VERTEX_POINT('',#15440);
#5720=VERTEX_POINT('',#15442);
#5721=VERTEX_POINT('',#15444);
#5722=VERTEX_POINT('',#15446);
#5723=VERTEX_POINT('',#15448);
#5724=VERTEX_POINT('',#15450);
#5725=VERTEX_POINT('',#15452);
#5726=VERTEX_POINT('',#15454);
#5727=VERTEX_POINT('',#15456);
#5728=VERTEX_POINT('',#15459);
#5729=VERTEX_POINT('',#15460);
#5730=VERTEX_POINT('',#15462);
#5731=VERTEX_POINT('',#15464);
#5732=VERTEX_POINT('',#15466);
#5733=VERTEX_POINT('',#15468);
#5734=VERTEX_POINT('',#15470);
#5735=VERTEX_POINT('',#15472);
#5736=VERTEX_POINT('',#15475);
#5737=VERTEX_POINT('',#15476);
#5738=VERTEX_POINT('',#15478);
#5739=VERTEX_POINT('',#15480);
#5740=VERTEX_POINT('',#15482);
#5741=VERTEX_POINT('',#15484);
#5742=VERTEX_POINT('',#15486);
#5743=VERTEX_POINT('',#15488);
#5744=VERTEX_POINT('',#15491);
#5745=VERTEX_POINT('',#15492);
#5746=VERTEX_POINT('',#15494);
#5747=VERTEX_POINT('',#15496);
#5748=VERTEX_POINT('',#15498);
#5749=VERTEX_POINT('',#15500);
#5750=VERTEX_POINT('',#15502);
#5751=VERTEX_POINT('',#15504);
#5752=VERTEX_POINT('',#15507);
#5753=VERTEX_POINT('',#15508);
#5754=VERTEX_POINT('',#15510);
#5755=VERTEX_POINT('',#15512);
#5756=VERTEX_POINT('',#15514);
#5757=VERTEX_POINT('',#15516);
#5758=VERTEX_POINT('',#15518);
#5759=VERTEX_POINT('',#15520);
#5760=VERTEX_POINT('',#15523);
#5761=VERTEX_POINT('',#15524);
#5762=VERTEX_POINT('',#15526);
#5763=VERTEX_POINT('',#15528);
#5764=VERTEX_POINT('',#15530);
#5765=VERTEX_POINT('',#15532);
#5766=VERTEX_POINT('',#15534);
#5767=VERTEX_POINT('',#15536);
#5768=VERTEX_POINT('',#15539);
#5769=VERTEX_POINT('',#15540);
#5770=VERTEX_POINT('',#15542);
#5771=VERTEX_POINT('',#15544);
#5772=VERTEX_POINT('',#15546);
#5773=VERTEX_POINT('',#15548);
#5774=VERTEX_POINT('',#15550);
#5775=VERTEX_POINT('',#15552);
#5776=VERTEX_POINT('',#15555);
#5777=VERTEX_POINT('',#15556);
#5778=VERTEX_POINT('',#15558);
#5779=VERTEX_POINT('',#15560);
#5780=VERTEX_POINT('',#15562);
#5781=VERTEX_POINT('',#15564);
#5782=VERTEX_POINT('',#15566);
#5783=VERTEX_POINT('',#15568);
#5784=VERTEX_POINT('',#15571);
#5785=VERTEX_POINT('',#15572);
#5786=VERTEX_POINT('',#15574);
#5787=VERTEX_POINT('',#15576);
#5788=VERTEX_POINT('',#15578);
#5789=VERTEX_POINT('',#15580);
#5790=VERTEX_POINT('',#15582);
#5791=VERTEX_POINT('',#15584);
#5792=VERTEX_POINT('',#15587);
#5793=VERTEX_POINT('',#15588);
#5794=VERTEX_POINT('',#15590);
#5795=VERTEX_POINT('',#15592);
#5796=VERTEX_POINT('',#15594);
#5797=VERTEX_POINT('',#15596);
#5798=VERTEX_POINT('',#15598);
#5799=VERTEX_POINT('',#15600);
#5800=VERTEX_POINT('',#15603);
#5801=VERTEX_POINT('',#15604);
#5802=VERTEX_POINT('',#15606);
#5803=VERTEX_POINT('',#15608);
#5804=VERTEX_POINT('',#15610);
#5805=VERTEX_POINT('',#15612);
#5806=VERTEX_POINT('',#15614);
#5807=VERTEX_POINT('',#15616);
#5808=VERTEX_POINT('',#15619);
#5809=VERTEX_POINT('',#15620);
#5810=VERTEX_POINT('',#15622);
#5811=VERTEX_POINT('',#15624);
#5812=VERTEX_POINT('',#15626);
#5813=VERTEX_POINT('',#15628);
#5814=VERTEX_POINT('',#15630);
#5815=VERTEX_POINT('',#15632);
#5816=VERTEX_POINT('',#15635);
#5817=VERTEX_POINT('',#15636);
#5818=VERTEX_POINT('',#15638);
#5819=VERTEX_POINT('',#15640);
#5820=VERTEX_POINT('',#15642);
#5821=VERTEX_POINT('',#15644);
#5822=VERTEX_POINT('',#15646);
#5823=VERTEX_POINT('',#15648);
#5824=VERTEX_POINT('',#15651);
#5825=VERTEX_POINT('',#15652);
#5826=VERTEX_POINT('',#15654);
#5827=VERTEX_POINT('',#15656);
#5828=VERTEX_POINT('',#15658);
#5829=VERTEX_POINT('',#15660);
#5830=VERTEX_POINT('',#15662);
#5831=VERTEX_POINT('',#15664);
#5832=VERTEX_POINT('',#15667);
#5833=VERTEX_POINT('',#15668);
#5834=VERTEX_POINT('',#15670);
#5835=VERTEX_POINT('',#15672);
#5836=VERTEX_POINT('',#15674);
#5837=VERTEX_POINT('',#15676);
#5838=VERTEX_POINT('',#15678);
#5839=VERTEX_POINT('',#15680);
#5840=VERTEX_POINT('',#15683);
#5841=VERTEX_POINT('',#15684);
#5842=VERTEX_POINT('',#15686);
#5843=VERTEX_POINT('',#15688);
#5844=VERTEX_POINT('',#15690);
#5845=VERTEX_POINT('',#15692);
#5846=VERTEX_POINT('',#15694);
#5847=VERTEX_POINT('',#15696);
#5848=VERTEX_POINT('',#15699);
#5849=VERTEX_POINT('',#15700);
#5850=VERTEX_POINT('',#15702);
#5851=VERTEX_POINT('',#15704);
#5852=VERTEX_POINT('',#15706);
#5853=VERTEX_POINT('',#15708);
#5854=VERTEX_POINT('',#15710);
#5855=VERTEX_POINT('',#15712);
#5856=VERTEX_POINT('',#15715);
#5857=VERTEX_POINT('',#15716);
#5858=VERTEX_POINT('',#15718);
#5859=VERTEX_POINT('',#15720);
#5860=VERTEX_POINT('',#15722);
#5861=VERTEX_POINT('',#15724);
#5862=VERTEX_POINT('',#15726);
#5863=VERTEX_POINT('',#15728);
#5864=VERTEX_POINT('',#15731);
#5865=VERTEX_POINT('',#15732);
#5866=VERTEX_POINT('',#15734);
#5867=VERTEX_POINT('',#15736);
#5868=VERTEX_POINT('',#15738);
#5869=VERTEX_POINT('',#15740);
#5870=VERTEX_POINT('',#15742);
#5871=VERTEX_POINT('',#15744);
#5872=VERTEX_POINT('',#15747);
#5873=VERTEX_POINT('',#15748);
#5874=VERTEX_POINT('',#15750);
#5875=VERTEX_POINT('',#15752);
#5876=VERTEX_POINT('',#15754);
#5877=VERTEX_POINT('',#15756);
#5878=VERTEX_POINT('',#15758);
#5879=VERTEX_POINT('',#15760);
#5880=VERTEX_POINT('',#15763);
#5881=VERTEX_POINT('',#15764);
#5882=VERTEX_POINT('',#15766);
#5883=VERTEX_POINT('',#15768);
#5884=VERTEX_POINT('',#15770);
#5885=VERTEX_POINT('',#15772);
#5886=VERTEX_POINT('',#15774);
#5887=VERTEX_POINT('',#15776);
#5888=VERTEX_POINT('',#15779);
#5889=VERTEX_POINT('',#15780);
#5890=VERTEX_POINT('',#15782);
#5891=VERTEX_POINT('',#15784);
#5892=VERTEX_POINT('',#15786);
#5893=VERTEX_POINT('',#15788);
#5894=VERTEX_POINT('',#15790);
#5895=VERTEX_POINT('',#15792);
#5896=VERTEX_POINT('',#15795);
#5897=VERTEX_POINT('',#15796);
#5898=VERTEX_POINT('',#15798);
#5899=VERTEX_POINT('',#15800);
#5900=VERTEX_POINT('',#15802);
#5901=VERTEX_POINT('',#15804);
#5902=VERTEX_POINT('',#15806);
#5903=VERTEX_POINT('',#15808);
#5904=VERTEX_POINT('',#15811);
#5905=VERTEX_POINT('',#15812);
#5906=VERTEX_POINT('',#15814);
#5907=VERTEX_POINT('',#15816);
#5908=VERTEX_POINT('',#15818);
#5909=VERTEX_POINT('',#15820);
#5910=VERTEX_POINT('',#15822);
#5911=VERTEX_POINT('',#15824);
#5912=VERTEX_POINT('',#15827);
#5913=VERTEX_POINT('',#15828);
#5914=VERTEX_POINT('',#15830);
#5915=VERTEX_POINT('',#15832);
#5916=VERTEX_POINT('',#15834);
#5917=VERTEX_POINT('',#15836);
#5918=VERTEX_POINT('',#15838);
#5919=VERTEX_POINT('',#15840);
#5920=VERTEX_POINT('',#15843);
#5921=VERTEX_POINT('',#15844);
#5922=VERTEX_POINT('',#15846);
#5923=VERTEX_POINT('',#15848);
#5924=VERTEX_POINT('',#15850);
#5925=VERTEX_POINT('',#15852);
#5926=VERTEX_POINT('',#15854);
#5927=VERTEX_POINT('',#15856);
#5928=VERTEX_POINT('',#15859);
#5929=VERTEX_POINT('',#15860);
#5930=VERTEX_POINT('',#15862);
#5931=VERTEX_POINT('',#15864);
#5932=VERTEX_POINT('',#15866);
#5933=VERTEX_POINT('',#15868);
#5934=VERTEX_POINT('',#15870);
#5935=VERTEX_POINT('',#15872);
#5936=VERTEX_POINT('',#15875);
#5937=VERTEX_POINT('',#15876);
#5938=VERTEX_POINT('',#15878);
#5939=VERTEX_POINT('',#15880);
#5940=VERTEX_POINT('',#15882);
#5941=VERTEX_POINT('',#15884);
#5942=VERTEX_POINT('',#15886);
#5943=VERTEX_POINT('',#15888);
#5944=VERTEX_POINT('',#15891);
#5945=VERTEX_POINT('',#15892);
#5946=VERTEX_POINT('',#15894);
#5947=VERTEX_POINT('',#15896);
#5948=VERTEX_POINT('',#15898);
#5949=VERTEX_POINT('',#15900);
#5950=VERTEX_POINT('',#15902);
#5951=VERTEX_POINT('',#15904);
#5952=VERTEX_POINT('',#15907);
#5953=VERTEX_POINT('',#15908);
#5954=VERTEX_POINT('',#15910);
#5955=VERTEX_POINT('',#15912);
#5956=VERTEX_POINT('',#15914);
#5957=VERTEX_POINT('',#15916);
#5958=VERTEX_POINT('',#15918);
#5959=VERTEX_POINT('',#15920);
#5960=VERTEX_POINT('',#15923);
#5961=VERTEX_POINT('',#15924);
#5962=VERTEX_POINT('',#15926);
#5963=VERTEX_POINT('',#15928);
#5964=VERTEX_POINT('',#15930);
#5965=VERTEX_POINT('',#15932);
#5966=VERTEX_POINT('',#15934);
#5967=VERTEX_POINT('',#15936);
#5968=VERTEX_POINT('',#15939);
#5969=VERTEX_POINT('',#15940);
#5970=VERTEX_POINT('',#15942);
#5971=VERTEX_POINT('',#15944);
#5972=VERTEX_POINT('',#15946);
#5973=VERTEX_POINT('',#15948);
#5974=VERTEX_POINT('',#15950);
#5975=VERTEX_POINT('',#15952);
#5976=VERTEX_POINT('',#15955);
#5977=VERTEX_POINT('',#15956);
#5978=VERTEX_POINT('',#15958);
#5979=VERTEX_POINT('',#15960);
#5980=VERTEX_POINT('',#15962);
#5981=VERTEX_POINT('',#15964);
#5982=VERTEX_POINT('',#15966);
#5983=VERTEX_POINT('',#15968);
#5984=VERTEX_POINT('',#15971);
#5985=VERTEX_POINT('',#15972);
#5986=VERTEX_POINT('',#15974);
#5987=VERTEX_POINT('',#15976);
#5988=VERTEX_POINT('',#15978);
#5989=VERTEX_POINT('',#15980);
#5990=VERTEX_POINT('',#15982);
#5991=VERTEX_POINT('',#15984);
#5992=VERTEX_POINT('',#15987);
#5993=VERTEX_POINT('',#15988);
#5994=VERTEX_POINT('',#15990);
#5995=VERTEX_POINT('',#15992);
#5996=VERTEX_POINT('',#15994);
#5997=VERTEX_POINT('',#15996);
#5998=VERTEX_POINT('',#15998);
#5999=VERTEX_POINT('',#16000);
#6000=VERTEX_POINT('',#16003);
#6001=VERTEX_POINT('',#16004);
#6002=VERTEX_POINT('',#16006);
#6003=VERTEX_POINT('',#16008);
#6004=VERTEX_POINT('',#16010);
#6005=VERTEX_POINT('',#16012);
#6006=VERTEX_POINT('',#16014);
#6007=VERTEX_POINT('',#16016);
#6008=VERTEX_POINT('',#16019);
#6009=VERTEX_POINT('',#16020);
#6010=VERTEX_POINT('',#16022);
#6011=VERTEX_POINT('',#16024);
#6012=VERTEX_POINT('',#16026);
#6013=VERTEX_POINT('',#16028);
#6014=VERTEX_POINT('',#16030);
#6015=VERTEX_POINT('',#16032);
#6016=VERTEX_POINT('',#16035);
#6017=VERTEX_POINT('',#16036);
#6018=VERTEX_POINT('',#16038);
#6019=VERTEX_POINT('',#16040);
#6020=VERTEX_POINT('',#16042);
#6021=VERTEX_POINT('',#16044);
#6022=VERTEX_POINT('',#16046);
#6023=VERTEX_POINT('',#16048);
#6024=VERTEX_POINT('',#16051);
#6025=VERTEX_POINT('',#16052);
#6026=VERTEX_POINT('',#16054);
#6027=VERTEX_POINT('',#16056);
#6028=VERTEX_POINT('',#16058);
#6029=VERTEX_POINT('',#16060);
#6030=VERTEX_POINT('',#16062);
#6031=VERTEX_POINT('',#16064);
#6032=VERTEX_POINT('',#16067);
#6033=VERTEX_POINT('',#16068);
#6034=VERTEX_POINT('',#16070);
#6035=VERTEX_POINT('',#16072);
#6036=VERTEX_POINT('',#16074);
#6037=VERTEX_POINT('',#16076);
#6038=VERTEX_POINT('',#16078);
#6039=VERTEX_POINT('',#16080);
#6040=VERTEX_POINT('',#16083);
#6041=VERTEX_POINT('',#16084);
#6042=VERTEX_POINT('',#16086);
#6043=VERTEX_POINT('',#16088);
#6044=VERTEX_POINT('',#16090);
#6045=VERTEX_POINT('',#16092);
#6046=VERTEX_POINT('',#16094);
#6047=VERTEX_POINT('',#16096);
#6048=VERTEX_POINT('',#16099);
#6049=VERTEX_POINT('',#16100);
#6050=VERTEX_POINT('',#16102);
#6051=VERTEX_POINT('',#16104);
#6052=VERTEX_POINT('',#16106);
#6053=VERTEX_POINT('',#16108);
#6054=VERTEX_POINT('',#16110);
#6055=VERTEX_POINT('',#16112);
#6056=VERTEX_POINT('',#16115);
#6057=VERTEX_POINT('',#16117);
#6058=VERTEX_POINT('',#16119);
#6059=VERTEX_POINT('',#16121);
#6060=VERTEX_POINT('',#16123);
#6061=VERTEX_POINT('',#16125);
#6062=VERTEX_POINT('',#16127);
#6063=VERTEX_POINT('',#16129);
#6064=VERTEX_POINT('',#16131);
#6065=VERTEX_POINT('',#16133);
#6066=VERTEX_POINT('',#16135);
#6067=VERTEX_POINT('',#16137);
#6068=VERTEX_POINT('',#16139);
#6069=VERTEX_POINT('',#16141);
#6070=VERTEX_POINT('',#16143);
#6071=VERTEX_POINT('',#16145);
#6072=VERTEX_POINT('',#16147);
#6073=VERTEX_POINT('',#16149);
#6074=VERTEX_POINT('',#16151);
#6075=VERTEX_POINT('',#16153);
#6076=VERTEX_POINT('',#16155);
#6077=VERTEX_POINT('',#16157);
#6078=VERTEX_POINT('',#16159);
#6079=VERTEX_POINT('',#16161);
#6080=VERTEX_POINT('',#16163);
#6081=VERTEX_POINT('',#16165);
#6082=VERTEX_POINT('',#16167);
#6083=VERTEX_POINT('',#16169);
#6084=VERTEX_POINT('',#16171);
#6085=VERTEX_POINT('',#16173);
#6086=VERTEX_POINT('',#16175);
#6087=VERTEX_POINT('',#16177);
#6088=VERTEX_POINT('',#16179);
#6089=VERTEX_POINT('',#16181);
#6090=VERTEX_POINT('',#16183);
#6091=VERTEX_POINT('',#16185);
#6092=VERTEX_POINT('',#16187);
#6093=VERTEX_POINT('',#16189);
#6094=VERTEX_POINT('',#16191);
#6095=VERTEX_POINT('',#16193);
#6096=VERTEX_POINT('',#16195);
#6097=VERTEX_POINT('',#16197);
#6098=VERTEX_POINT('',#16199);
#6099=VERTEX_POINT('',#16201);
#6100=VERTEX_POINT('',#16203);
#6101=VERTEX_POINT('',#16205);
#6102=VERTEX_POINT('',#16207);
#6103=VERTEX_POINT('',#16209);
#6104=VERTEX_POINT('',#16211);
#6105=VERTEX_POINT('',#16213);
#6106=VERTEX_POINT('',#16215);
#6107=VERTEX_POINT('',#16217);
#6108=VERTEX_POINT('',#16219);
#6109=VERTEX_POINT('',#16221);
#6110=VERTEX_POINT('',#16223);
#6111=VERTEX_POINT('',#16225);
#6112=VERTEX_POINT('',#16227);
#6113=VERTEX_POINT('',#16229);
#6114=VERTEX_POINT('',#16231);
#6115=VERTEX_POINT('',#16233);
#6116=VERTEX_POINT('',#16235);
#6117=VERTEX_POINT('',#16237);
#6118=VERTEX_POINT('',#16239);
#6119=VERTEX_POINT('',#16241);
#6120=VERTEX_POINT('',#16243);
#6121=VERTEX_POINT('',#16245);
#6122=VERTEX_POINT('',#16247);
#6123=VERTEX_POINT('',#16249);
#6124=VERTEX_POINT('',#16251);
#6125=VERTEX_POINT('',#16253);
#6126=VERTEX_POINT('',#16255);
#6127=VERTEX_POINT('',#16257);
#6128=VERTEX_POINT('',#16259);
#6129=VERTEX_POINT('',#16261);
#6130=VERTEX_POINT('',#16265);
#6131=VERTEX_POINT('',#16266);
#6132=VERTEX_POINT('',#16271);
#6133=VERTEX_POINT('',#16272);
#6134=VERTEX_POINT('',#16277);
#6135=VERTEX_POINT('',#16279);
#6136=VERTEX_POINT('',#16283);
#6137=VERTEX_POINT('',#16284);
#6138=VERTEX_POINT('',#16289);
#6139=VERTEX_POINT('',#16290);
#6140=VERTEX_POINT('',#16295);
#6141=VERTEX_POINT('',#16299);
#6142=VERTEX_POINT('',#16303);
#6143=VERTEX_POINT('',#16304);
#6144=VERTEX_POINT('',#16309);
#6145=VERTEX_POINT('',#16310);
#6146=VERTEX_POINT('',#16315);
#6147=VERTEX_POINT('',#16319);
#6148=VERTEX_POINT('',#16323);
#6149=VERTEX_POINT('',#16327);
#6150=VERTEX_POINT('',#16331);
#6151=VERTEX_POINT('',#16335);
#6152=VERTEX_POINT('',#16339);
#6153=VERTEX_POINT('',#16343);
#6154=VERTEX_POINT('',#16347);
#6155=VERTEX_POINT('',#16349);
#6156=VERTEX_POINT('',#16353);
#6157=VERTEX_POINT('',#16355);
#6158=VERTEX_POINT('',#16359);
#6159=VERTEX_POINT('',#16360);
#6160=VERTEX_POINT('',#16363);
#6161=VERTEX_POINT('',#16365);
#6162=VERTEX_POINT('',#16367);
#6163=VERTEX_POINT('',#16369);
#6164=VERTEX_POINT('',#16371);
#6165=VERTEX_POINT('',#16373);
#6166=VERTEX_POINT('',#16376);
#6167=VERTEX_POINT('',#16378);
#6168=VERTEX_POINT('',#16380);
#6169=VERTEX_POINT('',#16382);
#6170=VERTEX_POINT('',#16384);
#6171=VERTEX_POINT('',#16386);
#6172=VERTEX_POINT('',#16389);
#6173=VERTEX_POINT('',#16391);
#6174=VERTEX_POINT('',#16394);
#6175=VERTEX_POINT('',#16396);
#6176=VERTEX_POINT('',#16398);
#6177=VERTEX_POINT('',#16400);
#6178=VERTEX_POINT('',#16402);
#6179=VERTEX_POINT('',#16404);
#6180=VERTEX_POINT('',#16407);
#6181=VERTEX_POINT('',#16409);
#6182=VERTEX_POINT('',#16411);
#6183=VERTEX_POINT('',#16413);
#6184=VERTEX_POINT('',#16415);
#6185=VERTEX_POINT('',#16417);
#6186=VERTEX_POINT('',#16419);
#6187=VERTEX_POINT('',#16421);
#6188=VERTEX_POINT('',#16423);
#6189=VERTEX_POINT('',#16426);
#6190=VERTEX_POINT('',#16428);
#6191=VERTEX_POINT('',#16430);
#6192=VERTEX_POINT('',#16432);
#6193=VERTEX_POINT('',#16434);
#6194=VERTEX_POINT('',#16436);
#6195=VERTEX_POINT('',#16439);
#6196=VERTEX_POINT('',#16441);
#6197=VERTEX_POINT('',#16443);
#6198=VERTEX_POINT('',#16445);
#6199=VERTEX_POINT('',#16447);
#6200=VERTEX_POINT('',#16449);
#6201=VERTEX_POINT('',#16451);
#6202=VERTEX_POINT('',#16453);
#6203=VERTEX_POINT('',#16455);
#6204=VERTEX_POINT('',#16457);
#6205=VERTEX_POINT('',#16459);
#6206=VERTEX_POINT('',#16461);
#6207=VERTEX_POINT('',#16463);
#6208=VERTEX_POINT('',#16465);
#6209=VERTEX_POINT('',#16467);
#6210=VERTEX_POINT('',#16470);
#6211=VERTEX_POINT('',#16472);
#6212=VERTEX_POINT('',#16474);
#6213=VERTEX_POINT('',#16476);
#6214=VERTEX_POINT('',#16479);
#6215=VERTEX_POINT('',#16481);
#6216=VERTEX_POINT('',#16484);
#6217=VERTEX_POINT('',#16485);
#6218=VERTEX_POINT('',#16487);
#6219=VERTEX_POINT('',#16489);
#6220=VERTEX_POINT('',#16491);
#6221=VERTEX_POINT('',#16493);
#6222=VERTEX_POINT('',#16495);
#6223=VERTEX_POINT('',#16497);
#6224=VERTEX_POINT('',#16500);
#6225=VERTEX_POINT('',#16502);
#6226=VERTEX_POINT('',#16505);
#6227=VERTEX_POINT('',#16506);
#6228=VERTEX_POINT('',#16508);
#6229=VERTEX_POINT('',#16510);
#6230=VERTEX_POINT('',#16512);
#6231=VERTEX_POINT('',#16514);
#6232=VERTEX_POINT('',#16516);
#6233=VERTEX_POINT('',#16518);
#6234=VERTEX_POINT('',#16521);
#6235=VERTEX_POINT('',#16522);
#6236=VERTEX_POINT('',#16524);
#6237=VERTEX_POINT('',#16526);
#6238=VERTEX_POINT('',#16528);
#6239=VERTEX_POINT('',#16530);
#6240=VERTEX_POINT('',#16532);
#6241=VERTEX_POINT('',#16534);
#6242=VERTEX_POINT('',#16537);
#6243=VERTEX_POINT('',#16538);
#6244=VERTEX_POINT('',#16540);
#6245=VERTEX_POINT('',#16542);
#6246=VERTEX_POINT('',#16544);
#6247=VERTEX_POINT('',#16546);
#6248=VERTEX_POINT('',#16548);
#6249=VERTEX_POINT('',#16550);
#6250=VERTEX_POINT('',#16553);
#6251=VERTEX_POINT('',#16554);
#6252=VERTEX_POINT('',#16556);
#6253=VERTEX_POINT('',#16558);
#6254=VERTEX_POINT('',#16560);
#6255=VERTEX_POINT('',#16562);
#6256=VERTEX_POINT('',#16564);
#6257=VERTEX_POINT('',#16566);
#6258=VERTEX_POINT('',#16569);
#6259=VERTEX_POINT('',#16570);
#6260=VERTEX_POINT('',#16572);
#6261=VERTEX_POINT('',#16574);
#6262=VERTEX_POINT('',#16576);
#6263=VERTEX_POINT('',#16578);
#6264=VERTEX_POINT('',#16580);
#6265=VERTEX_POINT('',#16582);
#6266=VERTEX_POINT('',#16585);
#6267=VERTEX_POINT('',#16586);
#6268=VERTEX_POINT('',#16588);
#6269=VERTEX_POINT('',#16590);
#6270=VERTEX_POINT('',#16592);
#6271=VERTEX_POINT('',#16594);
#6272=VERTEX_POINT('',#16596);
#6273=VERTEX_POINT('',#16598);
#6274=VERTEX_POINT('',#16601);
#6275=VERTEX_POINT('',#16602);
#6276=VERTEX_POINT('',#16604);
#6277=VERTEX_POINT('',#16606);
#6278=VERTEX_POINT('',#16608);
#6279=VERTEX_POINT('',#16610);
#6280=VERTEX_POINT('',#16612);
#6281=VERTEX_POINT('',#16614);
#6282=VERTEX_POINT('',#16616);
#6283=VERTEX_POINT('',#16618);
#6284=VERTEX_POINT('',#16620);
#6285=VERTEX_POINT('',#16622);
#6286=VERTEX_POINT('',#16624);
#6287=VERTEX_POINT('',#16626);
#6288=VERTEX_POINT('',#16628);
#6289=VERTEX_POINT('',#16630);
#6290=VERTEX_POINT('',#16632);
#6291=VERTEX_POINT('',#16634);
#6292=VERTEX_POINT('',#16636);
#6293=VERTEX_POINT('',#16638);
#6294=VERTEX_POINT('',#16640);
#6295=VERTEX_POINT('',#16642);
#6296=VERTEX_POINT('',#16644);
#6297=VERTEX_POINT('',#16646);
#6298=VERTEX_POINT('',#16648);
#6299=VERTEX_POINT('',#16650);
#6300=VERTEX_POINT('',#16652);
#6301=VERTEX_POINT('',#16654);
#6302=VERTEX_POINT('',#16656);
#6303=VERTEX_POINT('',#16658);
#6304=VERTEX_POINT('',#16660);
#6305=VERTEX_POINT('',#16662);
#6306=VERTEX_POINT('',#16665);
#6307=VERTEX_POINT('',#16666);
#6308=VERTEX_POINT('',#16668);
#6309=VERTEX_POINT('',#16670);
#6310=VERTEX_POINT('',#16672);
#6311=VERTEX_POINT('',#16674);
#6312=VERTEX_POINT('',#16676);
#6313=VERTEX_POINT('',#16678);
#6314=VERTEX_POINT('',#16680);
#6315=VERTEX_POINT('',#16682);
#6316=VERTEX_POINT('',#16684);
#6317=VERTEX_POINT('',#16686);
#6318=VERTEX_POINT('',#16688);
#6319=VERTEX_POINT('',#16690);
#6320=VERTEX_POINT('',#16692);
#6321=VERTEX_POINT('',#16694);
#6322=VERTEX_POINT('',#16696);
#6323=VERTEX_POINT('',#16698);
#6324=VERTEX_POINT('',#16700);
#6325=VERTEX_POINT('',#16702);
#6326=VERTEX_POINT('',#16704);
#6327=VERTEX_POINT('',#16706);
#6328=VERTEX_POINT('',#16708);
#6329=VERTEX_POINT('',#16710);
#6330=VERTEX_POINT('',#16712);
#6331=VERTEX_POINT('',#16714);
#6332=VERTEX_POINT('',#16716);
#6333=VERTEX_POINT('',#16718);
#6334=VERTEX_POINT('',#16720);
#6335=VERTEX_POINT('',#16722);
#6336=VERTEX_POINT('',#16724);
#6337=VERTEX_POINT('',#16726);
#6338=VERTEX_POINT('',#16729);
#6339=VERTEX_POINT('',#16730);
#6340=VERTEX_POINT('',#16732);
#6341=VERTEX_POINT('',#16734);
#6342=VERTEX_POINT('',#16736);
#6343=VERTEX_POINT('',#16738);
#6344=VERTEX_POINT('',#16740);
#6345=VERTEX_POINT('',#16742);
#6346=VERTEX_POINT('',#16745);
#6347=VERTEX_POINT('',#16746);
#6348=VERTEX_POINT('',#16748);
#6349=VERTEX_POINT('',#16750);
#6350=VERTEX_POINT('',#16752);
#6351=VERTEX_POINT('',#16754);
#6352=VERTEX_POINT('',#16756);
#6353=VERTEX_POINT('',#16758);
#6354=VERTEX_POINT('',#16761);
#6355=VERTEX_POINT('',#16762);
#6356=VERTEX_POINT('',#16764);
#6357=VERTEX_POINT('',#16766);
#6358=VERTEX_POINT('',#16768);
#6359=VERTEX_POINT('',#16770);
#6360=VERTEX_POINT('',#16772);
#6361=VERTEX_POINT('',#16774);
#6362=VERTEX_POINT('',#16777);
#6363=VERTEX_POINT('',#16778);
#6364=VERTEX_POINT('',#16780);
#6365=VERTEX_POINT('',#16782);
#6366=VERTEX_POINT('',#16784);
#6367=VERTEX_POINT('',#16786);
#6368=VERTEX_POINT('',#16788);
#6369=VERTEX_POINT('',#16790);
#6370=VERTEX_POINT('',#16793);
#6371=VERTEX_POINT('',#16794);
#6372=VERTEX_POINT('',#16796);
#6373=VERTEX_POINT('',#16798);
#6374=VERTEX_POINT('',#16800);
#6375=VERTEX_POINT('',#16802);
#6376=VERTEX_POINT('',#16804);
#6377=VERTEX_POINT('',#16806);
#6378=VERTEX_POINT('',#16809);
#6379=VERTEX_POINT('',#16810);
#6380=VERTEX_POINT('',#16812);
#6381=VERTEX_POINT('',#16814);
#6382=VERTEX_POINT('',#16816);
#6383=VERTEX_POINT('',#16818);
#6384=VERTEX_POINT('',#16820);
#6385=VERTEX_POINT('',#16822);
#6386=VERTEX_POINT('',#16825);
#6387=VERTEX_POINT('',#16826);
#6388=VERTEX_POINT('',#16828);
#6389=VERTEX_POINT('',#16830);
#6390=VERTEX_POINT('',#16832);
#6391=VERTEX_POINT('',#16834);
#6392=VERTEX_POINT('',#16836);
#6393=VERTEX_POINT('',#16838);
#6394=VERTEX_POINT('',#16841);
#6395=VERTEX_POINT('',#16842);
#6396=VERTEX_POINT('',#16844);
#6397=VERTEX_POINT('',#16846);
#6398=VERTEX_POINT('',#16848);
#6399=VERTEX_POINT('',#16850);
#6400=VERTEX_POINT('',#16852);
#6401=VERTEX_POINT('',#16854);
#6402=VERTEX_POINT('',#16857);
#6403=VERTEX_POINT('',#16858);
#6404=VERTEX_POINT('',#16860);
#6405=VERTEX_POINT('',#16862);
#6406=VERTEX_POINT('',#16864);
#6407=VERTEX_POINT('',#16866);
#6408=VERTEX_POINT('',#16868);
#6409=VERTEX_POINT('',#16870);
#6410=VERTEX_POINT('',#16873);
#6411=VERTEX_POINT('',#16874);
#6412=VERTEX_POINT('',#16876);
#6413=VERTEX_POINT('',#16878);
#6414=VERTEX_POINT('',#16880);
#6415=VERTEX_POINT('',#16882);
#6416=VERTEX_POINT('',#16884);
#6417=VERTEX_POINT('',#16886);
#6418=VERTEX_POINT('',#16889);
#6419=VERTEX_POINT('',#16890);
#6420=VERTEX_POINT('',#16892);
#6421=VERTEX_POINT('',#16894);
#6422=VERTEX_POINT('',#16896);
#6423=VERTEX_POINT('',#16898);
#6424=VERTEX_POINT('',#16900);
#6425=VERTEX_POINT('',#16902);
#6426=VERTEX_POINT('',#16905);
#6427=VERTEX_POINT('',#16906);
#6428=VERTEX_POINT('',#16908);
#6429=VERTEX_POINT('',#16910);
#6430=VERTEX_POINT('',#16912);
#6431=VERTEX_POINT('',#16914);
#6432=VERTEX_POINT('',#16916);
#6433=VERTEX_POINT('',#16918);
#6434=VERTEX_POINT('',#16921);
#6435=VERTEX_POINT('',#16922);
#6436=VERTEX_POINT('',#16924);
#6437=VERTEX_POINT('',#16926);
#6438=VERTEX_POINT('',#16928);
#6439=VERTEX_POINT('',#16930);
#6440=VERTEX_POINT('',#16932);
#6441=VERTEX_POINT('',#16934);
#6442=VERTEX_POINT('',#16937);
#6443=VERTEX_POINT('',#16938);
#6444=VERTEX_POINT('',#16940);
#6445=VERTEX_POINT('',#16942);
#6446=VERTEX_POINT('',#16944);
#6447=VERTEX_POINT('',#16946);
#6448=VERTEX_POINT('',#16948);
#6449=VERTEX_POINT('',#16950);
#6450=VERTEX_POINT('',#16953);
#6451=VERTEX_POINT('',#16954);
#6452=VERTEX_POINT('',#16956);
#6453=VERTEX_POINT('',#16958);
#6454=VERTEX_POINT('',#16960);
#6455=VERTEX_POINT('',#16962);
#6456=VERTEX_POINT('',#16964);
#6457=VERTEX_POINT('',#16966);
#6458=VERTEX_POINT('',#16969);
#6459=VERTEX_POINT('',#16970);
#6460=VERTEX_POINT('',#16972);
#6461=VERTEX_POINT('',#16974);
#6462=VERTEX_POINT('',#16976);
#6463=VERTEX_POINT('',#16978);
#6464=VERTEX_POINT('',#16980);
#6465=VERTEX_POINT('',#16982);
#6466=VERTEX_POINT('',#16985);
#6467=VERTEX_POINT('',#16986);
#6468=VERTEX_POINT('',#16988);
#6469=VERTEX_POINT('',#16990);
#6470=VERTEX_POINT('',#16992);
#6471=VERTEX_POINT('',#16994);
#6472=VERTEX_POINT('',#16996);
#6473=VERTEX_POINT('',#16998);
#6474=VERTEX_POINT('',#17001);
#6475=VERTEX_POINT('',#17002);
#6476=VERTEX_POINT('',#17004);
#6477=VERTEX_POINT('',#17006);
#6478=VERTEX_POINT('',#17008);
#6479=VERTEX_POINT('',#17010);
#6480=VERTEX_POINT('',#17012);
#6481=VERTEX_POINT('',#17014);
#6482=VERTEX_POINT('',#17017);
#6483=VERTEX_POINT('',#17018);
#6484=VERTEX_POINT('',#17020);
#6485=VERTEX_POINT('',#17022);
#6486=VERTEX_POINT('',#17024);
#6487=VERTEX_POINT('',#17026);
#6488=VERTEX_POINT('',#17028);
#6489=VERTEX_POINT('',#17030);
#6490=VERTEX_POINT('',#17033);
#6491=VERTEX_POINT('',#17034);
#6492=VERTEX_POINT('',#17036);
#6493=VERTEX_POINT('',#17038);
#6494=VERTEX_POINT('',#17040);
#6495=VERTEX_POINT('',#17042);
#6496=VERTEX_POINT('',#17044);
#6497=VERTEX_POINT('',#17046);
#6498=VERTEX_POINT('',#17049);
#6499=VERTEX_POINT('',#17050);
#6500=VERTEX_POINT('',#17052);
#6501=VERTEX_POINT('',#17054);
#6502=VERTEX_POINT('',#17056);
#6503=VERTEX_POINT('',#17058);
#6504=VERTEX_POINT('',#17060);
#6505=VERTEX_POINT('',#17062);
#6506=VERTEX_POINT('',#17065);
#6507=VERTEX_POINT('',#17066);
#6508=VERTEX_POINT('',#17068);
#6509=VERTEX_POINT('',#17070);
#6510=VERTEX_POINT('',#17072);
#6511=VERTEX_POINT('',#17074);
#6512=VERTEX_POINT('',#17076);
#6513=VERTEX_POINT('',#17078);
#6514=VERTEX_POINT('',#17081);
#6515=VERTEX_POINT('',#17082);
#6516=VERTEX_POINT('',#17084);
#6517=VERTEX_POINT('',#17086);
#6518=VERTEX_POINT('',#17088);
#6519=VERTEX_POINT('',#17090);
#6520=VERTEX_POINT('',#17092);
#6521=VERTEX_POINT('',#17094);
#6522=VERTEX_POINT('',#17097);
#6523=VERTEX_POINT('',#17098);
#6524=VERTEX_POINT('',#17100);
#6525=VERTEX_POINT('',#17102);
#6526=VERTEX_POINT('',#17104);
#6527=VERTEX_POINT('',#17106);
#6528=VERTEX_POINT('',#17108);
#6529=VERTEX_POINT('',#17110);
#6530=VERTEX_POINT('',#17113);
#6531=VERTEX_POINT('',#17114);
#6532=VERTEX_POINT('',#17116);
#6533=VERTEX_POINT('',#17118);
#6534=VERTEX_POINT('',#17120);
#6535=VERTEX_POINT('',#17122);
#6536=VERTEX_POINT('',#17124);
#6537=VERTEX_POINT('',#17126);
#6538=VERTEX_POINT('',#17129);
#6539=VERTEX_POINT('',#17130);
#6540=VERTEX_POINT('',#17132);
#6541=VERTEX_POINT('',#17134);
#6542=VERTEX_POINT('',#17136);
#6543=VERTEX_POINT('',#17138);
#6544=VERTEX_POINT('',#17140);
#6545=VERTEX_POINT('',#17142);
#6546=VERTEX_POINT('',#17145);
#6547=VERTEX_POINT('',#17146);
#6548=VERTEX_POINT('',#17148);
#6549=VERTEX_POINT('',#17150);
#6550=VERTEX_POINT('',#17152);
#6551=VERTEX_POINT('',#17154);
#6552=VERTEX_POINT('',#17156);
#6553=VERTEX_POINT('',#17158);
#6554=VERTEX_POINT('',#17161);
#6555=VERTEX_POINT('',#17162);
#6556=VERTEX_POINT('',#17164);
#6557=VERTEX_POINT('',#17166);
#6558=VERTEX_POINT('',#17168);
#6559=VERTEX_POINT('',#17170);
#6560=VERTEX_POINT('',#17172);
#6561=VERTEX_POINT('',#17174);
#6562=VERTEX_POINT('',#17177);
#6563=VERTEX_POINT('',#17178);
#6564=VERTEX_POINT('',#17180);
#6565=VERTEX_POINT('',#17182);
#6566=VERTEX_POINT('',#17184);
#6567=VERTEX_POINT('',#17186);
#6568=VERTEX_POINT('',#17188);
#6569=VERTEX_POINT('',#17190);
#6570=VERTEX_POINT('',#17193);
#6571=VERTEX_POINT('',#17194);
#6572=VERTEX_POINT('',#17196);
#6573=VERTEX_POINT('',#17198);
#6574=VERTEX_POINT('',#17200);
#6575=VERTEX_POINT('',#17202);
#6576=VERTEX_POINT('',#17204);
#6577=VERTEX_POINT('',#17206);
#6578=VERTEX_POINT('',#17209);
#6579=VERTEX_POINT('',#17210);
#6580=VERTEX_POINT('',#17212);
#6581=VERTEX_POINT('',#17214);
#6582=VERTEX_POINT('',#17216);
#6583=VERTEX_POINT('',#17218);
#6584=VERTEX_POINT('',#17220);
#6585=VERTEX_POINT('',#17222);
#6586=VERTEX_POINT('',#17904);
#6587=VERTEX_POINT('',#17906);
#6588=VERTEX_POINT('',#17911);
#6589=VERTEX_POINT('',#17915);
#6590=VERTEX_POINT('',#17919);
#6591=VERTEX_POINT('',#17923);
#6592=VERTEX_POINT('',#17927);
#6593=VERTEX_POINT('',#17931);
#6594=VERTEX_POINT('',#17935);
#6595=VERTEX_POINT('',#17939);
#6596=VERTEX_POINT('',#17943);
#6597=VERTEX_POINT('',#17947);
#6598=VERTEX_POINT('',#17951);
#6599=VERTEX_POINT('',#17955);
#6600=VERTEX_POINT('',#17957);
#6601=VERTEX_POINT('',#17960);
#6602=VERTEX_POINT('',#17964);
#6603=VERTEX_POINT('',#17968);
#6604=VERTEX_POINT('',#17972);
#6605=VERTEX_POINT('',#17977);
#6606=VERTEX_POINT('',#17985);
#6607=VERTEX_POINT('',#17987);
#6608=VERTEX_POINT('',#17991);
#6609=VERTEX_POINT('',#17995);
#6610=VERTEX_POINT('',#17999);
#6611=VERTEX_POINT('',#18003);
#6612=VERTEX_POINT('',#18007);
#6613=VERTEX_POINT('',#18011);
#6614=VERTEX_POINT('',#18015);
#6615=VERTEX_POINT('',#18019);
#6616=VERTEX_POINT('',#18023);
#6617=VERTEX_POINT('',#18027);
#6618=VERTEX_POINT('',#18031);
#6619=VERTEX_POINT('',#18035);
#6620=VERTEX_POINT('',#18038);
#6621=VERTEX_POINT('',#18040);
#6622=VERTEX_POINT('',#18044);
#6623=VERTEX_POINT('',#18048);
#6624=VERTEX_POINT('',#18052);
#6625=VERTEX_POINT('',#18056);
#6626=VERTEX_POINT('',#18062);
#6627=VERTEX_POINT('',#18064);
#6628=VERTEX_POINT('',#18069);
#6629=VERTEX_POINT('',#18073);
#6630=VERTEX_POINT('',#18077);
#6631=VERTEX_POINT('',#18081);
#6632=VERTEX_POINT('',#18085);
#6633=VERTEX_POINT('',#18089);
#6634=VERTEX_POINT('',#18093);
#6635=VERTEX_POINT('',#18097);
#6636=VERTEX_POINT('',#18101);
#6637=VERTEX_POINT('',#18105);
#6638=VERTEX_POINT('',#18109);
#6639=VERTEX_POINT('',#18113);
#6640=VERTEX_POINT('',#18115);
#6641=VERTEX_POINT('',#18118);
#6642=VERTEX_POINT('',#18122);
#6643=VERTEX_POINT('',#18126);
#6644=VERTEX_POINT('',#18130);
#6645=VERTEX_POINT('',#18135);
#6646=VERTEX_POINT('',#18143);
#6647=VERTEX_POINT('',#18145);
#6648=VERTEX_POINT('',#18149);
#6649=VERTEX_POINT('',#18153);
#6650=VERTEX_POINT('',#18157);
#6651=VERTEX_POINT('',#18161);
#6652=VERTEX_POINT('',#18165);
#6653=VERTEX_POINT('',#18169);
#6654=VERTEX_POINT('',#18173);
#6655=VERTEX_POINT('',#18177);
#6656=VERTEX_POINT('',#18181);
#6657=VERTEX_POINT('',#18185);
#6658=VERTEX_POINT('',#18189);
#6659=VERTEX_POINT('',#18193);
#6660=VERTEX_POINT('',#18196);
#6661=VERTEX_POINT('',#18198);
#6662=VERTEX_POINT('',#18202);
#6663=VERTEX_POINT('',#18206);
#6664=VERTEX_POINT('',#18210);
#6665=VERTEX_POINT('',#18214);
#6666=VERTEX_POINT('',#18220);
#6667=VERTEX_POINT('',#18222);
#6668=VERTEX_POINT('',#18226);
#6669=VERTEX_POINT('',#18230);
#6670=VERTEX_POINT('',#18234);
#6671=VERTEX_POINT('',#18238);
#6672=VERTEX_POINT('',#18242);
#6673=VERTEX_POINT('',#18246);
#6674=VERTEX_POINT('',#18250);
#6675=VERTEX_POINT('',#18254);
#6676=VERTEX_POINT('',#18258);
#6677=VERTEX_POINT('',#18262);
#6678=VERTEX_POINT('',#18266);
#6679=VERTEX_POINT('',#18270);
#6680=VERTEX_POINT('',#18273);
#6681=VERTEX_POINT('',#18275);
#6682=VERTEX_POINT('',#18279);
#6683=VERTEX_POINT('',#18283);
#6684=VERTEX_POINT('',#18287);
#6685=VERTEX_POINT('',#18291);
#6686=VERTEX_POINT('',#18295);
#6687=VERTEX_POINT('',#18297);
#6688=VERTEX_POINT('',#18308);
#6689=VERTEX_POINT('',#18310);
#6690=VERTEX_POINT('',#18319);
#6691=VERTEX_POINT('',#18323);
#6692=VERTEX_POINT('',#18330);
#6693=VERTEX_POINT('',#18332);
#6694=VERTEX_POINT('',#18341);
#6695=VERTEX_POINT('',#18343);
#6696=VERTEX_POINT('',#18352);
#6697=VERTEX_POINT('',#18354);
#6698=VERTEX_POINT('',#18363);
#6699=VERTEX_POINT('',#18367);
#6700=VERTEX_POINT('',#18374);
#6701=VERTEX_POINT('',#18376);
#6702=VERTEX_POINT('',#18385);
#6703=VERTEX_POINT('',#18387);
#6704=LINE('',#15257,#7802);
#6705=LINE('',#15260,#7803);
#6706=LINE('',#15262,#7804);
#6707=LINE('',#15264,#7805);
#6708=LINE('',#15266,#7806);
#6709=LINE('',#15269,#7807);
#6710=LINE('',#15271,#7808);
#6711=LINE('',#15275,#7809);
#6712=LINE('',#15279,#7810);
#6713=LINE('',#15281,#7811);
#6714=LINE('',#15283,#7812);
#6715=LINE('',#15287,#7813);
#6716=LINE('',#15291,#7814);
#6717=LINE('',#15295,#7815);
#6718=LINE('',#15299,#7816);
#6719=LINE('',#15303,#7817);
#6720=LINE('',#15307,#7818);
#6721=LINE('',#15311,#7819);
#6722=LINE('',#15315,#7820);
#6723=LINE('',#15317,#7821);
#6724=LINE('',#15319,#7822);
#6725=LINE('',#15323,#7823);
#6726=LINE('',#15327,#7824);
#6727=LINE('',#15329,#7825);
#6728=LINE('',#15331,#7826);
#6729=LINE('',#15335,#7827);
#6730=LINE('',#15339,#7828);
#6731=LINE('',#15343,#7829);
#6732=LINE('',#15347,#7830);
#6733=LINE('',#15351,#7831);
#6734=LINE('',#15355,#7832);
#6735=LINE('',#15359,#7833);
#6736=LINE('',#15362,#7834);
#6737=LINE('',#15365,#7835);
#6738=LINE('',#15367,#7836);
#6739=LINE('',#15371,#7837);
#6740=LINE('',#15375,#7838);
#6741=LINE('',#15377,#7839);
#6742=LINE('',#15379,#7840);
#6743=LINE('',#15383,#7841);
#6744=LINE('',#15387,#7842);
#6745=LINE('',#15391,#7843);
#6746=LINE('',#15395,#7844);
#6747=LINE('',#15399,#7845);
#6748=LINE('',#15403,#7846);
#6749=LINE('',#15407,#7847);
#6750=LINE('',#15411,#7848);
#6751=LINE('',#15413,#7849);
#6752=LINE('',#15415,#7850);
#6753=LINE('',#15419,#7851);
#6754=LINE('',#15423,#7852);
#6755=LINE('',#15425,#7853);
#6756=LINE('',#15427,#7854);
#6757=LINE('',#15431,#7855);
#6758=LINE('',#15435,#7856);
#6759=LINE('',#15439,#7857);
#6760=LINE('',#15443,#7858);
#6761=LINE('',#15447,#7859);
#6762=LINE('',#15451,#7860);
#6763=LINE('',#15455,#7861);
#6764=LINE('',#15461,#7862);
#6765=LINE('',#15465,#7863);
#6766=LINE('',#15469,#7864);
#6767=LINE('',#15473,#7865);
#6768=LINE('',#15477,#7866);
#6769=LINE('',#15481,#7867);
#6770=LINE('',#15485,#7868);
#6771=LINE('',#15489,#7869);
#6772=LINE('',#15493,#7870);
#6773=LINE('',#15497,#7871);
#6774=LINE('',#15501,#7872);
#6775=LINE('',#15505,#7873);
#6776=LINE('',#15509,#7874);
#6777=LINE('',#15513,#7875);
#6778=LINE('',#15517,#7876);
#6779=LINE('',#15521,#7877);
#6780=LINE('',#15525,#7878);
#6781=LINE('',#15529,#7879);
#6782=LINE('',#15533,#7880);
#6783=LINE('',#15537,#7881);
#6784=LINE('',#15541,#7882);
#6785=LINE('',#15545,#7883);
#6786=LINE('',#15549,#7884);
#6787=LINE('',#15553,#7885);
#6788=LINE('',#15557,#7886);
#6789=LINE('',#15561,#7887);
#6790=LINE('',#15565,#7888);
#6791=LINE('',#15569,#7889);
#6792=LINE('',#15573,#7890);
#6793=LINE('',#15577,#7891);
#6794=LINE('',#15581,#7892);
#6795=LINE('',#15585,#7893);
#6796=LINE('',#15589,#7894);
#6797=LINE('',#15593,#7895);
#6798=LINE('',#15597,#7896);
#6799=LINE('',#15601,#7897);
#6800=LINE('',#15605,#7898);
#6801=LINE('',#15609,#7899);
#6802=LINE('',#15613,#7900);
#6803=LINE('',#15617,#7901);
#6804=LINE('',#15621,#7902);
#6805=LINE('',#15625,#7903);
#6806=LINE('',#15629,#7904);
#6807=LINE('',#15633,#7905);
#6808=LINE('',#15637,#7906);
#6809=LINE('',#15641,#7907);
#6810=LINE('',#15645,#7908);
#6811=LINE('',#15649,#7909);
#6812=LINE('',#15653,#7910);
#6813=LINE('',#15657,#7911);
#6814=LINE('',#15661,#7912);
#6815=LINE('',#15665,#7913);
#6816=LINE('',#15669,#7914);
#6817=LINE('',#15673,#7915);
#6818=LINE('',#15677,#7916);
#6819=LINE('',#15681,#7917);
#6820=LINE('',#15685,#7918);
#6821=LINE('',#15689,#7919);
#6822=LINE('',#15693,#7920);
#6823=LINE('',#15697,#7921);
#6824=LINE('',#15701,#7922);
#6825=LINE('',#15705,#7923);
#6826=LINE('',#15709,#7924);
#6827=LINE('',#15713,#7925);
#6828=LINE('',#15717,#7926);
#6829=LINE('',#15721,#7927);
#6830=LINE('',#15725,#7928);
#6831=LINE('',#15729,#7929);
#6832=LINE('',#15733,#7930);
#6833=LINE('',#15737,#7931);
#6834=LINE('',#15741,#7932);
#6835=LINE('',#15745,#7933);
#6836=LINE('',#15749,#7934);
#6837=LINE('',#15753,#7935);
#6838=LINE('',#15757,#7936);
#6839=LINE('',#15761,#7937);
#6840=LINE('',#15765,#7938);
#6841=LINE('',#15769,#7939);
#6842=LINE('',#15773,#7940);
#6843=LINE('',#15777,#7941);
#6844=LINE('',#15781,#7942);
#6845=LINE('',#15785,#7943);
#6846=LINE('',#15789,#7944);
#6847=LINE('',#15793,#7945);
#6848=LINE('',#15797,#7946);
#6849=LINE('',#15801,#7947);
#6850=LINE('',#15805,#7948);
#6851=LINE('',#15809,#7949);
#6852=LINE('',#15813,#7950);
#6853=LINE('',#15817,#7951);
#6854=LINE('',#15821,#7952);
#6855=LINE('',#15825,#7953);
#6856=LINE('',#15829,#7954);
#6857=LINE('',#15833,#7955);
#6858=LINE('',#15837,#7956);
#6859=LINE('',#15841,#7957);
#6860=LINE('',#15845,#7958);
#6861=LINE('',#15849,#7959);
#6862=LINE('',#15853,#7960);
#6863=LINE('',#15857,#7961);
#6864=LINE('',#15861,#7962);
#6865=LINE('',#15865,#7963);
#6866=LINE('',#15869,#7964);
#6867=LINE('',#15873,#7965);
#6868=LINE('',#15877,#7966);
#6869=LINE('',#15881,#7967);
#6870=LINE('',#15885,#7968);
#6871=LINE('',#15889,#7969);
#6872=LINE('',#15893,#7970);
#6873=LINE('',#15897,#7971);
#6874=LINE('',#15901,#7972);
#6875=LINE('',#15905,#7973);
#6876=LINE('',#15909,#7974);
#6877=LINE('',#15913,#7975);
#6878=LINE('',#15917,#7976);
#6879=LINE('',#15921,#7977);
#6880=LINE('',#15925,#7978);
#6881=LINE('',#15929,#7979);
#6882=LINE('',#15933,#7980);
#6883=LINE('',#15937,#7981);
#6884=LINE('',#15941,#7982);
#6885=LINE('',#15945,#7983);
#6886=LINE('',#15949,#7984);
#6887=LINE('',#15953,#7985);
#6888=LINE('',#15957,#7986);
#6889=LINE('',#15961,#7987);
#6890=LINE('',#15965,#7988);
#6891=LINE('',#15969,#7989);
#6892=LINE('',#15973,#7990);
#6893=LINE('',#15977,#7991);
#6894=LINE('',#15981,#7992);
#6895=LINE('',#15985,#7993);
#6896=LINE('',#15989,#7994);
#6897=LINE('',#15993,#7995);
#6898=LINE('',#15997,#7996);
#6899=LINE('',#16001,#7997);
#6900=LINE('',#16005,#7998);
#6901=LINE('',#16009,#7999);
#6902=LINE('',#16013,#8000);
#6903=LINE('',#16017,#8001);
#6904=LINE('',#16021,#8002);
#6905=LINE('',#16025,#8003);
#6906=LINE('',#16029,#8004);
#6907=LINE('',#16033,#8005);
#6908=LINE('',#16037,#8006);
#6909=LINE('',#16041,#8007);
#6910=LINE('',#16045,#8008);
#6911=LINE('',#16049,#8009);
#6912=LINE('',#16050,#8010);
#6913=LINE('',#16055,#8011);
#6914=LINE('',#16059,#8012);
#6915=LINE('',#16063,#8013);
#6916=LINE('',#16069,#8014);
#6917=LINE('',#16073,#8015);
#6918=LINE('',#16077,#8016);
#6919=LINE('',#16081,#8017);
#6920=LINE('',#16082,#8018);
#6921=LINE('',#16087,#8019);
#6922=LINE('',#16091,#8020);
#6923=LINE('',#16095,#8021);
#6924=LINE('',#16101,#8022);
#6925=LINE('',#16105,#8023);
#6926=LINE('',#16109,#8024);
#6927=LINE('',#16113,#8025);
#6928=LINE('',#16116,#8026);
#6929=LINE('',#16120,#8027);
#6930=LINE('',#16124,#8028);
#6931=LINE('',#16128,#8029);
#6932=LINE('',#16132,#8030);
#6933=LINE('',#16136,#8031);
#6934=LINE('',#16140,#8032);
#6935=LINE('',#16144,#8033);
#6936=LINE('',#16148,#8034);
#6937=LINE('',#16150,#8035);
#6938=LINE('',#16152,#8036);
#6939=LINE('',#16156,#8037);
#6940=LINE('',#16160,#8038);
#6941=LINE('',#16164,#8039);
#6942=LINE('',#16168,#8040);
#6943=LINE('',#16172,#8041);
#6944=LINE('',#16176,#8042);
#6945=LINE('',#16180,#8043);
#6946=LINE('',#16184,#8044);
#6947=LINE('',#16186,#8045);
#6948=LINE('',#16188,#8046);
#6949=LINE('',#16192,#8047);
#6950=LINE('',#16196,#8048);
#6951=LINE('',#16200,#8049);
#6952=LINE('',#16204,#8050);
#6953=LINE('',#16208,#8051);
#6954=LINE('',#16212,#8052);
#6955=LINE('',#16216,#8053);
#6956=LINE('',#16220,#8054);
#6957=LINE('',#16224,#8055);
#6958=LINE('',#16228,#8056);
#6959=LINE('',#16232,#8057);
#6960=LINE('',#16236,#8058);
#6961=LINE('',#16240,#8059);
#6962=LINE('',#16244,#8060);
#6963=LINE('',#16248,#8061);
#6964=LINE('',#16252,#8062);
#6965=LINE('',#16256,#8063);
#6966=LINE('',#16260,#8064);
#6967=LINE('',#16264,#8065);
#6968=LINE('',#16267,#8066);
#6969=LINE('',#16268,#8067);
#6970=LINE('',#16270,#8068);
#6971=LINE('',#16273,#8069);
#6972=LINE('',#16274,#8070);
#6973=LINE('',#16276,#8071);
#6974=LINE('',#16278,#8072);
#6975=LINE('',#16280,#8073);
#6976=LINE('',#16282,#8074);
#6977=LINE('',#16285,#8075);
#6978=LINE('',#16286,#8076);
#6979=LINE('',#16291,#8077);
#6980=LINE('',#16292,#8078);
#6981=LINE('',#16294,#8079);
#6982=LINE('',#16296,#8080);
#6983=LINE('',#16300,#8081);
#6984=LINE('',#16302,#8082);
#6985=LINE('',#16305,#8083);
#6986=LINE('',#16306,#8084);
#6987=LINE('',#16308,#8085);
#6988=LINE('',#16311,#8086);
#6989=LINE('',#16312,#8087);
#6990=LINE('',#16316,#8088);
#6991=LINE('',#16320,#8089);
#6992=LINE('',#16324,#8090);
#6993=LINE('',#16328,#8091);
#6994=LINE('',#16330,#8092);
#6995=LINE('',#16332,#8093);
#6996=LINE('',#16334,#8094);
#6997=LINE('',#16336,#8095);
#6998=LINE('',#16338,#8096);
#6999=LINE('',#16340,#8097);
#7000=LINE('',#16342,#8098);
#7001=LINE('',#16344,#8099);
#7002=LINE('',#16346,#8100);
#7003=LINE('',#16348,#8101);
#7004=LINE('',#16350,#8102);
#7005=LINE('',#16352,#8103);
#7006=LINE('',#16354,#8104);
#7007=LINE('',#16356,#8105);
#7008=LINE('',#16358,#8106);
#7009=LINE('',#16364,#8107);
#7010=LINE('',#16368,#8108);
#7011=LINE('',#16372,#8109);
#7012=LINE('',#16377,#8110);
#7013=LINE('',#16381,#8111);
#7014=LINE('',#16385,#8112);
#7015=LINE('',#16390,#8113);
#7016=LINE('',#16395,#8114);
#7017=LINE('',#16399,#8115);
#7018=LINE('',#16403,#8116);
#7019=LINE('',#16408,#8117);
#7020=LINE('',#16412,#8118);
#7021=LINE('',#16416,#8119);
#7022=LINE('',#16420,#8120);
#7023=LINE('',#16424,#8121);
#7024=LINE('',#16425,#8122);
#7025=LINE('',#16427,#8123);
#7026=LINE('',#16429,#8124);
#7027=LINE('',#16433,#8125);
#7028=LINE('',#16437,#8126);
#7029=LINE('',#16438,#8127);
#7030=LINE('',#16442,#8128);
#7031=LINE('',#16446,#8129);
#7032=LINE('',#16450,#8130);
#7033=LINE('',#16454,#8131);
#7034=LINE('',#16458,#8132);
#7035=LINE('',#16462,#8133);
#7036=LINE('',#16466,#8134);
#7037=LINE('',#16469,#8135);
#7038=LINE('',#16471,#8136);
#7039=LINE('',#16475,#8137);
#7040=LINE('',#16480,#8138);
#7041=LINE('',#16486,#8139);
#7042=LINE('',#16490,#8140);
#7043=LINE('',#16494,#8141);
#7044=LINE('',#16498,#8142);
#7045=LINE('',#16503,#8143);
#7046=LINE('',#16504,#8144);
#7047=LINE('',#16509,#8145);
#7048=LINE('',#16513,#8146);
#7049=LINE('',#16517,#8147);
#7050=LINE('',#16523,#8148);
#7051=LINE('',#16527,#8149);
#7052=LINE('',#16531,#8150);
#7053=LINE('',#16535,#8151);
#7054=LINE('',#16539,#8152);
#7055=LINE('',#16543,#8153);
#7056=LINE('',#16547,#8154);
#7057=LINE('',#16551,#8155);
#7058=LINE('',#16555,#8156);
#7059=LINE('',#16559,#8157);
#7060=LINE('',#16563,#8158);
#7061=LINE('',#16567,#8159);
#7062=LINE('',#16571,#8160);
#7063=LINE('',#16575,#8161);
#7064=LINE('',#16579,#8162);
#7065=LINE('',#16583,#8163);
#7066=LINE('',#16587,#8164);
#7067=LINE('',#16591,#8165);
#7068=LINE('',#16595,#8166);
#7069=LINE('',#16599,#8167);
#7070=LINE('',#16600,#8168);
#7071=LINE('',#16605,#8169);
#7072=LINE('',#16609,#8170);
#7073=LINE('',#16611,#8171);
#7074=LINE('',#16613,#8172);
#7075=LINE('',#16617,#8173);
#7076=LINE('',#16621,#8174);
#7077=LINE('',#16623,#8175);
#7078=LINE('',#16625,#8176);
#7079=LINE('',#16629,#8177);
#7080=LINE('',#16633,#8178);
#7081=LINE('',#16637,#8179);
#7082=LINE('',#16641,#8180);
#7083=LINE('',#16643,#8181);
#7084=LINE('',#16645,#8182);
#7085=LINE('',#16649,#8183);
#7086=LINE('',#16653,#8184);
#7087=LINE('',#16655,#8185);
#7088=LINE('',#16657,#8186);
#7089=LINE('',#16661,#8187);
#7090=LINE('',#16664,#8188);
#7091=LINE('',#16669,#8189);
#7092=LINE('',#16673,#8190);
#7093=LINE('',#16677,#8191);
#7094=LINE('',#16681,#8192);
#7095=LINE('',#16683,#8193);
#7096=LINE('',#16685,#8194);
#7097=LINE('',#16689,#8195);
#7098=LINE('',#16693,#8196);
#7099=LINE('',#16695,#8197);
#7100=LINE('',#16697,#8198);
#7101=LINE('',#16701,#8199);
#7102=LINE('',#16705,#8200);
#7103=LINE('',#16709,#8201);
#7104=LINE('',#16713,#8202);
#7105=LINE('',#16715,#8203);
#7106=LINE('',#16717,#8204);
#7107=LINE('',#16721,#8205);
#7108=LINE('',#16725,#8206);
#7109=LINE('',#16727,#8207);
#7110=LINE('',#16731,#8208);
#7111=LINE('',#16735,#8209);
#7112=LINE('',#16739,#8210);
#7113=LINE('',#16743,#8211);
#7114=LINE('',#16747,#8212);
#7115=LINE('',#16751,#8213);
#7116=LINE('',#16755,#8214);
#7117=LINE('',#16759,#8215);
#7118=LINE('',#16763,#8216);
#7119=LINE('',#16767,#8217);
#7120=LINE('',#16771,#8218);
#7121=LINE('',#16775,#8219);
#7122=LINE('',#16779,#8220);
#7123=LINE('',#16783,#8221);
#7124=LINE('',#16787,#8222);
#7125=LINE('',#16791,#8223);
#7126=LINE('',#16795,#8224);
#7127=LINE('',#16799,#8225);
#7128=LINE('',#16803,#8226);
#7129=LINE('',#16807,#8227);
#7130=LINE('',#16811,#8228);
#7131=LINE('',#16815,#8229);
#7132=LINE('',#16819,#8230);
#7133=LINE('',#16823,#8231);
#7134=LINE('',#16827,#8232);
#7135=LINE('',#16831,#8233);
#7136=LINE('',#16835,#8234);
#7137=LINE('',#16839,#8235);
#7138=LINE('',#16843,#8236);
#7139=LINE('',#16847,#8237);
#7140=LINE('',#16851,#8238);
#7141=LINE('',#16855,#8239);
#7142=LINE('',#16859,#8240);
#7143=LINE('',#16863,#8241);
#7144=LINE('',#16867,#8242);
#7145=LINE('',#16871,#8243);
#7146=LINE('',#16875,#8244);
#7147=LINE('',#16879,#8245);
#7148=LINE('',#16883,#8246);
#7149=LINE('',#16887,#8247);
#7150=LINE('',#16891,#8248);
#7151=LINE('',#16895,#8249);
#7152=LINE('',#16899,#8250);
#7153=LINE('',#16903,#8251);
#7154=LINE('',#16907,#8252);
#7155=LINE('',#16911,#8253);
#7156=LINE('',#16915,#8254);
#7157=LINE('',#16919,#8255);
#7158=LINE('',#16923,#8256);
#7159=LINE('',#16927,#8257);
#7160=LINE('',#16931,#8258);
#7161=LINE('',#16935,#8259);
#7162=LINE('',#16939,#8260);
#7163=LINE('',#16943,#8261);
#7164=LINE('',#16947,#8262);
#7165=LINE('',#16951,#8263);
#7166=LINE('',#16955,#8264);
#7167=LINE('',#16959,#8265);
#7168=LINE('',#16963,#8266);
#7169=LINE('',#16967,#8267);
#7170=LINE('',#16971,#8268);
#7171=LINE('',#16975,#8269);
#7172=LINE('',#16979,#8270);
#7173=LINE('',#16983,#8271);
#7174=LINE('',#16987,#8272);
#7175=LINE('',#16991,#8273);
#7176=LINE('',#16995,#8274);
#7177=LINE('',#16999,#8275);
#7178=LINE('',#17003,#8276);
#7179=LINE('',#17007,#8277);
#7180=LINE('',#17011,#8278);
#7181=LINE('',#17015,#8279);
#7182=LINE('',#17019,#8280);
#7183=LINE('',#17023,#8281);
#7184=LINE('',#17027,#8282);
#7185=LINE('',#17031,#8283);
#7186=LINE('',#17035,#8284);
#7187=LINE('',#17039,#8285);
#7188=LINE('',#17043,#8286);
#7189=LINE('',#17047,#8287);
#7190=LINE('',#17051,#8288);
#7191=LINE('',#17055,#8289);
#7192=LINE('',#17059,#8290);
#7193=LINE('',#17063,#8291);
#7194=LINE('',#17067,#8292);
#7195=LINE('',#17071,#8293);
#7196=LINE('',#17075,#8294);
#7197=LINE('',#17079,#8295);
#7198=LINE('',#17083,#8296);
#7199=LINE('',#17087,#8297);
#7200=LINE('',#17091,#8298);
#7201=LINE('',#17095,#8299);
#7202=LINE('',#17099,#8300);
#7203=LINE('',#17103,#8301);
#7204=LINE('',#17107,#8302);
#7205=LINE('',#17111,#8303);
#7206=LINE('',#17115,#8304);
#7207=LINE('',#17119,#8305);
#7208=LINE('',#17123,#8306);
#7209=LINE('',#17127,#8307);
#7210=LINE('',#17131,#8308);
#7211=LINE('',#17135,#8309);
#7212=LINE('',#17139,#8310);
#7213=LINE('',#17143,#8311);
#7214=LINE('',#17147,#8312);
#7215=LINE('',#17151,#8313);
#7216=LINE('',#17155,#8314);
#7217=LINE('',#17159,#8315);
#7218=LINE('',#17163,#8316);
#7219=LINE('',#17167,#8317);
#7220=LINE('',#17171,#8318);
#7221=LINE('',#17175,#8319);
#7222=LINE('',#17179,#8320);
#7223=LINE('',#17183,#8321);
#7224=LINE('',#17187,#8322);
#7225=LINE('',#17191,#8323);
#7226=LINE('',#17195,#8324);
#7227=LINE('',#17199,#8325);
#7228=LINE('',#17203,#8326);
#7229=LINE('',#17207,#8327);
#7230=LINE('',#17211,#8328);
#7231=LINE('',#17215,#8329);
#7232=LINE('',#17219,#8330);
#7233=LINE('',#17223,#8331);
#7234=LINE('',#17225,#8332);
#7235=LINE('',#17227,#8333);
#7236=LINE('',#17229,#8334);
#7237=LINE('',#17230,#8335);
#7238=LINE('',#17232,#8336);
#7239=LINE('',#17234,#8337);
#7240=LINE('',#17236,#8338);
#7241=LINE('',#17238,#8339);
#7242=LINE('',#17240,#8340);
#7243=LINE('',#17242,#8341);
#7244=LINE('',#17245,#8342);
#7245=LINE('',#17246,#8343);
#7246=LINE('',#17248,#8344);
#7247=LINE('',#17250,#8345);
#7248=LINE('',#17252,#8346);
#7249=LINE('',#17254,#8347);
#7250=LINE('',#17256,#8348);
#7251=LINE('',#17258,#8349);
#7252=LINE('',#17261,#8350);
#7253=LINE('',#17262,#8351);
#7254=LINE('',#17264,#8352);
#7255=LINE('',#17266,#8353);
#7256=LINE('',#17268,#8354);
#7257=LINE('',#17270,#8355);
#7258=LINE('',#17272,#8356);
#7259=LINE('',#17274,#8357);
#7260=LINE('',#17277,#8358);
#7261=LINE('',#17278,#8359);
#7262=LINE('',#17280,#8360);
#7263=LINE('',#17282,#8361);
#7264=LINE('',#17284,#8362);
#7265=LINE('',#17286,#8363);
#7266=LINE('',#17288,#8364);
#7267=LINE('',#17290,#8365);
#7268=LINE('',#17293,#8366);
#7269=LINE('',#17294,#8367);
#7270=LINE('',#17296,#8368);
#7271=LINE('',#17298,#8369);
#7272=LINE('',#17300,#8370);
#7273=LINE('',#17302,#8371);
#7274=LINE('',#17304,#8372);
#7275=LINE('',#17306,#8373);
#7276=LINE('',#17309,#8374);
#7277=LINE('',#17310,#8375);
#7278=LINE('',#17312,#8376);
#7279=LINE('',#17314,#8377);
#7280=LINE('',#17316,#8378);
#7281=LINE('',#17318,#8379);
#7282=LINE('',#17320,#8380);
#7283=LINE('',#17322,#8381);
#7284=LINE('',#17325,#8382);
#7285=LINE('',#17327,#8383);
#7286=LINE('',#17330,#8384);
#7287=LINE('',#17331,#8385);
#7288=LINE('',#17333,#8386);
#7289=LINE('',#17335,#8387);
#7290=LINE('',#17337,#8388);
#7291=LINE('',#17339,#8389);
#7292=LINE('',#17341,#8390);
#7293=LINE('',#17343,#8391);
#7294=LINE('',#17346,#8392);
#7295=LINE('',#17348,#8393);
#7296=LINE('',#17350,#8394);
#7297=LINE('',#17351,#8395);
#7298=LINE('',#17353,#8396);
#7299=LINE('',#17354,#8397);
#7300=LINE('',#17356,#8398);
#7301=LINE('',#17357,#8399);
#7302=LINE('',#17359,#8400);
#7303=LINE('',#17360,#8401);
#7304=LINE('',#17362,#8402);
#7305=LINE('',#17363,#8403);
#7306=LINE('',#17365,#8404);
#7307=LINE('',#17366,#8405);
#7308=LINE('',#17368,#8406);
#7309=LINE('',#17369,#8407);
#7310=LINE('',#17371,#8408);
#7311=LINE('',#17372,#8409);
#7312=LINE('',#17374,#8410);
#7313=LINE('',#17375,#8411);
#7314=LINE('',#17377,#8412);
#7315=LINE('',#17378,#8413);
#7316=LINE('',#17380,#8414);
#7317=LINE('',#17382,#8415);
#7318=LINE('',#17384,#8416);
#7319=LINE('',#17386,#8417);
#7320=LINE('',#17388,#8418);
#7321=LINE('',#17390,#8419);
#7322=LINE('',#17392,#8420);
#7323=LINE('',#17393,#8421);
#7324=LINE('',#17395,#8422);
#7325=LINE('',#17397,#8423);
#7326=LINE('',#17399,#8424);
#7327=LINE('',#17401,#8425);
#7328=LINE('',#17403,#8426);
#7329=LINE('',#17405,#8427);
#7330=LINE('',#17407,#8428);
#7331=LINE('',#17408,#8429);
#7332=LINE('',#17410,#8430);
#7333=LINE('',#17412,#8431);
#7334=LINE('',#17414,#8432);
#7335=LINE('',#17416,#8433);
#7336=LINE('',#17418,#8434);
#7337=LINE('',#17420,#8435);
#7338=LINE('',#17422,#8436);
#7339=LINE('',#17423,#8437);
#7340=LINE('',#17425,#8438);
#7341=LINE('',#17427,#8439);
#7342=LINE('',#17429,#8440);
#7343=LINE('',#17431,#8441);
#7344=LINE('',#17433,#8442);
#7345=LINE('',#17435,#8443);
#7346=LINE('',#17437,#8444);
#7347=LINE('',#17438,#8445);
#7348=LINE('',#17440,#8446);
#7349=LINE('',#17442,#8447);
#7350=LINE('',#17444,#8448);
#7351=LINE('',#17446,#8449);
#7352=LINE('',#17448,#8450);
#7353=LINE('',#17450,#8451);
#7354=LINE('',#17452,#8452);
#7355=LINE('',#17453,#8453);
#7356=LINE('',#17455,#8454);
#7357=LINE('',#17457,#8455);
#7358=LINE('',#17459,#8456);
#7359=LINE('',#17461,#8457);
#7360=LINE('',#17463,#8458);
#7361=LINE('',#17465,#8459);
#7362=LINE('',#17467,#8460);
#7363=LINE('',#17468,#8461);
#7364=LINE('',#17470,#8462);
#7365=LINE('',#17472,#8463);
#7366=LINE('',#17474,#8464);
#7367=LINE('',#17476,#8465);
#7368=LINE('',#17478,#8466);
#7369=LINE('',#17480,#8467);
#7370=LINE('',#17482,#8468);
#7371=LINE('',#17483,#8469);
#7372=LINE('',#17485,#8470);
#7373=LINE('',#17487,#8471);
#7374=LINE('',#17489,#8472);
#7375=LINE('',#17491,#8473);
#7376=LINE('',#17493,#8474);
#7377=LINE('',#17495,#8475);
#7378=LINE('',#17497,#8476);
#7379=LINE('',#17498,#8477);
#7380=LINE('',#17500,#8478);
#7381=LINE('',#17502,#8479);
#7382=LINE('',#17504,#8480);
#7383=LINE('',#17506,#8481);
#7384=LINE('',#17508,#8482);
#7385=LINE('',#17510,#8483);
#7386=LINE('',#17512,#8484);
#7387=LINE('',#17513,#8485);
#7388=LINE('',#17515,#8486);
#7389=LINE('',#17517,#8487);
#7390=LINE('',#17519,#8488);
#7391=LINE('',#17521,#8489);
#7392=LINE('',#17523,#8490);
#7393=LINE('',#17525,#8491);
#7394=LINE('',#17527,#8492);
#7395=LINE('',#17528,#8493);
#7396=LINE('',#17530,#8494);
#7397=LINE('',#17532,#8495);
#7398=LINE('',#17534,#8496);
#7399=LINE('',#17536,#8497);
#7400=LINE('',#17538,#8498);
#7401=LINE('',#17540,#8499);
#7402=LINE('',#17542,#8500);
#7403=LINE('',#17543,#8501);
#7404=LINE('',#17545,#8502);
#7405=LINE('',#17547,#8503);
#7406=LINE('',#17549,#8504);
#7407=LINE('',#17551,#8505);
#7408=LINE('',#17553,#8506);
#7409=LINE('',#17555,#8507);
#7410=LINE('',#17557,#8508);
#7411=LINE('',#17558,#8509);
#7412=LINE('',#17560,#8510);
#7413=LINE('',#17562,#8511);
#7414=LINE('',#17564,#8512);
#7415=LINE('',#17566,#8513);
#7416=LINE('',#17568,#8514);
#7417=LINE('',#17570,#8515);
#7418=LINE('',#17572,#8516);
#7419=LINE('',#17573,#8517);
#7420=LINE('',#17575,#8518);
#7421=LINE('',#17577,#8519);
#7422=LINE('',#17579,#8520);
#7423=LINE('',#17581,#8521);
#7424=LINE('',#17583,#8522);
#7425=LINE('',#17585,#8523);
#7426=LINE('',#17587,#8524);
#7427=LINE('',#17589,#8525);
#7428=LINE('',#17592,#8526);
#7429=LINE('',#17594,#8527);
#7430=LINE('',#17597,#8528);
#7431=LINE('',#17598,#8529);
#7432=LINE('',#17600,#8530);
#7433=LINE('',#17602,#8531);
#7434=LINE('',#17604,#8532);
#7435=LINE('',#17606,#8533);
#7436=LINE('',#17608,#8534);
#7437=LINE('',#17610,#8535);
#7438=LINE('',#17612,#8536);
#7439=LINE('',#17613,#8537);
#7440=LINE('',#17615,#8538);
#7441=LINE('',#17617,#8539);
#7442=LINE('',#17619,#8540);
#7443=LINE('',#17621,#8541);
#7444=LINE('',#17623,#8542);
#7445=LINE('',#17625,#8543);
#7446=LINE('',#17627,#8544);
#7447=LINE('',#17628,#8545);
#7448=LINE('',#17630,#8546);
#7449=LINE('',#17632,#8547);
#7450=LINE('',#17634,#8548);
#7451=LINE('',#17636,#8549);
#7452=LINE('',#17638,#8550);
#7453=LINE('',#17640,#8551);
#7454=LINE('',#17642,#8552);
#7455=LINE('',#17643,#8553);
#7456=LINE('',#17645,#8554);
#7457=LINE('',#17647,#8555);
#7458=LINE('',#17649,#8556);
#7459=LINE('',#17651,#8557);
#7460=LINE('',#17653,#8558);
#7461=LINE('',#17655,#8559);
#7462=LINE('',#17657,#8560);
#7463=LINE('',#17659,#8561);
#7464=LINE('',#17662,#8562);
#7465=LINE('',#17663,#8563);
#7466=LINE('',#17665,#8564);
#7467=LINE('',#17667,#8565);
#7468=LINE('',#17669,#8566);
#7469=LINE('',#17671,#8567);
#7470=LINE('',#17673,#8568);
#7471=LINE('',#17675,#8569);
#7472=LINE('',#17677,#8570);
#7473=LINE('',#17678,#8571);
#7474=LINE('',#17680,#8572);
#7475=LINE('',#17682,#8573);
#7476=LINE('',#17684,#8574);
#7477=LINE('',#17686,#8575);
#7478=LINE('',#17688,#8576);
#7479=LINE('',#17690,#8577);
#7480=LINE('',#17692,#8578);
#7481=LINE('',#17693,#8579);
#7482=LINE('',#17695,#8580);
#7483=LINE('',#17697,#8581);
#7484=LINE('',#17699,#8582);
#7485=LINE('',#17701,#8583);
#7486=LINE('',#17703,#8584);
#7487=LINE('',#17705,#8585);
#7488=LINE('',#17707,#8586);
#7489=LINE('',#17708,#8587);
#7490=LINE('',#17710,#8588);
#7491=LINE('',#17712,#8589);
#7492=LINE('',#17714,#8590);
#7493=LINE('',#17716,#8591);
#7494=LINE('',#17718,#8592);
#7495=LINE('',#17720,#8593);
#7496=LINE('',#17722,#8594);
#7497=LINE('',#17723,#8595);
#7498=LINE('',#17725,#8596);
#7499=LINE('',#17727,#8597);
#7500=LINE('',#17729,#8598);
#7501=LINE('',#17731,#8599);
#7502=LINE('',#17733,#8600);
#7503=LINE('',#17735,#8601);
#7504=LINE('',#17737,#8602);
#7505=LINE('',#17738,#8603);
#7506=LINE('',#17740,#8604);
#7507=LINE('',#17742,#8605);
#7508=LINE('',#17744,#8606);
#7509=LINE('',#17746,#8607);
#7510=LINE('',#17748,#8608);
#7511=LINE('',#17750,#8609);
#7512=LINE('',#17752,#8610);
#7513=LINE('',#17753,#8611);
#7514=LINE('',#17755,#8612);
#7515=LINE('',#17757,#8613);
#7516=LINE('',#17759,#8614);
#7517=LINE('',#17761,#8615);
#7518=LINE('',#17763,#8616);
#7519=LINE('',#17765,#8617);
#7520=LINE('',#17767,#8618);
#7521=LINE('',#17769,#8619);
#7522=LINE('',#17772,#8620);
#7523=LINE('',#17773,#8621);
#7524=LINE('',#17775,#8622);
#7525=LINE('',#17777,#8623);
#7526=LINE('',#17779,#8624);
#7527=LINE('',#17781,#8625);
#7528=LINE('',#17783,#8626);
#7529=LINE('',#17785,#8627);
#7530=LINE('',#17787,#8628);
#7531=LINE('',#17789,#8629);
#7532=LINE('',#17792,#8630);
#7533=LINE('',#17794,#8631);
#7534=LINE('',#17797,#8632);
#7535=LINE('',#17798,#8633);
#7536=LINE('',#17800,#8634);
#7537=LINE('',#17802,#8635);
#7538=LINE('',#17804,#8636);
#7539=LINE('',#17806,#8637);
#7540=LINE('',#17808,#8638);
#7541=LINE('',#17810,#8639);
#7542=LINE('',#17812,#8640);
#7543=LINE('',#17813,#8641);
#7544=LINE('',#17815,#8642);
#7545=LINE('',#17817,#8643);
#7546=LINE('',#17819,#8644);
#7547=LINE('',#17821,#8645);
#7548=LINE('',#17823,#8646);
#7549=LINE('',#17825,#8647);
#7550=LINE('',#17827,#8648);
#7551=LINE('',#17828,#8649);
#7552=LINE('',#17830,#8650);
#7553=LINE('',#17832,#8651);
#7554=LINE('',#17834,#8652);
#7555=LINE('',#17836,#8653);
#7556=LINE('',#17838,#8654);
#7557=LINE('',#17840,#8655);
#7558=LINE('',#17842,#8656);
#7559=LINE('',#17843,#8657);
#7560=LINE('',#17845,#8658);
#7561=LINE('',#17847,#8659);
#7562=LINE('',#17849,#8660);
#7563=LINE('',#17851,#8661);
#7564=LINE('',#17853,#8662);
#7565=LINE('',#17855,#8663);
#7566=LINE('',#17857,#8664);
#7567=LINE('',#17858,#8665);
#7568=LINE('',#17860,#8666);
#7569=LINE('',#17862,#8667);
#7570=LINE('',#17864,#8668);
#7571=LINE('',#17866,#8669);
#7572=LINE('',#17868,#8670);
#7573=LINE('',#17870,#8671);
#7574=LINE('',#17903,#8672);
#7575=LINE('',#17905,#8673);
#7576=LINE('',#17907,#8674);
#7577=LINE('',#17908,#8675);
#7578=LINE('',#17912,#8676);
#7579=LINE('',#17914,#8677);
#7580=LINE('',#17916,#8678);
#7581=LINE('',#17920,#8679);
#7582=LINE('',#17922,#8680);
#7583=LINE('',#17924,#8681);
#7584=LINE('',#17928,#8682);
#7585=LINE('',#17930,#8683);
#7586=LINE('',#17932,#8684);
#7587=LINE('',#17936,#8685);
#7588=LINE('',#17938,#8686);
#7589=LINE('',#17940,#8687);
#7590=LINE('',#17944,#8688);
#7591=LINE('',#17946,#8689);
#7592=LINE('',#17948,#8690);
#7593=LINE('',#17952,#8691);
#7594=LINE('',#17954,#8692);
#7595=LINE('',#17956,#8693);
#7596=LINE('',#17958,#8694);
#7597=LINE('',#17959,#8695);
#7598=LINE('',#17961,#8696);
#7599=LINE('',#17965,#8697);
#7600=LINE('',#17967,#8698);
#7601=LINE('',#17969,#8699);
#7602=LINE('',#17973,#8700);
#7603=LINE('',#17975,#8701);
#7604=LINE('',#17976,#8702);
#7605=LINE('',#17978,#8703);
#7606=LINE('',#17982,#8704);
#7607=LINE('',#17984,#8705);
#7608=LINE('',#17986,#8706);
#7609=LINE('',#17988,#8707);
#7610=LINE('',#17992,#8708);
#7611=LINE('',#17994,#8709);
#7612=LINE('',#17996,#8710);
#7613=LINE('',#17998,#8711);
#7614=LINE('',#18002,#8712);
#7615=LINE('',#18004,#8713);
#7616=LINE('',#18008,#8714);
#7617=LINE('',#18010,#8715);
#7618=LINE('',#18012,#8716);
#7619=LINE('',#18016,#8717);
#7620=LINE('',#18018,#8718);
#7621=LINE('',#18020,#8719);
#7622=LINE('',#18022,#8720);
#7623=LINE('',#18026,#8721);
#7624=LINE('',#18028,#8722);
#7625=LINE('',#18032,#8723);
#7626=LINE('',#18034,#8724);
#7627=LINE('',#18036,#8725);
#7628=LINE('',#18037,#8726);
#7629=LINE('',#18039,#8727);
#7630=LINE('',#18041,#8728);
#7631=LINE('',#18045,#8729);
#7632=LINE('',#18047,#8730);
#7633=LINE('',#18049,#8731);
#7634=LINE('',#18053,#8732);
#7635=LINE('',#18055,#8733);
#7636=LINE('',#18057,#8734);
#7637=LINE('',#18058,#8735);
#7638=LINE('',#18061,#8736);
#7639=LINE('',#18063,#8737);
#7640=LINE('',#18065,#8738);
#7641=LINE('',#18066,#8739);
#7642=LINE('',#18070,#8740);
#7643=LINE('',#18072,#8741);
#7644=LINE('',#18074,#8742);
#7645=LINE('',#18078,#8743);
#7646=LINE('',#18080,#8744);
#7647=LINE('',#18082,#8745);
#7648=LINE('',#18086,#8746);
#7649=LINE('',#18088,#8747);
#7650=LINE('',#18090,#8748);
#7651=LINE('',#18094,#8749);
#7652=LINE('',#18096,#8750);
#7653=LINE('',#18098,#8751);
#7654=LINE('',#18102,#8752);
#7655=LINE('',#18104,#8753);
#7656=LINE('',#18106,#8754);
#7657=LINE('',#18110,#8755);
#7658=LINE('',#18112,#8756);
#7659=LINE('',#18114,#8757);
#7660=LINE('',#18116,#8758);
#7661=LINE('',#18117,#8759);
#7662=LINE('',#18119,#8760);
#7663=LINE('',#18123,#8761);
#7664=LINE('',#18125,#8762);
#7665=LINE('',#18127,#8763);
#7666=LINE('',#18131,#8764);
#7667=LINE('',#18133,#8765);
#7668=LINE('',#18134,#8766);
#7669=LINE('',#18136,#8767);
#7670=LINE('',#18140,#8768);
#7671=LINE('',#18142,#8769);
#7672=LINE('',#18144,#8770);
#7673=LINE('',#18146,#8771);
#7674=LINE('',#18150,#8772);
#7675=LINE('',#18152,#8773);
#7676=LINE('',#18154,#8774);
#7677=LINE('',#18156,#8775);
#7678=LINE('',#18160,#8776);
#7679=LINE('',#18162,#8777);
#7680=LINE('',#18166,#8778);
#7681=LINE('',#18168,#8779);
#7682=LINE('',#18170,#8780);
#7683=LINE('',#18174,#8781);
#7684=LINE('',#18176,#8782);
#7685=LINE('',#18178,#8783);
#7686=LINE('',#18180,#8784);
#7687=LINE('',#18184,#8785);
#7688=LINE('',#18186,#8786);
#7689=LINE('',#18190,#8787);
#7690=LINE('',#18192,#8788);
#7691=LINE('',#18194,#8789);
#7692=LINE('',#18195,#8790);
#7693=LINE('',#18197,#8791);
#7694=LINE('',#18199,#8792);
#7695=LINE('',#18203,#8793);
#7696=LINE('',#18205,#8794);
#7697=LINE('',#18207,#8795);
#7698=LINE('',#18211,#8796);
#7699=LINE('',#18213,#8797);
#7700=LINE('',#18215,#8798);
#7701=LINE('',#18216,#8799);
#7702=LINE('',#18219,#8800);
#7703=LINE('',#18221,#8801);
#7704=LINE('',#18223,#8802);
#7705=LINE('',#18227,#8803);
#7706=LINE('',#18229,#8804);
#7707=LINE('',#18231,#8805);
#7708=LINE('',#18233,#8806);
#7709=LINE('',#18237,#8807);
#7710=LINE('',#18239,#8808);
#7711=LINE('',#18243,#8809);
#7712=LINE('',#18245,#8810);
#7713=LINE('',#18247,#8811);
#7714=LINE('',#18251,#8812);
#7715=LINE('',#18253,#8813);
#7716=LINE('',#18255,#8814);
#7717=LINE('',#18257,#8815);
#7718=LINE('',#18261,#8816);
#7719=LINE('',#18263,#8817);
#7720=LINE('',#18267,#8818);
#7721=LINE('',#18269,#8819);
#7722=LINE('',#18271,#8820);
#7723=LINE('',#18272,#8821);
#7724=LINE('',#18274,#8822);
#7725=LINE('',#18276,#8823);
#7726=LINE('',#18280,#8824);
#7727=LINE('',#18282,#8825);
#7728=LINE('',#18284,#8826);
#7729=LINE('',#18288,#8827);
#7730=LINE('',#18290,#8828);
#7731=LINE('',#18292,#8829);
#7732=LINE('',#18296,#8830);
#7733=LINE('',#18300,#8831);
#7734=LINE('',#18302,#8832);
#7735=LINE('',#18305,#8833);
#7736=LINE('',#18309,#8834);
#7737=LINE('',#18313,#8835);
#7738=LINE('',#18315,#8836);
#7739=LINE('',#18318,#8837);
#7740=LINE('',#18324,#8838);
#7741=LINE('',#18326,#8839);
#7742=LINE('',#18331,#8840);
#7743=LINE('',#18335,#8841);
#7744=LINE('',#18337,#8842);
#7745=LINE('',#18340,#8843);
#7746=LINE('',#18342,#8844);
#7747=LINE('',#18344,#8845);
#7748=LINE('',#18353,#8846);
#7749=LINE('',#18357,#8847);
#7750=LINE('',#18359,#8848);
#7751=LINE('',#18362,#8849);
#7752=LINE('',#18368,#8850);
#7753=LINE('',#18370,#8851);
#7754=LINE('',#18375,#8852);
#7755=LINE('',#18379,#8853);
#7756=LINE('',#18381,#8854);
#7757=LINE('',#18384,#8855);
#7758=LINE('',#18386,#8856);
#7759=LINE('',#18388,#8857);
#7760=LINE('',#18397,#8858);
#7761=LINE('',#18398,#8859);
#7762=LINE('',#18400,#8860);
#7763=LINE('',#18403,#8861);
#7764=LINE('',#18405,#8862);
#7765=LINE('',#18407,#8863);
#7766=LINE('',#18410,#8864);
#7767=LINE('',#18411,#8865);
#7768=LINE('',#18413,#8866);
#7769=LINE('',#18416,#8867);
#7770=LINE('',#18418,#8868);
#7771=LINE('',#18420,#8869);
#7772=LINE('',#18423,#8870);
#7773=LINE('',#18424,#8871);
#7774=LINE('',#18426,#8872);
#7775=LINE('',#18429,#8873);
#7776=LINE('',#18431,#8874);
#7777=LINE('',#18433,#8875);
#7778=LINE('',#18436,#8876);
#7779=LINE('',#18437,#8877);
#7780=LINE('',#18440,#8878);
#7781=LINE('',#18442,#8879);
#7782=LINE('',#18444,#8880);
#7783=LINE('',#18446,#8881);
#7784=LINE('',#18449,#8882);
#7785=LINE('',#18450,#8883);
#7786=LINE('',#18452,#8884);
#7787=LINE('',#18453,#8885);
#7788=LINE('',#18455,#8886);
#7789=LINE('',#18456,#8887);
#7790=LINE('',#18458,#8888);
#7791=LINE('',#18459,#8889);
#7792=LINE('',#18461,#8890);
#7793=LINE('',#18462,#8891);
#7794=LINE('',#18464,#8892);
#7795=LINE('',#18465,#8893);
#7796=LINE('',#18467,#8894);
#7797=LINE('',#18468,#8895);
#7798=LINE('',#18470,#8896);
#7799=LINE('',#18479,#8897);
#7800=LINE('',#18481,#8898);
#7801=LINE('',#18483,#8899);
#7802=VECTOR('',#12047,1.);
#7803=VECTOR('',#12048,1.);
#7804=VECTOR('',#12049,1.);
#7805=VECTOR('',#12050,1.);
#7806=VECTOR('',#12053,1.);
#7807=VECTOR('',#12054,1.);
#7808=VECTOR('',#12055,1.);
#7809=VECTOR('',#12058,1.);
#7810=VECTOR('',#12061,1.);
#7811=VECTOR('',#12062,1.);
#7812=VECTOR('',#12063,1.);
#7813=VECTOR('',#12066,1.);
#7814=VECTOR('',#12069,1.);
#7815=VECTOR('',#12072,1.);
#7816=VECTOR('',#12075,1.);
#7817=VECTOR('',#12078,1.);
#7818=VECTOR('',#12081,1.);
#7819=VECTOR('',#12084,1.);
#7820=VECTOR('',#12087,1.);
#7821=VECTOR('',#12088,1.);
#7822=VECTOR('',#12089,1.);
#7823=VECTOR('',#12092,1.);
#7824=VECTOR('',#12095,1.);
#7825=VECTOR('',#12096,1.);
#7826=VECTOR('',#12097,1.);
#7827=VECTOR('',#12100,1.);
#7828=VECTOR('',#12103,1.);
#7829=VECTOR('',#12106,1.);
#7830=VECTOR('',#12109,1.);
#7831=VECTOR('',#12112,1.);
#7832=VECTOR('',#12115,1.);
#7833=VECTOR('',#12118,1.);
#7834=VECTOR('',#12121,1.);
#7835=VECTOR('',#12122,1.);
#7836=VECTOR('',#12123,1.);
#7837=VECTOR('',#12126,1.);
#7838=VECTOR('',#12129,1.);
#7839=VECTOR('',#12130,1.);
#7840=VECTOR('',#12131,1.);
#7841=VECTOR('',#12134,1.);
#7842=VECTOR('',#12137,1.);
#7843=VECTOR('',#12140,1.);
#7844=VECTOR('',#12143,1.);
#7845=VECTOR('',#12146,1.);
#7846=VECTOR('',#12149,1.);
#7847=VECTOR('',#12152,1.);
#7848=VECTOR('',#12155,1.);
#7849=VECTOR('',#12156,1.);
#7850=VECTOR('',#12157,1.);
#7851=VECTOR('',#12160,1.);
#7852=VECTOR('',#12163,1.);
#7853=VECTOR('',#12164,1.);
#7854=VECTOR('',#12165,1.);
#7855=VECTOR('',#12168,1.);
#7856=VECTOR('',#12171,1.);
#7857=VECTOR('',#12174,1.);
#7858=VECTOR('',#12177,1.);
#7859=VECTOR('',#12180,1.);
#7860=VECTOR('',#12183,1.);
#7861=VECTOR('',#12186,1.);
#7862=VECTOR('',#12191,1.);
#7863=VECTOR('',#12194,1.);
#7864=VECTOR('',#12197,1.);
#7865=VECTOR('',#12200,1.);
#7866=VECTOR('',#12203,1.);
#7867=VECTOR('',#12206,1.);
#7868=VECTOR('',#12209,1.);
#7869=VECTOR('',#12212,1.);
#7870=VECTOR('',#12215,1.);
#7871=VECTOR('',#12218,1.);
#7872=VECTOR('',#12221,1.);
#7873=VECTOR('',#12224,1.);
#7874=VECTOR('',#12227,1.);
#7875=VECTOR('',#12230,1.);
#7876=VECTOR('',#12233,1.);
#7877=VECTOR('',#12236,1.);
#7878=VECTOR('',#12239,1.);
#7879=VECTOR('',#12242,1.);
#7880=VECTOR('',#12245,1.);
#7881=VECTOR('',#12248,1.);
#7882=VECTOR('',#12251,1.);
#7883=VECTOR('',#12254,1.);
#7884=VECTOR('',#12257,1.);
#7885=VECTOR('',#12260,1.);
#7886=VECTOR('',#12263,1.);
#7887=VECTOR('',#12266,1.);
#7888=VECTOR('',#12269,1.);
#7889=VECTOR('',#12272,1.);
#7890=VECTOR('',#12275,1.);
#7891=VECTOR('',#12278,1.);
#7892=VECTOR('',#12281,1.);
#7893=VECTOR('',#12284,1.);
#7894=VECTOR('',#12287,1.);
#7895=VECTOR('',#12290,1.);
#7896=VECTOR('',#12293,1.);
#7897=VECTOR('',#12296,1.);
#7898=VECTOR('',#12299,1.);
#7899=VECTOR('',#12302,1.);
#7900=VECTOR('',#12305,1.);
#7901=VECTOR('',#12308,1.);
#7902=VECTOR('',#12311,1.);
#7903=VECTOR('',#12314,1.);
#7904=VECTOR('',#12317,1.);
#7905=VECTOR('',#12320,1.);
#7906=VECTOR('',#12323,1.);
#7907=VECTOR('',#12326,1.);
#7908=VECTOR('',#12329,1.);
#7909=VECTOR('',#12332,1.);
#7910=VECTOR('',#12335,1.);
#7911=VECTOR('',#12338,1.);
#7912=VECTOR('',#12341,1.);
#7913=VECTOR('',#12344,1.);
#7914=VECTOR('',#12347,1.);
#7915=VECTOR('',#12350,1.);
#7916=VECTOR('',#12353,1.);
#7917=VECTOR('',#12356,1.);
#7918=VECTOR('',#12359,1.);
#7919=VECTOR('',#12362,1.);
#7920=VECTOR('',#12365,1.);
#7921=VECTOR('',#12368,1.);
#7922=VECTOR('',#12371,1.);
#7923=VECTOR('',#12374,1.);
#7924=VECTOR('',#12377,1.);
#7925=VECTOR('',#12380,1.);
#7926=VECTOR('',#12383,1.);
#7927=VECTOR('',#12386,1.);
#7928=VECTOR('',#12389,1.);
#7929=VECTOR('',#12392,1.);
#7930=VECTOR('',#12395,1.);
#7931=VECTOR('',#12398,1.);
#7932=VECTOR('',#12401,1.);
#7933=VECTOR('',#12404,1.);
#7934=VECTOR('',#12407,1.);
#7935=VECTOR('',#12410,1.);
#7936=VECTOR('',#12413,1.);
#7937=VECTOR('',#12416,1.);
#7938=VECTOR('',#12419,1.);
#7939=VECTOR('',#12422,1.);
#7940=VECTOR('',#12425,1.);
#7941=VECTOR('',#12428,1.);
#7942=VECTOR('',#12431,1.);
#7943=VECTOR('',#12434,1.);
#7944=VECTOR('',#12437,1.);
#7945=VECTOR('',#12440,1.);
#7946=VECTOR('',#12443,1.);
#7947=VECTOR('',#12446,1.);
#7948=VECTOR('',#12449,1.);
#7949=VECTOR('',#12452,1.);
#7950=VECTOR('',#12455,1.);
#7951=VECTOR('',#12458,1.);
#7952=VECTOR('',#12461,1.);
#7953=VECTOR('',#12464,1.);
#7954=VECTOR('',#12467,1.);
#7955=VECTOR('',#12470,1.);
#7956=VECTOR('',#12473,1.);
#7957=VECTOR('',#12476,1.);
#7958=VECTOR('',#12479,1.);
#7959=VECTOR('',#12482,1.);
#7960=VECTOR('',#12485,1.);
#7961=VECTOR('',#12488,1.);
#7962=VECTOR('',#12491,1.);
#7963=VECTOR('',#12494,1.);
#7964=VECTOR('',#12497,1.);
#7965=VECTOR('',#12500,1.);
#7966=VECTOR('',#12503,1.);
#7967=VECTOR('',#12506,1.);
#7968=VECTOR('',#12509,1.);
#7969=VECTOR('',#12512,1.);
#7970=VECTOR('',#12515,1.);
#7971=VECTOR('',#12518,1.);
#7972=VECTOR('',#12521,1.);
#7973=VECTOR('',#12524,1.);
#7974=VECTOR('',#12527,1.);
#7975=VECTOR('',#12530,1.);
#7976=VECTOR('',#12533,1.);
#7977=VECTOR('',#12536,1.);
#7978=VECTOR('',#12539,1.);
#7979=VECTOR('',#12542,1.);
#7980=VECTOR('',#12545,1.);
#7981=VECTOR('',#12548,1.);
#7982=VECTOR('',#12551,1.);
#7983=VECTOR('',#12554,1.);
#7984=VECTOR('',#12557,1.);
#7985=VECTOR('',#12560,1.);
#7986=VECTOR('',#12563,1.);
#7987=VECTOR('',#12566,1.);
#7988=VECTOR('',#12569,1.);
#7989=VECTOR('',#12572,1.);
#7990=VECTOR('',#12575,1.);
#7991=VECTOR('',#12578,1.);
#7992=VECTOR('',#12581,1.);
#7993=VECTOR('',#12584,1.);
#7994=VECTOR('',#12587,1.);
#7995=VECTOR('',#12590,1.);
#7996=VECTOR('',#12593,1.);
#7997=VECTOR('',#12596,1.);
#7998=VECTOR('',#12599,1.);
#7999=VECTOR('',#12602,1.);
#8000=VECTOR('',#12605,1.);
#8001=VECTOR('',#12608,1.);
#8002=VECTOR('',#12611,1.);
#8003=VECTOR('',#12614,1.);
#8004=VECTOR('',#12617,1.);
#8005=VECTOR('',#12620,1.);
#8006=VECTOR('',#12623,1.);
#8007=VECTOR('',#12626,1.);
#8008=VECTOR('',#12629,1.);
#8009=VECTOR('',#12632,1.);
#8010=VECTOR('',#12633,1.);
#8011=VECTOR('',#12636,1.);
#8012=VECTOR('',#12639,1.);
#8013=VECTOR('',#12642,1.);
#8014=VECTOR('',#12647,1.);
#8015=VECTOR('',#12650,1.);
#8016=VECTOR('',#12653,1.);
#8017=VECTOR('',#12656,1.);
#8018=VECTOR('',#12657,1.);
#8019=VECTOR('',#12660,1.);
#8020=VECTOR('',#12663,1.);
#8021=VECTOR('',#12666,1.);
#8022=VECTOR('',#12671,1.);
#8023=VECTOR('',#12674,1.);
#8024=VECTOR('',#12677,1.);
#8025=VECTOR('',#12680,1.);
#8026=VECTOR('',#12683,1.);
#8027=VECTOR('',#12686,1.);
#8028=VECTOR('',#12689,1.);
#8029=VECTOR('',#12692,1.);
#8030=VECTOR('',#12695,1.);
#8031=VECTOR('',#12698,1.);
#8032=VECTOR('',#12701,1.);
#8033=VECTOR('',#12704,1.);
#8034=VECTOR('',#12707,1.);
#8035=VECTOR('',#12708,1.);
#8036=VECTOR('',#12709,1.);
#8037=VECTOR('',#12712,1.);
#8038=VECTOR('',#12715,1.);
#8039=VECTOR('',#12718,1.);
#8040=VECTOR('',#12721,1.);
#8041=VECTOR('',#12724,1.);
#8042=VECTOR('',#12727,1.);
#8043=VECTOR('',#12730,1.);
#8044=VECTOR('',#12733,1.);
#8045=VECTOR('',#12734,1.);
#8046=VECTOR('',#12735,1.);
#8047=VECTOR('',#12738,1.);
#8048=VECTOR('',#12741,1.);
#8049=VECTOR('',#12744,1.);
#8050=VECTOR('',#12747,1.);
#8051=VECTOR('',#12750,1.);
#8052=VECTOR('',#12753,1.);
#8053=VECTOR('',#12756,1.);
#8054=VECTOR('',#12759,1.);
#8055=VECTOR('',#12762,1.);
#8056=VECTOR('',#12765,1.);
#8057=VECTOR('',#12768,1.);
#8058=VECTOR('',#12771,1.);
#8059=VECTOR('',#12774,1.);
#8060=VECTOR('',#12777,1.);
#8061=VECTOR('',#12780,1.);
#8062=VECTOR('',#12783,1.);
#8063=VECTOR('',#12786,1.);
#8064=VECTOR('',#12789,1.);
#8065=VECTOR('',#12794,1.);
#8066=VECTOR('',#12795,1.);
#8067=VECTOR('',#12796,1.);
#8068=VECTOR('',#12799,1.);
#8069=VECTOR('',#12800,1.);
#8070=VECTOR('',#12801,1.);
#8071=VECTOR('',#12804,1.);
#8072=VECTOR('',#12805,1.);
#8073=VECTOR('',#12806,1.);
#8074=VECTOR('',#12809,1.);
#8075=VECTOR('',#12810,1.);
#8076=VECTOR('',#12811,1.);
#8077=VECTOR('',#12816,1.);
#8078=VECTOR('',#12817,1.);
#8079=VECTOR('',#12820,1.);
#8080=VECTOR('',#12821,1.);
#8081=VECTOR('',#12826,1.);
#8082=VECTOR('',#12829,1.);
#8083=VECTOR('',#12830,1.);
#8084=VECTOR('',#12831,1.);
#8085=VECTOR('',#12834,1.);
#8086=VECTOR('',#12835,1.);
#8087=VECTOR('',#12836,1.);
#8088=VECTOR('',#12841,1.);
#8089=VECTOR('',#12846,1.);
#8090=VECTOR('',#12851,1.);
#8091=VECTOR('',#12856,1.);
#8092=VECTOR('',#12859,1.);
#8093=VECTOR('',#12860,1.);
#8094=VECTOR('',#12863,1.);
#8095=VECTOR('',#12864,1.);
#8096=VECTOR('',#12867,1.);
#8097=VECTOR('',#12868,1.);
#8098=VECTOR('',#12871,1.);
#8099=VECTOR('',#12872,1.);
#8100=VECTOR('',#12875,1.);
#8101=VECTOR('',#12876,1.);
#8102=VECTOR('',#12877,1.);
#8103=VECTOR('',#12880,1.);
#8104=VECTOR('',#12881,1.);
#8105=VECTOR('',#12882,1.);
#8106=VECTOR('',#12885,1.);
#8107=VECTOR('',#12890,1.);
#8108=VECTOR('',#12893,1.);
#8109=VECTOR('',#12896,1.);
#8110=VECTOR('',#12901,1.);
#8111=VECTOR('',#12904,1.);
#8112=VECTOR('',#12907,1.);
#8113=VECTOR('',#12912,1.);
#8114=VECTOR('',#12917,1.);
#8115=VECTOR('',#12920,1.);
#8116=VECTOR('',#12923,1.);
#8117=VECTOR('',#12928,1.);
#8118=VECTOR('',#12931,1.);
#8119=VECTOR('',#12934,1.);
#8120=VECTOR('',#12937,1.);
#8121=VECTOR('',#12940,1.);
#8122=VECTOR('',#12941,1.);
#8123=VECTOR('',#12942,1.);
#8124=VECTOR('',#12943,1.);
#8125=VECTOR('',#12946,1.);
#8126=VECTOR('',#12949,1.);
#8127=VECTOR('',#12950,1.);
#8128=VECTOR('',#12953,1.);
#8129=VECTOR('',#12956,1.);
#8130=VECTOR('',#12959,1.);
#8131=VECTOR('',#12962,1.);
#8132=VECTOR('',#12965,1.);
#8133=VECTOR('',#12968,1.);
#8134=VECTOR('',#12971,1.);
#8135=VECTOR('',#12974,1.);
#8136=VECTOR('',#12975,1.);
#8137=VECTOR('',#12978,1.);
#8138=VECTOR('',#12983,1.);
#8139=VECTOR('',#12988,1.);
#8140=VECTOR('',#12991,1.);
#8141=VECTOR('',#12994,1.);
#8142=VECTOR('',#12997,1.);
#8143=VECTOR('',#13002,1.);
#8144=VECTOR('',#13003,1.);
#8145=VECTOR('',#13006,1.);
#8146=VECTOR('',#13009,1.);
#8147=VECTOR('',#13012,1.);
#8148=VECTOR('',#13017,1.);
#8149=VECTOR('',#13020,1.);
#8150=VECTOR('',#13023,1.);
#8151=VECTOR('',#13026,1.);
#8152=VECTOR('',#13029,1.);
#8153=VECTOR('',#13032,1.);
#8154=VECTOR('',#13035,1.);
#8155=VECTOR('',#13038,1.);
#8156=VECTOR('',#13041,1.);
#8157=VECTOR('',#13044,1.);
#8158=VECTOR('',#13047,1.);
#8159=VECTOR('',#13050,1.);
#8160=VECTOR('',#13053,1.);
#8161=VECTOR('',#13056,1.);
#8162=VECTOR('',#13059,1.);
#8163=VECTOR('',#13062,1.);
#8164=VECTOR('',#13065,1.);
#8165=VECTOR('',#13068,1.);
#8166=VECTOR('',#13071,1.);
#8167=VECTOR('',#13074,1.);
#8168=VECTOR('',#13075,1.);
#8169=VECTOR('',#13078,1.);
#8170=VECTOR('',#13081,1.);
#8171=VECTOR('',#13082,1.);
#8172=VECTOR('',#13083,1.);
#8173=VECTOR('',#13086,1.);
#8174=VECTOR('',#13089,1.);
#8175=VECTOR('',#13090,1.);
#8176=VECTOR('',#13091,1.);
#8177=VECTOR('',#13094,1.);
#8178=VECTOR('',#13097,1.);
#8179=VECTOR('',#13100,1.);
#8180=VECTOR('',#13103,1.);
#8181=VECTOR('',#13104,1.);
#8182=VECTOR('',#13105,1.);
#8183=VECTOR('',#13108,1.);
#8184=VECTOR('',#13111,1.);
#8185=VECTOR('',#13112,1.);
#8186=VECTOR('',#13113,1.);
#8187=VECTOR('',#13116,1.);
#8188=VECTOR('',#13119,1.);
#8189=VECTOR('',#13122,1.);
#8190=VECTOR('',#13125,1.);
#8191=VECTOR('',#13128,1.);
#8192=VECTOR('',#13131,1.);
#8193=VECTOR('',#13132,1.);
#8194=VECTOR('',#13133,1.);
#8195=VECTOR('',#13136,1.);
#8196=VECTOR('',#13139,1.);
#8197=VECTOR('',#13140,1.);
#8198=VECTOR('',#13141,1.);
#8199=VECTOR('',#13144,1.);
#8200=VECTOR('',#13147,1.);
#8201=VECTOR('',#13150,1.);
#8202=VECTOR('',#13153,1.);
#8203=VECTOR('',#13154,1.);
#8204=VECTOR('',#13155,1.);
#8205=VECTOR('',#13158,1.);
#8206=VECTOR('',#13161,1.);
#8207=VECTOR('',#13162,1.);
#8208=VECTOR('',#13165,1.);
#8209=VECTOR('',#13168,1.);
#8210=VECTOR('',#13171,1.);
#8211=VECTOR('',#13174,1.);
#8212=VECTOR('',#13177,1.);
#8213=VECTOR('',#13180,1.);
#8214=VECTOR('',#13183,1.);
#8215=VECTOR('',#13186,1.);
#8216=VECTOR('',#13189,1.);
#8217=VECTOR('',#13192,1.);
#8218=VECTOR('',#13195,1.);
#8219=VECTOR('',#13198,1.);
#8220=VECTOR('',#13201,1.);
#8221=VECTOR('',#13204,1.);
#8222=VECTOR('',#13207,1.);
#8223=VECTOR('',#13210,1.);
#8224=VECTOR('',#13213,1.);
#8225=VECTOR('',#13216,1.);
#8226=VECTOR('',#13219,1.);
#8227=VECTOR('',#13222,1.);
#8228=VECTOR('',#13225,1.);
#8229=VECTOR('',#13228,1.);
#8230=VECTOR('',#13231,1.);
#8231=VECTOR('',#13234,1.);
#8232=VECTOR('',#13237,1.);
#8233=VECTOR('',#13240,1.);
#8234=VECTOR('',#13243,1.);
#8235=VECTOR('',#13246,1.);
#8236=VECTOR('',#13249,1.);
#8237=VECTOR('',#13252,1.);
#8238=VECTOR('',#13255,1.);
#8239=VECTOR('',#13258,1.);
#8240=VECTOR('',#13261,1.);
#8241=VECTOR('',#13264,1.);
#8242=VECTOR('',#13267,1.);
#8243=VECTOR('',#13270,1.);
#8244=VECTOR('',#13273,1.);
#8245=VECTOR('',#13276,1.);
#8246=VECTOR('',#13279,1.);
#8247=VECTOR('',#13282,1.);
#8248=VECTOR('',#13285,1.);
#8249=VECTOR('',#13288,1.);
#8250=VECTOR('',#13291,1.);
#8251=VECTOR('',#13294,1.);
#8252=VECTOR('',#13297,1.);
#8253=VECTOR('',#13300,1.);
#8254=VECTOR('',#13303,1.);
#8255=VECTOR('',#13306,1.);
#8256=VECTOR('',#13309,1.);
#8257=VECTOR('',#13312,1.);
#8258=VECTOR('',#13315,1.);
#8259=VECTOR('',#13318,1.);
#8260=VECTOR('',#13321,1.);
#8261=VECTOR('',#13324,1.);
#8262=VECTOR('',#13327,1.);
#8263=VECTOR('',#13330,1.);
#8264=VECTOR('',#13333,1.);
#8265=VECTOR('',#13336,1.);
#8266=VECTOR('',#13339,1.);
#8267=VECTOR('',#13342,1.);
#8268=VECTOR('',#13345,1.);
#8269=VECTOR('',#13348,1.);
#8270=VECTOR('',#13351,1.);
#8271=VECTOR('',#13354,1.);
#8272=VECTOR('',#13357,1.);
#8273=VECTOR('',#13360,1.);
#8274=VECTOR('',#13363,1.);
#8275=VECTOR('',#13366,1.);
#8276=VECTOR('',#13369,1.);
#8277=VECTOR('',#13372,1.);
#8278=VECTOR('',#13375,1.);
#8279=VECTOR('',#13378,1.);
#8280=VECTOR('',#13381,1.);
#8281=VECTOR('',#13384,1.);
#8282=VECTOR('',#13387,1.);
#8283=VECTOR('',#13390,1.);
#8284=VECTOR('',#13393,1.);
#8285=VECTOR('',#13396,1.);
#8286=VECTOR('',#13399,1.);
#8287=VECTOR('',#13402,1.);
#8288=VECTOR('',#13405,1.);
#8289=VECTOR('',#13408,1.);
#8290=VECTOR('',#13411,1.);
#8291=VECTOR('',#13414,1.);
#8292=VECTOR('',#13417,1.);
#8293=VECTOR('',#13420,1.);
#8294=VECTOR('',#13423,1.);
#8295=VECTOR('',#13426,1.);
#8296=VECTOR('',#13429,1.);
#8297=VECTOR('',#13432,1.);
#8298=VECTOR('',#13435,1.);
#8299=VECTOR('',#13438,1.);
#8300=VECTOR('',#13441,1.);
#8301=VECTOR('',#13444,1.);
#8302=VECTOR('',#13447,1.);
#8303=VECTOR('',#13450,1.);
#8304=VECTOR('',#13453,1.);
#8305=VECTOR('',#13456,1.);
#8306=VECTOR('',#13459,1.);
#8307=VECTOR('',#13462,1.);
#8308=VECTOR('',#13465,1.);
#8309=VECTOR('',#13468,1.);
#8310=VECTOR('',#13471,1.);
#8311=VECTOR('',#13474,1.);
#8312=VECTOR('',#13477,1.);
#8313=VECTOR('',#13480,1.);
#8314=VECTOR('',#13483,1.);
#8315=VECTOR('',#13486,1.);
#8316=VECTOR('',#13489,1.);
#8317=VECTOR('',#13492,1.);
#8318=VECTOR('',#13495,1.);
#8319=VECTOR('',#13498,1.);
#8320=VECTOR('',#13501,1.);
#8321=VECTOR('',#13504,1.);
#8322=VECTOR('',#13507,1.);
#8323=VECTOR('',#13510,1.);
#8324=VECTOR('',#13513,1.);
#8325=VECTOR('',#13516,1.);
#8326=VECTOR('',#13519,1.);
#8327=VECTOR('',#13522,1.);
#8328=VECTOR('',#13525,1.);
#8329=VECTOR('',#13528,1.);
#8330=VECTOR('',#13531,1.);
#8331=VECTOR('',#13534,1.);
#8332=VECTOR('',#13537,1.);
#8333=VECTOR('',#13540,1.);
#8334=VECTOR('',#13543,1.);
#8335=VECTOR('',#13544,1.);
#8336=VECTOR('',#13547,1.);
#8337=VECTOR('',#13550,1.);
#8338=VECTOR('',#13553,1.);
#8339=VECTOR('',#13556,1.);
#8340=VECTOR('',#13559,1.);
#8341=VECTOR('',#13562,1.);
#8342=VECTOR('',#13567,1.);
#8343=VECTOR('',#13568,1.);
#8344=VECTOR('',#13571,1.);
#8345=VECTOR('',#13574,1.);
#8346=VECTOR('',#13577,1.);
#8347=VECTOR('',#13580,1.);
#8348=VECTOR('',#13583,1.);
#8349=VECTOR('',#13586,1.);
#8350=VECTOR('',#13591,1.);
#8351=VECTOR('',#13592,1.);
#8352=VECTOR('',#13595,1.);
#8353=VECTOR('',#13598,1.);
#8354=VECTOR('',#13601,1.);
#8355=VECTOR('',#13604,1.);
#8356=VECTOR('',#13607,1.);
#8357=VECTOR('',#13610,1.);
#8358=VECTOR('',#13615,1.);
#8359=VECTOR('',#13616,1.);
#8360=VECTOR('',#13619,1.);
#8361=VECTOR('',#13622,1.);
#8362=VECTOR('',#13625,1.);
#8363=VECTOR('',#13628,1.);
#8364=VECTOR('',#13631,1.);
#8365=VECTOR('',#13634,1.);
#8366=VECTOR('',#13639,1.);
#8367=VECTOR('',#13640,1.);
#8368=VECTOR('',#13643,1.);
#8369=VECTOR('',#13646,1.);
#8370=VECTOR('',#13649,1.);
#8371=VECTOR('',#13652,1.);
#8372=VECTOR('',#13655,1.);
#8373=VECTOR('',#13658,1.);
#8374=VECTOR('',#13663,1.);
#8375=VECTOR('',#13664,1.);
#8376=VECTOR('',#13667,1.);
#8377=VECTOR('',#13670,1.);
#8378=VECTOR('',#13673,1.);
#8379=VECTOR('',#13676,1.);
#8380=VECTOR('',#13679,1.);
#8381=VECTOR('',#13682,1.);
#8382=VECTOR('',#13687,1.);
#8383=VECTOR('',#13690,1.);
#8384=VECTOR('',#13695,1.);
#8385=VECTOR('',#13696,1.);
#8386=VECTOR('',#13699,1.);
#8387=VECTOR('',#13702,1.);
#8388=VECTOR('',#13705,1.);
#8389=VECTOR('',#13708,1.);
#8390=VECTOR('',#13711,1.);
#8391=VECTOR('',#13714,1.);
#8392=VECTOR('',#13719,1.);
#8393=VECTOR('',#13722,1.);
#8394=VECTOR('',#13725,1.);
#8395=VECTOR('',#13726,1.);
#8396=VECTOR('',#13729,1.);
#8397=VECTOR('',#13730,1.);
#8398=VECTOR('',#13733,1.);
#8399=VECTOR('',#13734,1.);
#8400=VECTOR('',#13737,1.);
#8401=VECTOR('',#13738,1.);
#8402=VECTOR('',#13741,1.);
#8403=VECTOR('',#13742,1.);
#8404=VECTOR('',#13745,1.);
#8405=VECTOR('',#13746,1.);
#8406=VECTOR('',#13749,1.);
#8407=VECTOR('',#13750,1.);
#8408=VECTOR('',#13753,1.);
#8409=VECTOR('',#13754,1.);
#8410=VECTOR('',#13757,1.);
#8411=VECTOR('',#13758,1.);
#8412=VECTOR('',#13761,1.);
#8413=VECTOR('',#13762,1.);
#8414=VECTOR('',#13765,1.);
#8415=VECTOR('',#13768,1.);
#8416=VECTOR('',#13771,1.);
#8417=VECTOR('',#13774,1.);
#8418=VECTOR('',#13777,1.);
#8419=VECTOR('',#13780,1.);
#8420=VECTOR('',#13783,1.);
#8421=VECTOR('',#13784,1.);
#8422=VECTOR('',#13787,1.);
#8423=VECTOR('',#13790,1.);
#8424=VECTOR('',#13793,1.);
#8425=VECTOR('',#13796,1.);
#8426=VECTOR('',#13799,1.);
#8427=VECTOR('',#13802,1.);
#8428=VECTOR('',#13805,1.);
#8429=VECTOR('',#13806,1.);
#8430=VECTOR('',#13809,1.);
#8431=VECTOR('',#13812,1.);
#8432=VECTOR('',#13815,1.);
#8433=VECTOR('',#13818,1.);
#8434=VECTOR('',#13821,1.);
#8435=VECTOR('',#13824,1.);
#8436=VECTOR('',#13827,1.);
#8437=VECTOR('',#13828,1.);
#8438=VECTOR('',#13831,1.);
#8439=VECTOR('',#13834,1.);
#8440=VECTOR('',#13837,1.);
#8441=VECTOR('',#13840,1.);
#8442=VECTOR('',#13843,1.);
#8443=VECTOR('',#13846,1.);
#8444=VECTOR('',#13849,1.);
#8445=VECTOR('',#13850,1.);
#8446=VECTOR('',#13853,1.);
#8447=VECTOR('',#13856,1.);
#8448=VECTOR('',#13859,1.);
#8449=VECTOR('',#13862,1.);
#8450=VECTOR('',#13865,1.);
#8451=VECTOR('',#13868,1.);
#8452=VECTOR('',#13871,1.);
#8453=VECTOR('',#13872,1.);
#8454=VECTOR('',#13875,1.);
#8455=VECTOR('',#13878,1.);
#8456=VECTOR('',#13881,1.);
#8457=VECTOR('',#13884,1.);
#8458=VECTOR('',#13887,1.);
#8459=VECTOR('',#13890,1.);
#8460=VECTOR('',#13893,1.);
#8461=VECTOR('',#13894,1.);
#8462=VECTOR('',#13897,1.);
#8463=VECTOR('',#13900,1.);
#8464=VECTOR('',#13903,1.);
#8465=VECTOR('',#13906,1.);
#8466=VECTOR('',#13909,1.);
#8467=VECTOR('',#13912,1.);
#8468=VECTOR('',#13915,1.);
#8469=VECTOR('',#13916,1.);
#8470=VECTOR('',#13919,1.);
#8471=VECTOR('',#13922,1.);
#8472=VECTOR('',#13925,1.);
#8473=VECTOR('',#13928,1.);
#8474=VECTOR('',#13931,1.);
#8475=VECTOR('',#13934,1.);
#8476=VECTOR('',#13937,1.);
#8477=VECTOR('',#13938,1.);
#8478=VECTOR('',#13941,1.);
#8479=VECTOR('',#13944,1.);
#8480=VECTOR('',#13947,1.);
#8481=VECTOR('',#13950,1.);
#8482=VECTOR('',#13953,1.);
#8483=VECTOR('',#13956,1.);
#8484=VECTOR('',#13959,1.);
#8485=VECTOR('',#13960,1.);
#8486=VECTOR('',#13963,1.);
#8487=VECTOR('',#13966,1.);
#8488=VECTOR('',#13969,1.);
#8489=VECTOR('',#13972,1.);
#8490=VECTOR('',#13975,1.);
#8491=VECTOR('',#13978,1.);
#8492=VECTOR('',#13981,1.);
#8493=VECTOR('',#13982,1.);
#8494=VECTOR('',#13985,1.);
#8495=VECTOR('',#13988,1.);
#8496=VECTOR('',#13991,1.);
#8497=VECTOR('',#13994,1.);
#8498=VECTOR('',#13997,1.);
#8499=VECTOR('',#14000,1.);
#8500=VECTOR('',#14003,1.);
#8501=VECTOR('',#14004,1.);
#8502=VECTOR('',#14007,1.);
#8503=VECTOR('',#14010,1.);
#8504=VECTOR('',#14013,1.);
#8505=VECTOR('',#14016,1.);
#8506=VECTOR('',#14019,1.);
#8507=VECTOR('',#14022,1.);
#8508=VECTOR('',#14025,1.);
#8509=VECTOR('',#14026,1.);
#8510=VECTOR('',#14029,1.);
#8511=VECTOR('',#14032,1.);
#8512=VECTOR('',#14035,1.);
#8513=VECTOR('',#14038,1.);
#8514=VECTOR('',#14041,1.);
#8515=VECTOR('',#14044,1.);
#8516=VECTOR('',#14047,1.);
#8517=VECTOR('',#14048,1.);
#8518=VECTOR('',#14051,1.);
#8519=VECTOR('',#14054,1.);
#8520=VECTOR('',#14057,1.);
#8521=VECTOR('',#14060,1.);
#8522=VECTOR('',#14063,1.);
#8523=VECTOR('',#14066,1.);
#8524=VECTOR('',#14069,1.);
#8525=VECTOR('',#14072,1.);
#8526=VECTOR('',#14077,1.);
#8527=VECTOR('',#14080,1.);
#8528=VECTOR('',#14085,1.);
#8529=VECTOR('',#14086,1.);
#8530=VECTOR('',#14089,1.);
#8531=VECTOR('',#14092,1.);
#8532=VECTOR('',#14095,1.);
#8533=VECTOR('',#14098,1.);
#8534=VECTOR('',#14101,1.);
#8535=VECTOR('',#14104,1.);
#8536=VECTOR('',#14107,1.);
#8537=VECTOR('',#14108,1.);
#8538=VECTOR('',#14111,1.);
#8539=VECTOR('',#14114,1.);
#8540=VECTOR('',#14117,1.);
#8541=VECTOR('',#14120,1.);
#8542=VECTOR('',#14123,1.);
#8543=VECTOR('',#14126,1.);
#8544=VECTOR('',#14129,1.);
#8545=VECTOR('',#14130,1.);
#8546=VECTOR('',#14133,1.);
#8547=VECTOR('',#14136,1.);
#8548=VECTOR('',#14139,1.);
#8549=VECTOR('',#14142,1.);
#8550=VECTOR('',#14145,1.);
#8551=VECTOR('',#14148,1.);
#8552=VECTOR('',#14151,1.);
#8553=VECTOR('',#14152,1.);
#8554=VECTOR('',#14155,1.);
#8555=VECTOR('',#14158,1.);
#8556=VECTOR('',#14161,1.);
#8557=VECTOR('',#14164,1.);
#8558=VECTOR('',#14167,1.);
#8559=VECTOR('',#14170,1.);
#8560=VECTOR('',#14173,1.);
#8561=VECTOR('',#14176,1.);
#8562=VECTOR('',#14181,1.);
#8563=VECTOR('',#14182,1.);
#8564=VECTOR('',#14185,1.);
#8565=VECTOR('',#14188,1.);
#8566=VECTOR('',#14191,1.);
#8567=VECTOR('',#14194,1.);
#8568=VECTOR('',#14197,1.);
#8569=VECTOR('',#14200,1.);
#8570=VECTOR('',#14203,1.);
#8571=VECTOR('',#14204,1.);
#8572=VECTOR('',#14207,1.);
#8573=VECTOR('',#14210,1.);
#8574=VECTOR('',#14213,1.);
#8575=VECTOR('',#14216,1.);
#8576=VECTOR('',#14219,1.);
#8577=VECTOR('',#14222,1.);
#8578=VECTOR('',#14225,1.);
#8579=VECTOR('',#14226,1.);
#8580=VECTOR('',#14229,1.);
#8581=VECTOR('',#14232,1.);
#8582=VECTOR('',#14235,1.);
#8583=VECTOR('',#14238,1.);
#8584=VECTOR('',#14241,1.);
#8585=VECTOR('',#14244,1.);
#8586=VECTOR('',#14247,1.);
#8587=VECTOR('',#14248,1.);
#8588=VECTOR('',#14251,1.);
#8589=VECTOR('',#14254,1.);
#8590=VECTOR('',#14257,1.);
#8591=VECTOR('',#14260,1.);
#8592=VECTOR('',#14263,1.);
#8593=VECTOR('',#14266,1.);
#8594=VECTOR('',#14269,1.);
#8595=VECTOR('',#14270,1.);
#8596=VECTOR('',#14273,1.);
#8597=VECTOR('',#14276,1.);
#8598=VECTOR('',#14279,1.);
#8599=VECTOR('',#14282,1.);
#8600=VECTOR('',#14285,1.);
#8601=VECTOR('',#14288,1.);
#8602=VECTOR('',#14291,1.);
#8603=VECTOR('',#14292,1.);
#8604=VECTOR('',#14295,1.);
#8605=VECTOR('',#14298,1.);
#8606=VECTOR('',#14301,1.);
#8607=VECTOR('',#14304,1.);
#8608=VECTOR('',#14307,1.);
#8609=VECTOR('',#14310,1.);
#8610=VECTOR('',#14313,1.);
#8611=VECTOR('',#14314,1.);
#8612=VECTOR('',#14317,1.);
#8613=VECTOR('',#14320,1.);
#8614=VECTOR('',#14323,1.);
#8615=VECTOR('',#14326,1.);
#8616=VECTOR('',#14329,1.);
#8617=VECTOR('',#14332,1.);
#8618=VECTOR('',#14335,1.);
#8619=VECTOR('',#14338,1.);
#8620=VECTOR('',#14343,1.);
#8621=VECTOR('',#14344,1.);
#8622=VECTOR('',#14347,1.);
#8623=VECTOR('',#14350,1.);
#8624=VECTOR('',#14353,1.);
#8625=VECTOR('',#14356,1.);
#8626=VECTOR('',#14359,1.);
#8627=VECTOR('',#14362,1.);
#8628=VECTOR('',#14365,1.);
#8629=VECTOR('',#14368,1.);
#8630=VECTOR('',#14373,1.);
#8631=VECTOR('',#14376,1.);
#8632=VECTOR('',#14381,1.);
#8633=VECTOR('',#14382,1.);
#8634=VECTOR('',#14385,1.);
#8635=VECTOR('',#14388,1.);
#8636=VECTOR('',#14391,1.);
#8637=VECTOR('',#14394,1.);
#8638=VECTOR('',#14397,1.);
#8639=VECTOR('',#14400,1.);
#8640=VECTOR('',#14403,1.);
#8641=VECTOR('',#14404,1.);
#8642=VECTOR('',#14407,1.);
#8643=VECTOR('',#14410,1.);
#8644=VECTOR('',#14413,1.);
#8645=VECTOR('',#14416,1.);
#8646=VECTOR('',#14419,1.);
#8647=VECTOR('',#14422,1.);
#8648=VECTOR('',#14425,1.);
#8649=VECTOR('',#14426,1.);
#8650=VECTOR('',#14429,1.);
#8651=VECTOR('',#14432,1.);
#8652=VECTOR('',#14435,1.);
#8653=VECTOR('',#14438,1.);
#8654=VECTOR('',#14441,1.);
#8655=VECTOR('',#14444,1.);
#8656=VECTOR('',#14447,1.);
#8657=VECTOR('',#14448,1.);
#8658=VECTOR('',#14451,1.);
#8659=VECTOR('',#14454,1.);
#8660=VECTOR('',#14457,1.);
#8661=VECTOR('',#14460,1.);
#8662=VECTOR('',#14463,1.);
#8663=VECTOR('',#14466,1.);
#8664=VECTOR('',#14469,1.);
#8665=VECTOR('',#14470,1.);
#8666=VECTOR('',#14473,1.);
#8667=VECTOR('',#14476,1.);
#8668=VECTOR('',#14479,1.);
#8669=VECTOR('',#14482,1.);
#8670=VECTOR('',#14485,1.);
#8671=VECTOR('',#14488,1.);
#8672=VECTOR('',#14553,1.);
#8673=VECTOR('',#14554,1.);
#8674=VECTOR('',#14555,1.);
#8675=VECTOR('',#14556,1.);
#8676=VECTOR('',#14561,1.);
#8677=VECTOR('',#14564,1.);
#8678=VECTOR('',#14565,1.);
#8679=VECTOR('',#14570,1.);
#8680=VECTOR('',#14573,1.);
#8681=VECTOR('',#14574,1.);
#8682=VECTOR('',#14579,1.);
#8683=VECTOR('',#14582,1.);
#8684=VECTOR('',#14583,1.);
#8685=VECTOR('',#14588,1.);
#8686=VECTOR('',#14591,1.);
#8687=VECTOR('',#14592,1.);
#8688=VECTOR('',#14597,1.);
#8689=VECTOR('',#14600,1.);
#8690=VECTOR('',#14601,1.);
#8691=VECTOR('',#14606,1.);
#8692=VECTOR('',#14609,1.);
#8693=VECTOR('',#14610,1.);
#8694=VECTOR('',#14611,1.);
#8695=VECTOR('',#14612,1.);
#8696=VECTOR('',#14613,1.);
#8697=VECTOR('',#14618,1.);
#8698=VECTOR('',#14621,1.);
#8699=VECTOR('',#14622,1.);
#8700=VECTOR('',#14627,1.);
#8701=VECTOR('',#14630,1.);
#8702=VECTOR('',#14631,1.);
#8703=VECTOR('',#14632,1.);
#8704=VECTOR('',#14639,1.);
#8705=VECTOR('',#14642,1.);
#8706=VECTOR('',#14643,1.);
#8707=VECTOR('',#14644,1.);
#8708=VECTOR('',#14649,1.);
#8709=VECTOR('',#14652,1.);
#8710=VECTOR('',#14653,1.);
#8711=VECTOR('',#14656,1.);
#8712=VECTOR('',#14661,1.);
#8713=VECTOR('',#14662,1.);
#8714=VECTOR('',#14667,1.);
#8715=VECTOR('',#14670,1.);
#8716=VECTOR('',#14671,1.);
#8717=VECTOR('',#14676,1.);
#8718=VECTOR('',#14679,1.);
#8719=VECTOR('',#14680,1.);
#8720=VECTOR('',#14683,1.);
#8721=VECTOR('',#14688,1.);
#8722=VECTOR('',#14689,1.);
#8723=VECTOR('',#14694,1.);
#8724=VECTOR('',#14697,1.);
#8725=VECTOR('',#14698,1.);
#8726=VECTOR('',#14699,1.);
#8727=VECTOR('',#14700,1.);
#8728=VECTOR('',#14701,1.);
#8729=VECTOR('',#14706,1.);
#8730=VECTOR('',#14709,1.);
#8731=VECTOR('',#14710,1.);
#8732=VECTOR('',#14715,1.);
#8733=VECTOR('',#14718,1.);
#8734=VECTOR('',#14719,1.);
#8735=VECTOR('',#14720,1.);
#8736=VECTOR('',#14725,1.);
#8737=VECTOR('',#14726,1.);
#8738=VECTOR('',#14727,1.);
#8739=VECTOR('',#14728,1.);
#8740=VECTOR('',#14733,1.);
#8741=VECTOR('',#14736,1.);
#8742=VECTOR('',#14737,1.);
#8743=VECTOR('',#14742,1.);
#8744=VECTOR('',#14745,1.);
#8745=VECTOR('',#14746,1.);
#8746=VECTOR('',#14751,1.);
#8747=VECTOR('',#14754,1.);
#8748=VECTOR('',#14755,1.);
#8749=VECTOR('',#14760,1.);
#8750=VECTOR('',#14763,1.);
#8751=VECTOR('',#14764,1.);
#8752=VECTOR('',#14769,1.);
#8753=VECTOR('',#14772,1.);
#8754=VECTOR('',#14773,1.);
#8755=VECTOR('',#14778,1.);
#8756=VECTOR('',#14781,1.);
#8757=VECTOR('',#14782,1.);
#8758=VECTOR('',#14783,1.);
#8759=VECTOR('',#14784,1.);
#8760=VECTOR('',#14785,1.);
#8761=VECTOR('',#14790,1.);
#8762=VECTOR('',#14793,1.);
#8763=VECTOR('',#14794,1.);
#8764=VECTOR('',#14799,1.);
#8765=VECTOR('',#14802,1.);
#8766=VECTOR('',#14803,1.);
#8767=VECTOR('',#14804,1.);
#8768=VECTOR('',#14811,1.);
#8769=VECTOR('',#14814,1.);
#8770=VECTOR('',#14815,1.);
#8771=VECTOR('',#14816,1.);
#8772=VECTOR('',#14821,1.);
#8773=VECTOR('',#14824,1.);
#8774=VECTOR('',#14825,1.);
#8775=VECTOR('',#14828,1.);
#8776=VECTOR('',#14833,1.);
#8777=VECTOR('',#14834,1.);
#8778=VECTOR('',#14839,1.);
#8779=VECTOR('',#14842,1.);
#8780=VECTOR('',#14843,1.);
#8781=VECTOR('',#14848,1.);
#8782=VECTOR('',#14851,1.);
#8783=VECTOR('',#14852,1.);
#8784=VECTOR('',#14855,1.);
#8785=VECTOR('',#14860,1.);
#8786=VECTOR('',#14861,1.);
#8787=VECTOR('',#14866,1.);
#8788=VECTOR('',#14869,1.);
#8789=VECTOR('',#14870,1.);
#8790=VECTOR('',#14871,1.);
#8791=VECTOR('',#14872,1.);
#8792=VECTOR('',#14873,1.);
#8793=VECTOR('',#14878,1.);
#8794=VECTOR('',#14881,1.);
#8795=VECTOR('',#14882,1.);
#8796=VECTOR('',#14887,1.);
#8797=VECTOR('',#14890,1.);
#8798=VECTOR('',#14891,1.);
#8799=VECTOR('',#14892,1.);
#8800=VECTOR('',#14897,1.);
#8801=VECTOR('',#14898,1.);
#8802=VECTOR('',#14899,1.);
#8803=VECTOR('',#14904,1.);
#8804=VECTOR('',#14907,1.);
#8805=VECTOR('',#14908,1.);
#8806=VECTOR('',#14911,1.);
#8807=VECTOR('',#14916,1.);
#8808=VECTOR('',#14917,1.);
#8809=VECTOR('',#14922,1.);
#8810=VECTOR('',#14925,1.);
#8811=VECTOR('',#14926,1.);
#8812=VECTOR('',#14931,1.);
#8813=VECTOR('',#14934,1.);
#8814=VECTOR('',#14935,1.);
#8815=VECTOR('',#14938,1.);
#8816=VECTOR('',#14943,1.);
#8817=VECTOR('',#14944,1.);
#8818=VECTOR('',#14949,1.);
#8819=VECTOR('',#14952,1.);
#8820=VECTOR('',#14953,1.);
#8821=VECTOR('',#14954,1.);
#8822=VECTOR('',#14955,1.);
#8823=VECTOR('',#14956,1.);
#8824=VECTOR('',#14961,1.);
#8825=VECTOR('',#14964,1.);
#8826=VECTOR('',#14965,1.);
#8827=VECTOR('',#14970,1.);
#8828=VECTOR('',#14973,1.);
#8829=VECTOR('',#14974,1.);
#8830=VECTOR('',#14979,1.);
#8831=VECTOR('',#14984,1.);
#8832=VECTOR('',#14987,1.);
#8833=VECTOR('',#14992,1.);
#8834=VECTOR('',#14997,1.);
#8835=VECTOR('',#15002,1.);
#8836=VECTOR('',#15005,1.);
#8837=VECTOR('',#15010,1.);
#8838=VECTOR('',#15017,1.);
#8839=VECTOR('',#15020,1.);
#8840=VECTOR('',#15027,1.);
#8841=VECTOR('',#15032,1.);
#8842=VECTOR('',#15035,1.);
#8843=VECTOR('',#15040,1.);
#8844=VECTOR('',#15041,1.);
#8845=VECTOR('',#15042,1.);
#8846=VECTOR('',#15057,1.);
#8847=VECTOR('',#15062,1.);
#8848=VECTOR('',#15065,1.);
#8849=VECTOR('',#15070,1.);
#8850=VECTOR('',#15077,1.);
#8851=VECTOR('',#15080,1.);
#8852=VECTOR('',#15087,1.);
#8853=VECTOR('',#15092,1.);
#8854=VECTOR('',#15095,1.);
#8855=VECTOR('',#15100,1.);
#8856=VECTOR('',#15101,1.);
#8857=VECTOR('',#15102,1.);
#8858=VECTOR('',#15119,1.);
#8859=VECTOR('',#15120,1.);
#8860=VECTOR('',#15123,1.);
#8861=VECTOR('',#15128,1.);
#8862=VECTOR('',#15131,1.);
#8863=VECTOR('',#15134,1.);
#8864=VECTOR('',#15139,1.);
#8865=VECTOR('',#15140,1.);
#8866=VECTOR('',#15143,1.);
#8867=VECTOR('',#15148,1.);
#8868=VECTOR('',#15151,1.);
#8869=VECTOR('',#15154,1.);
#8870=VECTOR('',#15159,1.);
#8871=VECTOR('',#15160,1.);
#8872=VECTOR('',#15163,1.);
#8873=VECTOR('',#15168,1.);
#8874=VECTOR('',#15171,1.);
#8875=VECTOR('',#15174,1.);
#8876=VECTOR('',#15179,1.);
#8877=VECTOR('',#15180,1.);
#8878=VECTOR('',#15185,1.);
#8879=VECTOR('',#15188,1.);
#8880=VECTOR('',#15191,1.);
#8881=VECTOR('',#15194,1.);
#8882=VECTOR('',#15199,1.);
#8883=VECTOR('',#15200,1.);
#8884=VECTOR('',#15203,1.);
#8885=VECTOR('',#15204,1.);
#8886=VECTOR('',#15207,1.);
#8887=VECTOR('',#15208,1.);
#8888=VECTOR('',#15211,1.);
#8889=VECTOR('',#15212,1.);
#8890=VECTOR('',#15215,1.);
#8891=VECTOR('',#15216,1.);
#8892=VECTOR('',#15219,1.);
#8893=VECTOR('',#15220,1.);
#8894=VECTOR('',#15223,1.);
#8895=VECTOR('',#15224,1.);
#8896=VECTOR('',#15227,1.);
#8897=VECTOR('',#15244,1.);
#8898=VECTOR('',#15247,1.);
#8899=VECTOR('',#15250,1.);
#8900=EDGE_LOOP('',(#786,#787,#788,#789));
#8901=EDGE_LOOP('',(#790,#791,#792,#793,#794,#795,#796,#797,#798,#799,#800,
#801,#802,#803,#804,#805,#806,#807,#808,#809,#810,#811,#812,#813,#814,#815,
#816,#817,#818,#819,#820,#821,#822,#823,#824,#825,#826,#827,#828,#829,#830,
#831,#832,#833,#834,#835,#836,#837));
#8902=EDGE_LOOP('',(#838,#839,#840,#841,#842,#843,#844,#845,#846,#847,#848,
#849,#850,#851,#852,#853,#854,#855,#856,#857,#858,#859,#860,#861,#862,#863,
#864,#865,#866,#867,#868,#869,#870,#871,#872,#873,#874,#875,#876,#877,#878,
#879,#880,#881,#882,#883,#884,#885));
#8903=EDGE_LOOP('',(#886,#887,#888,#889,#890,#891,#892,#893));
#8904=EDGE_LOOP('',(#894,#895,#896,#897,#898,#899,#900,#901));
#8905=EDGE_LOOP('',(#902,#903,#904,#905,#906,#907,#908,#909));
#8906=EDGE_LOOP('',(#910,#911,#912,#913,#914,#915,#916,#917));
#8907=EDGE_LOOP('',(#918,#919,#920,#921,#922,#923,#924,#925));
#8908=EDGE_LOOP('',(#926,#927,#928,#929,#930,#931,#932,#933));
#8909=EDGE_LOOP('',(#934,#935,#936,#937,#938,#939,#940,#941));
#8910=EDGE_LOOP('',(#942,#943,#944,#945,#946,#947,#948,#949));
#8911=EDGE_LOOP('',(#950,#951,#952,#953,#954,#955,#956,#957));
#8912=EDGE_LOOP('',(#958,#959,#960,#961,#962,#963,#964,#965));
#8913=EDGE_LOOP('',(#966,#967,#968,#969,#970,#971,#972,#973));
#8914=EDGE_LOOP('',(#974,#975,#976,#977,#978,#979,#980,#981));
#8915=EDGE_LOOP('',(#982,#983,#984,#985,#986,#987,#988,#989));
#8916=EDGE_LOOP('',(#990,#991,#992,#993,#994,#995,#996,#997));
#8917=EDGE_LOOP('',(#998,#999,#1000,#1001,#1002,#1003,#1004,#1005));
#8918=EDGE_LOOP('',(#1006,#1007,#1008,#1009,#1010,#1011,#1012,#1013));
#8919=EDGE_LOOP('',(#1014,#1015,#1016,#1017,#1018,#1019,#1020,#1021));
#8920=EDGE_LOOP('',(#1022,#1023,#1024,#1025,#1026,#1027,#1028,#1029));
#8921=EDGE_LOOP('',(#1030,#1031,#1032,#1033,#1034,#1035,#1036,#1037));
#8922=EDGE_LOOP('',(#1038,#1039,#1040,#1041,#1042,#1043,#1044,#1045));
#8923=EDGE_LOOP('',(#1046,#1047,#1048,#1049,#1050,#1051,#1052,#1053));
#8924=EDGE_LOOP('',(#1054,#1055,#1056,#1057,#1058,#1059,#1060,#1061));
#8925=EDGE_LOOP('',(#1062,#1063,#1064,#1065,#1066,#1067,#1068,#1069));
#8926=EDGE_LOOP('',(#1070,#1071,#1072,#1073,#1074,#1075,#1076,#1077));
#8927=EDGE_LOOP('',(#1078,#1079,#1080,#1081,#1082,#1083,#1084,#1085));
#8928=EDGE_LOOP('',(#1086,#1087,#1088,#1089,#1090,#1091,#1092,#1093));
#8929=EDGE_LOOP('',(#1094,#1095,#1096,#1097,#1098,#1099,#1100,#1101));
#8930=EDGE_LOOP('',(#1102,#1103,#1104,#1105,#1106,#1107,#1108,#1109));
#8931=EDGE_LOOP('',(#1110,#1111,#1112,#1113,#1114,#1115,#1116,#1117));
#8932=EDGE_LOOP('',(#1118,#1119,#1120,#1121,#1122,#1123,#1124,#1125));
#8933=EDGE_LOOP('',(#1126,#1127,#1128,#1129,#1130,#1131,#1132,#1133));
#8934=EDGE_LOOP('',(#1134,#1135,#1136,#1137,#1138,#1139,#1140,#1141));
#8935=EDGE_LOOP('',(#1142,#1143,#1144,#1145,#1146,#1147,#1148,#1149));
#8936=EDGE_LOOP('',(#1150,#1151,#1152,#1153,#1154,#1155,#1156,#1157));
#8937=EDGE_LOOP('',(#1158,#1159,#1160,#1161,#1162,#1163,#1164,#1165));
#8938=EDGE_LOOP('',(#1166,#1167,#1168,#1169,#1170,#1171,#1172,#1173));
#8939=EDGE_LOOP('',(#1174,#1175,#1176,#1177,#1178,#1179,#1180,#1181));
#8940=EDGE_LOOP('',(#1182,#1183,#1184,#1185,#1186,#1187,#1188,#1189));
#8941=EDGE_LOOP('',(#1190,#1191,#1192,#1193,#1194,#1195,#1196,#1197));
#8942=EDGE_LOOP('',(#1198,#1199,#1200,#1201,#1202,#1203,#1204,#1205));
#8943=EDGE_LOOP('',(#1206,#1207,#1208,#1209,#1210,#1211,#1212,#1213));
#8944=EDGE_LOOP('',(#1214,#1215,#1216,#1217,#1218,#1219,#1220,#1221,#1222,
#1223,#1224,#1225,#1226,#1227,#1228,#1229,#1230,#1231,#1232,#1233,#1234,
#1235,#1236,#1237,#1238,#1239,#1240,#1241,#1242,#1243,#1244,#1245,#1246,
#1247,#1248,#1249,#1250,#1251,#1252,#1253,#1254,#1255,#1256,#1257,#1258,
#1259,#1260,#1261,#1262,#1263,#1264,#1265,#1266,#1267,#1268,#1269,#1270,
#1271,#1272,#1273,#1274,#1275,#1276,#1277,#1278,#1279,#1280,#1281,#1282,
#1283,#1284,#1285,#1286,#1287,#1288,#1289));
#8945=EDGE_LOOP('',(#1290,#1291,#1292,#1293));
#8946=EDGE_LOOP('',(#1294,#1295,#1296,#1297));
#8947=EDGE_LOOP('',(#1298,#1299,#1300,#1301));
#8948=EDGE_LOOP('',(#1302,#1303,#1304,#1305));
#8949=EDGE_LOOP('',(#1306,#1307,#1308,#1309));
#8950=EDGE_LOOP('',(#1310,#1311,#1312,#1313));
#8951=EDGE_LOOP('',(#1314,#1315,#1316,#1317));
#8952=EDGE_LOOP('',(#1318,#1319,#1320,#1321));
#8953=EDGE_LOOP('',(#1322,#1323,#1324,#1325));
#8954=EDGE_LOOP('',(#1326,#1327,#1328,#1329));
#8955=EDGE_LOOP('',(#1330,#1331,#1332,#1333));
#8956=EDGE_LOOP('',(#1334,#1335,#1336,#1337));
#8957=EDGE_LOOP('',(#1338,#1339,#1340,#1341));
#8958=EDGE_LOOP('',(#1342,#1343,#1344,#1345));
#8959=EDGE_LOOP('',(#1346,#1347,#1348,#1349));
#8960=EDGE_LOOP('',(#1350,#1351,#1352,#1353));
#8961=EDGE_LOOP('',(#1354,#1355,#1356,#1357));
#8962=EDGE_LOOP('',(#1358,#1359,#1360,#1361));
#8963=EDGE_LOOP('',(#1362,#1363,#1364,#1365));
#8964=EDGE_LOOP('',(#1366,#1367,#1368,#1369,#1370,#1371,#1372,#1373,#1374,
#1375,#1376,#1377,#1378,#1379,#1380,#1381,#1382,#1383,#1384,#1385,#1386,
#1387,#1388,#1389,#1390,#1391,#1392,#1393,#1394,#1395,#1396,#1397,#1398,
#1399,#1400,#1401,#1402,#1403,#1404,#1405,#1406,#1407,#1408,#1409,#1410,
#1411,#1412,#1413,#1414,#1415,#1416,#1417,#1418,#1419,#1420,#1421,#1422,
#1423,#1424,#1425,#1426,#1427,#1428,#1429,#1430,#1431));
#8965=EDGE_LOOP('',(#1432,#1433,#1434,#1435,#1436,#1437,#1438,#1439));
#8966=EDGE_LOOP('',(#1440,#1441,#1442,#1443,#1444,#1445,#1446,#1447));
#8967=EDGE_LOOP('',(#1448,#1449,#1450,#1451,#1452,#1453,#1454,#1455));
#8968=EDGE_LOOP('',(#1456,#1457,#1458,#1459,#1460,#1461,#1462,#1463));
#8969=EDGE_LOOP('',(#1464,#1465,#1466,#1467,#1468,#1469,#1470,#1471));
#8970=EDGE_LOOP('',(#1472,#1473,#1474,#1475,#1476,#1477,#1478,#1479));
#8971=EDGE_LOOP('',(#1480,#1481,#1482,#1483,#1484,#1485,#1486,#1487));
#8972=EDGE_LOOP('',(#1488,#1489,#1490,#1491,#1492,#1493,#1494,#1495));
#8973=EDGE_LOOP('',(#1496,#1497,#1498,#1499,#1500,#1501,#1502,#1503));
#8974=EDGE_LOOP('',(#1504,#1505,#1506,#1507,#1508,#1509,#1510,#1511));
#8975=EDGE_LOOP('',(#1512,#1513,#1514,#1515,#1516,#1517,#1518,#1519,#1520,
#1521,#1522,#1523,#1524,#1525,#1526,#1527,#1528,#1529,#1530,#1531,#1532,
#1533,#1534,#1535,#1536,#1537,#1538,#1539,#1540,#1541,#1542,#1543));
#8976=EDGE_LOOP('',(#1544,#1545,#1546,#1547,#1548,#1549,#1550,#1551,#1552,
#1553,#1554,#1555,#1556,#1557,#1558,#1559,#1560,#1561,#1562,#1563,#1564,
#1565,#1566,#1567,#1568,#1569,#1570,#1571,#1572,#1573,#1574,#1575));
#8977=EDGE_LOOP('',(#1576,#1577,#1578,#1579,#1580,#1581,#1582,#1583));
#8978=EDGE_LOOP('',(#1584,#1585,#1586,#1587,#1588,#1589,#1590,#1591));
#8979=EDGE_LOOP('',(#1592,#1593,#1594,#1595,#1596,#1597,#1598,#1599));
#8980=EDGE_LOOP('',(#1600,#1601,#1602,#1603,#1604,#1605,#1606,#1607));
#8981=EDGE_LOOP('',(#1608,#1609,#1610,#1611,#1612,#1613,#1614,#1615));
#8982=EDGE_LOOP('',(#1616,#1617,#1618,#1619,#1620,#1621,#1622,#1623));
#8983=EDGE_LOOP('',(#1624,#1625,#1626,#1627,#1628,#1629,#1630,#1631));
#8984=EDGE_LOOP('',(#1632,#1633,#1634,#1635,#1636,#1637,#1638,#1639));
#8985=EDGE_LOOP('',(#1640,#1641,#1642,#1643,#1644,#1645,#1646,#1647));
#8986=EDGE_LOOP('',(#1648,#1649,#1650,#1651,#1652,#1653,#1654,#1655));
#8987=EDGE_LOOP('',(#1656,#1657,#1658,#1659,#1660,#1661,#1662,#1663));
#8988=EDGE_LOOP('',(#1664,#1665,#1666,#1667,#1668,#1669,#1670,#1671));
#8989=EDGE_LOOP('',(#1672,#1673,#1674,#1675,#1676,#1677,#1678,#1679));
#8990=EDGE_LOOP('',(#1680,#1681,#1682,#1683,#1684,#1685,#1686,#1687));
#8991=EDGE_LOOP('',(#1688,#1689,#1690,#1691,#1692,#1693,#1694,#1695));
#8992=EDGE_LOOP('',(#1696,#1697,#1698,#1699,#1700,#1701,#1702,#1703));
#8993=EDGE_LOOP('',(#1704,#1705,#1706,#1707,#1708,#1709,#1710,#1711));
#8994=EDGE_LOOP('',(#1712,#1713,#1714,#1715,#1716,#1717,#1718,#1719));
#8995=EDGE_LOOP('',(#1720,#1721,#1722,#1723,#1724,#1725,#1726,#1727));
#8996=EDGE_LOOP('',(#1728,#1729,#1730,#1731,#1732,#1733,#1734,#1735));
#8997=EDGE_LOOP('',(#1736,#1737,#1738,#1739,#1740,#1741,#1742,#1743));
#8998=EDGE_LOOP('',(#1744,#1745,#1746,#1747,#1748,#1749,#1750,#1751));
#8999=EDGE_LOOP('',(#1752,#1753,#1754,#1755,#1756,#1757,#1758,#1759));
#9000=EDGE_LOOP('',(#1760,#1761,#1762,#1763,#1764,#1765,#1766,#1767));
#9001=EDGE_LOOP('',(#1768,#1769,#1770,#1771,#1772,#1773,#1774,#1775));
#9002=EDGE_LOOP('',(#1776,#1777,#1778,#1779,#1780,#1781,#1782,#1783));
#9003=EDGE_LOOP('',(#1784,#1785,#1786,#1787,#1788,#1789,#1790,#1791));
#9004=EDGE_LOOP('',(#1792,#1793,#1794,#1795,#1796,#1797,#1798,#1799));
#9005=EDGE_LOOP('',(#1800,#1801,#1802,#1803,#1804,#1805,#1806,#1807));
#9006=EDGE_LOOP('',(#1808,#1809,#1810,#1811,#1812,#1813,#1814,#1815));
#9007=EDGE_LOOP('',(#1816,#1817,#1818,#1819,#1820,#1821,#1822,#1823));
#9008=EDGE_LOOP('',(#1824,#1825,#1826,#1827));
#9009=EDGE_LOOP('',(#1828,#1829,#1830,#1831));
#9010=EDGE_LOOP('',(#1832,#1833,#1834,#1835));
#9011=EDGE_LOOP('',(#1836,#1837,#1838,#1839));
#9012=EDGE_LOOP('',(#1840,#1841,#1842,#1843));
#9013=EDGE_LOOP('',(#1844,#1845,#1846,#1847));
#9014=EDGE_LOOP('',(#1848,#1849,#1850,#1851));
#9015=EDGE_LOOP('',(#1852,#1853,#1854,#1855));
#9016=EDGE_LOOP('',(#1856,#1857,#1858,#1859));
#9017=EDGE_LOOP('',(#1860,#1861,#1862,#1863));
#9018=EDGE_LOOP('',(#1864,#1865,#1866,#1867));
#9019=EDGE_LOOP('',(#1868,#1869,#1870,#1871));
#9020=EDGE_LOOP('',(#1872,#1873,#1874,#1875));
#9021=EDGE_LOOP('',(#1876,#1877,#1878,#1879));
#9022=EDGE_LOOP('',(#1880,#1881,#1882,#1883));
#9023=EDGE_LOOP('',(#1884,#1885,#1886,#1887));
#9024=EDGE_LOOP('',(#1888,#1889,#1890,#1891));
#9025=EDGE_LOOP('',(#1892,#1893,#1894,#1895));
#9026=EDGE_LOOP('',(#1896,#1897,#1898,#1899));
#9027=EDGE_LOOP('',(#1900,#1901,#1902,#1903));
#9028=EDGE_LOOP('',(#1904,#1905,#1906,#1907));
#9029=EDGE_LOOP('',(#1908,#1909,#1910,#1911));
#9030=EDGE_LOOP('',(#1912,#1913,#1914,#1915));
#9031=EDGE_LOOP('',(#1916,#1917,#1918,#1919));
#9032=EDGE_LOOP('',(#1920,#1921,#1922,#1923));
#9033=EDGE_LOOP('',(#1924,#1925,#1926,#1927));
#9034=EDGE_LOOP('',(#1928,#1929,#1930,#1931));
#9035=EDGE_LOOP('',(#1932,#1933,#1934,#1935));
#9036=EDGE_LOOP('',(#1936,#1937,#1938,#1939));
#9037=EDGE_LOOP('',(#1940,#1941,#1942,#1943));
#9038=EDGE_LOOP('',(#1944,#1945,#1946,#1947));
#9039=EDGE_LOOP('',(#1948,#1949,#1950,#1951));
#9040=EDGE_LOOP('',(#1952,#1953,#1954,#1955));
#9041=EDGE_LOOP('',(#1956,#1957,#1958,#1959));
#9042=EDGE_LOOP('',(#1960,#1961,#1962,#1963));
#9043=EDGE_LOOP('',(#1964,#1965,#1966,#1967));
#9044=EDGE_LOOP('',(#1968,#1969,#1970,#1971));
#9045=EDGE_LOOP('',(#1972,#1973,#1974,#1975));
#9046=EDGE_LOOP('',(#1976,#1977,#1978,#1979));
#9047=EDGE_LOOP('',(#1980,#1981,#1982,#1983));
#9048=EDGE_LOOP('',(#1984,#1985,#1986,#1987));
#9049=EDGE_LOOP('',(#1988,#1989,#1990,#1991));
#9050=EDGE_LOOP('',(#1992,#1993,#1994,#1995));
#9051=EDGE_LOOP('',(#1996,#1997,#1998,#1999));
#9052=EDGE_LOOP('',(#2000,#2001,#2002,#2003));
#9053=EDGE_LOOP('',(#2004,#2005,#2006,#2007));
#9054=EDGE_LOOP('',(#2008,#2009,#2010,#2011));
#9055=EDGE_LOOP('',(#2012,#2013,#2014,#2015));
#9056=EDGE_LOOP('',(#2016,#2017,#2018,#2019));
#9057=EDGE_LOOP('',(#2020,#2021,#2022,#2023));
#9058=EDGE_LOOP('',(#2024,#2025,#2026,#2027));
#9059=EDGE_LOOP('',(#2028,#2029,#2030,#2031));
#9060=EDGE_LOOP('',(#2032,#2033,#2034,#2035));
#9061=EDGE_LOOP('',(#2036,#2037,#2038,#2039));
#9062=EDGE_LOOP('',(#2040,#2041,#2042,#2043));
#9063=EDGE_LOOP('',(#2044,#2045,#2046,#2047));
#9064=EDGE_LOOP('',(#2048,#2049,#2050,#2051));
#9065=EDGE_LOOP('',(#2052,#2053,#2054,#2055));
#9066=EDGE_LOOP('',(#2056,#2057,#2058,#2059));
#9067=EDGE_LOOP('',(#2060,#2061,#2062,#2063));
#9068=EDGE_LOOP('',(#2064,#2065,#2066,#2067));
#9069=EDGE_LOOP('',(#2068,#2069,#2070,#2071));
#9070=EDGE_LOOP('',(#2072,#2073,#2074,#2075));
#9071=EDGE_LOOP('',(#2076,#2077,#2078,#2079));
#9072=EDGE_LOOP('',(#2080,#2081,#2082,#2083));
#9073=EDGE_LOOP('',(#2084,#2085,#2086,#2087));
#9074=EDGE_LOOP('',(#2088,#2089,#2090,#2091));
#9075=EDGE_LOOP('',(#2092,#2093,#2094,#2095));
#9076=EDGE_LOOP('',(#2096,#2097,#2098,#2099));
#9077=EDGE_LOOP('',(#2100,#2101,#2102,#2103));
#9078=EDGE_LOOP('',(#2104,#2105,#2106,#2107));
#9079=EDGE_LOOP('',(#2108,#2109,#2110,#2111));
#9080=EDGE_LOOP('',(#2112,#2113,#2114,#2115));
#9081=EDGE_LOOP('',(#2116,#2117,#2118,#2119));
#9082=EDGE_LOOP('',(#2120,#2121,#2122,#2123));
#9083=EDGE_LOOP('',(#2124,#2125,#2126,#2127));
#9084=EDGE_LOOP('',(#2128,#2129,#2130,#2131));
#9085=EDGE_LOOP('',(#2132,#2133,#2134,#2135));
#9086=EDGE_LOOP('',(#2136,#2137,#2138,#2139));
#9087=EDGE_LOOP('',(#2140,#2141,#2142,#2143));
#9088=EDGE_LOOP('',(#2144,#2145,#2146,#2147));
#9089=EDGE_LOOP('',(#2148,#2149,#2150,#2151));
#9090=EDGE_LOOP('',(#2152,#2153,#2154,#2155));
#9091=EDGE_LOOP('',(#2156,#2157,#2158,#2159));
#9092=EDGE_LOOP('',(#2160,#2161,#2162,#2163));
#9093=EDGE_LOOP('',(#2164,#2165,#2166,#2167));
#9094=EDGE_LOOP('',(#2168,#2169,#2170,#2171));
#9095=EDGE_LOOP('',(#2172,#2173,#2174,#2175));
#9096=EDGE_LOOP('',(#2176,#2177,#2178,#2179));
#9097=EDGE_LOOP('',(#2180,#2181,#2182,#2183));
#9098=EDGE_LOOP('',(#2184,#2185,#2186,#2187));
#9099=EDGE_LOOP('',(#2188,#2189,#2190,#2191));
#9100=EDGE_LOOP('',(#2192,#2193,#2194,#2195));
#9101=EDGE_LOOP('',(#2196,#2197,#2198,#2199));
#9102=EDGE_LOOP('',(#2200,#2201,#2202,#2203));
#9103=EDGE_LOOP('',(#2204,#2205,#2206,#2207));
#9104=EDGE_LOOP('',(#2208,#2209,#2210,#2211));
#9105=EDGE_LOOP('',(#2212,#2213,#2214,#2215));
#9106=EDGE_LOOP('',(#2216,#2217,#2218,#2219));
#9107=EDGE_LOOP('',(#2220,#2221,#2222,#2223));
#9108=EDGE_LOOP('',(#2224,#2225,#2226,#2227));
#9109=EDGE_LOOP('',(#2228,#2229,#2230,#2231));
#9110=EDGE_LOOP('',(#2232,#2233,#2234,#2235));
#9111=EDGE_LOOP('',(#2236,#2237,#2238,#2239));
#9112=EDGE_LOOP('',(#2240,#2241,#2242,#2243));
#9113=EDGE_LOOP('',(#2244,#2245,#2246,#2247));
#9114=EDGE_LOOP('',(#2248,#2249,#2250,#2251));
#9115=EDGE_LOOP('',(#2252,#2253,#2254,#2255));
#9116=EDGE_LOOP('',(#2256,#2257,#2258,#2259));
#9117=EDGE_LOOP('',(#2260,#2261,#2262,#2263));
#9118=EDGE_LOOP('',(#2264,#2265,#2266,#2267));
#9119=EDGE_LOOP('',(#2268,#2269,#2270,#2271));
#9120=EDGE_LOOP('',(#2272,#2273,#2274,#2275));
#9121=EDGE_LOOP('',(#2276,#2277,#2278,#2279));
#9122=EDGE_LOOP('',(#2280,#2281,#2282,#2283));
#9123=EDGE_LOOP('',(#2284,#2285,#2286,#2287));
#9124=EDGE_LOOP('',(#2288,#2289,#2290,#2291));
#9125=EDGE_LOOP('',(#2292,#2293,#2294,#2295));
#9126=EDGE_LOOP('',(#2296,#2297,#2298,#2299));
#9127=EDGE_LOOP('',(#2300,#2301,#2302,#2303));
#9128=EDGE_LOOP('',(#2304,#2305,#2306,#2307));
#9129=EDGE_LOOP('',(#2308,#2309,#2310,#2311));
#9130=EDGE_LOOP('',(#2312,#2313,#2314,#2315));
#9131=EDGE_LOOP('',(#2316,#2317,#2318,#2319));
#9132=EDGE_LOOP('',(#2320,#2321,#2322,#2323));
#9133=EDGE_LOOP('',(#2324,#2325,#2326,#2327));
#9134=EDGE_LOOP('',(#2328,#2329,#2330,#2331));
#9135=EDGE_LOOP('',(#2332,#2333,#2334,#2335));
#9136=EDGE_LOOP('',(#2336,#2337,#2338,#2339));
#9137=EDGE_LOOP('',(#2340,#2341,#2342,#2343));
#9138=EDGE_LOOP('',(#2344,#2345,#2346,#2347));
#9139=EDGE_LOOP('',(#2348,#2349,#2350,#2351));
#9140=EDGE_LOOP('',(#2352,#2353,#2354,#2355));
#9141=EDGE_LOOP('',(#2356,#2357,#2358,#2359));
#9142=EDGE_LOOP('',(#2360,#2361,#2362,#2363));
#9143=EDGE_LOOP('',(#2364,#2365,#2366,#2367));
#9144=EDGE_LOOP('',(#2368,#2369,#2370,#2371));
#9145=EDGE_LOOP('',(#2372,#2373,#2374,#2375));
#9146=EDGE_LOOP('',(#2376,#2377,#2378,#2379));
#9147=EDGE_LOOP('',(#2380,#2381,#2382,#2383));
#9148=EDGE_LOOP('',(#2384,#2385,#2386,#2387));
#9149=EDGE_LOOP('',(#2388,#2389,#2390,#2391));
#9150=EDGE_LOOP('',(#2392,#2393,#2394,#2395));
#9151=EDGE_LOOP('',(#2396,#2397,#2398,#2399));
#9152=EDGE_LOOP('',(#2400,#2401,#2402,#2403));
#9153=EDGE_LOOP('',(#2404,#2405,#2406,#2407));
#9154=EDGE_LOOP('',(#2408,#2409,#2410,#2411));
#9155=EDGE_LOOP('',(#2412,#2413,#2414,#2415));
#9156=EDGE_LOOP('',(#2416,#2417,#2418,#2419));
#9157=EDGE_LOOP('',(#2420,#2421,#2422,#2423));
#9158=EDGE_LOOP('',(#2424,#2425,#2426,#2427));
#9159=EDGE_LOOP('',(#2428,#2429,#2430,#2431));
#9160=EDGE_LOOP('',(#2432,#2433,#2434,#2435));
#9161=EDGE_LOOP('',(#2436,#2437,#2438,#2439));
#9162=EDGE_LOOP('',(#2440,#2441,#2442,#2443));
#9163=EDGE_LOOP('',(#2444,#2445,#2446,#2447));
#9164=EDGE_LOOP('',(#2448,#2449,#2450,#2451));
#9165=EDGE_LOOP('',(#2452,#2453,#2454,#2455));
#9166=EDGE_LOOP('',(#2456,#2457,#2458,#2459));
#9167=EDGE_LOOP('',(#2460,#2461,#2462,#2463));
#9168=EDGE_LOOP('',(#2464,#2465,#2466,#2467));
#9169=EDGE_LOOP('',(#2468,#2469,#2470,#2471));
#9170=EDGE_LOOP('',(#2472,#2473,#2474,#2475));
#9171=EDGE_LOOP('',(#2476,#2477,#2478,#2479));
#9172=EDGE_LOOP('',(#2480,#2481,#2482,#2483));
#9173=EDGE_LOOP('',(#2484,#2485,#2486,#2487));
#9174=EDGE_LOOP('',(#2488,#2489,#2490,#2491));
#9175=EDGE_LOOP('',(#2492,#2493,#2494,#2495));
#9176=EDGE_LOOP('',(#2496,#2497,#2498,#2499));
#9177=EDGE_LOOP('',(#2500,#2501,#2502,#2503));
#9178=EDGE_LOOP('',(#2504,#2505,#2506,#2507));
#9179=EDGE_LOOP('',(#2508,#2509,#2510,#2511));
#9180=EDGE_LOOP('',(#2512,#2513,#2514,#2515));
#9181=EDGE_LOOP('',(#2516,#2517,#2518,#2519));
#9182=EDGE_LOOP('',(#2520,#2521,#2522,#2523));
#9183=EDGE_LOOP('',(#2524,#2525,#2526,#2527));
#9184=EDGE_LOOP('',(#2528,#2529,#2530,#2531));
#9185=EDGE_LOOP('',(#2532,#2533,#2534,#2535));
#9186=EDGE_LOOP('',(#2536,#2537,#2538,#2539));
#9187=EDGE_LOOP('',(#2540,#2541,#2542,#2543));
#9188=EDGE_LOOP('',(#2544,#2545,#2546,#2547));
#9189=EDGE_LOOP('',(#2548,#2549,#2550,#2551));
#9190=EDGE_LOOP('',(#2552,#2553,#2554,#2555));
#9191=EDGE_LOOP('',(#2556,#2557,#2558,#2559));
#9192=EDGE_LOOP('',(#2560,#2561,#2562,#2563));
#9193=EDGE_LOOP('',(#2564,#2565,#2566,#2567));
#9194=EDGE_LOOP('',(#2568,#2569,#2570,#2571));
#9195=EDGE_LOOP('',(#2572,#2573,#2574,#2575));
#9196=EDGE_LOOP('',(#2576,#2577,#2578,#2579));
#9197=EDGE_LOOP('',(#2580,#2581,#2582,#2583));
#9198=EDGE_LOOP('',(#2584,#2585,#2586,#2587));
#9199=EDGE_LOOP('',(#2588,#2589,#2590,#2591));
#9200=EDGE_LOOP('',(#2592,#2593,#2594,#2595));
#9201=EDGE_LOOP('',(#2596,#2597,#2598,#2599));
#9202=EDGE_LOOP('',(#2600,#2601,#2602,#2603));
#9203=EDGE_LOOP('',(#2604,#2605,#2606,#2607));
#9204=EDGE_LOOP('',(#2608,#2609,#2610,#2611));
#9205=EDGE_LOOP('',(#2612,#2613,#2614,#2615));
#9206=EDGE_LOOP('',(#2616,#2617,#2618,#2619));
#9207=EDGE_LOOP('',(#2620,#2621,#2622,#2623));
#9208=EDGE_LOOP('',(#2624,#2625,#2626,#2627));
#9209=EDGE_LOOP('',(#2628,#2629,#2630,#2631));
#9210=EDGE_LOOP('',(#2632,#2633,#2634,#2635));
#9211=EDGE_LOOP('',(#2636,#2637,#2638,#2639));
#9212=EDGE_LOOP('',(#2640,#2641,#2642,#2643));
#9213=EDGE_LOOP('',(#2644,#2645,#2646,#2647));
#9214=EDGE_LOOP('',(#2648,#2649,#2650,#2651));
#9215=EDGE_LOOP('',(#2652,#2653,#2654,#2655));
#9216=EDGE_LOOP('',(#2656,#2657,#2658,#2659));
#9217=EDGE_LOOP('',(#2660,#2661,#2662,#2663));
#9218=EDGE_LOOP('',(#2664,#2665,#2666,#2667));
#9219=EDGE_LOOP('',(#2668,#2669,#2670,#2671));
#9220=EDGE_LOOP('',(#2672,#2673,#2674,#2675));
#9221=EDGE_LOOP('',(#2676,#2677,#2678,#2679));
#9222=EDGE_LOOP('',(#2680,#2681,#2682,#2683));
#9223=EDGE_LOOP('',(#2684,#2685,#2686,#2687));
#9224=EDGE_LOOP('',(#2688,#2689,#2690,#2691));
#9225=EDGE_LOOP('',(#2692,#2693,#2694,#2695));
#9226=EDGE_LOOP('',(#2696,#2697,#2698,#2699));
#9227=EDGE_LOOP('',(#2700,#2701,#2702,#2703));
#9228=EDGE_LOOP('',(#2704,#2705,#2706,#2707));
#9229=EDGE_LOOP('',(#2708,#2709,#2710,#2711));
#9230=EDGE_LOOP('',(#2712,#2713,#2714,#2715));
#9231=EDGE_LOOP('',(#2716,#2717,#2718,#2719));
#9232=EDGE_LOOP('',(#2720,#2721,#2722,#2723));
#9233=EDGE_LOOP('',(#2724,#2725,#2726,#2727));
#9234=EDGE_LOOP('',(#2728,#2729,#2730,#2731));
#9235=EDGE_LOOP('',(#2732,#2733,#2734,#2735));
#9236=EDGE_LOOP('',(#2736,#2737,#2738,#2739));
#9237=EDGE_LOOP('',(#2740,#2741,#2742,#2743));
#9238=EDGE_LOOP('',(#2744,#2745,#2746,#2747));
#9239=EDGE_LOOP('',(#2748,#2749,#2750,#2751));
#9240=EDGE_LOOP('',(#2752,#2753,#2754,#2755));
#9241=EDGE_LOOP('',(#2756,#2757,#2758,#2759));
#9242=EDGE_LOOP('',(#2760,#2761,#2762,#2763));
#9243=EDGE_LOOP('',(#2764,#2765,#2766,#2767));
#9244=EDGE_LOOP('',(#2768,#2769,#2770,#2771));
#9245=EDGE_LOOP('',(#2772,#2773,#2774,#2775));
#9246=EDGE_LOOP('',(#2776,#2777,#2778,#2779));
#9247=EDGE_LOOP('',(#2780,#2781,#2782,#2783));
#9248=EDGE_LOOP('',(#2784,#2785,#2786,#2787));
#9249=EDGE_LOOP('',(#2788,#2789,#2790,#2791));
#9250=EDGE_LOOP('',(#2792,#2793,#2794,#2795));
#9251=EDGE_LOOP('',(#2796,#2797,#2798,#2799));
#9252=EDGE_LOOP('',(#2800,#2801,#2802,#2803));
#9253=EDGE_LOOP('',(#2804,#2805,#2806,#2807));
#9254=EDGE_LOOP('',(#2808,#2809,#2810,#2811));
#9255=EDGE_LOOP('',(#2812,#2813,#2814,#2815));
#9256=EDGE_LOOP('',(#2816,#2817,#2818,#2819));
#9257=EDGE_LOOP('',(#2820,#2821,#2822,#2823));
#9258=EDGE_LOOP('',(#2824,#2825,#2826,#2827));
#9259=EDGE_LOOP('',(#2828,#2829,#2830,#2831));
#9260=EDGE_LOOP('',(#2832,#2833,#2834,#2835));
#9261=EDGE_LOOP('',(#2836,#2837,#2838,#2839));
#9262=EDGE_LOOP('',(#2840,#2841,#2842,#2843));
#9263=EDGE_LOOP('',(#2844,#2845,#2846,#2847));
#9264=EDGE_LOOP('',(#2848,#2849,#2850,#2851));
#9265=EDGE_LOOP('',(#2852,#2853,#2854,#2855));
#9266=EDGE_LOOP('',(#2856,#2857,#2858,#2859));
#9267=EDGE_LOOP('',(#2860,#2861,#2862,#2863));
#9268=EDGE_LOOP('',(#2864,#2865,#2866,#2867));
#9269=EDGE_LOOP('',(#2868,#2869,#2870,#2871));
#9270=EDGE_LOOP('',(#2872,#2873,#2874,#2875));
#9271=EDGE_LOOP('',(#2876,#2877,#2878,#2879));
#9272=EDGE_LOOP('',(#2880,#2881,#2882,#2883));
#9273=EDGE_LOOP('',(#2884,#2885,#2886,#2887));
#9274=EDGE_LOOP('',(#2888,#2889,#2890,#2891));
#9275=EDGE_LOOP('',(#2892,#2893,#2894,#2895));
#9276=EDGE_LOOP('',(#2896,#2897,#2898,#2899));
#9277=EDGE_LOOP('',(#2900,#2901,#2902,#2903));
#9278=EDGE_LOOP('',(#2904,#2905,#2906,#2907));
#9279=EDGE_LOOP('',(#2908,#2909,#2910,#2911));
#9280=EDGE_LOOP('',(#2912,#2913,#2914,#2915));
#9281=EDGE_LOOP('',(#2916,#2917,#2918,#2919));
#9282=EDGE_LOOP('',(#2920,#2921,#2922,#2923));
#9283=EDGE_LOOP('',(#2924,#2925,#2926,#2927));
#9284=EDGE_LOOP('',(#2928,#2929,#2930,#2931));
#9285=EDGE_LOOP('',(#2932,#2933,#2934,#2935));
#9286=EDGE_LOOP('',(#2936,#2937,#2938,#2939));
#9287=EDGE_LOOP('',(#2940,#2941,#2942,#2943));
#9288=EDGE_LOOP('',(#2944,#2945,#2946,#2947));
#9289=EDGE_LOOP('',(#2948,#2949,#2950,#2951));
#9290=EDGE_LOOP('',(#2952,#2953,#2954,#2955));
#9291=EDGE_LOOP('',(#2956,#2957,#2958,#2959));
#9292=EDGE_LOOP('',(#2960,#2961,#2962,#2963));
#9293=EDGE_LOOP('',(#2964,#2965,#2966,#2967));
#9294=EDGE_LOOP('',(#2968,#2969,#2970,#2971));
#9295=EDGE_LOOP('',(#2972,#2973,#2974,#2975));
#9296=EDGE_LOOP('',(#2976,#2977,#2978,#2979));
#9297=EDGE_LOOP('',(#2980,#2981,#2982,#2983));
#9298=EDGE_LOOP('',(#2984,#2985,#2986,#2987));
#9299=EDGE_LOOP('',(#2988,#2989,#2990,#2991));
#9300=EDGE_LOOP('',(#2992,#2993,#2994,#2995));
#9301=EDGE_LOOP('',(#2996,#2997,#2998,#2999));
#9302=EDGE_LOOP('',(#3000,#3001,#3002,#3003));
#9303=EDGE_LOOP('',(#3004,#3005,#3006,#3007));
#9304=EDGE_LOOP('',(#3008,#3009,#3010,#3011));
#9305=EDGE_LOOP('',(#3012,#3013,#3014,#3015));
#9306=EDGE_LOOP('',(#3016,#3017,#3018,#3019));
#9307=EDGE_LOOP('',(#3020,#3021,#3022,#3023));
#9308=EDGE_LOOP('',(#3024,#3025,#3026,#3027));
#9309=EDGE_LOOP('',(#3028,#3029,#3030,#3031));
#9310=EDGE_LOOP('',(#3032,#3033,#3034,#3035));
#9311=EDGE_LOOP('',(#3036,#3037,#3038,#3039));
#9312=EDGE_LOOP('',(#3040,#3041,#3042,#3043));
#9313=EDGE_LOOP('',(#3044,#3045,#3046,#3047));
#9314=EDGE_LOOP('',(#3048,#3049,#3050,#3051));
#9315=EDGE_LOOP('',(#3052,#3053,#3054,#3055));
#9316=EDGE_LOOP('',(#3056,#3057,#3058,#3059));
#9317=EDGE_LOOP('',(#3060,#3061,#3062,#3063));
#9318=EDGE_LOOP('',(#3064,#3065,#3066,#3067));
#9319=EDGE_LOOP('',(#3068,#3069,#3070,#3071));
#9320=EDGE_LOOP('',(#3072,#3073,#3074,#3075));
#9321=EDGE_LOOP('',(#3076,#3077,#3078,#3079));
#9322=EDGE_LOOP('',(#3080,#3081,#3082,#3083));
#9323=EDGE_LOOP('',(#3084,#3085,#3086,#3087));
#9324=EDGE_LOOP('',(#3088,#3089,#3090,#3091));
#9325=EDGE_LOOP('',(#3092,#3093,#3094,#3095));
#9326=EDGE_LOOP('',(#3096,#3097,#3098,#3099));
#9327=EDGE_LOOP('',(#3100,#3101,#3102,#3103));
#9328=EDGE_LOOP('',(#3104,#3105,#3106,#3107));
#9329=EDGE_LOOP('',(#3108,#3109,#3110,#3111));
#9330=EDGE_LOOP('',(#3112,#3113,#3114,#3115));
#9331=EDGE_LOOP('',(#3116,#3117,#3118,#3119));
#9332=EDGE_LOOP('',(#3120,#3121,#3122,#3123));
#9333=EDGE_LOOP('',(#3124,#3125,#3126,#3127));
#9334=EDGE_LOOP('',(#3128,#3129,#3130,#3131));
#9335=EDGE_LOOP('',(#3132,#3133,#3134,#3135));
#9336=EDGE_LOOP('',(#3136,#3137,#3138,#3139));
#9337=EDGE_LOOP('',(#3140,#3141,#3142,#3143));
#9338=EDGE_LOOP('',(#3144,#3145,#3146,#3147));
#9339=EDGE_LOOP('',(#3148,#3149,#3150,#3151));
#9340=EDGE_LOOP('',(#3152,#3153,#3154,#3155));
#9341=EDGE_LOOP('',(#3156,#3157,#3158,#3159));
#9342=EDGE_LOOP('',(#3160,#3161,#3162,#3163));
#9343=EDGE_LOOP('',(#3164,#3165,#3166,#3167));
#9344=EDGE_LOOP('',(#3168,#3169,#3170,#3171));
#9345=EDGE_LOOP('',(#3172,#3173,#3174,#3175));
#9346=EDGE_LOOP('',(#3176,#3177,#3178,#3179,#3180,#3181));
#9347=EDGE_LOOP('',(#3182,#3183,#3184,#3185));
#9348=EDGE_LOOP('',(#3186,#3187,#3188,#3189));
#9349=EDGE_LOOP('',(#3190,#3191,#3192,#3193));
#9350=EDGE_LOOP('',(#3194,#3195,#3196,#3197));
#9351=EDGE_LOOP('',(#3198,#3199,#3200,#3201));
#9352=EDGE_LOOP('',(#3202,#3203,#3204,#3205));
#9353=EDGE_LOOP('',(#3206,#3207,#3208,#3209));
#9354=EDGE_LOOP('',(#3210,#3211,#3212,#3213));
#9355=EDGE_LOOP('',(#3214,#3215,#3216,#3217));
#9356=EDGE_LOOP('',(#3218,#3219,#3220,#3221));
#9357=EDGE_LOOP('',(#3222,#3223,#3224,#3225));
#9358=EDGE_LOOP('',(#3226,#3227,#3228,#3229,#3230,#3231,#3232,#3233));
#9359=EDGE_LOOP('',(#3234,#3235,#3236,#3237));
#9360=EDGE_LOOP('',(#3238,#3239,#3240,#3241));
#9361=EDGE_LOOP('',(#3242,#3243,#3244,#3245));
#9362=EDGE_LOOP('',(#3246,#3247,#3248,#3249,#3250,#3251));
#9363=EDGE_LOOP('',(#3252,#3253,#3254,#3255));
#9364=EDGE_LOOP('',(#3256,#3257,#3258,#3259));
#9365=EDGE_LOOP('',(#3260,#3261,#3262,#3263));
#9366=EDGE_LOOP('',(#3264,#3265,#3266,#3267,#3268,#3269));
#9367=EDGE_LOOP('',(#3270,#3271,#3272,#3273));
#9368=EDGE_LOOP('',(#3274,#3275,#3276,#3277));
#9369=EDGE_LOOP('',(#3278,#3279,#3280,#3281));
#9370=EDGE_LOOP('',(#3282,#3283,#3284,#3285));
#9371=EDGE_LOOP('',(#3286,#3287,#3288,#3289));
#9372=EDGE_LOOP('',(#3290,#3291,#3292,#3293));
#9373=EDGE_LOOP('',(#3294,#3295,#3296,#3297));
#9374=EDGE_LOOP('',(#3298,#3299,#3300,#3301));
#9375=EDGE_LOOP('',(#3302,#3303,#3304,#3305));
#9376=EDGE_LOOP('',(#3306,#3307,#3308,#3309));
#9377=EDGE_LOOP('',(#3310,#3311,#3312,#3313));
#9378=EDGE_LOOP('',(#3314,#3315,#3316,#3317,#3318,#3319,#3320,#3321));
#9379=EDGE_LOOP('',(#3322,#3323,#3324,#3325));
#9380=EDGE_LOOP('',(#3326,#3327,#3328,#3329));
#9381=EDGE_LOOP('',(#3330,#3331,#3332,#3333));
#9382=EDGE_LOOP('',(#3334,#3335,#3336,#3337,#3338,#3339));
#9383=EDGE_LOOP('',(#3340,#3341,#3342,#3343));
#9384=EDGE_LOOP('',(#3344,#3345,#3346,#3347,#3348,#3349));
#9385=EDGE_LOOP('',(#3350,#3351,#3352,#3353));
#9386=EDGE_LOOP('',(#3354,#3355,#3356,#3357));
#9387=EDGE_LOOP('',(#3358,#3359,#3360,#3361));
#9388=EDGE_LOOP('',(#3362,#3363,#3364,#3365));
#9389=EDGE_LOOP('',(#3366,#3367,#3368,#3369));
#9390=EDGE_LOOP('',(#3370,#3371,#3372,#3373));
#9391=EDGE_LOOP('',(#3374,#3375,#3376,#3377));
#9392=EDGE_LOOP('',(#3378,#3379,#3380,#3381));
#9393=EDGE_LOOP('',(#3382,#3383,#3384,#3385));
#9394=EDGE_LOOP('',(#3386,#3387,#3388,#3389));
#9395=EDGE_LOOP('',(#3390,#3391,#3392,#3393));
#9396=EDGE_LOOP('',(#3394,#3395,#3396,#3397,#3398,#3399,#3400,#3401));
#9397=EDGE_LOOP('',(#3402,#3403,#3404,#3405));
#9398=EDGE_LOOP('',(#3406,#3407,#3408,#3409));
#9399=EDGE_LOOP('',(#3410,#3411,#3412,#3413));
#9400=EDGE_LOOP('',(#3414,#3415,#3416,#3417,#3418,#3419));
#9401=EDGE_LOOP('',(#3420,#3421,#3422,#3423));
#9402=EDGE_LOOP('',(#3424,#3425,#3426,#3427));
#9403=EDGE_LOOP('',(#3428,#3429,#3430,#3431));
#9404=EDGE_LOOP('',(#3432,#3433,#3434,#3435,#3436,#3437));
#9405=EDGE_LOOP('',(#3438,#3439,#3440,#3441));
#9406=EDGE_LOOP('',(#3442,#3443,#3444,#3445));
#9407=EDGE_LOOP('',(#3446,#3447,#3448,#3449));
#9408=EDGE_LOOP('',(#3450,#3451,#3452,#3453));
#9409=EDGE_LOOP('',(#3454,#3455,#3456,#3457));
#9410=EDGE_LOOP('',(#3458,#3459,#3460,#3461));
#9411=EDGE_LOOP('',(#3462,#3463,#3464,#3465));
#9412=EDGE_LOOP('',(#3466,#3467,#3468,#3469));
#9413=EDGE_LOOP('',(#3470,#3471,#3472,#3473));
#9414=EDGE_LOOP('',(#3474,#3475,#3476,#3477));
#9415=EDGE_LOOP('',(#3478,#3479,#3480,#3481));
#9416=EDGE_LOOP('',(#3482,#3483,#3484,#3485,#3486,#3487,#3488,#3489));
#9417=EDGE_LOOP('',(#3490,#3491,#3492,#3493));
#9418=EDGE_LOOP('',(#3494,#3495,#3496,#3497));
#9419=EDGE_LOOP('',(#3498,#3499,#3500,#3501));
#9420=EDGE_LOOP('',(#3502,#3503,#3504,#3505,#3506,#3507));
#9421=EDGE_LOOP('',(#3508,#3509,#3510,#3511));
#9422=EDGE_LOOP('',(#3512,#3513,#3514,#3515,#3516,#3517));
#9423=EDGE_LOOP('',(#3518,#3519,#3520,#3521));
#9424=EDGE_LOOP('',(#3522,#3523,#3524,#3525));
#9425=EDGE_LOOP('',(#3526,#3527,#3528,#3529));
#9426=EDGE_LOOP('',(#3530,#3531,#3532,#3533));
#9427=EDGE_LOOP('',(#3534,#3535,#3536,#3537));
#9428=EDGE_LOOP('',(#3538,#3539,#3540,#3541));
#9429=EDGE_LOOP('',(#3542,#3543,#3544,#3545));
#9430=EDGE_LOOP('',(#3546,#3547,#3548,#3549));
#9431=EDGE_LOOP('',(#3550,#3551,#3552,#3553));
#9432=EDGE_LOOP('',(#3554,#3555,#3556,#3557));
#9433=EDGE_LOOP('',(#3558,#3559,#3560,#3561));
#9434=EDGE_LOOP('',(#3562,#3563,#3564,#3565,#3566,#3567,#3568,#3569));
#9435=EDGE_LOOP('',(#3570,#3571,#3572,#3573));
#9436=EDGE_LOOP('',(#3574,#3575,#3576,#3577));
#9437=EDGE_LOOP('',(#3578,#3579,#3580,#3581));
#9438=EDGE_LOOP('',(#3582,#3583,#3584,#3585,#3586,#3587));
#9439=EDGE_LOOP('',(#3588,#3589,#3590,#3591,#3592,#3593,#3594,#3595));
#9440=EDGE_LOOP('',(#3596,#3597,#3598,#3599));
#9441=EDGE_LOOP('',(#3600,#3601,#3602,#3603));
#9442=EDGE_LOOP('',(#3604,#3605,#3606,#3607));
#9443=EDGE_LOOP('',(#3608,#3609,#3610,#3611,#3612,#3613,#3614,#3615,#3616,
#3617,#3618,#3619,#3620,#3621));
#9444=EDGE_LOOP('',(#3622,#3623,#3624,#3625,#3626,#3627,#3628,#3629));
#9445=EDGE_LOOP('',(#3630,#3631,#3632,#3633));
#9446=EDGE_LOOP('',(#3634,#3635,#3636,#3637));
#9447=EDGE_LOOP('',(#3638,#3639,#3640,#3641));
#9448=EDGE_LOOP('',(#3642,#3643,#3644,#3645));
#9449=EDGE_LOOP('',(#3646,#3647,#3648,#3649));
#9450=EDGE_LOOP('',(#3650,#3651,#3652,#3653));
#9451=EDGE_LOOP('',(#3654,#3655,#3656,#3657,#3658,#3659,#3660,#3661,#3662,
#3663,#3664,#3665,#3666,#3667,#3668,#3669));
#9452=EDGE_LOOP('',(#3670,#3671,#3672,#3673,#3674,#3675,#3676,#3677));
#9453=EDGE_LOOP('',(#3678,#3679,#3680,#3681));
#9454=EDGE_LOOP('',(#3682,#3683,#3684,#3685));
#9455=EDGE_LOOP('',(#3686,#3687,#3688,#3689));
#9456=EDGE_LOOP('',(#3690,#3691,#3692,#3693));
#9457=EDGE_LOOP('',(#3694,#3695,#3696,#3697));
#9458=EDGE_LOOP('',(#3698,#3699,#3700,#3701));
#9459=EDGE_LOOP('',(#3702,#3703,#3704,#3705,#3706,#3707,#3708,#3709,#3710,
#3711,#3712,#3713,#3714,#3715,#3716,#3717));
#9460=EDGE_LOOP('',(#3718,#3719,#3720,#3721,#3722,#3723,#3724,#3725));
#9461=EDGE_LOOP('',(#3726,#3727,#3728,#3729));
#9462=EDGE_LOOP('',(#3730,#3731,#3732,#3733));
#9463=EDGE_LOOP('',(#3734,#3735,#3736,#3737));
#9464=EDGE_LOOP('',(#3738,#3739,#3740,#3741));
#9465=EDGE_LOOP('',(#3742,#3743,#3744,#3745));
#9466=EDGE_LOOP('',(#3746,#3747,#3748,#3749));
#9467=EDGE_LOOP('',(#3750,#3751,#3752,#3753,#3754,#3755,#3756,#3757,#3758,
#3759,#3760,#3761,#3762,#3763,#3764,#3765));
#9468=EDGE_LOOP('',(#3766,#3767,#3768,#3769,#3770,#3771,#3772,#3773));
#9469=EDGE_LOOP('',(#3774,#3775,#3776,#3777));
#9470=EDGE_LOOP('',(#3778,#3779,#3780,#3781));
#9471=EDGE_LOOP('',(#3782,#3783,#3784,#3785));
#9472=EDGE_LOOP('',(#3786,#3787,#3788,#3789));
#9473=EDGE_LOOP('',(#3790,#3791,#3792,#3793));
#9474=EDGE_LOOP('',(#3794,#3795,#3796,#3797));
#9475=EDGE_LOOP('',(#3798,#3799,#3800,#3801,#3802,#3803,#3804,#3805,#3806,
#3807,#3808,#3809,#3810,#3811,#3812,#3813));
#9476=EDGE_LOOP('',(#3814,#3815,#3816,#3817));
#9477=EDGE_LOOP('',(#3818,#3819,#3820,#3821));
#9478=EDGE_LOOP('',(#3822,#3823,#3824,#3825));
#9479=EDGE_LOOP('',(#3826,#3827,#3828,#3829));
#9480=EDGE_LOOP('',(#3830,#3831,#3832,#3833));
#9481=EDGE_LOOP('',(#3834,#3835,#3836,#3837));
#9482=EDGE_LOOP('',(#3838,#3839,#3840,#3841));
#9483=EDGE_LOOP('',(#3842,#3843,#3844,#3845));
#9484=EDGE_LOOP('',(#3846,#3847,#3848,#3849));
#9485=EDGE_LOOP('',(#3850,#3851,#3852,#3853));
#9486=EDGE_LOOP('',(#3854,#3855,#3856,#3857));
#9487=EDGE_LOOP('',(#3858,#3859,#3860,#3861));
#9488=EDGE_LOOP('',(#3862,#3863,#3864,#3865));
#9489=EDGE_LOOP('',(#3866,#3867,#3868,#3869));
#9490=EDGE_LOOP('',(#3870,#3871,#3872,#3873));
#9491=EDGE_LOOP('',(#3874,#3875,#3876,#3877));
#9492=EDGE_LOOP('',(#3878,#3879,#3880,#3881));
#9493=EDGE_LOOP('',(#3882,#3883,#3884,#3885));
#9494=EDGE_LOOP('',(#3886,#3887,#3888,#3889));
#9495=EDGE_LOOP('',(#3890,#3891,#3892,#3893));
#9496=EDGE_LOOP('',(#3894,#3895,#3896,#3897));
#9497=EDGE_LOOP('',(#3898,#3899,#3900,#3901));
#9498=EDGE_LOOP('',(#3902,#3903,#3904,#3905));
#9499=EDGE_LOOP('',(#3906,#3907,#3908,#3909));
#9500=EDGE_LOOP('',(#3910,#3911,#3912,#3913));
#9501=EDGE_LOOP('',(#3914,#3915,#3916,#3917));
#9502=EDGE_LOOP('',(#3918,#3919,#3920,#3921));
#9503=EDGE_LOOP('',(#3922,#3923,#3924,#3925));
#9504=EDGE_LOOP('',(#3926,#3927,#3928,#3929));
#9505=EDGE_LOOP('',(#3930,#3931,#3932,#3933));
#9506=EDGE_LOOP('',(#3934,#3935,#3936,#3937));
#9507=EDGE_LOOP('',(#3938,#3939,#3940,#3941));
#9508=EDGE_LOOP('',(#3942,#3943,#3944,#3945));
#9509=EDGE_LOOP('',(#3946,#3947,#3948,#3949));
#9510=EDGE_LOOP('',(#3950,#3951,#3952,#3953));
#9511=EDGE_LOOP('',(#3954,#3955,#3956,#3957));
#9512=EDGE_LOOP('',(#3958,#3959,#3960,#3961));
#9513=EDGE_LOOP('',(#3962,#3963,#3964,#3965));
#9514=EDGE_LOOP('',(#3966,#3967,#3968,#3969));
#9515=EDGE_LOOP('',(#3970,#3971,#3972,#3973));
#9516=EDGE_LOOP('',(#3974,#3975,#3976,#3977));
#9517=EDGE_LOOP('',(#3978,#3979,#3980,#3981));
#9518=EDGE_LOOP('',(#3982,#3983,#3984,#3985));
#9519=EDGE_LOOP('',(#3986,#3987,#3988,#3989));
#9520=EDGE_LOOP('',(#3990,#3991,#3992,#3993));
#9521=EDGE_LOOP('',(#3994,#3995,#3996,#3997));
#9522=EDGE_LOOP('',(#3998,#3999,#4000,#4001));
#9523=EDGE_LOOP('',(#4002,#4003,#4004,#4005));
#9524=EDGE_LOOP('',(#4006,#4007,#4008,#4009));
#9525=EDGE_LOOP('',(#4010,#4011,#4012,#4013));
#9526=FACE_BOUND('',#8900,.T.);
#9527=FACE_BOUND('',#8901,.T.);
#9528=FACE_BOUND('',#8902,.T.);
#9529=FACE_BOUND('',#8903,.T.);
#9530=FACE_BOUND('',#8904,.T.);
#9531=FACE_BOUND('',#8905,.T.);
#9532=FACE_BOUND('',#8906,.T.);
#9533=FACE_BOUND('',#8907,.T.);
#9534=FACE_BOUND('',#8908,.T.);
#9535=FACE_BOUND('',#8909,.T.);
#9536=FACE_BOUND('',#8910,.T.);
#9537=FACE_BOUND('',#8911,.T.);
#9538=FACE_BOUND('',#8912,.T.);
#9539=FACE_BOUND('',#8913,.T.);
#9540=FACE_BOUND('',#8914,.T.);
#9541=FACE_BOUND('',#8915,.T.);
#9542=FACE_BOUND('',#8916,.T.);
#9543=FACE_BOUND('',#8917,.T.);
#9544=FACE_BOUND('',#8918,.T.);
#9545=FACE_BOUND('',#8919,.T.);
#9546=FACE_BOUND('',#8920,.T.);
#9547=FACE_BOUND('',#8921,.T.);
#9548=FACE_BOUND('',#8922,.T.);
#9549=FACE_BOUND('',#8923,.T.);
#9550=FACE_BOUND('',#8924,.T.);
#9551=FACE_BOUND('',#8925,.T.);
#9552=FACE_BOUND('',#8926,.T.);
#9553=FACE_BOUND('',#8927,.T.);
#9554=FACE_BOUND('',#8928,.T.);
#9555=FACE_BOUND('',#8929,.T.);
#9556=FACE_BOUND('',#8930,.T.);
#9557=FACE_BOUND('',#8931,.T.);
#9558=FACE_BOUND('',#8932,.T.);
#9559=FACE_BOUND('',#8933,.T.);
#9560=FACE_BOUND('',#8934,.T.);
#9561=FACE_BOUND('',#8935,.T.);
#9562=FACE_BOUND('',#8936,.T.);
#9563=FACE_BOUND('',#8937,.T.);
#9564=FACE_BOUND('',#8938,.T.);
#9565=FACE_BOUND('',#8939,.T.);
#9566=FACE_BOUND('',#8940,.T.);
#9567=FACE_BOUND('',#8941,.T.);
#9568=FACE_BOUND('',#8942,.T.);
#9569=FACE_BOUND('',#8943,.T.);
#9570=FACE_BOUND('',#8944,.T.);
#9571=FACE_BOUND('',#8945,.T.);
#9572=FACE_BOUND('',#8946,.T.);
#9573=FACE_BOUND('',#8947,.T.);
#9574=FACE_BOUND('',#8948,.T.);
#9575=FACE_BOUND('',#8949,.T.);
#9576=FACE_BOUND('',#8950,.T.);
#9577=FACE_BOUND('',#8951,.T.);
#9578=FACE_BOUND('',#8952,.T.);
#9579=FACE_BOUND('',#8953,.T.);
#9580=FACE_BOUND('',#8954,.T.);
#9581=FACE_BOUND('',#8955,.T.);
#9582=FACE_BOUND('',#8956,.T.);
#9583=FACE_BOUND('',#8957,.T.);
#9584=FACE_BOUND('',#8958,.T.);
#9585=FACE_BOUND('',#8959,.T.);
#9586=FACE_BOUND('',#8960,.T.);
#9587=FACE_BOUND('',#8961,.T.);
#9588=FACE_BOUND('',#8962,.T.);
#9589=FACE_BOUND('',#8963,.T.);
#9590=FACE_BOUND('',#8964,.T.);
#9591=FACE_BOUND('',#8965,.T.);
#9592=FACE_BOUND('',#8966,.T.);
#9593=FACE_BOUND('',#8967,.T.);
#9594=FACE_BOUND('',#8968,.T.);
#9595=FACE_BOUND('',#8969,.T.);
#9596=FACE_BOUND('',#8970,.T.);
#9597=FACE_BOUND('',#8971,.T.);
#9598=FACE_BOUND('',#8972,.T.);
#9599=FACE_BOUND('',#8973,.T.);
#9600=FACE_BOUND('',#8974,.T.);
#9601=FACE_BOUND('',#8975,.T.);
#9602=FACE_BOUND('',#8976,.T.);
#9603=FACE_BOUND('',#8977,.T.);
#9604=FACE_BOUND('',#8978,.T.);
#9605=FACE_BOUND('',#8979,.T.);
#9606=FACE_BOUND('',#8980,.T.);
#9607=FACE_BOUND('',#8981,.T.);
#9608=FACE_BOUND('',#8982,.T.);
#9609=FACE_BOUND('',#8983,.T.);
#9610=FACE_BOUND('',#8984,.T.);
#9611=FACE_BOUND('',#8985,.T.);
#9612=FACE_BOUND('',#8986,.T.);
#9613=FACE_BOUND('',#8987,.T.);
#9614=FACE_BOUND('',#8988,.T.);
#9615=FACE_BOUND('',#8989,.T.);
#9616=FACE_BOUND('',#8990,.T.);
#9617=FACE_BOUND('',#8991,.T.);
#9618=FACE_BOUND('',#8992,.T.);
#9619=FACE_BOUND('',#8993,.T.);
#9620=FACE_BOUND('',#8994,.T.);
#9621=FACE_BOUND('',#8995,.T.);
#9622=FACE_BOUND('',#8996,.T.);
#9623=FACE_BOUND('',#8997,.T.);
#9624=FACE_BOUND('',#8998,.T.);
#9625=FACE_BOUND('',#8999,.T.);
#9626=FACE_BOUND('',#9000,.T.);
#9627=FACE_BOUND('',#9001,.T.);
#9628=FACE_BOUND('',#9002,.T.);
#9629=FACE_BOUND('',#9003,.T.);
#9630=FACE_BOUND('',#9004,.T.);
#9631=FACE_BOUND('',#9005,.T.);
#9632=FACE_BOUND('',#9006,.T.);
#9633=FACE_BOUND('',#9007,.T.);
#9634=FACE_BOUND('',#9008,.T.);
#9635=FACE_BOUND('',#9009,.T.);
#9636=FACE_BOUND('',#9010,.T.);
#9637=FACE_BOUND('',#9011,.T.);
#9638=FACE_BOUND('',#9012,.T.);
#9639=FACE_BOUND('',#9013,.T.);
#9640=FACE_BOUND('',#9014,.T.);
#9641=FACE_BOUND('',#9015,.T.);
#9642=FACE_BOUND('',#9016,.T.);
#9643=FACE_BOUND('',#9017,.T.);
#9644=FACE_BOUND('',#9018,.T.);
#9645=FACE_BOUND('',#9019,.T.);
#9646=FACE_BOUND('',#9020,.T.);
#9647=FACE_BOUND('',#9021,.T.);
#9648=FACE_BOUND('',#9022,.T.);
#9649=FACE_BOUND('',#9023,.T.);
#9650=FACE_BOUND('',#9024,.T.);
#9651=FACE_BOUND('',#9025,.T.);
#9652=FACE_BOUND('',#9026,.T.);
#9653=FACE_BOUND('',#9027,.T.);
#9654=FACE_BOUND('',#9028,.T.);
#9655=FACE_BOUND('',#9029,.T.);
#9656=FACE_BOUND('',#9030,.T.);
#9657=FACE_BOUND('',#9031,.T.);
#9658=FACE_BOUND('',#9032,.T.);
#9659=FACE_BOUND('',#9033,.T.);
#9660=FACE_BOUND('',#9034,.T.);
#9661=FACE_BOUND('',#9035,.T.);
#9662=FACE_BOUND('',#9036,.T.);
#9663=FACE_BOUND('',#9037,.T.);
#9664=FACE_BOUND('',#9038,.T.);
#9665=FACE_BOUND('',#9039,.T.);
#9666=FACE_BOUND('',#9040,.T.);
#9667=FACE_BOUND('',#9041,.T.);
#9668=FACE_BOUND('',#9042,.T.);
#9669=FACE_BOUND('',#9043,.T.);
#9670=FACE_BOUND('',#9044,.T.);
#9671=FACE_BOUND('',#9045,.T.);
#9672=FACE_BOUND('',#9046,.T.);
#9673=FACE_BOUND('',#9047,.T.);
#9674=FACE_BOUND('',#9048,.T.);
#9675=FACE_BOUND('',#9049,.T.);
#9676=FACE_BOUND('',#9050,.T.);
#9677=FACE_BOUND('',#9051,.T.);
#9678=FACE_BOUND('',#9052,.T.);
#9679=FACE_BOUND('',#9053,.T.);
#9680=FACE_BOUND('',#9054,.T.);
#9681=FACE_BOUND('',#9055,.T.);
#9682=FACE_BOUND('',#9056,.T.);
#9683=FACE_BOUND('',#9057,.T.);
#9684=FACE_BOUND('',#9058,.T.);
#9685=FACE_BOUND('',#9059,.T.);
#9686=FACE_BOUND('',#9060,.T.);
#9687=FACE_BOUND('',#9061,.T.);
#9688=FACE_BOUND('',#9062,.T.);
#9689=FACE_BOUND('',#9063,.T.);
#9690=FACE_BOUND('',#9064,.T.);
#9691=FACE_BOUND('',#9065,.T.);
#9692=FACE_BOUND('',#9066,.T.);
#9693=FACE_BOUND('',#9067,.T.);
#9694=FACE_BOUND('',#9068,.T.);
#9695=FACE_BOUND('',#9069,.T.);
#9696=FACE_BOUND('',#9070,.T.);
#9697=FACE_BOUND('',#9071,.T.);
#9698=FACE_BOUND('',#9072,.T.);
#9699=FACE_BOUND('',#9073,.T.);
#9700=FACE_BOUND('',#9074,.T.);
#9701=FACE_BOUND('',#9075,.T.);
#9702=FACE_BOUND('',#9076,.T.);
#9703=FACE_BOUND('',#9077,.T.);
#9704=FACE_BOUND('',#9078,.T.);
#9705=FACE_BOUND('',#9079,.T.);
#9706=FACE_BOUND('',#9080,.T.);
#9707=FACE_BOUND('',#9081,.T.);
#9708=FACE_BOUND('',#9082,.T.);
#9709=FACE_BOUND('',#9083,.T.);
#9710=FACE_BOUND('',#9084,.T.);
#9711=FACE_BOUND('',#9085,.T.);
#9712=FACE_BOUND('',#9086,.T.);
#9713=FACE_BOUND('',#9087,.T.);
#9714=FACE_BOUND('',#9088,.T.);
#9715=FACE_BOUND('',#9089,.T.);
#9716=FACE_BOUND('',#9090,.T.);
#9717=FACE_BOUND('',#9091,.T.);
#9718=FACE_BOUND('',#9092,.T.);
#9719=FACE_BOUND('',#9093,.T.);
#9720=FACE_BOUND('',#9094,.T.);
#9721=FACE_BOUND('',#9095,.T.);
#9722=FACE_BOUND('',#9096,.T.);
#9723=FACE_BOUND('',#9097,.T.);
#9724=FACE_BOUND('',#9098,.T.);
#9725=FACE_BOUND('',#9099,.T.);
#9726=FACE_BOUND('',#9100,.T.);
#9727=FACE_BOUND('',#9101,.T.);
#9728=FACE_BOUND('',#9102,.T.);
#9729=FACE_BOUND('',#9103,.T.);
#9730=FACE_BOUND('',#9104,.T.);
#9731=FACE_BOUND('',#9105,.T.);
#9732=FACE_BOUND('',#9106,.T.);
#9733=FACE_BOUND('',#9107,.T.);
#9734=FACE_BOUND('',#9108,.T.);
#9735=FACE_BOUND('',#9109,.T.);
#9736=FACE_BOUND('',#9110,.T.);
#9737=FACE_BOUND('',#9111,.T.);
#9738=FACE_BOUND('',#9112,.T.);
#9739=FACE_BOUND('',#9113,.T.);
#9740=FACE_BOUND('',#9114,.T.);
#9741=FACE_BOUND('',#9115,.T.);
#9742=FACE_BOUND('',#9116,.T.);
#9743=FACE_BOUND('',#9117,.T.);
#9744=FACE_BOUND('',#9118,.T.);
#9745=FACE_BOUND('',#9119,.T.);
#9746=FACE_BOUND('',#9120,.T.);
#9747=FACE_BOUND('',#9121,.T.);
#9748=FACE_BOUND('',#9122,.T.);
#9749=FACE_BOUND('',#9123,.T.);
#9750=FACE_BOUND('',#9124,.T.);
#9751=FACE_BOUND('',#9125,.T.);
#9752=FACE_BOUND('',#9126,.T.);
#9753=FACE_BOUND('',#9127,.T.);
#9754=FACE_BOUND('',#9128,.T.);
#9755=FACE_BOUND('',#9129,.T.);
#9756=FACE_BOUND('',#9130,.T.);
#9757=FACE_BOUND('',#9131,.T.);
#9758=FACE_BOUND('',#9132,.T.);
#9759=FACE_BOUND('',#9133,.T.);
#9760=FACE_BOUND('',#9134,.T.);
#9761=FACE_BOUND('',#9135,.T.);
#9762=FACE_BOUND('',#9136,.T.);
#9763=FACE_BOUND('',#9137,.T.);
#9764=FACE_BOUND('',#9138,.T.);
#9765=FACE_BOUND('',#9139,.T.);
#9766=FACE_BOUND('',#9140,.T.);
#9767=FACE_BOUND('',#9141,.T.);
#9768=FACE_BOUND('',#9142,.T.);
#9769=FACE_BOUND('',#9143,.T.);
#9770=FACE_BOUND('',#9144,.T.);
#9771=FACE_BOUND('',#9145,.T.);
#9772=FACE_BOUND('',#9146,.T.);
#9773=FACE_BOUND('',#9147,.T.);
#9774=FACE_BOUND('',#9148,.T.);
#9775=FACE_BOUND('',#9149,.T.);
#9776=FACE_BOUND('',#9150,.T.);
#9777=FACE_BOUND('',#9151,.T.);
#9778=FACE_BOUND('',#9152,.T.);
#9779=FACE_BOUND('',#9153,.T.);
#9780=FACE_BOUND('',#9154,.T.);
#9781=FACE_BOUND('',#9155,.T.);
#9782=FACE_BOUND('',#9156,.T.);
#9783=FACE_BOUND('',#9157,.T.);
#9784=FACE_BOUND('',#9158,.T.);
#9785=FACE_BOUND('',#9159,.T.);
#9786=FACE_BOUND('',#9160,.T.);
#9787=FACE_BOUND('',#9161,.T.);
#9788=FACE_BOUND('',#9162,.T.);
#9789=FACE_BOUND('',#9163,.T.);
#9790=FACE_BOUND('',#9164,.T.);
#9791=FACE_BOUND('',#9165,.T.);
#9792=FACE_BOUND('',#9166,.T.);
#9793=FACE_BOUND('',#9167,.T.);
#9794=FACE_BOUND('',#9168,.T.);
#9795=FACE_BOUND('',#9169,.T.);
#9796=FACE_BOUND('',#9170,.T.);
#9797=FACE_BOUND('',#9171,.T.);
#9798=FACE_BOUND('',#9172,.T.);
#9799=FACE_BOUND('',#9173,.T.);
#9800=FACE_BOUND('',#9174,.T.);
#9801=FACE_BOUND('',#9175,.T.);
#9802=FACE_BOUND('',#9176,.T.);
#9803=FACE_BOUND('',#9177,.T.);
#9804=FACE_BOUND('',#9178,.T.);
#9805=FACE_BOUND('',#9179,.T.);
#9806=FACE_BOUND('',#9180,.T.);
#9807=FACE_BOUND('',#9181,.T.);
#9808=FACE_BOUND('',#9182,.T.);
#9809=FACE_BOUND('',#9183,.T.);
#9810=FACE_BOUND('',#9184,.T.);
#9811=FACE_BOUND('',#9185,.T.);
#9812=FACE_BOUND('',#9186,.T.);
#9813=FACE_BOUND('',#9187,.T.);
#9814=FACE_BOUND('',#9188,.T.);
#9815=FACE_BOUND('',#9189,.T.);
#9816=FACE_BOUND('',#9190,.T.);
#9817=FACE_BOUND('',#9191,.T.);
#9818=FACE_BOUND('',#9192,.T.);
#9819=FACE_BOUND('',#9193,.T.);
#9820=FACE_BOUND('',#9194,.T.);
#9821=FACE_BOUND('',#9195,.T.);
#9822=FACE_BOUND('',#9196,.T.);
#9823=FACE_BOUND('',#9197,.T.);
#9824=FACE_BOUND('',#9198,.T.);
#9825=FACE_BOUND('',#9199,.T.);
#9826=FACE_BOUND('',#9200,.T.);
#9827=FACE_BOUND('',#9201,.T.);
#9828=FACE_BOUND('',#9202,.T.);
#9829=FACE_BOUND('',#9203,.T.);
#9830=FACE_BOUND('',#9204,.T.);
#9831=FACE_BOUND('',#9205,.T.);
#9832=FACE_BOUND('',#9206,.T.);
#9833=FACE_BOUND('',#9207,.T.);
#9834=FACE_BOUND('',#9208,.T.);
#9835=FACE_BOUND('',#9209,.T.);
#9836=FACE_BOUND('',#9210,.T.);
#9837=FACE_BOUND('',#9211,.T.);
#9838=FACE_BOUND('',#9212,.T.);
#9839=FACE_BOUND('',#9213,.T.);
#9840=FACE_BOUND('',#9214,.T.);
#9841=FACE_BOUND('',#9215,.T.);
#9842=FACE_BOUND('',#9216,.T.);
#9843=FACE_BOUND('',#9217,.T.);
#9844=FACE_BOUND('',#9218,.T.);
#9845=FACE_BOUND('',#9219,.T.);
#9846=FACE_BOUND('',#9220,.T.);
#9847=FACE_BOUND('',#9221,.T.);
#9848=FACE_BOUND('',#9222,.T.);
#9849=FACE_BOUND('',#9223,.T.);
#9850=FACE_BOUND('',#9224,.T.);
#9851=FACE_BOUND('',#9225,.T.);
#9852=FACE_BOUND('',#9226,.T.);
#9853=FACE_BOUND('',#9227,.T.);
#9854=FACE_BOUND('',#9228,.T.);
#9855=FACE_BOUND('',#9229,.T.);
#9856=FACE_BOUND('',#9230,.T.);
#9857=FACE_BOUND('',#9231,.T.);
#9858=FACE_BOUND('',#9232,.T.);
#9859=FACE_BOUND('',#9233,.T.);
#9860=FACE_BOUND('',#9234,.T.);
#9861=FACE_BOUND('',#9235,.T.);
#9862=FACE_BOUND('',#9236,.T.);
#9863=FACE_BOUND('',#9237,.T.);
#9864=FACE_BOUND('',#9238,.T.);
#9865=FACE_BOUND('',#9239,.T.);
#9866=FACE_BOUND('',#9240,.T.);
#9867=FACE_BOUND('',#9241,.T.);
#9868=FACE_BOUND('',#9242,.T.);
#9869=FACE_BOUND('',#9243,.T.);
#9870=FACE_BOUND('',#9244,.T.);
#9871=FACE_BOUND('',#9245,.T.);
#9872=FACE_BOUND('',#9246,.T.);
#9873=FACE_BOUND('',#9247,.T.);
#9874=FACE_BOUND('',#9248,.T.);
#9875=FACE_BOUND('',#9249,.T.);
#9876=FACE_BOUND('',#9250,.T.);
#9877=FACE_BOUND('',#9251,.T.);
#9878=FACE_BOUND('',#9252,.T.);
#9879=FACE_BOUND('',#9253,.T.);
#9880=FACE_BOUND('',#9254,.T.);
#9881=FACE_BOUND('',#9255,.T.);
#9882=FACE_BOUND('',#9256,.T.);
#9883=FACE_BOUND('',#9257,.T.);
#9884=FACE_BOUND('',#9258,.T.);
#9885=FACE_BOUND('',#9259,.T.);
#9886=FACE_BOUND('',#9260,.T.);
#9887=FACE_BOUND('',#9261,.T.);
#9888=FACE_BOUND('',#9262,.T.);
#9889=FACE_BOUND('',#9263,.T.);
#9890=FACE_BOUND('',#9264,.T.);
#9891=FACE_BOUND('',#9265,.T.);
#9892=FACE_BOUND('',#9266,.T.);
#9893=FACE_BOUND('',#9267,.T.);
#9894=FACE_BOUND('',#9268,.T.);
#9895=FACE_BOUND('',#9269,.T.);
#9896=FACE_BOUND('',#9270,.T.);
#9897=FACE_BOUND('',#9271,.T.);
#9898=FACE_BOUND('',#9272,.T.);
#9899=FACE_BOUND('',#9273,.T.);
#9900=FACE_BOUND('',#9274,.T.);
#9901=FACE_BOUND('',#9275,.T.);
#9902=FACE_BOUND('',#9276,.T.);
#9903=FACE_BOUND('',#9277,.T.);
#9904=FACE_BOUND('',#9278,.T.);
#9905=FACE_BOUND('',#9279,.T.);
#9906=FACE_BOUND('',#9280,.T.);
#9907=FACE_BOUND('',#9281,.T.);
#9908=FACE_BOUND('',#9282,.T.);
#9909=FACE_BOUND('',#9283,.T.);
#9910=FACE_BOUND('',#9284,.T.);
#9911=FACE_BOUND('',#9285,.T.);
#9912=FACE_BOUND('',#9286,.T.);
#9913=FACE_BOUND('',#9287,.T.);
#9914=FACE_BOUND('',#9288,.T.);
#9915=FACE_BOUND('',#9289,.T.);
#9916=FACE_BOUND('',#9290,.T.);
#9917=FACE_BOUND('',#9291,.T.);
#9918=FACE_BOUND('',#9292,.T.);
#9919=FACE_BOUND('',#9293,.T.);
#9920=FACE_BOUND('',#9294,.T.);
#9921=FACE_BOUND('',#9295,.T.);
#9922=FACE_BOUND('',#9296,.T.);
#9923=FACE_BOUND('',#9297,.T.);
#9924=FACE_BOUND('',#9298,.T.);
#9925=FACE_BOUND('',#9299,.T.);
#9926=FACE_BOUND('',#9300,.T.);
#9927=FACE_BOUND('',#9301,.T.);
#9928=FACE_BOUND('',#9302,.T.);
#9929=FACE_BOUND('',#9303,.T.);
#9930=FACE_BOUND('',#9304,.T.);
#9931=FACE_BOUND('',#9305,.T.);
#9932=FACE_BOUND('',#9306,.T.);
#9933=FACE_BOUND('',#9307,.T.);
#9934=FACE_BOUND('',#9308,.T.);
#9935=FACE_BOUND('',#9309,.T.);
#9936=FACE_BOUND('',#9310,.T.);
#9937=FACE_BOUND('',#9311,.T.);
#9938=FACE_BOUND('',#9312,.T.);
#9939=FACE_BOUND('',#9313,.T.);
#9940=FACE_BOUND('',#9314,.T.);
#9941=FACE_BOUND('',#9315,.T.);
#9942=FACE_BOUND('',#9316,.T.);
#9943=FACE_BOUND('',#9317,.T.);
#9944=FACE_BOUND('',#9318,.T.);
#9945=FACE_BOUND('',#9319,.T.);
#9946=FACE_BOUND('',#9320,.T.);
#9947=FACE_BOUND('',#9321,.T.);
#9948=FACE_BOUND('',#9322,.T.);
#9949=FACE_BOUND('',#9323,.T.);
#9950=FACE_BOUND('',#9324,.T.);
#9951=FACE_BOUND('',#9325,.T.);
#9952=FACE_BOUND('',#9326,.T.);
#9953=FACE_BOUND('',#9327,.T.);
#9954=FACE_BOUND('',#9328,.T.);
#9955=FACE_BOUND('',#9329,.T.);
#9956=FACE_BOUND('',#9330,.T.);
#9957=FACE_BOUND('',#9331,.T.);
#9958=FACE_BOUND('',#9332,.T.);
#9959=FACE_BOUND('',#9333,.T.);
#9960=FACE_BOUND('',#9334,.T.);
#9961=FACE_BOUND('',#9335,.T.);
#9962=FACE_BOUND('',#9336,.T.);
#9963=FACE_BOUND('',#9337,.T.);
#9964=FACE_BOUND('',#9338,.T.);
#9965=FACE_BOUND('',#9339,.T.);
#9966=FACE_BOUND('',#9340,.T.);
#9967=FACE_BOUND('',#9341,.T.);
#9968=FACE_BOUND('',#9342,.T.);
#9969=FACE_BOUND('',#9343,.T.);
#9970=FACE_BOUND('',#9344,.T.);
#9971=FACE_BOUND('',#9345,.T.);
#9972=FACE_BOUND('',#9346,.T.);
#9973=FACE_BOUND('',#9347,.T.);
#9974=FACE_BOUND('',#9348,.T.);
#9975=FACE_BOUND('',#9349,.T.);
#9976=FACE_BOUND('',#9350,.T.);
#9977=FACE_BOUND('',#9351,.T.);
#9978=FACE_BOUND('',#9352,.T.);
#9979=FACE_BOUND('',#9353,.T.);
#9980=FACE_BOUND('',#9354,.T.);
#9981=FACE_BOUND('',#9355,.T.);
#9982=FACE_BOUND('',#9356,.T.);
#9983=FACE_BOUND('',#9357,.T.);
#9984=FACE_BOUND('',#9358,.T.);
#9985=FACE_BOUND('',#9359,.T.);
#9986=FACE_BOUND('',#9360,.T.);
#9987=FACE_BOUND('',#9361,.T.);
#9988=FACE_BOUND('',#9362,.T.);
#9989=FACE_BOUND('',#9363,.T.);
#9990=FACE_BOUND('',#9364,.T.);
#9991=FACE_BOUND('',#9365,.T.);
#9992=FACE_BOUND('',#9366,.T.);
#9993=FACE_BOUND('',#9367,.T.);
#9994=FACE_BOUND('',#9368,.T.);
#9995=FACE_BOUND('',#9369,.T.);
#9996=FACE_BOUND('',#9370,.T.);
#9997=FACE_BOUND('',#9371,.T.);
#9998=FACE_BOUND('',#9372,.T.);
#9999=FACE_BOUND('',#9373,.T.);
#10000=FACE_BOUND('',#9374,.T.);
#10001=FACE_BOUND('',#9375,.T.);
#10002=FACE_BOUND('',#9376,.T.);
#10003=FACE_BOUND('',#9377,.T.);
#10004=FACE_BOUND('',#9378,.T.);
#10005=FACE_BOUND('',#9379,.T.);
#10006=FACE_BOUND('',#9380,.T.);
#10007=FACE_BOUND('',#9381,.T.);
#10008=FACE_BOUND('',#9382,.T.);
#10009=FACE_BOUND('',#9383,.T.);
#10010=FACE_BOUND('',#9384,.T.);
#10011=FACE_BOUND('',#9385,.T.);
#10012=FACE_BOUND('',#9386,.T.);
#10013=FACE_BOUND('',#9387,.T.);
#10014=FACE_BOUND('',#9388,.T.);
#10015=FACE_BOUND('',#9389,.T.);
#10016=FACE_BOUND('',#9390,.T.);
#10017=FACE_BOUND('',#9391,.T.);
#10018=FACE_BOUND('',#9392,.T.);
#10019=FACE_BOUND('',#9393,.T.);
#10020=FACE_BOUND('',#9394,.T.);
#10021=FACE_BOUND('',#9395,.T.);
#10022=FACE_BOUND('',#9396,.T.);
#10023=FACE_BOUND('',#9397,.T.);
#10024=FACE_BOUND('',#9398,.T.);
#10025=FACE_BOUND('',#9399,.T.);
#10026=FACE_BOUND('',#9400,.T.);
#10027=FACE_BOUND('',#9401,.T.);
#10028=FACE_BOUND('',#9402,.T.);
#10029=FACE_BOUND('',#9403,.T.);
#10030=FACE_BOUND('',#9404,.T.);
#10031=FACE_BOUND('',#9405,.T.);
#10032=FACE_BOUND('',#9406,.T.);
#10033=FACE_BOUND('',#9407,.T.);
#10034=FACE_BOUND('',#9408,.T.);
#10035=FACE_BOUND('',#9409,.T.);
#10036=FACE_BOUND('',#9410,.T.);
#10037=FACE_BOUND('',#9411,.T.);
#10038=FACE_BOUND('',#9412,.T.);
#10039=FACE_BOUND('',#9413,.T.);
#10040=FACE_BOUND('',#9414,.T.);
#10041=FACE_BOUND('',#9415,.T.);
#10042=FACE_BOUND('',#9416,.T.);
#10043=FACE_BOUND('',#9417,.T.);
#10044=FACE_BOUND('',#9418,.T.);
#10045=FACE_BOUND('',#9419,.T.);
#10046=FACE_BOUND('',#9420,.T.);
#10047=FACE_BOUND('',#9421,.T.);
#10048=FACE_BOUND('',#9422,.T.);
#10049=FACE_BOUND('',#9423,.T.);
#10050=FACE_BOUND('',#9424,.T.);
#10051=FACE_BOUND('',#9425,.T.);
#10052=FACE_BOUND('',#9426,.T.);
#10053=FACE_BOUND('',#9427,.T.);
#10054=FACE_BOUND('',#9428,.T.);
#10055=FACE_BOUND('',#9429,.T.);
#10056=FACE_BOUND('',#9430,.T.);
#10057=FACE_BOUND('',#9431,.T.);
#10058=FACE_BOUND('',#9432,.T.);
#10059=FACE_BOUND('',#9433,.T.);
#10060=FACE_BOUND('',#9434,.T.);
#10061=FACE_BOUND('',#9435,.T.);
#10062=FACE_BOUND('',#9436,.T.);
#10063=FACE_BOUND('',#9437,.T.);
#10064=FACE_BOUND('',#9438,.T.);
#10065=FACE_BOUND('',#9439,.T.);
#10066=FACE_BOUND('',#9440,.T.);
#10067=FACE_BOUND('',#9441,.T.);
#10068=FACE_BOUND('',#9442,.T.);
#10069=FACE_BOUND('',#9443,.T.);
#10070=FACE_BOUND('',#9444,.T.);
#10071=FACE_BOUND('',#9445,.T.);
#10072=FACE_BOUND('',#9446,.T.);
#10073=FACE_BOUND('',#9447,.T.);
#10074=FACE_BOUND('',#9448,.T.);
#10075=FACE_BOUND('',#9449,.T.);
#10076=FACE_BOUND('',#9450,.T.);
#10077=FACE_BOUND('',#9451,.T.);
#10078=FACE_BOUND('',#9452,.T.);
#10079=FACE_BOUND('',#9453,.T.);
#10080=FACE_BOUND('',#9454,.T.);
#10081=FACE_BOUND('',#9455,.T.);
#10082=FACE_BOUND('',#9456,.T.);
#10083=FACE_BOUND('',#9457,.T.);
#10084=FACE_BOUND('',#9458,.T.);
#10085=FACE_BOUND('',#9459,.T.);
#10086=FACE_BOUND('',#9460,.T.);
#10087=FACE_BOUND('',#9461,.T.);
#10088=FACE_BOUND('',#9462,.T.);
#10089=FACE_BOUND('',#9463,.T.);
#10090=FACE_BOUND('',#9464,.T.);
#10091=FACE_BOUND('',#9465,.T.);
#10092=FACE_BOUND('',#9466,.T.);
#10093=FACE_BOUND('',#9467,.T.);
#10094=FACE_BOUND('',#9468,.T.);
#10095=FACE_BOUND('',#9469,.T.);
#10096=FACE_BOUND('',#9470,.T.);
#10097=FACE_BOUND('',#9471,.T.);
#10098=FACE_BOUND('',#9472,.T.);
#10099=FACE_BOUND('',#9473,.T.);
#10100=FACE_BOUND('',#9474,.T.);
#10101=FACE_BOUND('',#9475,.T.);
#10102=FACE_BOUND('',#9476,.T.);
#10103=FACE_BOUND('',#9477,.T.);
#10104=FACE_BOUND('',#9478,.T.);
#10105=FACE_BOUND('',#9479,.T.);
#10106=FACE_BOUND('',#9480,.T.);
#10107=FACE_BOUND('',#9481,.T.);
#10108=FACE_BOUND('',#9482,.T.);
#10109=FACE_BOUND('',#9483,.T.);
#10110=FACE_BOUND('',#9484,.T.);
#10111=FACE_BOUND('',#9485,.T.);
#10112=FACE_BOUND('',#9486,.T.);
#10113=FACE_BOUND('',#9487,.T.);
#10114=FACE_BOUND('',#9488,.T.);
#10115=FACE_BOUND('',#9489,.T.);
#10116=FACE_BOUND('',#9490,.T.);
#10117=FACE_BOUND('',#9491,.T.);
#10118=FACE_BOUND('',#9492,.T.);
#10119=FACE_BOUND('',#9493,.T.);
#10120=FACE_BOUND('',#9494,.T.);
#10121=FACE_BOUND('',#9495,.T.);
#10122=FACE_BOUND('',#9496,.T.);
#10123=FACE_BOUND('',#9497,.T.);
#10124=FACE_BOUND('',#9498,.T.);
#10125=FACE_BOUND('',#9499,.T.);
#10126=FACE_BOUND('',#9500,.T.);
#10127=FACE_BOUND('',#9501,.T.);
#10128=FACE_BOUND('',#9502,.T.);
#10129=FACE_BOUND('',#9503,.T.);
#10130=FACE_BOUND('',#9504,.T.);
#10131=FACE_BOUND('',#9505,.T.);
#10132=FACE_BOUND('',#9506,.T.);
#10133=FACE_BOUND('',#9507,.T.);
#10134=FACE_BOUND('',#9508,.T.);
#10135=FACE_BOUND('',#9509,.T.);
#10136=FACE_BOUND('',#9510,.T.);
#10137=FACE_BOUND('',#9511,.T.);
#10138=FACE_BOUND('',#9512,.T.);
#10139=FACE_BOUND('',#9513,.T.);
#10140=FACE_BOUND('',#9514,.T.);
#10141=FACE_BOUND('',#9515,.T.);
#10142=FACE_BOUND('',#9516,.T.);
#10143=FACE_BOUND('',#9517,.T.);
#10144=FACE_BOUND('',#9518,.T.);
#10145=FACE_BOUND('',#9519,.T.);
#10146=FACE_BOUND('',#9520,.T.);
#10147=FACE_BOUND('',#9521,.T.);
#10148=FACE_BOUND('',#9522,.T.);
#10149=FACE_BOUND('',#9523,.T.);
#10150=FACE_BOUND('',#9524,.T.);
#10151=FACE_BOUND('',#9525,.T.);
#10152=PLANE('',#10987);
#10153=PLANE('',#10988);
#10154=PLANE('',#11229);
#10155=PLANE('',#11230);
#10156=PLANE('',#11231);
#10157=PLANE('',#11232);
#10158=PLANE('',#11235);
#10159=PLANE('',#11238);
#10160=PLANE('',#11239);
#10161=PLANE('',#11248);
#10162=PLANE('',#11249);
#10163=PLANE('',#11250);
#10164=PLANE('',#11251);
#10165=PLANE('',#11252);
#10166=PLANE('',#11253);
#10167=PLANE('',#11254);
#10168=PLANE('',#11467);
#10169=PLANE('',#11468);
#10170=PLANE('',#11469);
#10171=PLANE('',#11471);
#10172=PLANE('',#11473);
#10173=PLANE('',#11475);
#10174=PLANE('',#11477);
#10175=PLANE('',#11479);
#10176=PLANE('',#11481);
#10177=PLANE('',#11483);
#10178=PLANE('',#11485);
#10179=PLANE('',#11487);
#10180=PLANE('',#11489);
#10181=PLANE('',#11491);
#10182=PLANE('',#11493);
#10183=PLANE('',#11495);
#10184=PLANE('',#11497);
#10185=PLANE('',#11499);
#10186=PLANE('',#11501);
#10187=PLANE('',#11503);
#10188=PLANE('',#11505);
#10189=PLANE('',#11507);
#10190=PLANE('',#11509);
#10191=PLANE('',#11511);
#10192=PLANE('',#11513);
#10193=PLANE('',#11515);
#10194=PLANE('',#11518);
#10195=PLANE('',#11521);
#10196=PLANE('',#11523);
#10197=PLANE('',#11525);
#10198=PLANE('',#11527);
#10199=PLANE('',#11529);
#10200=PLANE('',#11530);
#10201=PLANE('',#11531);
#10202=PLANE('',#11532);
#10203=PLANE('',#11533);
#10204=PLANE('',#11534);
#10205=PLANE('',#11535);
#10206=PLANE('',#11536);
#10207=PLANE('',#11537);
#10208=PLANE('',#11538);
#10209=PLANE('',#11540);
#10210=PLANE('',#11542);
#10211=PLANE('',#11544);
#10212=PLANE('',#11547);
#10213=PLANE('',#11549);
#10214=PLANE('',#11551);
#10215=PLANE('',#11554);
#10216=PLANE('',#11556);
#10217=PLANE('',#11558);
#10218=PLANE('',#11561);
#10219=PLANE('',#11563);
#10220=PLANE('',#11565);
#10221=PLANE('',#11568);
#10222=PLANE('',#11570);
#10223=PLANE('',#11572);
#10224=PLANE('',#11575);
#10225=PLANE('',#11577);
#10226=PLANE('',#11579);
#10227=PLANE('',#11582);
#10228=PLANE('',#11584);
#10229=PLANE('',#11586);
#10230=PLANE('',#11589);
#10231=PLANE('',#11591);
#10232=PLANE('',#11593);
#10233=PLANE('',#11596);
#10234=PLANE('',#11598);
#10235=PLANE('',#11600);
#10236=PLANE('',#11603);
#10237=PLANE('',#11605);
#10238=PLANE('',#11607);
#10239=PLANE('',#11610);
#10240=PLANE('',#11612);
#10241=PLANE('',#11614);
#10242=PLANE('',#11617);
#10243=PLANE('',#11619);
#10244=PLANE('',#11621);
#10245=PLANE('',#11624);
#10246=PLANE('',#11626);
#10247=PLANE('',#11628);
#10248=PLANE('',#11631);
#10249=PLANE('',#11633);
#10250=PLANE('',#11635);
#10251=PLANE('',#11638);
#10252=PLANE('',#11641);
#10253=PLANE('',#11644);
#10254=PLANE('',#11646);
#10255=PLANE('',#11648);
#10256=PLANE('',#11651);
#10257=PLANE('',#11653);
#10258=PLANE('',#11655);
#10259=PLANE('',#11658);
#10260=PLANE('',#11660);
#10261=PLANE('',#11662);
#10262=PLANE('',#11665);
#10263=PLANE('',#11667);
#10264=PLANE('',#11669);
#10265=PLANE('',#11672);
#10266=PLANE('',#11675);
#10267=PLANE('',#11677);
#10268=PLANE('',#11679);
#10269=PLANE('',#11682);
#10270=PLANE('',#11684);
#10271=PLANE('',#11686);
#10272=PLANE('',#11689);
#10273=PLANE('',#11691);
#10274=PLANE('',#11693);
#10275=PLANE('',#11696);
#10276=PLANE('',#11698);
#10277=PLANE('',#11700);
#10278=PLANE('',#11703);
#10279=PLANE('',#11705);
#10280=PLANE('',#11707);
#10281=PLANE('',#11710);
#10282=PLANE('',#11712);
#10283=PLANE('',#11714);
#10284=PLANE('',#11717);
#10285=PLANE('',#11719);
#10286=PLANE('',#11721);
#10287=PLANE('',#11724);
#10288=PLANE('',#11727);
#10289=PLANE('',#11729);
#10290=PLANE('',#11731);
#10291=PLANE('',#11734);
#10292=PLANE('',#11737);
#10293=PLANE('',#11740);
#10294=PLANE('',#11742);
#10295=PLANE('',#11744);
#10296=PLANE('',#11747);
#10297=PLANE('',#11749);
#10298=PLANE('',#11751);
#10299=PLANE('',#11754);
#10300=PLANE('',#11756);
#10301=PLANE('',#11758);
#10302=PLANE('',#11761);
#10303=PLANE('',#11763);
#10304=PLANE('',#11765);
#10305=PLANE('',#11768);
#10306=PLANE('',#11770);
#10307=PLANE('',#11772);
#10308=PLANE('',#11774);
#10309=PLANE('',#11775);
#10310=PLANE('',#11776);
#10311=PLANE('',#11777);
#10312=PLANE('',#11778);
#10313=PLANE('',#11779);
#10314=PLANE('',#11780);
#10315=PLANE('',#11781);
#10316=PLANE('',#11782);
#10317=PLANE('',#11783);
#10318=PLANE('',#11784);
#10319=PLANE('',#11785);
#10320=PLANE('',#11786);
#10321=PLANE('',#11787);
#10322=PLANE('',#11788);
#10323=PLANE('',#11789);
#10324=PLANE('',#11790);
#10325=PLANE('',#11791);
#10326=PLANE('',#11792);
#10327=PLANE('',#11793);
#10328=PLANE('',#11794);
#10329=PLANE('',#11795);
#10330=PLANE('',#11796);
#10331=PLANE('',#11797);
#10332=PLANE('',#11798);
#10333=PLANE('',#11799);
#10334=PLANE('',#11800);
#10335=PLANE('',#11801);
#10336=PLANE('',#11802);
#10337=PLANE('',#11803);
#10338=PLANE('',#11804);
#10339=PLANE('',#11805);
#10340=PLANE('',#11808);
#10341=PLANE('',#11811);
#10342=PLANE('',#11814);
#10343=PLANE('',#11817);
#10344=PLANE('',#11820);
#10345=PLANE('',#11823);
#10346=PLANE('',#11826);
#10347=PLANE('',#11829);
#10348=PLANE('',#11830);
#10349=PLANE('',#11831);
#10350=PLANE('',#11832);
#10351=PLANE('',#11833);
#10352=PLANE('',#11836);
#10353=PLANE('',#11839);
#10354=PLANE('',#11842);
#10355=PLANE('',#11845);
#10356=PLANE('',#11848);
#10357=PLANE('',#11851);
#10358=PLANE('',#11854);
#10359=PLANE('',#11857);
#10360=PLANE('',#11858);
#10361=PLANE('',#11859);
#10362=PLANE('',#11862);
#10363=PLANE('',#11865);
#10364=PLANE('',#11868);
#10365=PLANE('',#11871);
#10366=PLANE('',#11874);
#10367=PLANE('',#11877);
#10368=PLANE('',#11880);
#10369=PLANE('',#11883);
#10370=PLANE('',#11884);
#10371=PLANE('',#11885);
#10372=PLANE('',#11886);
#10373=PLANE('',#11887);
#10374=PLANE('',#11890);
#10375=PLANE('',#11893);
#10376=PLANE('',#11896);
#10377=PLANE('',#11899);
#10378=PLANE('',#11902);
#10379=PLANE('',#11905);
#10380=PLANE('',#11908);
#10381=PLANE('',#11911);
#10382=PLANE('',#11912);
#10383=PLANE('',#11913);
#10384=PLANE('',#11916);
#10385=PLANE('',#11919);
#10386=PLANE('',#11922);
#10387=PLANE('',#11925);
#10388=PLANE('',#11928);
#10389=PLANE('',#11931);
#10390=PLANE('',#11934);
#10391=PLANE('',#11937);
#10392=PLANE('',#11938);
#10393=PLANE('',#11942);
#10394=PLANE('',#11944);
#10395=PLANE('',#11945);
#10396=PLANE('',#11949);
#10397=PLANE('',#11955);
#10398=PLANE('',#11956);
#10399=PLANE('',#11957);
#10400=PLANE('',#11961);
#10401=PLANE('',#11963);
#10402=PLANE('',#11968);
#10403=PLANE('',#11969);
#10404=PLANE('',#11973);
#10405=PLANE('',#11979);
#10406=PLANE('',#11980);
#10407=PLANE('',#11981);
#10408=PLANE('',#11985);
#10409=PLANE('',#11987);
#10410=PLANE('',#11992);
#10411=PLANE('',#11994);
#10412=PLANE('',#11996);
#10413=PLANE('',#11999);
#10414=PLANE('',#12001);
#10415=PLANE('',#12003);
#10416=PLANE('',#12006);
#10417=PLANE('',#12008);
#10418=PLANE('',#12010);
#10419=PLANE('',#12013);
#10420=PLANE('',#12015);
#10421=PLANE('',#12016);
#10422=PLANE('',#12019);
#10423=PLANE('',#12021);
#10424=PLANE('',#12023);
#10425=PLANE('',#12024);
#10426=PLANE('',#12025);
#10427=PLANE('',#12026);
#10428=PLANE('',#12027);
#10429=PLANE('',#12028);
#10430=PLANE('',#12029);
#10431=PLANE('',#12030);
#10432=PLANE('',#12039);
#10433=PLANE('',#12040);
#10434=ADVANCED_FACE('',(#9526),#10152,.T.);
#10435=ADVANCED_FACE('',(#9527,#9528,#9529,#9530,#9531,#9532,#9533,#9534,
#9535,#9536,#9537,#9538,#9539,#9540,#9541,#9542,#9543,#9544,#9545,#9546,
#9547,#9548,#9549,#9550,#9551,#9552,#9553,#9554,#9555,#9556,#9557,#9558,
#9559,#9560,#9561,#9562,#9563,#9564,#9565,#9566,#9567,#9568,#9569,#9570),
#10153,.T.);
#10436=ADVANCED_FACE('',(#9571),#10154,.T.);
#10437=ADVANCED_FACE('',(#9572),#10155,.T.);
#10438=ADVANCED_FACE('',(#9573),#10156,.F.);
#10439=ADVANCED_FACE('',(#9574),#10157,.F.);
#10440=ADVANCED_FACE('',(#9575),#12,.F.);
#10441=ADVANCED_FACE('',(#9576),#10158,.T.);
#10442=ADVANCED_FACE('',(#9577),#13,.F.);
#10443=ADVANCED_FACE('',(#9578),#10159,.T.);
#10444=ADVANCED_FACE('',(#9579),#10160,.T.);
#10445=ADVANCED_FACE('',(#9580),#14,.F.);
#10446=ADVANCED_FACE('',(#9581),#15,.F.);
#10447=ADVANCED_FACE('',(#9582),#16,.F.);
#10448=ADVANCED_FACE('',(#9583),#17,.F.);
#10449=ADVANCED_FACE('',(#9584),#10161,.F.);
#10450=ADVANCED_FACE('',(#9585),#10162,.T.);
#10451=ADVANCED_FACE('',(#9586),#10163,.F.);
#10452=ADVANCED_FACE('',(#9587),#10164,.T.);
#10453=ADVANCED_FACE('',(#9588),#10165,.T.);
#10454=ADVANCED_FACE('',(#9589),#10166,.T.);
#10455=ADVANCED_FACE('',(#9590,#9591,#9592,#9593,#9594,#9595,#9596,#9597,
#9598,#9599,#9600,#9601,#9602,#9603,#9604,#9605,#9606,#9607,#9608,#9609,
#9610,#9611,#9612,#9613,#9614,#9615,#9616,#9617,#9618,#9619,#9620,#9621,
#9622,#9623,#9624,#9625,#9626,#9627,#9628,#9629,#9630,#9631,#9632,#9633),
#10167,.F.);
#10456=ADVANCED_FACE('',(#9634),#10168,.T.);
#10457=ADVANCED_FACE('',(#9635),#10169,.F.);
#10458=ADVANCED_FACE('',(#9636),#10170,.F.);
#10459=ADVANCED_FACE('',(#9637),#18,.F.);
#10460=ADVANCED_FACE('',(#9638),#10171,.F.);
#10461=ADVANCED_FACE('',(#9639),#19,.F.);
#10462=ADVANCED_FACE('',(#9640),#10172,.T.);
#10463=ADVANCED_FACE('',(#9641),#20,.F.);
#10464=ADVANCED_FACE('',(#9642),#10173,.T.);
#10465=ADVANCED_FACE('',(#9643),#21,.F.);
#10466=ADVANCED_FACE('',(#9644),#10174,.F.);
#10467=ADVANCED_FACE('',(#9645),#22,.F.);
#10468=ADVANCED_FACE('',(#9646),#10175,.F.);
#10469=ADVANCED_FACE('',(#9647),#23,.F.);
#10470=ADVANCED_FACE('',(#9648),#10176,.T.);
#10471=ADVANCED_FACE('',(#9649),#24,.F.);
#10472=ADVANCED_FACE('',(#9650),#10177,.T.);
#10473=ADVANCED_FACE('',(#9651),#25,.F.);
#10474=ADVANCED_FACE('',(#9652),#10178,.F.);
#10475=ADVANCED_FACE('',(#9653),#26,.F.);
#10476=ADVANCED_FACE('',(#9654),#10179,.F.);
#10477=ADVANCED_FACE('',(#9655),#27,.F.);
#10478=ADVANCED_FACE('',(#9656),#10180,.T.);
#10479=ADVANCED_FACE('',(#9657),#28,.F.);
#10480=ADVANCED_FACE('',(#9658),#10181,.T.);
#10481=ADVANCED_FACE('',(#9659),#29,.F.);
#10482=ADVANCED_FACE('',(#9660),#10182,.F.);
#10483=ADVANCED_FACE('',(#9661),#30,.F.);
#10484=ADVANCED_FACE('',(#9662),#10183,.F.);
#10485=ADVANCED_FACE('',(#9663),#31,.F.);
#10486=ADVANCED_FACE('',(#9664),#10184,.T.);
#10487=ADVANCED_FACE('',(#9665),#32,.F.);
#10488=ADVANCED_FACE('',(#9666),#10185,.T.);
#10489=ADVANCED_FACE('',(#9667),#33,.F.);
#10490=ADVANCED_FACE('',(#9668),#10186,.F.);
#10491=ADVANCED_FACE('',(#9669),#34,.F.);
#10492=ADVANCED_FACE('',(#9670),#10187,.F.);
#10493=ADVANCED_FACE('',(#9671),#35,.F.);
#10494=ADVANCED_FACE('',(#9672),#10188,.T.);
#10495=ADVANCED_FACE('',(#9673),#36,.F.);
#10496=ADVANCED_FACE('',(#9674),#10189,.T.);
#10497=ADVANCED_FACE('',(#9675),#37,.F.);
#10498=ADVANCED_FACE('',(#9676),#10190,.F.);
#10499=ADVANCED_FACE('',(#9677),#38,.F.);
#10500=ADVANCED_FACE('',(#9678),#10191,.F.);
#10501=ADVANCED_FACE('',(#9679),#39,.F.);
#10502=ADVANCED_FACE('',(#9680),#10192,.T.);
#10503=ADVANCED_FACE('',(#9681),#40,.F.);
#10504=ADVANCED_FACE('',(#9682),#10193,.T.);
#10505=ADVANCED_FACE('',(#9683),#41,.F.);
#10506=ADVANCED_FACE('',(#9684),#42,.F.);
#10507=ADVANCED_FACE('',(#9685),#10194,.F.);
#10508=ADVANCED_FACE('',(#9686),#43,.F.);
#10509=ADVANCED_FACE('',(#9687),#44,.F.);
#10510=ADVANCED_FACE('',(#9688),#10195,.F.);
#10511=ADVANCED_FACE('',(#9689),#45,.F.);
#10512=ADVANCED_FACE('',(#9690),#10196,.F.);
#10513=ADVANCED_FACE('',(#9691),#46,.F.);
#10514=ADVANCED_FACE('',(#9692),#10197,.T.);
#10515=ADVANCED_FACE('',(#9693),#47,.F.);
#10516=ADVANCED_FACE('',(#9694),#10198,.T.);
#10517=ADVANCED_FACE('',(#9695),#48,.T.);
#10518=ADVANCED_FACE('',(#9696),#10199,.F.);
#10519=ADVANCED_FACE('',(#9697),#10200,.F.);
#10520=ADVANCED_FACE('',(#9698),#10201,.F.);
#10521=ADVANCED_FACE('',(#9699),#10202,.F.);
#10522=ADVANCED_FACE('',(#9700),#10203,.F.);
#10523=ADVANCED_FACE('',(#9701),#10204,.T.);
#10524=ADVANCED_FACE('',(#9702),#10205,.T.);
#10525=ADVANCED_FACE('',(#9703),#10206,.T.);
#10526=ADVANCED_FACE('',(#9704),#10207,.T.);
#10527=ADVANCED_FACE('',(#9705),#10208,.F.);
#10528=ADVANCED_FACE('',(#9706),#49,.F.);
#10529=ADVANCED_FACE('',(#9707),#10209,.F.);
#10530=ADVANCED_FACE('',(#9708),#50,.F.);
#10531=ADVANCED_FACE('',(#9709),#10210,.F.);
#10532=ADVANCED_FACE('',(#9710),#51,.F.);
#10533=ADVANCED_FACE('',(#9711),#10211,.T.);
#10534=ADVANCED_FACE('',(#9712),#52,.F.);
#10535=ADVANCED_FACE('',(#9713),#53,.F.);
#10536=ADVANCED_FACE('',(#9714),#10212,.F.);
#10537=ADVANCED_FACE('',(#9715),#54,.F.);
#10538=ADVANCED_FACE('',(#9716),#10213,.F.);
#10539=ADVANCED_FACE('',(#9717),#55,.F.);
#10540=ADVANCED_FACE('',(#9718),#10214,.T.);
#10541=ADVANCED_FACE('',(#9719),#56,.F.);
#10542=ADVANCED_FACE('',(#9720),#57,.F.);
#10543=ADVANCED_FACE('',(#9721),#10215,.F.);
#10544=ADVANCED_FACE('',(#9722),#58,.F.);
#10545=ADVANCED_FACE('',(#9723),#10216,.F.);
#10546=ADVANCED_FACE('',(#9724),#59,.F.);
#10547=ADVANCED_FACE('',(#9725),#10217,.T.);
#10548=ADVANCED_FACE('',(#9726),#60,.F.);
#10549=ADVANCED_FACE('',(#9727),#61,.F.);
#10550=ADVANCED_FACE('',(#9728),#10218,.F.);
#10551=ADVANCED_FACE('',(#9729),#62,.F.);
#10552=ADVANCED_FACE('',(#9730),#10219,.F.);
#10553=ADVANCED_FACE('',(#9731),#63,.F.);
#10554=ADVANCED_FACE('',(#9732),#10220,.T.);
#10555=ADVANCED_FACE('',(#9733),#64,.F.);
#10556=ADVANCED_FACE('',(#9734),#65,.F.);
#10557=ADVANCED_FACE('',(#9735),#10221,.F.);
#10558=ADVANCED_FACE('',(#9736),#66,.F.);
#10559=ADVANCED_FACE('',(#9737),#10222,.F.);
#10560=ADVANCED_FACE('',(#9738),#67,.F.);
#10561=ADVANCED_FACE('',(#9739),#10223,.T.);
#10562=ADVANCED_FACE('',(#9740),#68,.F.);
#10563=ADVANCED_FACE('',(#9741),#69,.F.);
#10564=ADVANCED_FACE('',(#9742),#10224,.F.);
#10565=ADVANCED_FACE('',(#9743),#70,.F.);
#10566=ADVANCED_FACE('',(#9744),#10225,.F.);
#10567=ADVANCED_FACE('',(#9745),#71,.F.);
#10568=ADVANCED_FACE('',(#9746),#10226,.T.);
#10569=ADVANCED_FACE('',(#9747),#72,.F.);
#10570=ADVANCED_FACE('',(#9748),#73,.F.);
#10571=ADVANCED_FACE('',(#9749),#10227,.F.);
#10572=ADVANCED_FACE('',(#9750),#74,.F.);
#10573=ADVANCED_FACE('',(#9751),#10228,.F.);
#10574=ADVANCED_FACE('',(#9752),#75,.F.);
#10575=ADVANCED_FACE('',(#9753),#10229,.T.);
#10576=ADVANCED_FACE('',(#9754),#76,.F.);
#10577=ADVANCED_FACE('',(#9755),#77,.F.);
#10578=ADVANCED_FACE('',(#9756),#10230,.F.);
#10579=ADVANCED_FACE('',(#9757),#78,.F.);
#10580=ADVANCED_FACE('',(#9758),#10231,.F.);
#10581=ADVANCED_FACE('',(#9759),#79,.F.);
#10582=ADVANCED_FACE('',(#9760),#10232,.T.);
#10583=ADVANCED_FACE('',(#9761),#80,.F.);
#10584=ADVANCED_FACE('',(#9762),#81,.F.);
#10585=ADVANCED_FACE('',(#9763),#10233,.F.);
#10586=ADVANCED_FACE('',(#9764),#82,.F.);
#10587=ADVANCED_FACE('',(#9765),#10234,.F.);
#10588=ADVANCED_FACE('',(#9766),#83,.F.);
#10589=ADVANCED_FACE('',(#9767),#10235,.T.);
#10590=ADVANCED_FACE('',(#9768),#84,.F.);
#10591=ADVANCED_FACE('',(#9769),#85,.F.);
#10592=ADVANCED_FACE('',(#9770),#10236,.F.);
#10593=ADVANCED_FACE('',(#9771),#86,.F.);
#10594=ADVANCED_FACE('',(#9772),#10237,.F.);
#10595=ADVANCED_FACE('',(#9773),#87,.F.);
#10596=ADVANCED_FACE('',(#9774),#10238,.T.);
#10597=ADVANCED_FACE('',(#9775),#88,.F.);
#10598=ADVANCED_FACE('',(#9776),#89,.F.);
#10599=ADVANCED_FACE('',(#9777),#10239,.F.);
#10600=ADVANCED_FACE('',(#9778),#90,.F.);
#10601=ADVANCED_FACE('',(#9779),#10240,.F.);
#10602=ADVANCED_FACE('',(#9780),#91,.F.);
#10603=ADVANCED_FACE('',(#9781),#10241,.T.);
#10604=ADVANCED_FACE('',(#9782),#92,.F.);
#10605=ADVANCED_FACE('',(#9783),#93,.F.);
#10606=ADVANCED_FACE('',(#9784),#10242,.F.);
#10607=ADVANCED_FACE('',(#9785),#94,.F.);
#10608=ADVANCED_FACE('',(#9786),#10243,.F.);
#10609=ADVANCED_FACE('',(#9787),#95,.F.);
#10610=ADVANCED_FACE('',(#9788),#10244,.T.);
#10611=ADVANCED_FACE('',(#9789),#96,.F.);
#10612=ADVANCED_FACE('',(#9790),#97,.F.);
#10613=ADVANCED_FACE('',(#9791),#10245,.F.);
#10614=ADVANCED_FACE('',(#9792),#98,.F.);
#10615=ADVANCED_FACE('',(#9793),#10246,.F.);
#10616=ADVANCED_FACE('',(#9794),#99,.F.);
#10617=ADVANCED_FACE('',(#9795),#10247,.T.);
#10618=ADVANCED_FACE('',(#9796),#100,.F.);
#10619=ADVANCED_FACE('',(#9797),#101,.F.);
#10620=ADVANCED_FACE('',(#9798),#10248,.F.);
#10621=ADVANCED_FACE('',(#9799),#102,.F.);
#10622=ADVANCED_FACE('',(#9800),#10249,.F.);
#10623=ADVANCED_FACE('',(#9801),#103,.F.);
#10624=ADVANCED_FACE('',(#9802),#10250,.T.);
#10625=ADVANCED_FACE('',(#9803),#104,.F.);
#10626=ADVANCED_FACE('',(#9804),#105,.F.);
#10627=ADVANCED_FACE('',(#9805),#10251,.F.);
#10628=ADVANCED_FACE('',(#9806),#106,.F.);
#10629=ADVANCED_FACE('',(#9807),#107,.F.);
#10630=ADVANCED_FACE('',(#9808),#10252,.T.);
#10631=ADVANCED_FACE('',(#9809),#108,.F.);
#10632=ADVANCED_FACE('',(#9810),#109,.F.);
#10633=ADVANCED_FACE('',(#9811),#10253,.F.);
#10634=ADVANCED_FACE('',(#9812),#110,.F.);
#10635=ADVANCED_FACE('',(#9813),#10254,.F.);
#10636=ADVANCED_FACE('',(#9814),#111,.F.);
#10637=ADVANCED_FACE('',(#9815),#10255,.T.);
#10638=ADVANCED_FACE('',(#9816),#112,.F.);
#10639=ADVANCED_FACE('',(#9817),#113,.F.);
#10640=ADVANCED_FACE('',(#9818),#10256,.F.);
#10641=ADVANCED_FACE('',(#9819),#114,.F.);
#10642=ADVANCED_FACE('',(#9820),#10257,.F.);
#10643=ADVANCED_FACE('',(#9821),#115,.F.);
#10644=ADVANCED_FACE('',(#9822),#10258,.T.);
#10645=ADVANCED_FACE('',(#9823),#116,.F.);
#10646=ADVANCED_FACE('',(#9824),#117,.F.);
#10647=ADVANCED_FACE('',(#9825),#10259,.F.);
#10648=ADVANCED_FACE('',(#9826),#118,.F.);
#10649=ADVANCED_FACE('',(#9827),#10260,.F.);
#10650=ADVANCED_FACE('',(#9828),#119,.F.);
#10651=ADVANCED_FACE('',(#9829),#10261,.T.);
#10652=ADVANCED_FACE('',(#9830),#120,.F.);
#10653=ADVANCED_FACE('',(#9831),#121,.F.);
#10654=ADVANCED_FACE('',(#9832),#10262,.F.);
#10655=ADVANCED_FACE('',(#9833),#122,.F.);
#10656=ADVANCED_FACE('',(#9834),#10263,.F.);
#10657=ADVANCED_FACE('',(#9835),#123,.F.);
#10658=ADVANCED_FACE('',(#9836),#10264,.T.);
#10659=ADVANCED_FACE('',(#9837),#124,.F.);
#10660=ADVANCED_FACE('',(#9838),#125,.F.);
#10661=ADVANCED_FACE('',(#9839),#10265,.F.);
#10662=ADVANCED_FACE('',(#9840),#126,.F.);
#10663=ADVANCED_FACE('',(#9841),#127,.F.);
#10664=ADVANCED_FACE('',(#9842),#10266,.F.);
#10665=ADVANCED_FACE('',(#9843),#128,.F.);
#10666=ADVANCED_FACE('',(#9844),#10267,.F.);
#10667=ADVANCED_FACE('',(#9845),#129,.F.);
#10668=ADVANCED_FACE('',(#9846),#10268,.T.);
#10669=ADVANCED_FACE('',(#9847),#130,.F.);
#10670=ADVANCED_FACE('',(#9848),#131,.F.);
#10671=ADVANCED_FACE('',(#9849),#10269,.F.);
#10672=ADVANCED_FACE('',(#9850),#132,.F.);
#10673=ADVANCED_FACE('',(#9851),#10270,.F.);
#10674=ADVANCED_FACE('',(#9852),#133,.F.);
#10675=ADVANCED_FACE('',(#9853),#10271,.T.);
#10676=ADVANCED_FACE('',(#9854),#134,.F.);
#10677=ADVANCED_FACE('',(#9855),#135,.F.);
#10678=ADVANCED_FACE('',(#9856),#10272,.F.);
#10679=ADVANCED_FACE('',(#9857),#136,.F.);
#10680=ADVANCED_FACE('',(#9858),#10273,.F.);
#10681=ADVANCED_FACE('',(#9859),#137,.F.);
#10682=ADVANCED_FACE('',(#9860),#10274,.T.);
#10683=ADVANCED_FACE('',(#9861),#138,.F.);
#10684=ADVANCED_FACE('',(#9862),#139,.F.);
#10685=ADVANCED_FACE('',(#9863),#10275,.F.);
#10686=ADVANCED_FACE('',(#9864),#140,.F.);
#10687=ADVANCED_FACE('',(#9865),#10276,.F.);
#10688=ADVANCED_FACE('',(#9866),#141,.F.);
#10689=ADVANCED_FACE('',(#9867),#10277,.T.);
#10690=ADVANCED_FACE('',(#9868),#142,.F.);
#10691=ADVANCED_FACE('',(#9869),#143,.F.);
#10692=ADVANCED_FACE('',(#9870),#10278,.F.);
#10693=ADVANCED_FACE('',(#9871),#144,.F.);
#10694=ADVANCED_FACE('',(#9872),#10279,.F.);
#10695=ADVANCED_FACE('',(#9873),#145,.F.);
#10696=ADVANCED_FACE('',(#9874),#10280,.T.);
#10697=ADVANCED_FACE('',(#9875),#146,.F.);
#10698=ADVANCED_FACE('',(#9876),#147,.F.);
#10699=ADVANCED_FACE('',(#9877),#10281,.F.);
#10700=ADVANCED_FACE('',(#9878),#148,.F.);
#10701=ADVANCED_FACE('',(#9879),#10282,.F.);
#10702=ADVANCED_FACE('',(#9880),#149,.F.);
#10703=ADVANCED_FACE('',(#9881),#10283,.T.);
#10704=ADVANCED_FACE('',(#9882),#150,.F.);
#10705=ADVANCED_FACE('',(#9883),#151,.F.);
#10706=ADVANCED_FACE('',(#9884),#10284,.F.);
#10707=ADVANCED_FACE('',(#9885),#152,.F.);
#10708=ADVANCED_FACE('',(#9886),#10285,.F.);
#10709=ADVANCED_FACE('',(#9887),#153,.F.);
#10710=ADVANCED_FACE('',(#9888),#10286,.T.);
#10711=ADVANCED_FACE('',(#9889),#154,.F.);
#10712=ADVANCED_FACE('',(#9890),#155,.F.);
#10713=ADVANCED_FACE('',(#9891),#10287,.F.);
#10714=ADVANCED_FACE('',(#9892),#156,.F.);
#10715=ADVANCED_FACE('',(#9893),#157,.F.);
#10716=ADVANCED_FACE('',(#9894),#10288,.F.);
#10717=ADVANCED_FACE('',(#9895),#158,.F.);
#10718=ADVANCED_FACE('',(#9896),#10289,.F.);
#10719=ADVANCED_FACE('',(#9897),#159,.F.);
#10720=ADVANCED_FACE('',(#9898),#10290,.T.);
#10721=ADVANCED_FACE('',(#9899),#160,.F.);
#10722=ADVANCED_FACE('',(#9900),#161,.F.);
#10723=ADVANCED_FACE('',(#9901),#10291,.F.);
#10724=ADVANCED_FACE('',(#9902),#162,.F.);
#10725=ADVANCED_FACE('',(#9903),#163,.F.);
#10726=ADVANCED_FACE('',(#9904),#10292,.T.);
#10727=ADVANCED_FACE('',(#9905),#164,.F.);
#10728=ADVANCED_FACE('',(#9906),#165,.F.);
#10729=ADVANCED_FACE('',(#9907),#10293,.F.);
#10730=ADVANCED_FACE('',(#9908),#166,.F.);
#10731=ADVANCED_FACE('',(#9909),#10294,.F.);
#10732=ADVANCED_FACE('',(#9910),#167,.F.);
#10733=ADVANCED_FACE('',(#9911),#10295,.T.);
#10734=ADVANCED_FACE('',(#9912),#168,.F.);
#10735=ADVANCED_FACE('',(#9913),#169,.F.);
#10736=ADVANCED_FACE('',(#9914),#10296,.F.);
#10737=ADVANCED_FACE('',(#9915),#170,.F.);
#10738=ADVANCED_FACE('',(#9916),#10297,.F.);
#10739=ADVANCED_FACE('',(#9917),#171,.F.);
#10740=ADVANCED_FACE('',(#9918),#10298,.T.);
#10741=ADVANCED_FACE('',(#9919),#172,.F.);
#10742=ADVANCED_FACE('',(#9920),#173,.F.);
#10743=ADVANCED_FACE('',(#9921),#10299,.F.);
#10744=ADVANCED_FACE('',(#9922),#174,.F.);
#10745=ADVANCED_FACE('',(#9923),#10300,.F.);
#10746=ADVANCED_FACE('',(#9924),#175,.F.);
#10747=ADVANCED_FACE('',(#9925),#10301,.T.);
#10748=ADVANCED_FACE('',(#9926),#176,.F.);
#10749=ADVANCED_FACE('',(#9927),#177,.F.);
#10750=ADVANCED_FACE('',(#9928),#10302,.F.);
#10751=ADVANCED_FACE('',(#9929),#178,.F.);
#10752=ADVANCED_FACE('',(#9930),#10303,.F.);
#10753=ADVANCED_FACE('',(#9931),#179,.F.);
#10754=ADVANCED_FACE('',(#9932),#10304,.T.);
#10755=ADVANCED_FACE('',(#9933),#180,.F.);
#10756=ADVANCED_FACE('',(#9934),#181,.F.);
#10757=ADVANCED_FACE('',(#9935),#10305,.F.);
#10758=ADVANCED_FACE('',(#9936),#182,.F.);
#10759=ADVANCED_FACE('',(#9937),#10306,.F.);
#10760=ADVANCED_FACE('',(#9938),#183,.F.);
#10761=ADVANCED_FACE('',(#9939),#10307,.T.);
#10762=ADVANCED_FACE('',(#9940),#184,.F.);
#10763=ADVANCED_FACE('',(#9941),#10308,.T.);
#10764=ADVANCED_FACE('',(#9942),#10309,.T.);
#10765=ADVANCED_FACE('',(#9943),#10310,.T.);
#10766=ADVANCED_FACE('',(#9944),#10311,.T.);
#10767=ADVANCED_FACE('',(#9945),#10312,.T.);
#10768=ADVANCED_FACE('',(#9946),#10313,.T.);
#10769=ADVANCED_FACE('',(#9947),#10314,.T.);
#10770=ADVANCED_FACE('',(#9948),#10315,.T.);
#10771=ADVANCED_FACE('',(#9949),#10316,.T.);
#10772=ADVANCED_FACE('',(#9950),#10317,.T.);
#10773=ADVANCED_FACE('',(#9951),#10318,.T.);
#10774=ADVANCED_FACE('',(#9952),#10319,.T.);
#10775=ADVANCED_FACE('',(#9953),#10320,.T.);
#10776=ADVANCED_FACE('',(#9954),#10321,.T.);
#10777=ADVANCED_FACE('',(#9955),#10322,.T.);
#10778=ADVANCED_FACE('',(#9956),#10323,.T.);
#10779=ADVANCED_FACE('',(#9957),#10324,.T.);
#10780=ADVANCED_FACE('',(#9958),#10325,.T.);
#10781=ADVANCED_FACE('',(#9959),#10326,.T.);
#10782=ADVANCED_FACE('',(#9960),#10327,.T.);
#10783=ADVANCED_FACE('',(#9961),#10328,.T.);
#10784=ADVANCED_FACE('',(#9962),#10329,.T.);
#10785=ADVANCED_FACE('',(#9963),#10330,.T.);
#10786=ADVANCED_FACE('',(#9964),#10331,.T.);
#10787=ADVANCED_FACE('',(#9965),#10332,.T.);
#10788=ADVANCED_FACE('',(#9966),#10333,.T.);
#10789=ADVANCED_FACE('',(#9967),#10334,.T.);
#10790=ADVANCED_FACE('',(#9968),#10335,.T.);
#10791=ADVANCED_FACE('',(#9969),#10336,.T.);
#10792=ADVANCED_FACE('',(#9970),#10337,.T.);
#10793=ADVANCED_FACE('',(#9971),#10338,.T.);
#10794=ADVANCED_FACE('',(#9972),#10339,.F.);
#10795=ADVANCED_FACE('',(#9973),#185,.F.);
#10796=ADVANCED_FACE('',(#9974),#10340,.F.);
#10797=ADVANCED_FACE('',(#9975),#186,.T.);
#10798=ADVANCED_FACE('',(#9976),#10341,.T.);
#10799=ADVANCED_FACE('',(#9977),#187,.F.);
#10800=ADVANCED_FACE('',(#9978),#10342,.F.);
#10801=ADVANCED_FACE('',(#9979),#188,.F.);
#10802=ADVANCED_FACE('',(#9980),#10343,.F.);
#10803=ADVANCED_FACE('',(#9981),#189,.T.);
#10804=ADVANCED_FACE('',(#9982),#10344,.F.);
#10805=ADVANCED_FACE('',(#9983),#190,.F.);
#10806=ADVANCED_FACE('',(#9984),#10345,.T.);
#10807=ADVANCED_FACE('',(#9985),#191,.F.);
#10808=ADVANCED_FACE('',(#9986),#10346,.T.);
#10809=ADVANCED_FACE('',(#9987),#192,.F.);
#10810=ADVANCED_FACE('',(#9988),#10347,.F.);
#10811=ADVANCED_FACE('',(#9989),#10348,.T.);
#10812=ADVANCED_FACE('',(#9990),#10349,.T.);
#10813=ADVANCED_FACE('',(#9991),#10350,.T.);
#10814=ADVANCED_FACE('',(#9992),#10351,.T.);
#10815=ADVANCED_FACE('',(#9993),#193,.F.);
#10816=ADVANCED_FACE('',(#9994),#10352,.T.);
#10817=ADVANCED_FACE('',(#9995),#194,.T.);
#10818=ADVANCED_FACE('',(#9996),#10353,.F.);
#10819=ADVANCED_FACE('',(#9997),#195,.F.);
#10820=ADVANCED_FACE('',(#9998),#10354,.T.);
#10821=ADVANCED_FACE('',(#9999),#196,.F.);
#10822=ADVANCED_FACE('',(#10000),#10355,.T.);
#10823=ADVANCED_FACE('',(#10001),#197,.T.);
#10824=ADVANCED_FACE('',(#10002),#10356,.T.);
#10825=ADVANCED_FACE('',(#10003),#198,.F.);
#10826=ADVANCED_FACE('',(#10004),#10357,.F.);
#10827=ADVANCED_FACE('',(#10005),#199,.F.);
#10828=ADVANCED_FACE('',(#10006),#10358,.F.);
#10829=ADVANCED_FACE('',(#10007),#200,.F.);
#10830=ADVANCED_FACE('',(#10008),#10359,.T.);
#10831=ADVANCED_FACE('',(#10009),#10360,.T.);
#10832=ADVANCED_FACE('',(#10010),#10361,.F.);
#10833=ADVANCED_FACE('',(#10011),#201,.F.);
#10834=ADVANCED_FACE('',(#10012),#10362,.F.);
#10835=ADVANCED_FACE('',(#10013),#202,.T.);
#10836=ADVANCED_FACE('',(#10014),#10363,.T.);
#10837=ADVANCED_FACE('',(#10015),#203,.F.);
#10838=ADVANCED_FACE('',(#10016),#10364,.F.);
#10839=ADVANCED_FACE('',(#10017),#204,.F.);
#10840=ADVANCED_FACE('',(#10018),#10365,.F.);
#10841=ADVANCED_FACE('',(#10019),#205,.T.);
#10842=ADVANCED_FACE('',(#10020),#10366,.F.);
#10843=ADVANCED_FACE('',(#10021),#206,.F.);
#10844=ADVANCED_FACE('',(#10022),#10367,.T.);
#10845=ADVANCED_FACE('',(#10023),#207,.F.);
#10846=ADVANCED_FACE('',(#10024),#10368,.T.);
#10847=ADVANCED_FACE('',(#10025),#208,.F.);
#10848=ADVANCED_FACE('',(#10026),#10369,.F.);
#10849=ADVANCED_FACE('',(#10027),#10370,.T.);
#10850=ADVANCED_FACE('',(#10028),#10371,.T.);
#10851=ADVANCED_FACE('',(#10029),#10372,.T.);
#10852=ADVANCED_FACE('',(#10030),#10373,.T.);
#10853=ADVANCED_FACE('',(#10031),#209,.F.);
#10854=ADVANCED_FACE('',(#10032),#10374,.T.);
#10855=ADVANCED_FACE('',(#10033),#210,.T.);
#10856=ADVANCED_FACE('',(#10034),#10375,.F.);
#10857=ADVANCED_FACE('',(#10035),#211,.F.);
#10858=ADVANCED_FACE('',(#10036),#10376,.T.);
#10859=ADVANCED_FACE('',(#10037),#212,.F.);
#10860=ADVANCED_FACE('',(#10038),#10377,.T.);
#10861=ADVANCED_FACE('',(#10039),#213,.T.);
#10862=ADVANCED_FACE('',(#10040),#10378,.T.);
#10863=ADVANCED_FACE('',(#10041),#214,.F.);
#10864=ADVANCED_FACE('',(#10042),#10379,.F.);
#10865=ADVANCED_FACE('',(#10043),#215,.F.);
#10866=ADVANCED_FACE('',(#10044),#10380,.F.);
#10867=ADVANCED_FACE('',(#10045),#216,.F.);
#10868=ADVANCED_FACE('',(#10046),#10381,.T.);
#10869=ADVANCED_FACE('',(#10047),#10382,.T.);
#10870=ADVANCED_FACE('',(#10048),#10383,.T.);
#10871=ADVANCED_FACE('',(#10049),#217,.F.);
#10872=ADVANCED_FACE('',(#10050),#10384,.T.);
#10873=ADVANCED_FACE('',(#10051),#218,.T.);
#10874=ADVANCED_FACE('',(#10052),#10385,.F.);
#10875=ADVANCED_FACE('',(#10053),#219,.F.);
#10876=ADVANCED_FACE('',(#10054),#10386,.T.);
#10877=ADVANCED_FACE('',(#10055),#220,.F.);
#10878=ADVANCED_FACE('',(#10056),#10387,.T.);
#10879=ADVANCED_FACE('',(#10057),#221,.T.);
#10880=ADVANCED_FACE('',(#10058),#10388,.T.);
#10881=ADVANCED_FACE('',(#10059),#222,.F.);
#10882=ADVANCED_FACE('',(#10060),#10389,.F.);
#10883=ADVANCED_FACE('',(#10061),#223,.F.);
#10884=ADVANCED_FACE('',(#10062),#10390,.F.);
#10885=ADVANCED_FACE('',(#10063),#224,.F.);
#10886=ADVANCED_FACE('',(#10064),#10391,.T.);
#10887=ADVANCED_FACE('',(#10065),#10392,.F.);
#10888=ADVANCED_FACE('',(#10066),#225,.F.);
#10889=ADVANCED_FACE('',(#10067),#10393,.F.);
#10890=ADVANCED_FACE('',(#10068),#226,.F.);
#10891=ADVANCED_FACE('',(#10069),#10394,.F.);
#10892=ADVANCED_FACE('',(#10070),#10395,.F.);
#10893=ADVANCED_FACE('',(#10071),#227,.F.);
#10894=ADVANCED_FACE('',(#10072),#10396,.F.);
#10895=ADVANCED_FACE('',(#10073),#228,.F.);
#10896=ADVANCED_FACE('',(#10074),#229,.F.);
#10897=ADVANCED_FACE('',(#10075),#230,.F.);
#10898=ADVANCED_FACE('',(#10076),#10397,.T.);
#10899=ADVANCED_FACE('',(#10077),#10398,.F.);
#10900=ADVANCED_FACE('',(#10078),#10399,.F.);
#10901=ADVANCED_FACE('',(#10079),#231,.F.);
#10902=ADVANCED_FACE('',(#10080),#10400,.T.);
#10903=ADVANCED_FACE('',(#10081),#232,.F.);
#10904=ADVANCED_FACE('',(#10082),#10401,.F.);
#10905=ADVANCED_FACE('',(#10083),#233,.F.);
#10906=ADVANCED_FACE('',(#10084),#234,.F.);
#10907=ADVANCED_FACE('',(#10085),#10402,.F.);
#10908=ADVANCED_FACE('',(#10086),#10403,.F.);
#10909=ADVANCED_FACE('',(#10087),#235,.F.);
#10910=ADVANCED_FACE('',(#10088),#10404,.F.);
#10911=ADVANCED_FACE('',(#10089),#236,.F.);
#10912=ADVANCED_FACE('',(#10090),#237,.F.);
#10913=ADVANCED_FACE('',(#10091),#238,.F.);
#10914=ADVANCED_FACE('',(#10092),#10405,.T.);
#10915=ADVANCED_FACE('',(#10093),#10406,.F.);
#10916=ADVANCED_FACE('',(#10094),#10407,.F.);
#10917=ADVANCED_FACE('',(#10095),#239,.F.);
#10918=ADVANCED_FACE('',(#10096),#10408,.T.);
#10919=ADVANCED_FACE('',(#10097),#240,.F.);
#10920=ADVANCED_FACE('',(#10098),#10409,.F.);
#10921=ADVANCED_FACE('',(#10099),#241,.F.);
#10922=ADVANCED_FACE('',(#10100),#242,.F.);
#10923=ADVANCED_FACE('',(#10101),#10410,.F.);
#10924=ADVANCED_FACE('',(#10102),#243,.T.);
#10925=ADVANCED_FACE('',(#10103),#10411,.T.);
#10926=ADVANCED_FACE('',(#10104),#244,.T.);
#10927=ADVANCED_FACE('',(#10105),#10412,.T.);
#10928=ADVANCED_FACE('',(#10106),#245,.F.);
#10929=ADVANCED_FACE('',(#10107),#246,.F.);
#10930=ADVANCED_FACE('',(#10108),#10413,.F.);
#10931=ADVANCED_FACE('',(#10109),#247,.T.);
#10932=ADVANCED_FACE('',(#10110),#10414,.F.);
#10933=ADVANCED_FACE('',(#10111),#248,.T.);
#10934=ADVANCED_FACE('',(#10112),#10415,.T.);
#10935=ADVANCED_FACE('',(#10113),#249,.F.);
#10936=ADVANCED_FACE('',(#10114),#250,.F.);
#10937=ADVANCED_FACE('',(#10115),#10416,.F.);
#10938=ADVANCED_FACE('',(#10116),#251,.T.);
#10939=ADVANCED_FACE('',(#10117),#10417,.F.);
#10940=ADVANCED_FACE('',(#10118),#252,.T.);
#10941=ADVANCED_FACE('',(#10119),#10418,.T.);
#10942=ADVANCED_FACE('',(#10120),#253,.F.);
#10943=ADVANCED_FACE('',(#10121),#254,.F.);
#10944=ADVANCED_FACE('',(#10122),#10419,.F.);
#10945=ADVANCED_FACE('',(#10123),#255,.T.);
#10946=ADVANCED_FACE('',(#10124),#10420,.F.);
#10947=ADVANCED_FACE('',(#10125),#10421,.T.);
#10948=ADVANCED_FACE('',(#10126),#256,.F.);
#10949=ADVANCED_FACE('',(#10127),#257,.F.);
#10950=ADVANCED_FACE('',(#10128),#10422,.F.);
#10951=ADVANCED_FACE('',(#10129),#258,.T.);
#10952=ADVANCED_FACE('',(#10130),#10423,.T.);
#10953=ADVANCED_FACE('',(#10131),#259,.T.);
#10954=ADVANCED_FACE('',(#10132),#10424,.F.);
#10955=ADVANCED_FACE('',(#10133),#10425,.F.);
#10956=ADVANCED_FACE('',(#10134),#10426,.F.);
#10957=ADVANCED_FACE('',(#10135),#10427,.F.);
#10958=ADVANCED_FACE('',(#10136),#10428,.F.);
#10959=ADVANCED_FACE('',(#10137),#10429,.F.);
#10960=ADVANCED_FACE('',(#10138),#10430,.F.);
#10961=ADVANCED_FACE('',(#10139),#10431,.F.);
#10962=ADVANCED_FACE('',(#10140),#260,.F.);
#10963=ADVANCED_FACE('',(#10141),#261,.T.);
#10964=ADVANCED_FACE('',(#10142),#262,.F.);
#10965=ADVANCED_FACE('',(#10143),#263,.T.);
#10966=ADVANCED_FACE('',(#10144),#264,.T.);
#10967=ADVANCED_FACE('',(#10145),#265,.F.);
#10968=ADVANCED_FACE('',(#10146),#266,.F.);
#10969=ADVANCED_FACE('',(#10147),#267,.T.);
#10970=ADVANCED_FACE('',(#10148),#10432,.F.);
#10971=ADVANCED_FACE('',(#10149),#10433,.F.);
#10972=ADVANCED_FACE('',(#10150),#268,.T.);
#10973=ADVANCED_FACE('',(#10151),#269,.T.);
#10974=CLOSED_SHELL('',(#10434,#10435,#10436,#10437,#10438,#10439,#10440,
#10441,#10442,#10443,#10444,#10445,#10446,#10447,#10448,#10449,#10450,#10451,
#10452,#10453,#10454,#10455,#10456,#10457,#10458,#10459,#10460,#10461,#10462,
#10463,#10464,#10465,#10466,#10467,#10468,#10469,#10470,#10471,#10472,#10473,
#10474,#10475,#10476,#10477,#10478,#10479,#10480,#10481,#10482,#10483,#10484,
#10485,#10486,#10487,#10488,#10489,#10490,#10491,#10492,#10493,#10494,#10495,
#10496,#10497,#10498,#10499,#10500,#10501,#10502,#10503,#10504,#10505,#10506,
#10507,#10508,#10509,#10510,#10511,#10512,#10513,#10514,#10515,#10516,#10517,
#10518,#10519,#10520,#10521,#10522,#10523,#10524,#10525,#10526,#10527,#10528,
#10529,#10530,#10531,#10532,#10533,#10534,#10535,#10536,#10537,#10538,#10539,
#10540,#10541,#10542,#10543,#10544,#10545,#10546,#10547,#10548,#10549,#10550,
#10551,#10552,#10553,#10554,#10555,#10556,#10557,#10558,#10559,#10560,#10561,
#10562,#10563,#10564,#10565,#10566,#10567,#10568,#10569,#10570,#10571,#10572,
#10573,#10574,#10575,#10576,#10577,#10578,#10579,#10580,#10581,#10582,#10583,
#10584,#10585,#10586,#10587,#10588,#10589,#10590,#10591,#10592,#10593,#10594,
#10595,#10596,#10597,#10598,#10599,#10600,#10601,#10602,#10603,#10604,#10605,
#10606,#10607,#10608,#10609,#10610,#10611,#10612,#10613,#10614,#10615,#10616,
#10617,#10618,#10619,#10620,#10621,#10622,#10623,#10624,#10625,#10626,#10627,
#10628,#10629,#10630,#10631,#10632,#10633,#10634,#10635,#10636,#10637,#10638,
#10639,#10640,#10641,#10642,#10643,#10644,#10645,#10646,#10647,#10648,#10649,
#10650,#10651,#10652,#10653,#10654,#10655,#10656,#10657,#10658,#10659,#10660,
#10661,#10662,#10663,#10664,#10665,#10666,#10667,#10668,#10669,#10670,#10671,
#10672,#10673,#10674,#10675,#10676,#10677,#10678,#10679,#10680,#10681,#10682,
#10683,#10684,#10685,#10686,#10687,#10688,#10689,#10690,#10691,#10692,#10693,
#10694,#10695,#10696,#10697,#10698,#10699,#10700,#10701,#10702,#10703,#10704,
#10705,#10706,#10707,#10708,#10709,#10710,#10711,#10712,#10713,#10714,#10715,
#10716,#10717,#10718,#10719,#10720,#10721,#10722,#10723,#10724,#10725,#10726,
#10727,#10728,#10729,#10730,#10731,#10732,#10733,#10734,#10735,#10736,#10737,
#10738,#10739,#10740,#10741,#10742,#10743,#10744,#10745,#10746,#10747,#10748,
#10749,#10750,#10751,#10752,#10753,#10754,#10755,#10756,#10757,#10758,#10759,
#10760,#10761,#10762,#10763,#10764,#10765,#10766,#10767,#10768,#10769,#10770,
#10771,#10772,#10773,#10774,#10775,#10776,#10777,#10778,#10779,#10780,#10781,
#10782,#10783,#10784,#10785,#10786,#10787,#10788,#10789,#10790,#10791,#10792,
#10793,#10794,#10795,#10796,#10797,#10798,#10799,#10800,#10801,#10802,#10803,
#10804,#10805,#10806,#10807,#10808,#10809,#10810,#10811,#10812,#10813,#10814,
#10815,#10816,#10817,#10818,#10819,#10820,#10821,#10822,#10823,#10824,#10825,
#10826,#10827,#10828,#10829,#10830,#10831,#10832,#10833,#10834,#10835,#10836,
#10837,#10838,#10839,#10840,#10841,#10842,#10843,#10844,#10845,#10846,#10847,
#10848,#10849,#10850,#10851,#10852,#10853,#10854,#10855,#10856,#10857,#10858,
#10859,#10860,#10861,#10862,#10863,#10864,#10865,#10866,#10867,#10868,#10869,
#10870,#10871,#10872,#10873,#10874,#10875,#10876,#10877,#10878,#10879,#10880,
#10881,#10882,#10883,#10884,#10885,#10886,#10887,#10888,#10889,#10890,#10891,
#10892,#10893,#10894,#10895,#10896,#10897,#10898,#10899,#10900,#10901,#10902,
#10903,#10904,#10905,#10906,#10907,#10908,#10909,#10910,#10911,#10912,#10913,
#10914,#10915,#10916,#10917,#10918,#10919,#10920,#10921,#10922,#10923,#10924,
#10925,#10926,#10927,#10928,#10929,#10930,#10931,#10932,#10933,#10934,#10935,
#10936,#10937,#10938,#10939,#10940,#10941,#10942,#10943,#10944,#10945,#10946,
#10947,#10948,#10949,#10950,#10951,#10952,#10953,#10954,#10955,#10956,#10957,
#10958,#10959,#10960,#10961,#10962,#10963,#10964,#10965,#10966,#10967,#10968,
#10969,#10970,#10971,#10972,#10973));
#10975=STYLED_ITEM('',(#10976),#10983);
#10976=PRESENTATION_STYLE_ASSIGNMENT((#10977));
#10977=SURFACE_STYLE_USAGE(.BOTH.,#10978);
#10978=SURFACE_SIDE_STYLE('',(#10979));
#10979=SURFACE_STYLE_FILL_AREA(#10980);
#10980=FILL_AREA_STYLE('',(#10981));
#10981=FILL_AREA_STYLE_COLOUR('',#10982);
#10982=COLOUR_RGB('',0.917647058823529,0.917647058823529,0.917647058823529);
#10983=MANIFOLD_SOLID_BREP('Plate-R',#10974);
#10984=SHAPE_DEFINITION_REPRESENTATION(#18492,#10985);
#10985=SHAPE_REPRESENTATION('Plate-R',(#10986),#18487);
#10986=AXIS2_PLACEMENT_3D('',#15255,#12043,#12044);
#10987=AXIS2_PLACEMENT_3D('',#15256,#12045,#12046);
#10988=AXIS2_PLACEMENT_3D('',#15265,#12051,#12052);
#10989=AXIS2_PLACEMENT_3D('',#15273,#12056,#12057);
#10990=AXIS2_PLACEMENT_3D('',#15277,#12059,#12060);
#10991=AXIS2_PLACEMENT_3D('',#15285,#12064,#12065);
#10992=AXIS2_PLACEMENT_3D('',#15289,#12067,#12068);
#10993=AXIS2_PLACEMENT_3D('',#15293,#12070,#12071);
#10994=AXIS2_PLACEMENT_3D('',#15297,#12073,#12074);
#10995=AXIS2_PLACEMENT_3D('',#15301,#12076,#12077);
#10996=AXIS2_PLACEMENT_3D('',#15305,#12079,#12080);
#10997=AXIS2_PLACEMENT_3D('',#15309,#12082,#12083);
#10998=AXIS2_PLACEMENT_3D('',#15313,#12085,#12086);
#10999=AXIS2_PLACEMENT_3D('',#15321,#12090,#12091);
#11000=AXIS2_PLACEMENT_3D('',#15325,#12093,#12094);
#11001=AXIS2_PLACEMENT_3D('',#15333,#12098,#12099);
#11002=AXIS2_PLACEMENT_3D('',#15337,#12101,#12102);
#11003=AXIS2_PLACEMENT_3D('',#15341,#12104,#12105);
#11004=AXIS2_PLACEMENT_3D('',#15345,#12107,#12108);
#11005=AXIS2_PLACEMENT_3D('',#15349,#12110,#12111);
#11006=AXIS2_PLACEMENT_3D('',#15353,#12113,#12114);
#11007=AXIS2_PLACEMENT_3D('',#15357,#12116,#12117);
#11008=AXIS2_PLACEMENT_3D('',#15361,#12119,#12120);
#11009=AXIS2_PLACEMENT_3D('',#15369,#12124,#12125);
#11010=AXIS2_PLACEMENT_3D('',#15373,#12127,#12128);
#11011=AXIS2_PLACEMENT_3D('',#15381,#12132,#12133);
#11012=AXIS2_PLACEMENT_3D('',#15385,#12135,#12136);
#11013=AXIS2_PLACEMENT_3D('',#15389,#12138,#12139);
#11014=AXIS2_PLACEMENT_3D('',#15393,#12141,#12142);
#11015=AXIS2_PLACEMENT_3D('',#15397,#12144,#12145);
#11016=AXIS2_PLACEMENT_3D('',#15401,#12147,#12148);
#11017=AXIS2_PLACEMENT_3D('',#15405,#12150,#12151);
#11018=AXIS2_PLACEMENT_3D('',#15409,#12153,#12154);
#11019=AXIS2_PLACEMENT_3D('',#15417,#12158,#12159);
#11020=AXIS2_PLACEMENT_3D('',#15421,#12161,#12162);
#11021=AXIS2_PLACEMENT_3D('',#15429,#12166,#12167);
#11022=AXIS2_PLACEMENT_3D('',#15433,#12169,#12170);
#11023=AXIS2_PLACEMENT_3D('',#15437,#12172,#12173);
#11024=AXIS2_PLACEMENT_3D('',#15441,#12175,#12176);
#11025=AXIS2_PLACEMENT_3D('',#15445,#12178,#12179);
#11026=AXIS2_PLACEMENT_3D('',#15449,#12181,#12182);
#11027=AXIS2_PLACEMENT_3D('',#15453,#12184,#12185);
#11028=AXIS2_PLACEMENT_3D('',#15457,#12187,#12188);
#11029=AXIS2_PLACEMENT_3D('',#15458,#12189,#12190);
#11030=AXIS2_PLACEMENT_3D('',#15463,#12192,#12193);
#11031=AXIS2_PLACEMENT_3D('',#15467,#12195,#12196);
#11032=AXIS2_PLACEMENT_3D('',#15471,#12198,#12199);
#11033=AXIS2_PLACEMENT_3D('',#15474,#12201,#12202);
#11034=AXIS2_PLACEMENT_3D('',#15479,#12204,#12205);
#11035=AXIS2_PLACEMENT_3D('',#15483,#12207,#12208);
#11036=AXIS2_PLACEMENT_3D('',#15487,#12210,#12211);
#11037=AXIS2_PLACEMENT_3D('',#15490,#12213,#12214);
#11038=AXIS2_PLACEMENT_3D('',#15495,#12216,#12217);
#11039=AXIS2_PLACEMENT_3D('',#15499,#12219,#12220);
#11040=AXIS2_PLACEMENT_3D('',#15503,#12222,#12223);
#11041=AXIS2_PLACEMENT_3D('',#15506,#12225,#12226);
#11042=AXIS2_PLACEMENT_3D('',#15511,#12228,#12229);
#11043=AXIS2_PLACEMENT_3D('',#15515,#12231,#12232);
#11044=AXIS2_PLACEMENT_3D('',#15519,#12234,#12235);
#11045=AXIS2_PLACEMENT_3D('',#15522,#12237,#12238);
#11046=AXIS2_PLACEMENT_3D('',#15527,#12240,#12241);
#11047=AXIS2_PLACEMENT_3D('',#15531,#12243,#12244);
#11048=AXIS2_PLACEMENT_3D('',#15535,#12246,#12247);
#11049=AXIS2_PLACEMENT_3D('',#15538,#12249,#12250);
#11050=AXIS2_PLACEMENT_3D('',#15543,#12252,#12253);
#11051=AXIS2_PLACEMENT_3D('',#15547,#12255,#12256);
#11052=AXIS2_PLACEMENT_3D('',#15551,#12258,#12259);
#11053=AXIS2_PLACEMENT_3D('',#15554,#12261,#12262);
#11054=AXIS2_PLACEMENT_3D('',#15559,#12264,#12265);
#11055=AXIS2_PLACEMENT_3D('',#15563,#12267,#12268);
#11056=AXIS2_PLACEMENT_3D('',#15567,#12270,#12271);
#11057=AXIS2_PLACEMENT_3D('',#15570,#12273,#12274);
#11058=AXIS2_PLACEMENT_3D('',#15575,#12276,#12277);
#11059=AXIS2_PLACEMENT_3D('',#15579,#12279,#12280);
#11060=AXIS2_PLACEMENT_3D('',#15583,#12282,#12283);
#11061=AXIS2_PLACEMENT_3D('',#15586,#12285,#12286);
#11062=AXIS2_PLACEMENT_3D('',#15591,#12288,#12289);
#11063=AXIS2_PLACEMENT_3D('',#15595,#12291,#12292);
#11064=AXIS2_PLACEMENT_3D('',#15599,#12294,#12295);
#11065=AXIS2_PLACEMENT_3D('',#15602,#12297,#12298);
#11066=AXIS2_PLACEMENT_3D('',#15607,#12300,#12301);
#11067=AXIS2_PLACEMENT_3D('',#15611,#12303,#12304);
#11068=AXIS2_PLACEMENT_3D('',#15615,#12306,#12307);
#11069=AXIS2_PLACEMENT_3D('',#15618,#12309,#12310);
#11070=AXIS2_PLACEMENT_3D('',#15623,#12312,#12313);
#11071=AXIS2_PLACEMENT_3D('',#15627,#12315,#12316);
#11072=AXIS2_PLACEMENT_3D('',#15631,#12318,#12319);
#11073=AXIS2_PLACEMENT_3D('',#15634,#12321,#12322);
#11074=AXIS2_PLACEMENT_3D('',#15639,#12324,#12325);
#11075=AXIS2_PLACEMENT_3D('',#15643,#12327,#12328);
#11076=AXIS2_PLACEMENT_3D('',#15647,#12330,#12331);
#11077=AXIS2_PLACEMENT_3D('',#15650,#12333,#12334);
#11078=AXIS2_PLACEMENT_3D('',#15655,#12336,#12337);
#11079=AXIS2_PLACEMENT_3D('',#15659,#12339,#12340);
#11080=AXIS2_PLACEMENT_3D('',#15663,#12342,#12343);
#11081=AXIS2_PLACEMENT_3D('',#15666,#12345,#12346);
#11082=AXIS2_PLACEMENT_3D('',#15671,#12348,#12349);
#11083=AXIS2_PLACEMENT_3D('',#15675,#12351,#12352);
#11084=AXIS2_PLACEMENT_3D('',#15679,#12354,#12355);
#11085=AXIS2_PLACEMENT_3D('',#15682,#12357,#12358);
#11086=AXIS2_PLACEMENT_3D('',#15687,#12360,#12361);
#11087=AXIS2_PLACEMENT_3D('',#15691,#12363,#12364);
#11088=AXIS2_PLACEMENT_3D('',#15695,#12366,#12367);
#11089=AXIS2_PLACEMENT_3D('',#15698,#12369,#12370);
#11090=AXIS2_PLACEMENT_3D('',#15703,#12372,#12373);
#11091=AXIS2_PLACEMENT_3D('',#15707,#12375,#12376);
#11092=AXIS2_PLACEMENT_3D('',#15711,#12378,#12379);
#11093=AXIS2_PLACEMENT_3D('',#15714,#12381,#12382);
#11094=AXIS2_PLACEMENT_3D('',#15719,#12384,#12385);
#11095=AXIS2_PLACEMENT_3D('',#15723,#12387,#12388);
#11096=AXIS2_PLACEMENT_3D('',#15727,#12390,#12391);
#11097=AXIS2_PLACEMENT_3D('',#15730,#12393,#12394);
#11098=AXIS2_PLACEMENT_3D('',#15735,#12396,#12397);
#11099=AXIS2_PLACEMENT_3D('',#15739,#12399,#12400);
#11100=AXIS2_PLACEMENT_3D('',#15743,#12402,#12403);
#11101=AXIS2_PLACEMENT_3D('',#15746,#12405,#12406);
#11102=AXIS2_PLACEMENT_3D('',#15751,#12408,#12409);
#11103=AXIS2_PLACEMENT_3D('',#15755,#12411,#12412);
#11104=AXIS2_PLACEMENT_3D('',#15759,#12414,#12415);
#11105=AXIS2_PLACEMENT_3D('',#15762,#12417,#12418);
#11106=AXIS2_PLACEMENT_3D('',#15767,#12420,#12421);
#11107=AXIS2_PLACEMENT_3D('',#15771,#12423,#12424);
#11108=AXIS2_PLACEMENT_3D('',#15775,#12426,#12427);
#11109=AXIS2_PLACEMENT_3D('',#15778,#12429,#12430);
#11110=AXIS2_PLACEMENT_3D('',#15783,#12432,#12433);
#11111=AXIS2_PLACEMENT_3D('',#15787,#12435,#12436);
#11112=AXIS2_PLACEMENT_3D('',#15791,#12438,#12439);
#11113=AXIS2_PLACEMENT_3D('',#15794,#12441,#12442);
#11114=AXIS2_PLACEMENT_3D('',#15799,#12444,#12445);
#11115=AXIS2_PLACEMENT_3D('',#15803,#12447,#12448);
#11116=AXIS2_PLACEMENT_3D('',#15807,#12450,#12451);
#11117=AXIS2_PLACEMENT_3D('',#15810,#12453,#12454);
#11118=AXIS2_PLACEMENT_3D('',#15815,#12456,#12457);
#11119=AXIS2_PLACEMENT_3D('',#15819,#12459,#12460);
#11120=AXIS2_PLACEMENT_3D('',#15823,#12462,#12463);
#11121=AXIS2_PLACEMENT_3D('',#15826,#12465,#12466);
#11122=AXIS2_PLACEMENT_3D('',#15831,#12468,#12469);
#11123=AXIS2_PLACEMENT_3D('',#15835,#12471,#12472);
#11124=AXIS2_PLACEMENT_3D('',#15839,#12474,#12475);
#11125=AXIS2_PLACEMENT_3D('',#15842,#12477,#12478);
#11126=AXIS2_PLACEMENT_3D('',#15847,#12480,#12481);
#11127=AXIS2_PLACEMENT_3D('',#15851,#12483,#12484);
#11128=AXIS2_PLACEMENT_3D('',#15855,#12486,#12487);
#11129=AXIS2_PLACEMENT_3D('',#15858,#12489,#12490);
#11130=AXIS2_PLACEMENT_3D('',#15863,#12492,#12493);
#11131=AXIS2_PLACEMENT_3D('',#15867,#12495,#12496);
#11132=AXIS2_PLACEMENT_3D('',#15871,#12498,#12499);
#11133=AXIS2_PLACEMENT_3D('',#15874,#12501,#12502);
#11134=AXIS2_PLACEMENT_3D('',#15879,#12504,#12505);
#11135=AXIS2_PLACEMENT_3D('',#15883,#12507,#12508);
#11136=AXIS2_PLACEMENT_3D('',#15887,#12510,#12511);
#11137=AXIS2_PLACEMENT_3D('',#15890,#12513,#12514);
#11138=AXIS2_PLACEMENT_3D('',#15895,#12516,#12517);
#11139=AXIS2_PLACEMENT_3D('',#15899,#12519,#12520);
#11140=AXIS2_PLACEMENT_3D('',#15903,#12522,#12523);
#11141=AXIS2_PLACEMENT_3D('',#15906,#12525,#12526);
#11142=AXIS2_PLACEMENT_3D('',#15911,#12528,#12529);
#11143=AXIS2_PLACEMENT_3D('',#15915,#12531,#12532);
#11144=AXIS2_PLACEMENT_3D('',#15919,#12534,#12535);
#11145=AXIS2_PLACEMENT_3D('',#15922,#12537,#12538);
#11146=AXIS2_PLACEMENT_3D('',#15927,#12540,#12541);
#11147=AXIS2_PLACEMENT_3D('',#15931,#12543,#12544);
#11148=AXIS2_PLACEMENT_3D('',#15935,#12546,#12547);
#11149=AXIS2_PLACEMENT_3D('',#15938,#12549,#12550);
#11150=AXIS2_PLACEMENT_3D('',#15943,#12552,#12553);
#11151=AXIS2_PLACEMENT_3D('',#15947,#12555,#12556);
#11152=AXIS2_PLACEMENT_3D('',#15951,#12558,#12559);
#11153=AXIS2_PLACEMENT_3D('',#15954,#12561,#12562);
#11154=AXIS2_PLACEMENT_3D('',#15959,#12564,#12565);
#11155=AXIS2_PLACEMENT_3D('',#15963,#12567,#12568);
#11156=AXIS2_PLACEMENT_3D('',#15967,#12570,#12571);
#11157=AXIS2_PLACEMENT_3D('',#15970,#12573,#12574);
#11158=AXIS2_PLACEMENT_3D('',#15975,#12576,#12577);
#11159=AXIS2_PLACEMENT_3D('',#15979,#12579,#12580);
#11160=AXIS2_PLACEMENT_3D('',#15983,#12582,#12583);
#11161=AXIS2_PLACEMENT_3D('',#15986,#12585,#12586);
#11162=AXIS2_PLACEMENT_3D('',#15991,#12588,#12589);
#11163=AXIS2_PLACEMENT_3D('',#15995,#12591,#12592);
#11164=AXIS2_PLACEMENT_3D('',#15999,#12594,#12595);
#11165=AXIS2_PLACEMENT_3D('',#16002,#12597,#12598);
#11166=AXIS2_PLACEMENT_3D('',#16007,#12600,#12601);
#11167=AXIS2_PLACEMENT_3D('',#16011,#12603,#12604);
#11168=AXIS2_PLACEMENT_3D('',#16015,#12606,#12607);
#11169=AXIS2_PLACEMENT_3D('',#16018,#12609,#12610);
#11170=AXIS2_PLACEMENT_3D('',#16023,#12612,#12613);
#11171=AXIS2_PLACEMENT_3D('',#16027,#12615,#12616);
#11172=AXIS2_PLACEMENT_3D('',#16031,#12618,#12619);
#11173=AXIS2_PLACEMENT_3D('',#16034,#12621,#12622);
#11174=AXIS2_PLACEMENT_3D('',#16039,#12624,#12625);
#11175=AXIS2_PLACEMENT_3D('',#16043,#12627,#12628);
#11176=AXIS2_PLACEMENT_3D('',#16047,#12630,#12631);
#11177=AXIS2_PLACEMENT_3D('',#16053,#12634,#12635);
#11178=AXIS2_PLACEMENT_3D('',#16057,#12637,#12638);
#11179=AXIS2_PLACEMENT_3D('',#16061,#12640,#12641);
#11180=AXIS2_PLACEMENT_3D('',#16065,#12643,#12644);
#11181=AXIS2_PLACEMENT_3D('',#16066,#12645,#12646);
#11182=AXIS2_PLACEMENT_3D('',#16071,#12648,#12649);
#11183=AXIS2_PLACEMENT_3D('',#16075,#12651,#12652);
#11184=AXIS2_PLACEMENT_3D('',#16079,#12654,#12655);
#11185=AXIS2_PLACEMENT_3D('',#16085,#12658,#12659);
#11186=AXIS2_PLACEMENT_3D('',#16089,#12661,#12662);
#11187=AXIS2_PLACEMENT_3D('',#16093,#12664,#12665);
#11188=AXIS2_PLACEMENT_3D('',#16097,#12667,#12668);
#11189=AXIS2_PLACEMENT_3D('',#16098,#12669,#12670);
#11190=AXIS2_PLACEMENT_3D('',#16103,#12672,#12673);
#11191=AXIS2_PLACEMENT_3D('',#16107,#12675,#12676);
#11192=AXIS2_PLACEMENT_3D('',#16111,#12678,#12679);
#11193=AXIS2_PLACEMENT_3D('',#16114,#12681,#12682);
#11194=AXIS2_PLACEMENT_3D('',#16118,#12684,#12685);
#11195=AXIS2_PLACEMENT_3D('',#16122,#12687,#12688);
#11196=AXIS2_PLACEMENT_3D('',#16126,#12690,#12691);
#11197=AXIS2_PLACEMENT_3D('',#16130,#12693,#12694);
#11198=AXIS2_PLACEMENT_3D('',#16134,#12696,#12697);
#11199=AXIS2_PLACEMENT_3D('',#16138,#12699,#12700);
#11200=AXIS2_PLACEMENT_3D('',#16142,#12702,#12703);
#11201=AXIS2_PLACEMENT_3D('',#16146,#12705,#12706);
#11202=AXIS2_PLACEMENT_3D('',#16154,#12710,#12711);
#11203=AXIS2_PLACEMENT_3D('',#16158,#12713,#12714);
#11204=AXIS2_PLACEMENT_3D('',#16162,#12716,#12717);
#11205=AXIS2_PLACEMENT_3D('',#16166,#12719,#12720);
#11206=AXIS2_PLACEMENT_3D('',#16170,#12722,#12723);
#11207=AXIS2_PLACEMENT_3D('',#16174,#12725,#12726);
#11208=AXIS2_PLACEMENT_3D('',#16178,#12728,#12729);
#11209=AXIS2_PLACEMENT_3D('',#16182,#12731,#12732);
#11210=AXIS2_PLACEMENT_3D('',#16190,#12736,#12737);
#11211=AXIS2_PLACEMENT_3D('',#16194,#12739,#12740);
#11212=AXIS2_PLACEMENT_3D('',#16198,#12742,#12743);
#11213=AXIS2_PLACEMENT_3D('',#16202,#12745,#12746);
#11214=AXIS2_PLACEMENT_3D('',#16206,#12748,#12749);
#11215=AXIS2_PLACEMENT_3D('',#16210,#12751,#12752);
#11216=AXIS2_PLACEMENT_3D('',#16214,#12754,#12755);
#11217=AXIS2_PLACEMENT_3D('',#16218,#12757,#12758);
#11218=AXIS2_PLACEMENT_3D('',#16222,#12760,#12761);
#11219=AXIS2_PLACEMENT_3D('',#16226,#12763,#12764);
#11220=AXIS2_PLACEMENT_3D('',#16230,#12766,#12767);
#11221=AXIS2_PLACEMENT_3D('',#16234,#12769,#12770);
#11222=AXIS2_PLACEMENT_3D('',#16238,#12772,#12773);
#11223=AXIS2_PLACEMENT_3D('',#16242,#12775,#12776);
#11224=AXIS2_PLACEMENT_3D('',#16246,#12778,#12779);
#11225=AXIS2_PLACEMENT_3D('',#16250,#12781,#12782);
#11226=AXIS2_PLACEMENT_3D('',#16254,#12784,#12785);
#11227=AXIS2_PLACEMENT_3D('',#16258,#12787,#12788);
#11228=AXIS2_PLACEMENT_3D('',#16262,#12790,#12791);
#11229=AXIS2_PLACEMENT_3D('',#16263,#12792,#12793);
#11230=AXIS2_PLACEMENT_3D('',#16269,#12797,#12798);
#11231=AXIS2_PLACEMENT_3D('',#16275,#12802,#12803);
#11232=AXIS2_PLACEMENT_3D('',#16281,#12807,#12808);
#11233=AXIS2_PLACEMENT_3D('',#16287,#12812,#12813);
#11234=AXIS2_PLACEMENT_3D('',#16288,#12814,#12815);
#11235=AXIS2_PLACEMENT_3D('',#16293,#12818,#12819);
#11236=AXIS2_PLACEMENT_3D('',#16297,#12822,#12823);
#11237=AXIS2_PLACEMENT_3D('',#16298,#12824,#12825);
#11238=AXIS2_PLACEMENT_3D('',#16301,#12827,#12828);
#11239=AXIS2_PLACEMENT_3D('',#16307,#12832,#12833);
#11240=AXIS2_PLACEMENT_3D('',#16313,#12837,#12838);
#11241=AXIS2_PLACEMENT_3D('',#16314,#12839,#12840);
#11242=AXIS2_PLACEMENT_3D('',#16317,#12842,#12843);
#11243=AXIS2_PLACEMENT_3D('',#16318,#12844,#12845);
#11244=AXIS2_PLACEMENT_3D('',#16321,#12847,#12848);
#11245=AXIS2_PLACEMENT_3D('',#16322,#12849,#12850);
#11246=AXIS2_PLACEMENT_3D('',#16325,#12852,#12853);
#11247=AXIS2_PLACEMENT_3D('',#16326,#12854,#12855);
#11248=AXIS2_PLACEMENT_3D('',#16329,#12857,#12858);
#11249=AXIS2_PLACEMENT_3D('',#16333,#12861,#12862);
#11250=AXIS2_PLACEMENT_3D('',#16337,#12865,#12866);
#11251=AXIS2_PLACEMENT_3D('',#16341,#12869,#12870);
#11252=AXIS2_PLACEMENT_3D('',#16345,#12873,#12874);
#11253=AXIS2_PLACEMENT_3D('',#16351,#12878,#12879);
#11254=AXIS2_PLACEMENT_3D('',#16357,#12883,#12884);
#11255=AXIS2_PLACEMENT_3D('',#16361,#12886,#12887);
#11256=AXIS2_PLACEMENT_3D('',#16362,#12888,#12889);
#11257=AXIS2_PLACEMENT_3D('',#16366,#12891,#12892);
#11258=AXIS2_PLACEMENT_3D('',#16370,#12894,#12895);
#11259=AXIS2_PLACEMENT_3D('',#16374,#12897,#12898);
#11260=AXIS2_PLACEMENT_3D('',#16375,#12899,#12900);
#11261=AXIS2_PLACEMENT_3D('',#16379,#12902,#12903);
#11262=AXIS2_PLACEMENT_3D('',#16383,#12905,#12906);
#11263=AXIS2_PLACEMENT_3D('',#16387,#12908,#12909);
#11264=AXIS2_PLACEMENT_3D('',#16388,#12910,#12911);
#11265=AXIS2_PLACEMENT_3D('',#16392,#12913,#12914);
#11266=AXIS2_PLACEMENT_3D('',#16393,#12915,#12916);
#11267=AXIS2_PLACEMENT_3D('',#16397,#12918,#12919);
#11268=AXIS2_PLACEMENT_3D('',#16401,#12921,#12922);
#11269=AXIS2_PLACEMENT_3D('',#16405,#12924,#12925);
#11270=AXIS2_PLACEMENT_3D('',#16406,#12926,#12927);
#11271=AXIS2_PLACEMENT_3D('',#16410,#12929,#12930);
#11272=AXIS2_PLACEMENT_3D('',#16414,#12932,#12933);
#11273=AXIS2_PLACEMENT_3D('',#16418,#12935,#12936);
#11274=AXIS2_PLACEMENT_3D('',#16422,#12938,#12939);
#11275=AXIS2_PLACEMENT_3D('',#16431,#12944,#12945);
#11276=AXIS2_PLACEMENT_3D('',#16435,#12947,#12948);
#11277=AXIS2_PLACEMENT_3D('',#16440,#12951,#12952);
#11278=AXIS2_PLACEMENT_3D('',#16444,#12954,#12955);
#11279=AXIS2_PLACEMENT_3D('',#16448,#12957,#12958);
#11280=AXIS2_PLACEMENT_3D('',#16452,#12960,#12961);
#11281=AXIS2_PLACEMENT_3D('',#16456,#12963,#12964);
#11282=AXIS2_PLACEMENT_3D('',#16460,#12966,#12967);
#11283=AXIS2_PLACEMENT_3D('',#16464,#12969,#12970);
#11284=AXIS2_PLACEMENT_3D('',#16468,#12972,#12973);
#11285=AXIS2_PLACEMENT_3D('',#16473,#12976,#12977);
#11286=AXIS2_PLACEMENT_3D('',#16477,#12979,#12980);
#11287=AXIS2_PLACEMENT_3D('',#16478,#12981,#12982);
#11288=AXIS2_PLACEMENT_3D('',#16482,#12984,#12985);
#11289=AXIS2_PLACEMENT_3D('',#16483,#12986,#12987);
#11290=AXIS2_PLACEMENT_3D('',#16488,#12989,#12990);
#11291=AXIS2_PLACEMENT_3D('',#16492,#12992,#12993);
#11292=AXIS2_PLACEMENT_3D('',#16496,#12995,#12996);
#11293=AXIS2_PLACEMENT_3D('',#16499,#12998,#12999);
#11294=AXIS2_PLACEMENT_3D('',#16501,#13000,#13001);
#11295=AXIS2_PLACEMENT_3D('',#16507,#13004,#13005);
#11296=AXIS2_PLACEMENT_3D('',#16511,#13007,#13008);
#11297=AXIS2_PLACEMENT_3D('',#16515,#13010,#13011);
#11298=AXIS2_PLACEMENT_3D('',#16519,#13013,#13014);
#11299=AXIS2_PLACEMENT_3D('',#16520,#13015,#13016);
#11300=AXIS2_PLACEMENT_3D('',#16525,#13018,#13019);
#11301=AXIS2_PLACEMENT_3D('',#16529,#13021,#13022);
#11302=AXIS2_PLACEMENT_3D('',#16533,#13024,#13025);
#11303=AXIS2_PLACEMENT_3D('',#16536,#13027,#13028);
#11304=AXIS2_PLACEMENT_3D('',#16541,#13030,#13031);
#11305=AXIS2_PLACEMENT_3D('',#16545,#13033,#13034);
#11306=AXIS2_PLACEMENT_3D('',#16549,#13036,#13037);
#11307=AXIS2_PLACEMENT_3D('',#16552,#13039,#13040);
#11308=AXIS2_PLACEMENT_3D('',#16557,#13042,#13043);
#11309=AXIS2_PLACEMENT_3D('',#16561,#13045,#13046);
#11310=AXIS2_PLACEMENT_3D('',#16565,#13048,#13049);
#11311=AXIS2_PLACEMENT_3D('',#16568,#13051,#13052);
#11312=AXIS2_PLACEMENT_3D('',#16573,#13054,#13055);
#11313=AXIS2_PLACEMENT_3D('',#16577,#13057,#13058);
#11314=AXIS2_PLACEMENT_3D('',#16581,#13060,#13061);
#11315=AXIS2_PLACEMENT_3D('',#16584,#13063,#13064);
#11316=AXIS2_PLACEMENT_3D('',#16589,#13066,#13067);
#11317=AXIS2_PLACEMENT_3D('',#16593,#13069,#13070);
#11318=AXIS2_PLACEMENT_3D('',#16597,#13072,#13073);
#11319=AXIS2_PLACEMENT_3D('',#16603,#13076,#13077);
#11320=AXIS2_PLACEMENT_3D('',#16607,#13079,#13080);
#11321=AXIS2_PLACEMENT_3D('',#16615,#13084,#13085);
#11322=AXIS2_PLACEMENT_3D('',#16619,#13087,#13088);
#11323=AXIS2_PLACEMENT_3D('',#16627,#13092,#13093);
#11324=AXIS2_PLACEMENT_3D('',#16631,#13095,#13096);
#11325=AXIS2_PLACEMENT_3D('',#16635,#13098,#13099);
#11326=AXIS2_PLACEMENT_3D('',#16639,#13101,#13102);
#11327=AXIS2_PLACEMENT_3D('',#16647,#13106,#13107);
#11328=AXIS2_PLACEMENT_3D('',#16651,#13109,#13110);
#11329=AXIS2_PLACEMENT_3D('',#16659,#13114,#13115);
#11330=AXIS2_PLACEMENT_3D('',#16663,#13117,#13118);
#11331=AXIS2_PLACEMENT_3D('',#16667,#13120,#13121);
#11332=AXIS2_PLACEMENT_3D('',#16671,#13123,#13124);
#11333=AXIS2_PLACEMENT_3D('',#16675,#13126,#13127);
#11334=AXIS2_PLACEMENT_3D('',#16679,#13129,#13130);
#11335=AXIS2_PLACEMENT_3D('',#16687,#13134,#13135);
#11336=AXIS2_PLACEMENT_3D('',#16691,#13137,#13138);
#11337=AXIS2_PLACEMENT_3D('',#16699,#13142,#13143);
#11338=AXIS2_PLACEMENT_3D('',#16703,#13145,#13146);
#11339=AXIS2_PLACEMENT_3D('',#16707,#13148,#13149);
#11340=AXIS2_PLACEMENT_3D('',#16711,#13151,#13152);
#11341=AXIS2_PLACEMENT_3D('',#16719,#13156,#13157);
#11342=AXIS2_PLACEMENT_3D('',#16723,#13159,#13160);
#11343=AXIS2_PLACEMENT_3D('',#16728,#13163,#13164);
#11344=AXIS2_PLACEMENT_3D('',#16733,#13166,#13167);
#11345=AXIS2_PLACEMENT_3D('',#16737,#13169,#13170);
#11346=AXIS2_PLACEMENT_3D('',#16741,#13172,#13173);
#11347=AXIS2_PLACEMENT_3D('',#16744,#13175,#13176);
#11348=AXIS2_PLACEMENT_3D('',#16749,#13178,#13179);
#11349=AXIS2_PLACEMENT_3D('',#16753,#13181,#13182);
#11350=AXIS2_PLACEMENT_3D('',#16757,#13184,#13185);
#11351=AXIS2_PLACEMENT_3D('',#16760,#13187,#13188);
#11352=AXIS2_PLACEMENT_3D('',#16765,#13190,#13191);
#11353=AXIS2_PLACEMENT_3D('',#16769,#13193,#13194);
#11354=AXIS2_PLACEMENT_3D('',#16773,#13196,#13197);
#11355=AXIS2_PLACEMENT_3D('',#16776,#13199,#13200);
#11356=AXIS2_PLACEMENT_3D('',#16781,#13202,#13203);
#11357=AXIS2_PLACEMENT_3D('',#16785,#13205,#13206);
#11358=AXIS2_PLACEMENT_3D('',#16789,#13208,#13209);
#11359=AXIS2_PLACEMENT_3D('',#16792,#13211,#13212);
#11360=AXIS2_PLACEMENT_3D('',#16797,#13214,#13215);
#11361=AXIS2_PLACEMENT_3D('',#16801,#13217,#13218);
#11362=AXIS2_PLACEMENT_3D('',#16805,#13220,#13221);
#11363=AXIS2_PLACEMENT_3D('',#16808,#13223,#13224);
#11364=AXIS2_PLACEMENT_3D('',#16813,#13226,#13227);
#11365=AXIS2_PLACEMENT_3D('',#16817,#13229,#13230);
#11366=AXIS2_PLACEMENT_3D('',#16821,#13232,#13233);
#11367=AXIS2_PLACEMENT_3D('',#16824,#13235,#13236);
#11368=AXIS2_PLACEMENT_3D('',#16829,#13238,#13239);
#11369=AXIS2_PLACEMENT_3D('',#16833,#13241,#13242);
#11370=AXIS2_PLACEMENT_3D('',#16837,#13244,#13245);
#11371=AXIS2_PLACEMENT_3D('',#16840,#13247,#13248);
#11372=AXIS2_PLACEMENT_3D('',#16845,#13250,#13251);
#11373=AXIS2_PLACEMENT_3D('',#16849,#13253,#13254);
#11374=AXIS2_PLACEMENT_3D('',#16853,#13256,#13257);
#11375=AXIS2_PLACEMENT_3D('',#16856,#13259,#13260);
#11376=AXIS2_PLACEMENT_3D('',#16861,#13262,#13263);
#11377=AXIS2_PLACEMENT_3D('',#16865,#13265,#13266);
#11378=AXIS2_PLACEMENT_3D('',#16869,#13268,#13269);
#11379=AXIS2_PLACEMENT_3D('',#16872,#13271,#13272);
#11380=AXIS2_PLACEMENT_3D('',#16877,#13274,#13275);
#11381=AXIS2_PLACEMENT_3D('',#16881,#13277,#13278);
#11382=AXIS2_PLACEMENT_3D('',#16885,#13280,#13281);
#11383=AXIS2_PLACEMENT_3D('',#16888,#13283,#13284);
#11384=AXIS2_PLACEMENT_3D('',#16893,#13286,#13287);
#11385=AXIS2_PLACEMENT_3D('',#16897,#13289,#13290);
#11386=AXIS2_PLACEMENT_3D('',#16901,#13292,#13293);
#11387=AXIS2_PLACEMENT_3D('',#16904,#13295,#13296);
#11388=AXIS2_PLACEMENT_3D('',#16909,#13298,#13299);
#11389=AXIS2_PLACEMENT_3D('',#16913,#13301,#13302);
#11390=AXIS2_PLACEMENT_3D('',#16917,#13304,#13305);
#11391=AXIS2_PLACEMENT_3D('',#16920,#13307,#13308);
#11392=AXIS2_PLACEMENT_3D('',#16925,#13310,#13311);
#11393=AXIS2_PLACEMENT_3D('',#16929,#13313,#13314);
#11394=AXIS2_PLACEMENT_3D('',#16933,#13316,#13317);
#11395=AXIS2_PLACEMENT_3D('',#16936,#13319,#13320);
#11396=AXIS2_PLACEMENT_3D('',#16941,#13322,#13323);
#11397=AXIS2_PLACEMENT_3D('',#16945,#13325,#13326);
#11398=AXIS2_PLACEMENT_3D('',#16949,#13328,#13329);
#11399=AXIS2_PLACEMENT_3D('',#16952,#13331,#13332);
#11400=AXIS2_PLACEMENT_3D('',#16957,#13334,#13335);
#11401=AXIS2_PLACEMENT_3D('',#16961,#13337,#13338);
#11402=AXIS2_PLACEMENT_3D('',#16965,#13340,#13341);
#11403=AXIS2_PLACEMENT_3D('',#16968,#13343,#13344);
#11404=AXIS2_PLACEMENT_3D('',#16973,#13346,#13347);
#11405=AXIS2_PLACEMENT_3D('',#16977,#13349,#13350);
#11406=AXIS2_PLACEMENT_3D('',#16981,#13352,#13353);
#11407=AXIS2_PLACEMENT_3D('',#16984,#13355,#13356);
#11408=AXIS2_PLACEMENT_3D('',#16989,#13358,#13359);
#11409=AXIS2_PLACEMENT_3D('',#16993,#13361,#13362);
#11410=AXIS2_PLACEMENT_3D('',#16997,#13364,#13365);
#11411=AXIS2_PLACEMENT_3D('',#17000,#13367,#13368);
#11412=AXIS2_PLACEMENT_3D('',#17005,#13370,#13371);
#11413=AXIS2_PLACEMENT_3D('',#17009,#13373,#13374);
#11414=AXIS2_PLACEMENT_3D('',#17013,#13376,#13377);
#11415=AXIS2_PLACEMENT_3D('',#17016,#13379,#13380);
#11416=AXIS2_PLACEMENT_3D('',#17021,#13382,#13383);
#11417=AXIS2_PLACEMENT_3D('',#17025,#13385,#13386);
#11418=AXIS2_PLACEMENT_3D('',#17029,#13388,#13389);
#11419=AXIS2_PLACEMENT_3D('',#17032,#13391,#13392);
#11420=AXIS2_PLACEMENT_3D('',#17037,#13394,#13395);
#11421=AXIS2_PLACEMENT_3D('',#17041,#13397,#13398);
#11422=AXIS2_PLACEMENT_3D('',#17045,#13400,#13401);
#11423=AXIS2_PLACEMENT_3D('',#17048,#13403,#13404);
#11424=AXIS2_PLACEMENT_3D('',#17053,#13406,#13407);
#11425=AXIS2_PLACEMENT_3D('',#17057,#13409,#13410);
#11426=AXIS2_PLACEMENT_3D('',#17061,#13412,#13413);
#11427=AXIS2_PLACEMENT_3D('',#17064,#13415,#13416);
#11428=AXIS2_PLACEMENT_3D('',#17069,#13418,#13419);
#11429=AXIS2_PLACEMENT_3D('',#17073,#13421,#13422);
#11430=AXIS2_PLACEMENT_3D('',#17077,#13424,#13425);
#11431=AXIS2_PLACEMENT_3D('',#17080,#13427,#13428);
#11432=AXIS2_PLACEMENT_3D('',#17085,#13430,#13431);
#11433=AXIS2_PLACEMENT_3D('',#17089,#13433,#13434);
#11434=AXIS2_PLACEMENT_3D('',#17093,#13436,#13437);
#11435=AXIS2_PLACEMENT_3D('',#17096,#13439,#13440);
#11436=AXIS2_PLACEMENT_3D('',#17101,#13442,#13443);
#11437=AXIS2_PLACEMENT_3D('',#17105,#13445,#13446);
#11438=AXIS2_PLACEMENT_3D('',#17109,#13448,#13449);
#11439=AXIS2_PLACEMENT_3D('',#17112,#13451,#13452);
#11440=AXIS2_PLACEMENT_3D('',#17117,#13454,#13455);
#11441=AXIS2_PLACEMENT_3D('',#17121,#13457,#13458);
#11442=AXIS2_PLACEMENT_3D('',#17125,#13460,#13461);
#11443=AXIS2_PLACEMENT_3D('',#17128,#13463,#13464);
#11444=AXIS2_PLACEMENT_3D('',#17133,#13466,#13467);
#11445=AXIS2_PLACEMENT_3D('',#17137,#13469,#13470);
#11446=AXIS2_PLACEMENT_3D('',#17141,#13472,#13473);
#11447=AXIS2_PLACEMENT_3D('',#17144,#13475,#13476);
#11448=AXIS2_PLACEMENT_3D('',#17149,#13478,#13479);
#11449=AXIS2_PLACEMENT_3D('',#17153,#13481,#13482);
#11450=AXIS2_PLACEMENT_3D('',#17157,#13484,#13485);
#11451=AXIS2_PLACEMENT_3D('',#17160,#13487,#13488);
#11452=AXIS2_PLACEMENT_3D('',#17165,#13490,#13491);
#11453=AXIS2_PLACEMENT_3D('',#17169,#13493,#13494);
#11454=AXIS2_PLACEMENT_3D('',#17173,#13496,#13497);
#11455=AXIS2_PLACEMENT_3D('',#17176,#13499,#13500);
#11456=AXIS2_PLACEMENT_3D('',#17181,#13502,#13503);
#11457=AXIS2_PLACEMENT_3D('',#17185,#13505,#13506);
#11458=AXIS2_PLACEMENT_3D('',#17189,#13508,#13509);
#11459=AXIS2_PLACEMENT_3D('',#17192,#13511,#13512);
#11460=AXIS2_PLACEMENT_3D('',#17197,#13514,#13515);
#11461=AXIS2_PLACEMENT_3D('',#17201,#13517,#13518);
#11462=AXIS2_PLACEMENT_3D('',#17205,#13520,#13521);
#11463=AXIS2_PLACEMENT_3D('',#17208,#13523,#13524);
#11464=AXIS2_PLACEMENT_3D('',#17213,#13526,#13527);
#11465=AXIS2_PLACEMENT_3D('',#17217,#13529,#13530);
#11466=AXIS2_PLACEMENT_3D('',#17221,#13532,#13533);
#11467=AXIS2_PLACEMENT_3D('',#17224,#13535,#13536);
#11468=AXIS2_PLACEMENT_3D('',#17226,#13538,#13539);
#11469=AXIS2_PLACEMENT_3D('',#17228,#13541,#13542);
#11470=AXIS2_PLACEMENT_3D('',#17231,#13545,#13546);
#11471=AXIS2_PLACEMENT_3D('',#17233,#13548,#13549);
#11472=AXIS2_PLACEMENT_3D('',#17235,#13551,#13552);
#11473=AXIS2_PLACEMENT_3D('',#17237,#13554,#13555);
#11474=AXIS2_PLACEMENT_3D('',#17239,#13557,#13558);
#11475=AXIS2_PLACEMENT_3D('',#17241,#13560,#13561);
#11476=AXIS2_PLACEMENT_3D('',#17243,#13563,#13564);
#11477=AXIS2_PLACEMENT_3D('',#17244,#13565,#13566);
#11478=AXIS2_PLACEMENT_3D('',#17247,#13569,#13570);
#11479=AXIS2_PLACEMENT_3D('',#17249,#13572,#13573);
#11480=AXIS2_PLACEMENT_3D('',#17251,#13575,#13576);
#11481=AXIS2_PLACEMENT_3D('',#17253,#13578,#13579);
#11482=AXIS2_PLACEMENT_3D('',#17255,#13581,#13582);
#11483=AXIS2_PLACEMENT_3D('',#17257,#13584,#13585);
#11484=AXIS2_PLACEMENT_3D('',#17259,#13587,#13588);
#11485=AXIS2_PLACEMENT_3D('',#17260,#13589,#13590);
#11486=AXIS2_PLACEMENT_3D('',#17263,#13593,#13594);
#11487=AXIS2_PLACEMENT_3D('',#17265,#13596,#13597);
#11488=AXIS2_PLACEMENT_3D('',#17267,#13599,#13600);
#11489=AXIS2_PLACEMENT_3D('',#17269,#13602,#13603);
#11490=AXIS2_PLACEMENT_3D('',#17271,#13605,#13606);
#11491=AXIS2_PLACEMENT_3D('',#17273,#13608,#13609);
#11492=AXIS2_PLACEMENT_3D('',#17275,#13611,#13612);
#11493=AXIS2_PLACEMENT_3D('',#17276,#13613,#13614);
#11494=AXIS2_PLACEMENT_3D('',#17279,#13617,#13618);
#11495=AXIS2_PLACEMENT_3D('',#17281,#13620,#13621);
#11496=AXIS2_PLACEMENT_3D('',#17283,#13623,#13624);
#11497=AXIS2_PLACEMENT_3D('',#17285,#13626,#13627);
#11498=AXIS2_PLACEMENT_3D('',#17287,#13629,#13630);
#11499=AXIS2_PLACEMENT_3D('',#17289,#13632,#13633);
#11500=AXIS2_PLACEMENT_3D('',#17291,#13635,#13636);
#11501=AXIS2_PLACEMENT_3D('',#17292,#13637,#13638);
#11502=AXIS2_PLACEMENT_3D('',#17295,#13641,#13642);
#11503=AXIS2_PLACEMENT_3D('',#17297,#13644,#13645);
#11504=AXIS2_PLACEMENT_3D('',#17299,#13647,#13648);
#11505=AXIS2_PLACEMENT_3D('',#17301,#13650,#13651);
#11506=AXIS2_PLACEMENT_3D('',#17303,#13653,#13654);
#11507=AXIS2_PLACEMENT_3D('',#17305,#13656,#13657);
#11508=AXIS2_PLACEMENT_3D('',#17307,#13659,#13660);
#11509=AXIS2_PLACEMENT_3D('',#17308,#13661,#13662);
#11510=AXIS2_PLACEMENT_3D('',#17311,#13665,#13666);
#11511=AXIS2_PLACEMENT_3D('',#17313,#13668,#13669);
#11512=AXIS2_PLACEMENT_3D('',#17315,#13671,#13672);
#11513=AXIS2_PLACEMENT_3D('',#17317,#13674,#13675);
#11514=AXIS2_PLACEMENT_3D('',#17319,#13677,#13678);
#11515=AXIS2_PLACEMENT_3D('',#17321,#13680,#13681);
#11516=AXIS2_PLACEMENT_3D('',#17323,#13683,#13684);
#11517=AXIS2_PLACEMENT_3D('',#17324,#13685,#13686);
#11518=AXIS2_PLACEMENT_3D('',#17326,#13688,#13689);
#11519=AXIS2_PLACEMENT_3D('',#17328,#13691,#13692);
#11520=AXIS2_PLACEMENT_3D('',#17329,#13693,#13694);
#11521=AXIS2_PLACEMENT_3D('',#17332,#13697,#13698);
#11522=AXIS2_PLACEMENT_3D('',#17334,#13700,#13701);
#11523=AXIS2_PLACEMENT_3D('',#17336,#13703,#13704);
#11524=AXIS2_PLACEMENT_3D('',#17338,#13706,#13707);
#11525=AXIS2_PLACEMENT_3D('',#17340,#13709,#13710);
#11526=AXIS2_PLACEMENT_3D('',#17342,#13712,#13713);
#11527=AXIS2_PLACEMENT_3D('',#17344,#13715,#13716);
#11528=AXIS2_PLACEMENT_3D('',#17345,#13717,#13718);
#11529=AXIS2_PLACEMENT_3D('',#17347,#13720,#13721);
#11530=AXIS2_PLACEMENT_3D('',#17349,#13723,#13724);
#11531=AXIS2_PLACEMENT_3D('',#17352,#13727,#13728);
#11532=AXIS2_PLACEMENT_3D('',#17355,#13731,#13732);
#11533=AXIS2_PLACEMENT_3D('',#17358,#13735,#13736);
#11534=AXIS2_PLACEMENT_3D('',#17361,#13739,#13740);
#11535=AXIS2_PLACEMENT_3D('',#17364,#13743,#13744);
#11536=AXIS2_PLACEMENT_3D('',#17367,#13747,#13748);
#11537=AXIS2_PLACEMENT_3D('',#17370,#13751,#13752);
#11538=AXIS2_PLACEMENT_3D('',#17373,#13755,#13756);
#11539=AXIS2_PLACEMENT_3D('',#17376,#13759,#13760);
#11540=AXIS2_PLACEMENT_3D('',#17379,#13763,#13764);
#11541=AXIS2_PLACEMENT_3D('',#17381,#13766,#13767);
#11542=AXIS2_PLACEMENT_3D('',#17383,#13769,#13770);
#11543=AXIS2_PLACEMENT_3D('',#17385,#13772,#13773);
#11544=AXIS2_PLACEMENT_3D('',#17387,#13775,#13776);
#11545=AXIS2_PLACEMENT_3D('',#17389,#13778,#13779);
#11546=AXIS2_PLACEMENT_3D('',#17391,#13781,#13782);
#11547=AXIS2_PLACEMENT_3D('',#17394,#13785,#13786);
#11548=AXIS2_PLACEMENT_3D('',#17396,#13788,#13789);
#11549=AXIS2_PLACEMENT_3D('',#17398,#13791,#13792);
#11550=AXIS2_PLACEMENT_3D('',#17400,#13794,#13795);
#11551=AXIS2_PLACEMENT_3D('',#17402,#13797,#13798);
#11552=AXIS2_PLACEMENT_3D('',#17404,#13800,#13801);
#11553=AXIS2_PLACEMENT_3D('',#17406,#13803,#13804);
#11554=AXIS2_PLACEMENT_3D('',#17409,#13807,#13808);
#11555=AXIS2_PLACEMENT_3D('',#17411,#13810,#13811);
#11556=AXIS2_PLACEMENT_3D('',#17413,#13813,#13814);
#11557=AXIS2_PLACEMENT_3D('',#17415,#13816,#13817);
#11558=AXIS2_PLACEMENT_3D('',#17417,#13819,#13820);
#11559=AXIS2_PLACEMENT_3D('',#17419,#13822,#13823);
#11560=AXIS2_PLACEMENT_3D('',#17421,#13825,#13826);
#11561=AXIS2_PLACEMENT_3D('',#17424,#13829,#13830);
#11562=AXIS2_PLACEMENT_3D('',#17426,#13832,#13833);
#11563=AXIS2_PLACEMENT_3D('',#17428,#13835,#13836);
#11564=AXIS2_PLACEMENT_3D('',#17430,#13838,#13839);
#11565=AXIS2_PLACEMENT_3D('',#17432,#13841,#13842);
#11566=AXIS2_PLACEMENT_3D('',#17434,#13844,#13845);
#11567=AXIS2_PLACEMENT_3D('',#17436,#13847,#13848);
#11568=AXIS2_PLACEMENT_3D('',#17439,#13851,#13852);
#11569=AXIS2_PLACEMENT_3D('',#17441,#13854,#13855);
#11570=AXIS2_PLACEMENT_3D('',#17443,#13857,#13858);
#11571=AXIS2_PLACEMENT_3D('',#17445,#13860,#13861);
#11572=AXIS2_PLACEMENT_3D('',#17447,#13863,#13864);
#11573=AXIS2_PLACEMENT_3D('',#17449,#13866,#13867);
#11574=AXIS2_PLACEMENT_3D('',#17451,#13869,#13870);
#11575=AXIS2_PLACEMENT_3D('',#17454,#13873,#13874);
#11576=AXIS2_PLACEMENT_3D('',#17456,#13876,#13877);
#11577=AXIS2_PLACEMENT_3D('',#17458,#13879,#13880);
#11578=AXIS2_PLACEMENT_3D('',#17460,#13882,#13883);
#11579=AXIS2_PLACEMENT_3D('',#17462,#13885,#13886);
#11580=AXIS2_PLACEMENT_3D('',#17464,#13888,#13889);
#11581=AXIS2_PLACEMENT_3D('',#17466,#13891,#13892);
#11582=AXIS2_PLACEMENT_3D('',#17469,#13895,#13896);
#11583=AXIS2_PLACEMENT_3D('',#17471,#13898,#13899);
#11584=AXIS2_PLACEMENT_3D('',#17473,#13901,#13902);
#11585=AXIS2_PLACEMENT_3D('',#17475,#13904,#13905);
#11586=AXIS2_PLACEMENT_3D('',#17477,#13907,#13908);
#11587=AXIS2_PLACEMENT_3D('',#17479,#13910,#13911);
#11588=AXIS2_PLACEMENT_3D('',#17481,#13913,#13914);
#11589=AXIS2_PLACEMENT_3D('',#17484,#13917,#13918);
#11590=AXIS2_PLACEMENT_3D('',#17486,#13920,#13921);
#11591=AXIS2_PLACEMENT_3D('',#17488,#13923,#13924);
#11592=AXIS2_PLACEMENT_3D('',#17490,#13926,#13927);
#11593=AXIS2_PLACEMENT_3D('',#17492,#13929,#13930);
#11594=AXIS2_PLACEMENT_3D('',#17494,#13932,#13933);
#11595=AXIS2_PLACEMENT_3D('',#17496,#13935,#13936);
#11596=AXIS2_PLACEMENT_3D('',#17499,#13939,#13940);
#11597=AXIS2_PLACEMENT_3D('',#17501,#13942,#13943);
#11598=AXIS2_PLACEMENT_3D('',#17503,#13945,#13946);
#11599=AXIS2_PLACEMENT_3D('',#17505,#13948,#13949);
#11600=AXIS2_PLACEMENT_3D('',#17507,#13951,#13952);
#11601=AXIS2_PLACEMENT_3D('',#17509,#13954,#13955);
#11602=AXIS2_PLACEMENT_3D('',#17511,#13957,#13958);
#11603=AXIS2_PLACEMENT_3D('',#17514,#13961,#13962);
#11604=AXIS2_PLACEMENT_3D('',#17516,#13964,#13965);
#11605=AXIS2_PLACEMENT_3D('',#17518,#13967,#13968);
#11606=AXIS2_PLACEMENT_3D('',#17520,#13970,#13971);
#11607=AXIS2_PLACEMENT_3D('',#17522,#13973,#13974);
#11608=AXIS2_PLACEMENT_3D('',#17524,#13976,#13977);
#11609=AXIS2_PLACEMENT_3D('',#17526,#13979,#13980);
#11610=AXIS2_PLACEMENT_3D('',#17529,#13983,#13984);
#11611=AXIS2_PLACEMENT_3D('',#17531,#13986,#13987);
#11612=AXIS2_PLACEMENT_3D('',#17533,#13989,#13990);
#11613=AXIS2_PLACEMENT_3D('',#17535,#13992,#13993);
#11614=AXIS2_PLACEMENT_3D('',#17537,#13995,#13996);
#11615=AXIS2_PLACEMENT_3D('',#17539,#13998,#13999);
#11616=AXIS2_PLACEMENT_3D('',#17541,#14001,#14002);
#11617=AXIS2_PLACEMENT_3D('',#17544,#14005,#14006);
#11618=AXIS2_PLACEMENT_3D('',#17546,#14008,#14009);
#11619=AXIS2_PLACEMENT_3D('',#17548,#14011,#14012);
#11620=AXIS2_PLACEMENT_3D('',#17550,#14014,#14015);
#11621=AXIS2_PLACEMENT_3D('',#17552,#14017,#14018);
#11622=AXIS2_PLACEMENT_3D('',#17554,#14020,#14021);
#11623=AXIS2_PLACEMENT_3D('',#17556,#14023,#14024);
#11624=AXIS2_PLACEMENT_3D('',#17559,#14027,#14028);
#11625=AXIS2_PLACEMENT_3D('',#17561,#14030,#14031);
#11626=AXIS2_PLACEMENT_3D('',#17563,#14033,#14034);
#11627=AXIS2_PLACEMENT_3D('',#17565,#14036,#14037);
#11628=AXIS2_PLACEMENT_3D('',#17567,#14039,#14040);
#11629=AXIS2_PLACEMENT_3D('',#17569,#14042,#14043);
#11630=AXIS2_PLACEMENT_3D('',#17571,#14045,#14046);
#11631=AXIS2_PLACEMENT_3D('',#17574,#14049,#14050);
#11632=AXIS2_PLACEMENT_3D('',#17576,#14052,#14053);
#11633=AXIS2_PLACEMENT_3D('',#17578,#14055,#14056);
#11634=AXIS2_PLACEMENT_3D('',#17580,#14058,#14059);
#11635=AXIS2_PLACEMENT_3D('',#17582,#14061,#14062);
#11636=AXIS2_PLACEMENT_3D('',#17584,#14064,#14065);
#11637=AXIS2_PLACEMENT_3D('',#17586,#14067,#14068);
#11638=AXIS2_PLACEMENT_3D('',#17588,#14070,#14071);
#11639=AXIS2_PLACEMENT_3D('',#17590,#14073,#14074);
#11640=AXIS2_PLACEMENT_3D('',#17591,#14075,#14076);
#11641=AXIS2_PLACEMENT_3D('',#17593,#14078,#14079);
#11642=AXIS2_PLACEMENT_3D('',#17595,#14081,#14082);
#11643=AXIS2_PLACEMENT_3D('',#17596,#14083,#14084);
#11644=AXIS2_PLACEMENT_3D('',#17599,#14087,#14088);
#11645=AXIS2_PLACEMENT_3D('',#17601,#14090,#14091);
#11646=AXIS2_PLACEMENT_3D('',#17603,#14093,#14094);
#11647=AXIS2_PLACEMENT_3D('',#17605,#14096,#14097);
#11648=AXIS2_PLACEMENT_3D('',#17607,#14099,#14100);
#11649=AXIS2_PLACEMENT_3D('',#17609,#14102,#14103);
#11650=AXIS2_PLACEMENT_3D('',#17611,#14105,#14106);
#11651=AXIS2_PLACEMENT_3D('',#17614,#14109,#14110);
#11652=AXIS2_PLACEMENT_3D('',#17616,#14112,#14113);
#11653=AXIS2_PLACEMENT_3D('',#17618,#14115,#14116);
#11654=AXIS2_PLACEMENT_3D('',#17620,#14118,#14119);
#11655=AXIS2_PLACEMENT_3D('',#17622,#14121,#14122);
#11656=AXIS2_PLACEMENT_3D('',#17624,#14124,#14125);
#11657=AXIS2_PLACEMENT_3D('',#17626,#14127,#14128);
#11658=AXIS2_PLACEMENT_3D('',#17629,#14131,#14132);
#11659=AXIS2_PLACEMENT_3D('',#17631,#14134,#14135);
#11660=AXIS2_PLACEMENT_3D('',#17633,#14137,#14138);
#11661=AXIS2_PLACEMENT_3D('',#17635,#14140,#14141);
#11662=AXIS2_PLACEMENT_3D('',#17637,#14143,#14144);
#11663=AXIS2_PLACEMENT_3D('',#17639,#14146,#14147);
#11664=AXIS2_PLACEMENT_3D('',#17641,#14149,#14150);
#11665=AXIS2_PLACEMENT_3D('',#17644,#14153,#14154);
#11666=AXIS2_PLACEMENT_3D('',#17646,#14156,#14157);
#11667=AXIS2_PLACEMENT_3D('',#17648,#14159,#14160);
#11668=AXIS2_PLACEMENT_3D('',#17650,#14162,#14163);
#11669=AXIS2_PLACEMENT_3D('',#17652,#14165,#14166);
#11670=AXIS2_PLACEMENT_3D('',#17654,#14168,#14169);
#11671=AXIS2_PLACEMENT_3D('',#17656,#14171,#14172);
#11672=AXIS2_PLACEMENT_3D('',#17658,#14174,#14175);
#11673=AXIS2_PLACEMENT_3D('',#17660,#14177,#14178);
#11674=AXIS2_PLACEMENT_3D('',#17661,#14179,#14180);
#11675=AXIS2_PLACEMENT_3D('',#17664,#14183,#14184);
#11676=AXIS2_PLACEMENT_3D('',#17666,#14186,#14187);
#11677=AXIS2_PLACEMENT_3D('',#17668,#14189,#14190);
#11678=AXIS2_PLACEMENT_3D('',#17670,#14192,#14193);
#11679=AXIS2_PLACEMENT_3D('',#17672,#14195,#14196);
#11680=AXIS2_PLACEMENT_3D('',#17674,#14198,#14199);
#11681=AXIS2_PLACEMENT_3D('',#17676,#14201,#14202);
#11682=AXIS2_PLACEMENT_3D('',#17679,#14205,#14206);
#11683=AXIS2_PLACEMENT_3D('',#17681,#14208,#14209);
#11684=AXIS2_PLACEMENT_3D('',#17683,#14211,#14212);
#11685=AXIS2_PLACEMENT_3D('',#17685,#14214,#14215);
#11686=AXIS2_PLACEMENT_3D('',#17687,#14217,#14218);
#11687=AXIS2_PLACEMENT_3D('',#17689,#14220,#14221);
#11688=AXIS2_PLACEMENT_3D('',#17691,#14223,#14224);
#11689=AXIS2_PLACEMENT_3D('',#17694,#14227,#14228);
#11690=AXIS2_PLACEMENT_3D('',#17696,#14230,#14231);
#11691=AXIS2_PLACEMENT_3D('',#17698,#14233,#14234);
#11692=AXIS2_PLACEMENT_3D('',#17700,#14236,#14237);
#11693=AXIS2_PLACEMENT_3D('',#17702,#14239,#14240);
#11694=AXIS2_PLACEMENT_3D('',#17704,#14242,#14243);
#11695=AXIS2_PLACEMENT_3D('',#17706,#14245,#14246);
#11696=AXIS2_PLACEMENT_3D('',#17709,#14249,#14250);
#11697=AXIS2_PLACEMENT_3D('',#17711,#14252,#14253);
#11698=AXIS2_PLACEMENT_3D('',#17713,#14255,#14256);
#11699=AXIS2_PLACEMENT_3D('',#17715,#14258,#14259);
#11700=AXIS2_PLACEMENT_3D('',#17717,#14261,#14262);
#11701=AXIS2_PLACEMENT_3D('',#17719,#14264,#14265);
#11702=AXIS2_PLACEMENT_3D('',#17721,#14267,#14268);
#11703=AXIS2_PLACEMENT_3D('',#17724,#14271,#14272);
#11704=AXIS2_PLACEMENT_3D('',#17726,#14274,#14275);
#11705=AXIS2_PLACEMENT_3D('',#17728,#14277,#14278);
#11706=AXIS2_PLACEMENT_3D('',#17730,#14280,#14281);
#11707=AXIS2_PLACEMENT_3D('',#17732,#14283,#14284);
#11708=AXIS2_PLACEMENT_3D('',#17734,#14286,#14287);
#11709=AXIS2_PLACEMENT_3D('',#17736,#14289,#14290);
#11710=AXIS2_PLACEMENT_3D('',#17739,#14293,#14294);
#11711=AXIS2_PLACEMENT_3D('',#17741,#14296,#14297);
#11712=AXIS2_PLACEMENT_3D('',#17743,#14299,#14300);
#11713=AXIS2_PLACEMENT_3D('',#17745,#14302,#14303);
#11714=AXIS2_PLACEMENT_3D('',#17747,#14305,#14306);
#11715=AXIS2_PLACEMENT_3D('',#17749,#14308,#14309);
#11716=AXIS2_PLACEMENT_3D('',#17751,#14311,#14312);
#11717=AXIS2_PLACEMENT_3D('',#17754,#14315,#14316);
#11718=AXIS2_PLACEMENT_3D('',#17756,#14318,#14319);
#11719=AXIS2_PLACEMENT_3D('',#17758,#14321,#14322);
#11720=AXIS2_PLACEMENT_3D('',#17760,#14324,#14325);
#11721=AXIS2_PLACEMENT_3D('',#17762,#14327,#14328);
#11722=AXIS2_PLACEMENT_3D('',#17764,#14330,#14331);
#11723=AXIS2_PLACEMENT_3D('',#17766,#14333,#14334);
#11724=AXIS2_PLACEMENT_3D('',#17768,#14336,#14337);
#11725=AXIS2_PLACEMENT_3D('',#17770,#14339,#14340);
#11726=AXIS2_PLACEMENT_3D('',#17771,#14341,#14342);
#11727=AXIS2_PLACEMENT_3D('',#17774,#14345,#14346);
#11728=AXIS2_PLACEMENT_3D('',#17776,#14348,#14349);
#11729=AXIS2_PLACEMENT_3D('',#17778,#14351,#14352);
#11730=AXIS2_PLACEMENT_3D('',#17780,#14354,#14355);
#11731=AXIS2_PLACEMENT_3D('',#17782,#14357,#14358);
#11732=AXIS2_PLACEMENT_3D('',#17784,#14360,#14361);
#11733=AXIS2_PLACEMENT_3D('',#17786,#14363,#14364);
#11734=AXIS2_PLACEMENT_3D('',#17788,#14366,#14367);
#11735=AXIS2_PLACEMENT_3D('',#17790,#14369,#14370);
#11736=AXIS2_PLACEMENT_3D('',#17791,#14371,#14372);
#11737=AXIS2_PLACEMENT_3D('',#17793,#14374,#14375);
#11738=AXIS2_PLACEMENT_3D('',#17795,#14377,#14378);
#11739=AXIS2_PLACEMENT_3D('',#17796,#14379,#14380);
#11740=AXIS2_PLACEMENT_3D('',#17799,#14383,#14384);
#11741=AXIS2_PLACEMENT_3D('',#17801,#14386,#14387);
#11742=AXIS2_PLACEMENT_3D('',#17803,#14389,#14390);
#11743=AXIS2_PLACEMENT_3D('',#17805,#14392,#14393);
#11744=AXIS2_PLACEMENT_3D('',#17807,#14395,#14396);
#11745=AXIS2_PLACEMENT_3D('',#17809,#14398,#14399);
#11746=AXIS2_PLACEMENT_3D('',#17811,#14401,#14402);
#11747=AXIS2_PLACEMENT_3D('',#17814,#14405,#14406);
#11748=AXIS2_PLACEMENT_3D('',#17816,#14408,#14409);
#11749=AXIS2_PLACEMENT_3D('',#17818,#14411,#14412);
#11750=AXIS2_PLACEMENT_3D('',#17820,#14414,#14415);
#11751=AXIS2_PLACEMENT_3D('',#17822,#14417,#14418);
#11752=AXIS2_PLACEMENT_3D('',#17824,#14420,#14421);
#11753=AXIS2_PLACEMENT_3D('',#17826,#14423,#14424);
#11754=AXIS2_PLACEMENT_3D('',#17829,#14427,#14428);
#11755=AXIS2_PLACEMENT_3D('',#17831,#14430,#14431);
#11756=AXIS2_PLACEMENT_3D('',#17833,#14433,#14434);
#11757=AXIS2_PLACEMENT_3D('',#17835,#14436,#14437);
#11758=AXIS2_PLACEMENT_3D('',#17837,#14439,#14440);
#11759=AXIS2_PLACEMENT_3D('',#17839,#14442,#14443);
#11760=AXIS2_PLACEMENT_3D('',#17841,#14445,#14446);
#11761=AXIS2_PLACEMENT_3D('',#17844,#14449,#14450);
#11762=AXIS2_PLACEMENT_3D('',#17846,#14452,#14453);
#11763=AXIS2_PLACEMENT_3D('',#17848,#14455,#14456);
#11764=AXIS2_PLACEMENT_3D('',#17850,#14458,#14459);
#11765=AXIS2_PLACEMENT_3D('',#17852,#14461,#14462);
#11766=AXIS2_PLACEMENT_3D('',#17854,#14464,#14465);
#11767=AXIS2_PLACEMENT_3D('',#17856,#14467,#14468);
#11768=AXIS2_PLACEMENT_3D('',#17859,#14471,#14472);
#11769=AXIS2_PLACEMENT_3D('',#17861,#14474,#14475);
#11770=AXIS2_PLACEMENT_3D('',#17863,#14477,#14478);
#11771=AXIS2_PLACEMENT_3D('',#17865,#14480,#14481);
#11772=AXIS2_PLACEMENT_3D('',#17867,#14483,#14484);
#11773=AXIS2_PLACEMENT_3D('',#17869,#14486,#14487);
#11774=AXIS2_PLACEMENT_3D('',#17871,#14489,#14490);
#11775=AXIS2_PLACEMENT_3D('',#17872,#14491,#14492);
#11776=AXIS2_PLACEMENT_3D('',#17873,#14493,#14494);
#11777=AXIS2_PLACEMENT_3D('',#17874,#14495,#14496);
#11778=AXIS2_PLACEMENT_3D('',#17875,#14497,#14498);
#11779=AXIS2_PLACEMENT_3D('',#17876,#14499,#14500);
#11780=AXIS2_PLACEMENT_3D('',#17877,#14501,#14502);
#11781=AXIS2_PLACEMENT_3D('',#17878,#14503,#14504);
#11782=AXIS2_PLACEMENT_3D('',#17879,#14505,#14506);
#11783=AXIS2_PLACEMENT_3D('',#17880,#14507,#14508);
#11784=AXIS2_PLACEMENT_3D('',#17881,#14509,#14510);
#11785=AXIS2_PLACEMENT_3D('',#17882,#14511,#14512);
#11786=AXIS2_PLACEMENT_3D('',#17883,#14513,#14514);
#11787=AXIS2_PLACEMENT_3D('',#17884,#14515,#14516);
#11788=AXIS2_PLACEMENT_3D('',#17885,#14517,#14518);
#11789=AXIS2_PLACEMENT_3D('',#17886,#14519,#14520);
#11790=AXIS2_PLACEMENT_3D('',#17887,#14521,#14522);
#11791=AXIS2_PLACEMENT_3D('',#17888,#14523,#14524);
#11792=AXIS2_PLACEMENT_3D('',#17889,#14525,#14526);
#11793=AXIS2_PLACEMENT_3D('',#17890,#14527,#14528);
#11794=AXIS2_PLACEMENT_3D('',#17891,#14529,#14530);
#11795=AXIS2_PLACEMENT_3D('',#17892,#14531,#14532);
#11796=AXIS2_PLACEMENT_3D('',#17893,#14533,#14534);
#11797=AXIS2_PLACEMENT_3D('',#17894,#14535,#14536);
#11798=AXIS2_PLACEMENT_3D('',#17895,#14537,#14538);
#11799=AXIS2_PLACEMENT_3D('',#17896,#14539,#14540);
#11800=AXIS2_PLACEMENT_3D('',#17897,#14541,#14542);
#11801=AXIS2_PLACEMENT_3D('',#17898,#14543,#14544);
#11802=AXIS2_PLACEMENT_3D('',#17899,#14545,#14546);
#11803=AXIS2_PLACEMENT_3D('',#17900,#14547,#14548);
#11804=AXIS2_PLACEMENT_3D('',#17901,#14549,#14550);
#11805=AXIS2_PLACEMENT_3D('',#17902,#14551,#14552);
#11806=AXIS2_PLACEMENT_3D('',#17909,#14557,#14558);
#11807=AXIS2_PLACEMENT_3D('',#17910,#14559,#14560);
#11808=AXIS2_PLACEMENT_3D('',#17913,#14562,#14563);
#11809=AXIS2_PLACEMENT_3D('',#17917,#14566,#14567);
#11810=AXIS2_PLACEMENT_3D('',#17918,#14568,#14569);
#11811=AXIS2_PLACEMENT_3D('',#17921,#14571,#14572);
#11812=AXIS2_PLACEMENT_3D('',#17925,#14575,#14576);
#11813=AXIS2_PLACEMENT_3D('',#17926,#14577,#14578);
#11814=AXIS2_PLACEMENT_3D('',#17929,#14580,#14581);
#11815=AXIS2_PLACEMENT_3D('',#17933,#14584,#14585);
#11816=AXIS2_PLACEMENT_3D('',#17934,#14586,#14587);
#11817=AXIS2_PLACEMENT_3D('',#17937,#14589,#14590);
#11818=AXIS2_PLACEMENT_3D('',#17941,#14593,#14594);
#11819=AXIS2_PLACEMENT_3D('',#17942,#14595,#14596);
#11820=AXIS2_PLACEMENT_3D('',#17945,#14598,#14599);
#11821=AXIS2_PLACEMENT_3D('',#17949,#14602,#14603);
#11822=AXIS2_PLACEMENT_3D('',#17950,#14604,#14605);
#11823=AXIS2_PLACEMENT_3D('',#17953,#14607,#14608);
#11824=AXIS2_PLACEMENT_3D('',#17962,#14614,#14615);
#11825=AXIS2_PLACEMENT_3D('',#17963,#14616,#14617);
#11826=AXIS2_PLACEMENT_3D('',#17966,#14619,#14620);
#11827=AXIS2_PLACEMENT_3D('',#17970,#14623,#14624);
#11828=AXIS2_PLACEMENT_3D('',#17971,#14625,#14626);
#11829=AXIS2_PLACEMENT_3D('',#17974,#14628,#14629);
#11830=AXIS2_PLACEMENT_3D('',#17979,#14633,#14634);
#11831=AXIS2_PLACEMENT_3D('',#17980,#14635,#14636);
#11832=AXIS2_PLACEMENT_3D('',#17981,#14637,#14638);
#11833=AXIS2_PLACEMENT_3D('',#17983,#14640,#14641);
#11834=AXIS2_PLACEMENT_3D('',#17989,#14645,#14646);
#11835=AXIS2_PLACEMENT_3D('',#17990,#14647,#14648);
#11836=AXIS2_PLACEMENT_3D('',#17993,#14650,#14651);
#11837=AXIS2_PLACEMENT_3D('',#17997,#14654,#14655);
#11838=AXIS2_PLACEMENT_3D('',#18000,#14657,#14658);
#11839=AXIS2_PLACEMENT_3D('',#18001,#14659,#14660);
#11840=AXIS2_PLACEMENT_3D('',#18005,#14663,#14664);
#11841=AXIS2_PLACEMENT_3D('',#18006,#14665,#14666);
#11842=AXIS2_PLACEMENT_3D('',#18009,#14668,#14669);
#11843=AXIS2_PLACEMENT_3D('',#18013,#14672,#14673);
#11844=AXIS2_PLACEMENT_3D('',#18014,#14674,#14675);
#11845=AXIS2_PLACEMENT_3D('',#18017,#14677,#14678);
#11846=AXIS2_PLACEMENT_3D('',#18021,#14681,#14682);
#11847=AXIS2_PLACEMENT_3D('',#18024,#14684,#14685);
#11848=AXIS2_PLACEMENT_3D('',#18025,#14686,#14687);
#11849=AXIS2_PLACEMENT_3D('',#18029,#14690,#14691);
#11850=AXIS2_PLACEMENT_3D('',#18030,#14692,#14693);
#11851=AXIS2_PLACEMENT_3D('',#18033,#14695,#14696);
#11852=AXIS2_PLACEMENT_3D('',#18042,#14702,#14703);
#11853=AXIS2_PLACEMENT_3D('',#18043,#14704,#14705);
#11854=AXIS2_PLACEMENT_3D('',#18046,#14707,#14708);
#11855=AXIS2_PLACEMENT_3D('',#18050,#14711,#14712);
#11856=AXIS2_PLACEMENT_3D('',#18051,#14713,#14714);
#11857=AXIS2_PLACEMENT_3D('',#18054,#14716,#14717);
#11858=AXIS2_PLACEMENT_3D('',#18059,#14721,#14722);
#11859=AXIS2_PLACEMENT_3D('',#18060,#14723,#14724);
#11860=AXIS2_PLACEMENT_3D('',#18067,#14729,#14730);
#11861=AXIS2_PLACEMENT_3D('',#18068,#14731,#14732);
#11862=AXIS2_PLACEMENT_3D('',#18071,#14734,#14735);
#11863=AXIS2_PLACEMENT_3D('',#18075,#14738,#14739);
#11864=AXIS2_PLACEMENT_3D('',#18076,#14740,#14741);
#11865=AXIS2_PLACEMENT_3D('',#18079,#14743,#14744);
#11866=AXIS2_PLACEMENT_3D('',#18083,#14747,#14748);
#11867=AXIS2_PLACEMENT_3D('',#18084,#14749,#14750);
#11868=AXIS2_PLACEMENT_3D('',#18087,#14752,#14753);
#11869=AXIS2_PLACEMENT_3D('',#18091,#14756,#14757);
#11870=AXIS2_PLACEMENT_3D('',#18092,#14758,#14759);
#11871=AXIS2_PLACEMENT_3D('',#18095,#14761,#14762);
#11872=AXIS2_PLACEMENT_3D('',#18099,#14765,#14766);
#11873=AXIS2_PLACEMENT_3D('',#18100,#14767,#14768);
#11874=AXIS2_PLACEMENT_3D('',#18103,#14770,#14771);
#11875=AXIS2_PLACEMENT_3D('',#18107,#14774,#14775);
#11876=AXIS2_PLACEMENT_3D('',#18108,#14776,#14777);
#11877=AXIS2_PLACEMENT_3D('',#18111,#14779,#14780);
#11878=AXIS2_PLACEMENT_3D('',#18120,#14786,#14787);
#11879=AXIS2_PLACEMENT_3D('',#18121,#14788,#14789);
#11880=AXIS2_PLACEMENT_3D('',#18124,#14791,#14792);
#11881=AXIS2_PLACEMENT_3D('',#18128,#14795,#14796);
#11882=AXIS2_PLACEMENT_3D('',#18129,#14797,#14798);
#11883=AXIS2_PLACEMENT_3D('',#18132,#14800,#14801);
#11884=AXIS2_PLACEMENT_3D('',#18137,#14805,#14806);
#11885=AXIS2_PLACEMENT_3D('',#18138,#14807,#14808);
#11886=AXIS2_PLACEMENT_3D('',#18139,#14809,#14810);
#11887=AXIS2_PLACEMENT_3D('',#18141,#14812,#14813);
#11888=AXIS2_PLACEMENT_3D('',#18147,#14817,#14818);
#11889=AXIS2_PLACEMENT_3D('',#18148,#14819,#14820);
#11890=AXIS2_PLACEMENT_3D('',#18151,#14822,#14823);
#11891=AXIS2_PLACEMENT_3D('',#18155,#14826,#14827);
#11892=AXIS2_PLACEMENT_3D('',#18158,#14829,#14830);
#11893=AXIS2_PLACEMENT_3D('',#18159,#14831,#14832);
#11894=AXIS2_PLACEMENT_3D('',#18163,#14835,#14836);
#11895=AXIS2_PLACEMENT_3D('',#18164,#14837,#14838);
#11896=AXIS2_PLACEMENT_3D('',#18167,#14840,#14841);
#11897=AXIS2_PLACEMENT_3D('',#18171,#14844,#14845);
#11898=AXIS2_PLACEMENT_3D('',#18172,#14846,#14847);
#11899=AXIS2_PLACEMENT_3D('',#18175,#14849,#14850);
#11900=AXIS2_PLACEMENT_3D('',#18179,#14853,#14854);
#11901=AXIS2_PLACEMENT_3D('',#18182,#14856,#14857);
#11902=AXIS2_PLACEMENT_3D('',#18183,#14858,#14859);
#11903=AXIS2_PLACEMENT_3D('',#18187,#14862,#14863);
#11904=AXIS2_PLACEMENT_3D('',#18188,#14864,#14865);
#11905=AXIS2_PLACEMENT_3D('',#18191,#14867,#14868);
#11906=AXIS2_PLACEMENT_3D('',#18200,#14874,#14875);
#11907=AXIS2_PLACEMENT_3D('',#18201,#14876,#14877);
#11908=AXIS2_PLACEMENT_3D('',#18204,#14879,#14880);
#11909=AXIS2_PLACEMENT_3D('',#18208,#14883,#14884);
#11910=AXIS2_PLACEMENT_3D('',#18209,#14885,#14886);
#11911=AXIS2_PLACEMENT_3D('',#18212,#14888,#14889);
#11912=AXIS2_PLACEMENT_3D('',#18217,#14893,#14894);
#11913=AXIS2_PLACEMENT_3D('',#18218,#14895,#14896);
#11914=AXIS2_PLACEMENT_3D('',#18224,#14900,#14901);
#11915=AXIS2_PLACEMENT_3D('',#18225,#14902,#14903);
#11916=AXIS2_PLACEMENT_3D('',#18228,#14905,#14906);
#11917=AXIS2_PLACEMENT_3D('',#18232,#14909,#14910);
#11918=AXIS2_PLACEMENT_3D('',#18235,#14912,#14913);
#11919=AXIS2_PLACEMENT_3D('',#18236,#14914,#14915);
#11920=AXIS2_PLACEMENT_3D('',#18240,#14918,#14919);
#11921=AXIS2_PLACEMENT_3D('',#18241,#14920,#14921);
#11922=AXIS2_PLACEMENT_3D('',#18244,#14923,#14924);
#11923=AXIS2_PLACEMENT_3D('',#18248,#14927,#14928);
#11924=AXIS2_PLACEMENT_3D('',#18249,#14929,#14930);
#11925=AXIS2_PLACEMENT_3D('',#18252,#14932,#14933);
#11926=AXIS2_PLACEMENT_3D('',#18256,#14936,#14937);
#11927=AXIS2_PLACEMENT_3D('',#18259,#14939,#14940);
#11928=AXIS2_PLACEMENT_3D('',#18260,#14941,#14942);
#11929=AXIS2_PLACEMENT_3D('',#18264,#14945,#14946);
#11930=AXIS2_PLACEMENT_3D('',#18265,#14947,#14948);
#11931=AXIS2_PLACEMENT_3D('',#18268,#14950,#14951);
#11932=AXIS2_PLACEMENT_3D('',#18277,#14957,#14958);
#11933=AXIS2_PLACEMENT_3D('',#18278,#14959,#14960);
#11934=AXIS2_PLACEMENT_3D('',#18281,#14962,#14963);
#11935=AXIS2_PLACEMENT_3D('',#18285,#14966,#14967);
#11936=AXIS2_PLACEMENT_3D('',#18286,#14968,#14969);
#11937=AXIS2_PLACEMENT_3D('',#18289,#14971,#14972);
#11938=AXIS2_PLACEMENT_3D('',#18293,#14975,#14976);
#11939=AXIS2_PLACEMENT_3D('',#18294,#14977,#14978);
#11940=AXIS2_PLACEMENT_3D('',#18298,#14980,#14981);
#11941=AXIS2_PLACEMENT_3D('',#18299,#14982,#14983);
#11942=AXIS2_PLACEMENT_3D('',#18301,#14985,#14986);
#11943=AXIS2_PLACEMENT_3D('',#18303,#14988,#14989);
#11944=AXIS2_PLACEMENT_3D('',#18304,#14990,#14991);
#11945=AXIS2_PLACEMENT_3D('',#18306,#14993,#14994);
#11946=AXIS2_PLACEMENT_3D('',#18307,#14995,#14996);
#11947=AXIS2_PLACEMENT_3D('',#18311,#14998,#14999);
#11948=AXIS2_PLACEMENT_3D('',#18312,#15000,#15001);
#11949=AXIS2_PLACEMENT_3D('',#18314,#15003,#15004);
#11950=AXIS2_PLACEMENT_3D('',#18316,#15006,#15007);
#11951=AXIS2_PLACEMENT_3D('',#18317,#15008,#15009);
#11952=AXIS2_PLACEMENT_3D('',#18320,#15011,#15012);
#11953=AXIS2_PLACEMENT_3D('',#18321,#15013,#15014);
#11954=AXIS2_PLACEMENT_3D('',#18322,#15015,#15016);
#11955=AXIS2_PLACEMENT_3D('',#18325,#15018,#15019);
#11956=AXIS2_PLACEMENT_3D('',#18327,#15021,#15022);
#11957=AXIS2_PLACEMENT_3D('',#18328,#15023,#15024);
#11958=AXIS2_PLACEMENT_3D('',#18329,#15025,#15026);
#11959=AXIS2_PLACEMENT_3D('',#18333,#15028,#15029);
#11960=AXIS2_PLACEMENT_3D('',#18334,#15030,#15031);
#11961=AXIS2_PLACEMENT_3D('',#18336,#15033,#15034);
#11962=AXIS2_PLACEMENT_3D('',#18338,#15036,#15037);
#11963=AXIS2_PLACEMENT_3D('',#18339,#15038,#15039);
#11964=AXIS2_PLACEMENT_3D('',#18345,#15043,#15044);
#11965=AXIS2_PLACEMENT_3D('',#18346,#15045,#15046);
#11966=AXIS2_PLACEMENT_3D('',#18347,#15047,#15048);
#11967=AXIS2_PLACEMENT_3D('',#18348,#15049,#15050);
#11968=AXIS2_PLACEMENT_3D('',#18349,#15051,#15052);
#11969=AXIS2_PLACEMENT_3D('',#18350,#15053,#15054);
#11970=AXIS2_PLACEMENT_3D('',#18351,#15055,#15056);
#11971=AXIS2_PLACEMENT_3D('',#18355,#15058,#15059);
#11972=AXIS2_PLACEMENT_3D('',#18356,#15060,#15061);
#11973=AXIS2_PLACEMENT_3D('',#18358,#15063,#15064);
#11974=AXIS2_PLACEMENT_3D('',#18360,#15066,#15067);
#11975=AXIS2_PLACEMENT_3D('',#18361,#15068,#15069);
#11976=AXIS2_PLACEMENT_3D('',#18364,#15071,#15072);
#11977=AXIS2_PLACEMENT_3D('',#18365,#15073,#15074);
#11978=AXIS2_PLACEMENT_3D('',#18366,#15075,#15076);
#11979=AXIS2_PLACEMENT_3D('',#18369,#15078,#15079);
#11980=AXIS2_PLACEMENT_3D('',#18371,#15081,#15082);
#11981=AXIS2_PLACEMENT_3D('',#18372,#15083,#15084);
#11982=AXIS2_PLACEMENT_3D('',#18373,#15085,#15086);
#11983=AXIS2_PLACEMENT_3D('',#18377,#15088,#15089);
#11984=AXIS2_PLACEMENT_3D('',#18378,#15090,#15091);
#11985=AXIS2_PLACEMENT_3D('',#18380,#15093,#15094);
#11986=AXIS2_PLACEMENT_3D('',#18382,#15096,#15097);
#11987=AXIS2_PLACEMENT_3D('',#18383,#15098,#15099);
#11988=AXIS2_PLACEMENT_3D('',#18389,#15103,#15104);
#11989=AXIS2_PLACEMENT_3D('',#18390,#15105,#15106);
#11990=AXIS2_PLACEMENT_3D('',#18391,#15107,#15108);
#11991=AXIS2_PLACEMENT_3D('',#18392,#15109,#15110);
#11992=AXIS2_PLACEMENT_3D('',#18393,#15111,#15112);
#11993=AXIS2_PLACEMENT_3D('',#18394,#15113,#15114);
#11994=AXIS2_PLACEMENT_3D('',#18395,#15115,#15116);
#11995=AXIS2_PLACEMENT_3D('',#18396,#15117,#15118);
#11996=AXIS2_PLACEMENT_3D('',#18399,#15121,#15122);
#11997=AXIS2_PLACEMENT_3D('',#18401,#15124,#15125);
#11998=AXIS2_PLACEMENT_3D('',#18402,#15126,#15127);
#11999=AXIS2_PLACEMENT_3D('',#18404,#15129,#15130);
#12000=AXIS2_PLACEMENT_3D('',#18406,#15132,#15133);
#12001=AXIS2_PLACEMENT_3D('',#18408,#15135,#15136);
#12002=AXIS2_PLACEMENT_3D('',#18409,#15137,#15138);
#12003=AXIS2_PLACEMENT_3D('',#18412,#15141,#15142);
#12004=AXIS2_PLACEMENT_3D('',#18414,#15144,#15145);
#12005=AXIS2_PLACEMENT_3D('',#18415,#15146,#15147);
#12006=AXIS2_PLACEMENT_3D('',#18417,#15149,#15150);
#12007=AXIS2_PLACEMENT_3D('',#18419,#15152,#15153);
#12008=AXIS2_PLACEMENT_3D('',#18421,#15155,#15156);
#12009=AXIS2_PLACEMENT_3D('',#18422,#15157,#15158);
#12010=AXIS2_PLACEMENT_3D('',#18425,#15161,#15162);
#12011=AXIS2_PLACEMENT_3D('',#18427,#15164,#15165);
#12012=AXIS2_PLACEMENT_3D('',#18428,#15166,#15167);
#12013=AXIS2_PLACEMENT_3D('',#18430,#15169,#15170);
#12014=AXIS2_PLACEMENT_3D('',#18432,#15172,#15173);
#12015=AXIS2_PLACEMENT_3D('',#18434,#15175,#15176);
#12016=AXIS2_PLACEMENT_3D('',#18435,#15177,#15178);
#12017=AXIS2_PLACEMENT_3D('',#18438,#15181,#15182);
#12018=AXIS2_PLACEMENT_3D('',#18439,#15183,#15184);
#12019=AXIS2_PLACEMENT_3D('',#18441,#15186,#15187);
#12020=AXIS2_PLACEMENT_3D('',#18443,#15189,#15190);
#12021=AXIS2_PLACEMENT_3D('',#18445,#15192,#15193);
#12022=AXIS2_PLACEMENT_3D('',#18447,#15195,#15196);
#12023=AXIS2_PLACEMENT_3D('',#18448,#15197,#15198);
#12024=AXIS2_PLACEMENT_3D('',#18451,#15201,#15202);
#12025=AXIS2_PLACEMENT_3D('',#18454,#15205,#15206);
#12026=AXIS2_PLACEMENT_3D('',#18457,#15209,#15210);
#12027=AXIS2_PLACEMENT_3D('',#18460,#15213,#15214);
#12028=AXIS2_PLACEMENT_3D('',#18463,#15217,#15218);
#12029=AXIS2_PLACEMENT_3D('',#18466,#15221,#15222);
#12030=AXIS2_PLACEMENT_3D('',#18469,#15225,#15226);
#12031=AXIS2_PLACEMENT_3D('',#18471,#15228,#15229);
#12032=AXIS2_PLACEMENT_3D('',#18472,#15230,#15231);
#12033=AXIS2_PLACEMENT_3D('',#18473,#15232,#15233);
#12034=AXIS2_PLACEMENT_3D('',#18474,#15234,#15235);
#12035=AXIS2_PLACEMENT_3D('',#18475,#15236,#15237);
#12036=AXIS2_PLACEMENT_3D('',#18476,#15238,#15239);
#12037=AXIS2_PLACEMENT_3D('',#18477,#15240,#15241);
#12038=AXIS2_PLACEMENT_3D('',#18478,#15242,#15243);
#12039=AXIS2_PLACEMENT_3D('',#18480,#15245,#15246);
#12040=AXIS2_PLACEMENT_3D('',#18482,#15248,#15249);
#12041=AXIS2_PLACEMENT_3D('',#18484,#15251,#15252);
#12042=AXIS2_PLACEMENT_3D('',#18485,#15253,#15254);
#12043=DIRECTION('',(0.,0.,1.));
#12044=DIRECTION('',(1.,0.,0.));
#12045=DIRECTION('',(0.,1.,0.));
#12046=DIRECTION('',(0.,0.,1.));
#12047=DIRECTION('',(1.,0.,0.));
#12048=DIRECTION('',(0.,0.,1.));
#12049=DIRECTION('',(1.,0.,0.));
#12050=DIRECTION('',(0.,0.,1.));
#12051=DIRECTION('',(0.,0.,1.));
#12052=DIRECTION('',(1.,0.,0.));
#12053=DIRECTION('',(0.,1.,0.));
#12054=DIRECTION('',(-1.,-1.96013952087775E-16,0.));
#12055=DIRECTION('',(0.,-1.,0.));
#12056=DIRECTION('',(0.,0.,1.));
#12057=DIRECTION('',(1.,0.,0.));
#12058=DIRECTION('',(1.,0.,0.));
#12059=DIRECTION('',(0.,0.,1.));
#12060=DIRECTION('',(1.,0.,0.));
#12061=DIRECTION('',(0.,-1.,0.));
#12062=DIRECTION('',(-1.,-1.96013952087775E-16,0.));
#12063=DIRECTION('',(0.,1.,0.));
#12064=DIRECTION('',(0.,0.,1.));
#12065=DIRECTION('',(1.,0.,0.));
#12066=DIRECTION('',(1.,0.,0.));
#12067=DIRECTION('',(0.,0.,1.));
#12068=DIRECTION('',(1.,0.,0.));
#12069=DIRECTION('',(0.,-1.,0.));
#12070=DIRECTION('',(0.,0.,1.));
#12071=DIRECTION('',(1.,0.,0.));
#12072=DIRECTION('',(1.,0.,0.));
#12073=DIRECTION('',(0.,0.,1.));
#12074=DIRECTION('',(1.,0.,0.));
#12075=DIRECTION('',(0.,-1.,0.));
#12076=DIRECTION('',(0.,0.,1.));
#12077=DIRECTION('',(1.,0.,0.));
#12078=DIRECTION('',(1.,0.,0.));
#12079=DIRECTION('',(0.,0.,1.));
#12080=DIRECTION('',(1.,0.,0.));
#12081=DIRECTION('',(0.,1.,0.));
#12082=DIRECTION('',(0.,0.,1.));
#12083=DIRECTION('',(1.,0.,0.));
#12084=DIRECTION('',(1.,0.,0.));
#12085=DIRECTION('',(0.,0.,1.));
#12086=DIRECTION('',(1.,0.,0.));
#12087=DIRECTION('',(0.,1.,0.));
#12088=DIRECTION('',(1.,0.,0.));
#12089=DIRECTION('',(0.,-1.,0.));
#12090=DIRECTION('',(0.,0.,1.));
#12091=DIRECTION('',(1.,0.,0.));
#12092=DIRECTION('',(1.,0.,0.));
#12093=DIRECTION('',(0.,0.,1.));
#12094=DIRECTION('',(1.,0.,0.));
#12095=DIRECTION('',(0.,-1.,0.));
#12096=DIRECTION('',(1.,0.,0.));
#12097=DIRECTION('',(-2.64338815386941E-15,1.,0.));
#12098=DIRECTION('',(0.,0.,-1.));
#12099=DIRECTION('',(1.,0.,0.));
#12100=DIRECTION('',(-1.,-3.27306316222036E-16,0.));
#12101=DIRECTION('',(0.,0.,-1.));
#12102=DIRECTION('',(1.,0.,0.));
#12103=DIRECTION('',(0.,1.,0.));
#12104=DIRECTION('',(0.,0.,-1.));
#12105=DIRECTION('',(1.,0.,0.));
#12106=DIRECTION('',(-1.,0.,0.));
#12107=DIRECTION('',(0.,0.,-1.));
#12108=DIRECTION('',(1.,0.,0.));
#12109=DIRECTION('',(1.38777878078139E-14,-1.,0.));
#12110=DIRECTION('',(0.,0.,-1.));
#12111=DIRECTION('',(1.,0.,0.));
#12112=DIRECTION('',(-1.,0.,0.));
#12113=DIRECTION('',(0.,0.,-1.));
#12114=DIRECTION('',(1.,0.,0.));
#12115=DIRECTION('',(0.,-1.,0.));
#12116=DIRECTION('',(0.,0.,-1.));
#12117=DIRECTION('',(1.,0.,0.));
#12118=DIRECTION('',(-1.,0.,0.));
#12119=DIRECTION('',(0.,0.,-1.));
#12120=DIRECTION('',(1.,0.,0.));
#12121=DIRECTION('',(0.,1.,0.));
#12122=DIRECTION('',(-1.,0.,0.));
#12123=DIRECTION('',(0.,-1.,0.));
#12124=DIRECTION('',(0.,0.,1.));
#12125=DIRECTION('',(1.,0.,0.));
#12126=DIRECTION('',(1.,0.,0.));
#12127=DIRECTION('',(0.,0.,1.));
#12128=DIRECTION('',(1.,0.,0.));
#12129=DIRECTION('',(0.,-1.,0.));
#12130=DIRECTION('',(-1.,0.,0.));
#12131=DIRECTION('',(0.,1.,0.));
#12132=DIRECTION('',(0.,0.,1.));
#12133=DIRECTION('',(1.,0.,0.));
#12134=DIRECTION('',(1.,0.,0.));
#12135=DIRECTION('',(0.,0.,1.));
#12136=DIRECTION('',(1.,0.,0.));
#12137=DIRECTION('',(0.,-1.,0.));
#12138=DIRECTION('',(0.,0.,1.));
#12139=DIRECTION('',(1.,0.,0.));
#12140=DIRECTION('',(1.,0.,0.));
#12141=DIRECTION('',(0.,0.,1.));
#12142=DIRECTION('',(1.,0.,0.));
#12143=DIRECTION('',(0.,-1.,0.));
#12144=DIRECTION('',(0.,0.,1.));
#12145=DIRECTION('',(1.,0.,0.));
#12146=DIRECTION('',(1.,0.,0.));
#12147=DIRECTION('',(0.,0.,1.));
#12148=DIRECTION('',(1.,0.,0.));
#12149=DIRECTION('',(0.,1.,0.));
#12150=DIRECTION('',(0.,0.,1.));
#12151=DIRECTION('',(1.,0.,0.));
#12152=DIRECTION('',(1.,0.,0.));
#12153=DIRECTION('',(0.,0.,1.));
#12154=DIRECTION('',(1.,0.,0.));
#12155=DIRECTION('',(0.,1.,0.));
#12156=DIRECTION('',(1.,0.,0.));
#12157=DIRECTION('',(0.,-1.,0.));
#12158=DIRECTION('',(0.,0.,1.));
#12159=DIRECTION('',(1.,0.,0.));
#12160=DIRECTION('',(1.,0.,0.));
#12161=DIRECTION('',(0.,0.,1.));
#12162=DIRECTION('',(1.,0.,0.));
#12163=DIRECTION('',(0.,-1.,0.));
#12164=DIRECTION('',(1.,0.,0.));
#12165=DIRECTION('',(0.,1.,0.));
#12166=DIRECTION('',(0.,0.,-1.));
#12167=DIRECTION('',(1.,0.,0.));
#12168=DIRECTION('',(-1.,0.,0.));
#12169=DIRECTION('',(0.,0.,-1.));
#12170=DIRECTION('',(1.,0.,0.));
#12171=DIRECTION('',(0.,1.,0.));
#12172=DIRECTION('',(0.,0.,-1.));
#12173=DIRECTION('',(1.,0.,0.));
#12174=DIRECTION('',(-1.,0.,0.));
#12175=DIRECTION('',(0.,0.,-1.));
#12176=DIRECTION('',(1.,0.,0.));
#12177=DIRECTION('',(0.,-1.,0.));
#12178=DIRECTION('',(0.,0.,-1.));
#12179=DIRECTION('',(1.,0.,0.));
#12180=DIRECTION('',(-1.,0.,0.));
#12181=DIRECTION('',(0.,0.,-1.));
#12182=DIRECTION('',(1.,0.,0.));
#12183=DIRECTION('',(0.,-1.,0.));
#12184=DIRECTION('',(0.,0.,-1.));
#12185=DIRECTION('',(1.,0.,0.));
#12186=DIRECTION('',(-1.,0.,0.));
#12187=DIRECTION('',(0.,0.,-1.));
#12188=DIRECTION('',(1.,0.,0.));
#12189=DIRECTION('',(0.,0.,1.));
#12190=DIRECTION('',(1.,0.,0.));
#12191=DIRECTION('',(1.,0.,0.));
#12192=DIRECTION('',(0.,0.,1.));
#12193=DIRECTION('',(1.,0.,0.));
#12194=DIRECTION('',(0.,-1.,0.));
#12195=DIRECTION('',(0.,0.,1.));
#12196=DIRECTION('',(1.,0.,0.));
#12197=DIRECTION('',(1.,0.,0.));
#12198=DIRECTION('',(0.,0.,1.));
#12199=DIRECTION('',(1.,0.,0.));
#12200=DIRECTION('',(0.,-1.,0.));
#12201=DIRECTION('',(0.,0.,1.));
#12202=DIRECTION('',(1.,0.,0.));
#12203=DIRECTION('',(1.,0.,0.));
#12204=DIRECTION('',(0.,0.,1.));
#12205=DIRECTION('',(1.,0.,0.));
#12206=DIRECTION('',(0.,-1.,0.));
#12207=DIRECTION('',(0.,0.,1.));
#12208=DIRECTION('',(1.,0.,0.));
#12209=DIRECTION('',(1.,0.,0.));
#12210=DIRECTION('',(0.,0.,1.));
#12211=DIRECTION('',(1.,0.,0.));
#12212=DIRECTION('',(0.,-1.,0.));
#12213=DIRECTION('',(0.,0.,1.));
#12214=DIRECTION('',(1.,0.,0.));
#12215=DIRECTION('',(1.,0.,0.));
#12216=DIRECTION('',(0.,0.,1.));
#12217=DIRECTION('',(1.,0.,0.));
#12218=DIRECTION('',(0.,-1.,0.));
#12219=DIRECTION('',(0.,0.,1.));
#12220=DIRECTION('',(1.,0.,0.));
#12221=DIRECTION('',(1.,0.,0.));
#12222=DIRECTION('',(0.,0.,1.));
#12223=DIRECTION('',(1.,0.,0.));
#12224=DIRECTION('',(0.,-1.,0.));
#12225=DIRECTION('',(0.,0.,1.));
#12226=DIRECTION('',(1.,0.,0.));
#12227=DIRECTION('',(1.,0.,0.));
#12228=DIRECTION('',(0.,0.,1.));
#12229=DIRECTION('',(1.,0.,0.));
#12230=DIRECTION('',(0.,-1.,0.));
#12231=DIRECTION('',(0.,0.,1.));
#12232=DIRECTION('',(1.,0.,0.));
#12233=DIRECTION('',(1.,0.,0.));
#12234=DIRECTION('',(0.,0.,1.));
#12235=DIRECTION('',(1.,0.,0.));
#12236=DIRECTION('',(0.,-1.,0.));
#12237=DIRECTION('',(0.,0.,1.));
#12238=DIRECTION('',(1.,0.,0.));
#12239=DIRECTION('',(1.,0.,0.));
#12240=DIRECTION('',(0.,0.,1.));
#12241=DIRECTION('',(1.,0.,0.));
#12242=DIRECTION('',(0.,-1.,0.));
#12243=DIRECTION('',(0.,0.,1.));
#12244=DIRECTION('',(1.,0.,0.));
#12245=DIRECTION('',(1.,0.,0.));
#12246=DIRECTION('',(0.,0.,1.));
#12247=DIRECTION('',(1.,0.,0.));
#12248=DIRECTION('',(0.,-1.,0.));
#12249=DIRECTION('',(0.,0.,1.));
#12250=DIRECTION('',(1.,0.,0.));
#12251=DIRECTION('',(1.,0.,0.));
#12252=DIRECTION('',(0.,0.,1.));
#12253=DIRECTION('',(1.,0.,0.));
#12254=DIRECTION('',(0.,-1.,0.));
#12255=DIRECTION('',(0.,0.,1.));
#12256=DIRECTION('',(1.,0.,0.));
#12257=DIRECTION('',(1.,0.,0.));
#12258=DIRECTION('',(0.,0.,1.));
#12259=DIRECTION('',(1.,0.,0.));
#12260=DIRECTION('',(0.,-1.,0.));
#12261=DIRECTION('',(0.,0.,1.));
#12262=DIRECTION('',(1.,0.,0.));
#12263=DIRECTION('',(1.,0.,0.));
#12264=DIRECTION('',(0.,0.,1.));
#12265=DIRECTION('',(1.,0.,0.));
#12266=DIRECTION('',(0.,-1.,0.));
#12267=DIRECTION('',(0.,0.,1.));
#12268=DIRECTION('',(1.,0.,0.));
#12269=DIRECTION('',(1.,0.,0.));
#12270=DIRECTION('',(0.,0.,1.));
#12271=DIRECTION('',(1.,0.,0.));
#12272=DIRECTION('',(0.,-1.,0.));
#12273=DIRECTION('',(0.,0.,1.));
#12274=DIRECTION('',(1.,0.,0.));
#12275=DIRECTION('',(1.,0.,0.));
#12276=DIRECTION('',(0.,0.,1.));
#12277=DIRECTION('',(1.,0.,0.));
#12278=DIRECTION('',(0.,-1.,0.));
#12279=DIRECTION('',(0.,0.,1.));
#12280=DIRECTION('',(1.,0.,0.));
#12281=DIRECTION('',(1.,0.,0.));
#12282=DIRECTION('',(0.,0.,1.));
#12283=DIRECTION('',(1.,0.,0.));
#12284=DIRECTION('',(0.,-1.,0.));
#12285=DIRECTION('',(0.,0.,1.));
#12286=DIRECTION('',(1.,0.,0.));
#12287=DIRECTION('',(1.,0.,0.));
#12288=DIRECTION('',(0.,0.,1.));
#12289=DIRECTION('',(1.,0.,0.));
#12290=DIRECTION('',(0.,-1.,0.));
#12291=DIRECTION('',(0.,0.,1.));
#12292=DIRECTION('',(1.,0.,0.));
#12293=DIRECTION('',(1.,0.,0.));
#12294=DIRECTION('',(0.,0.,1.));
#12295=DIRECTION('',(1.,0.,0.));
#12296=DIRECTION('',(0.,-1.,0.));
#12297=DIRECTION('',(0.,0.,1.));
#12298=DIRECTION('',(1.,0.,0.));
#12299=DIRECTION('',(1.,0.,0.));
#12300=DIRECTION('',(0.,0.,1.));
#12301=DIRECTION('',(1.,0.,0.));
#12302=DIRECTION('',(0.,-1.,0.));
#12303=DIRECTION('',(0.,0.,1.));
#12304=DIRECTION('',(1.,0.,0.));
#12305=DIRECTION('',(1.,0.,0.));
#12306=DIRECTION('',(0.,0.,1.));
#12307=DIRECTION('',(1.,0.,0.));
#12308=DIRECTION('',(0.,-1.,0.));
#12309=DIRECTION('',(0.,0.,1.));
#12310=DIRECTION('',(1.,0.,0.));
#12311=DIRECTION('',(1.,0.,0.));
#12312=DIRECTION('',(0.,0.,1.));
#12313=DIRECTION('',(1.,0.,0.));
#12314=DIRECTION('',(0.,-1.,0.));
#12315=DIRECTION('',(0.,0.,1.));
#12316=DIRECTION('',(1.,0.,0.));
#12317=DIRECTION('',(1.,0.,0.));
#12318=DIRECTION('',(0.,0.,1.));
#12319=DIRECTION('',(1.,0.,0.));
#12320=DIRECTION('',(0.,-1.,0.));
#12321=DIRECTION('',(0.,0.,1.));
#12322=DIRECTION('',(1.,0.,0.));
#12323=DIRECTION('',(1.,0.,0.));
#12324=DIRECTION('',(0.,0.,1.));
#12325=DIRECTION('',(1.,0.,0.));
#12326=DIRECTION('',(0.,-1.,0.));
#12327=DIRECTION('',(0.,0.,1.));
#12328=DIRECTION('',(1.,0.,0.));
#12329=DIRECTION('',(1.,0.,0.));
#12330=DIRECTION('',(0.,0.,1.));
#12331=DIRECTION('',(1.,0.,0.));
#12332=DIRECTION('',(0.,-1.,0.));
#12333=DIRECTION('',(0.,0.,1.));
#12334=DIRECTION('',(1.,0.,0.));
#12335=DIRECTION('',(1.,0.,0.));
#12336=DIRECTION('',(0.,0.,1.));
#12337=DIRECTION('',(1.,0.,0.));
#12338=DIRECTION('',(0.,-1.,0.));
#12339=DIRECTION('',(0.,0.,1.));
#12340=DIRECTION('',(1.,0.,0.));
#12341=DIRECTION('',(1.,0.,0.));
#12342=DIRECTION('',(0.,0.,1.));
#12343=DIRECTION('',(1.,0.,0.));
#12344=DIRECTION('',(0.,-1.,0.));
#12345=DIRECTION('',(0.,0.,1.));
#12346=DIRECTION('',(1.,0.,0.));
#12347=DIRECTION('',(1.,0.,0.));
#12348=DIRECTION('',(0.,0.,1.));
#12349=DIRECTION('',(1.,0.,0.));
#12350=DIRECTION('',(0.,-1.,0.));
#12351=DIRECTION('',(0.,0.,1.));
#12352=DIRECTION('',(1.,0.,0.));
#12353=DIRECTION('',(1.,0.,0.));
#12354=DIRECTION('',(0.,0.,1.));
#12355=DIRECTION('',(1.,0.,0.));
#12356=DIRECTION('',(0.,-1.,0.));
#12357=DIRECTION('',(0.,0.,1.));
#12358=DIRECTION('',(1.,0.,0.));
#12359=DIRECTION('',(1.,0.,0.));
#12360=DIRECTION('',(0.,0.,1.));
#12361=DIRECTION('',(1.,0.,0.));
#12362=DIRECTION('',(0.,-1.,0.));
#12363=DIRECTION('',(0.,0.,1.));
#12364=DIRECTION('',(1.,0.,0.));
#12365=DIRECTION('',(1.,0.,0.));
#12366=DIRECTION('',(0.,0.,1.));
#12367=DIRECTION('',(1.,0.,0.));
#12368=DIRECTION('',(0.,-1.,0.));
#12369=DIRECTION('',(0.,0.,1.));
#12370=DIRECTION('',(1.,0.,0.));
#12371=DIRECTION('',(1.,0.,0.));
#12372=DIRECTION('',(0.,0.,1.));
#12373=DIRECTION('',(1.,0.,0.));
#12374=DIRECTION('',(0.,-1.,0.));
#12375=DIRECTION('',(0.,0.,1.));
#12376=DIRECTION('',(1.,0.,0.));
#12377=DIRECTION('',(1.,0.,0.));
#12378=DIRECTION('',(0.,0.,1.));
#12379=DIRECTION('',(1.,0.,0.));
#12380=DIRECTION('',(0.,-1.,0.));
#12381=DIRECTION('',(0.,0.,1.));
#12382=DIRECTION('',(1.,0.,0.));
#12383=DIRECTION('',(1.,0.,0.));
#12384=DIRECTION('',(0.,0.,1.));
#12385=DIRECTION('',(1.,0.,0.));
#12386=DIRECTION('',(0.,-1.,0.));
#12387=DIRECTION('',(0.,0.,1.));
#12388=DIRECTION('',(1.,0.,0.));
#12389=DIRECTION('',(1.,0.,0.));
#12390=DIRECTION('',(0.,0.,1.));
#12391=DIRECTION('',(1.,0.,0.));
#12392=DIRECTION('',(0.,-1.,0.));
#12393=DIRECTION('',(0.,0.,1.));
#12394=DIRECTION('',(1.,0.,0.));
#12395=DIRECTION('',(1.,0.,0.));
#12396=DIRECTION('',(0.,0.,1.));
#12397=DIRECTION('',(1.,0.,0.));
#12398=DIRECTION('',(0.,-1.,0.));
#12399=DIRECTION('',(0.,0.,1.));
#12400=DIRECTION('',(1.,0.,0.));
#12401=DIRECTION('',(1.,0.,0.));
#12402=DIRECTION('',(0.,0.,1.));
#12403=DIRECTION('',(1.,0.,0.));
#12404=DIRECTION('',(0.,-1.,0.));
#12405=DIRECTION('',(0.,0.,1.));
#12406=DIRECTION('',(1.,0.,0.));
#12407=DIRECTION('',(1.,0.,0.));
#12408=DIRECTION('',(0.,0.,1.));
#12409=DIRECTION('',(1.,0.,0.));
#12410=DIRECTION('',(0.,-1.,0.));
#12411=DIRECTION('',(0.,0.,1.));
#12412=DIRECTION('',(1.,0.,0.));
#12413=DIRECTION('',(1.,0.,0.));
#12414=DIRECTION('',(0.,0.,1.));
#12415=DIRECTION('',(1.,0.,0.));
#12416=DIRECTION('',(0.,-1.,0.));
#12417=DIRECTION('',(0.,0.,1.));
#12418=DIRECTION('',(1.,0.,0.));
#12419=DIRECTION('',(1.,0.,0.));
#12420=DIRECTION('',(0.,0.,1.));
#12421=DIRECTION('',(1.,0.,0.));
#12422=DIRECTION('',(0.,-1.,0.));
#12423=DIRECTION('',(0.,0.,1.));
#12424=DIRECTION('',(1.,0.,0.));
#12425=DIRECTION('',(1.,0.,0.));
#12426=DIRECTION('',(0.,0.,1.));
#12427=DIRECTION('',(1.,0.,0.));
#12428=DIRECTION('',(0.,-1.,0.));
#12429=DIRECTION('',(0.,0.,1.));
#12430=DIRECTION('',(1.,0.,0.));
#12431=DIRECTION('',(1.,0.,0.));
#12432=DIRECTION('',(0.,0.,1.));
#12433=DIRECTION('',(1.,0.,0.));
#12434=DIRECTION('',(0.,-1.,0.));
#12435=DIRECTION('',(0.,0.,1.));
#12436=DIRECTION('',(1.,0.,0.));
#12437=DIRECTION('',(1.,0.,0.));
#12438=DIRECTION('',(0.,0.,1.));
#12439=DIRECTION('',(1.,0.,0.));
#12440=DIRECTION('',(0.,-1.,0.));
#12441=DIRECTION('',(0.,0.,1.));
#12442=DIRECTION('',(1.,0.,0.));
#12443=DIRECTION('',(1.,0.,0.));
#12444=DIRECTION('',(0.,0.,1.));
#12445=DIRECTION('',(1.,0.,0.));
#12446=DIRECTION('',(0.,-1.,0.));
#12447=DIRECTION('',(0.,0.,1.));
#12448=DIRECTION('',(1.,0.,0.));
#12449=DIRECTION('',(1.,0.,0.));
#12450=DIRECTION('',(0.,0.,1.));
#12451=DIRECTION('',(1.,0.,0.));
#12452=DIRECTION('',(0.,-1.,0.));
#12453=DIRECTION('',(0.,0.,1.));
#12454=DIRECTION('',(1.,0.,0.));
#12455=DIRECTION('',(1.,0.,0.));
#12456=DIRECTION('',(0.,0.,1.));
#12457=DIRECTION('',(1.,0.,0.));
#12458=DIRECTION('',(0.,-1.,0.));
#12459=DIRECTION('',(0.,0.,1.));
#12460=DIRECTION('',(1.,0.,0.));
#12461=DIRECTION('',(1.,0.,0.));
#12462=DIRECTION('',(0.,0.,1.));
#12463=DIRECTION('',(1.,0.,0.));
#12464=DIRECTION('',(0.,-1.,0.));
#12465=DIRECTION('',(0.,0.,1.));
#12466=DIRECTION('',(1.,0.,0.));
#12467=DIRECTION('',(1.,0.,0.));
#12468=DIRECTION('',(0.,0.,1.));
#12469=DIRECTION('',(1.,0.,0.));
#12470=DIRECTION('',(0.,-1.,0.));
#12471=DIRECTION('',(0.,0.,1.));
#12472=DIRECTION('',(1.,0.,0.));
#12473=DIRECTION('',(1.,0.,0.));
#12474=DIRECTION('',(0.,0.,1.));
#12475=DIRECTION('',(1.,0.,0.));
#12476=DIRECTION('',(0.,-1.,0.));
#12477=DIRECTION('',(0.,0.,1.));
#12478=DIRECTION('',(1.,0.,0.));
#12479=DIRECTION('',(1.,0.,0.));
#12480=DIRECTION('',(0.,0.,1.));
#12481=DIRECTION('',(1.,0.,0.));
#12482=DIRECTION('',(0.,-1.,0.));
#12483=DIRECTION('',(0.,0.,1.));
#12484=DIRECTION('',(1.,0.,0.));
#12485=DIRECTION('',(1.,0.,0.));
#12486=DIRECTION('',(0.,0.,1.));
#12487=DIRECTION('',(1.,0.,0.));
#12488=DIRECTION('',(0.,-1.,0.));
#12489=DIRECTION('',(0.,0.,1.));
#12490=DIRECTION('',(1.,0.,0.));
#12491=DIRECTION('',(1.,0.,0.));
#12492=DIRECTION('',(0.,0.,1.));
#12493=DIRECTION('',(1.,0.,0.));
#12494=DIRECTION('',(0.,-1.,0.));
#12495=DIRECTION('',(0.,0.,1.));
#12496=DIRECTION('',(1.,0.,0.));
#12497=DIRECTION('',(1.,0.,0.));
#12498=DIRECTION('',(0.,0.,1.));
#12499=DIRECTION('',(1.,0.,0.));
#12500=DIRECTION('',(0.,-1.,0.));
#12501=DIRECTION('',(0.,0.,1.));
#12502=DIRECTION('',(1.,0.,0.));
#12503=DIRECTION('',(1.,0.,0.));
#12504=DIRECTION('',(0.,0.,1.));
#12505=DIRECTION('',(1.,0.,0.));
#12506=DIRECTION('',(0.,-1.,0.));
#12507=DIRECTION('',(0.,0.,1.));
#12508=DIRECTION('',(1.,0.,0.));
#12509=DIRECTION('',(1.,0.,0.));
#12510=DIRECTION('',(0.,0.,1.));
#12511=DIRECTION('',(1.,0.,0.));
#12512=DIRECTION('',(0.,-1.,0.));
#12513=DIRECTION('',(0.,0.,1.));
#12514=DIRECTION('',(1.,0.,0.));
#12515=DIRECTION('',(1.,0.,0.));
#12516=DIRECTION('',(0.,0.,1.));
#12517=DIRECTION('',(1.,0.,0.));
#12518=DIRECTION('',(0.,-1.,0.));
#12519=DIRECTION('',(0.,0.,1.));
#12520=DIRECTION('',(1.,0.,0.));
#12521=DIRECTION('',(1.,0.,0.));
#12522=DIRECTION('',(0.,0.,1.));
#12523=DIRECTION('',(1.,0.,0.));
#12524=DIRECTION('',(0.,-1.,0.));
#12525=DIRECTION('',(0.,0.,1.));
#12526=DIRECTION('',(1.,0.,0.));
#12527=DIRECTION('',(1.,0.,0.));
#12528=DIRECTION('',(0.,0.,1.));
#12529=DIRECTION('',(1.,0.,0.));
#12530=DIRECTION('',(0.,-1.,0.));
#12531=DIRECTION('',(0.,0.,1.));
#12532=DIRECTION('',(1.,0.,0.));
#12533=DIRECTION('',(1.,0.,0.));
#12534=DIRECTION('',(0.,0.,1.));
#12535=DIRECTION('',(1.,0.,0.));
#12536=DIRECTION('',(0.,-1.,0.));
#12537=DIRECTION('',(0.,0.,1.));
#12538=DIRECTION('',(1.,0.,0.));
#12539=DIRECTION('',(1.,0.,0.));
#12540=DIRECTION('',(0.,0.,1.));
#12541=DIRECTION('',(1.,0.,0.));
#12542=DIRECTION('',(0.,-1.,0.));
#12543=DIRECTION('',(0.,0.,1.));
#12544=DIRECTION('',(1.,0.,0.));
#12545=DIRECTION('',(1.,0.,0.));
#12546=DIRECTION('',(0.,0.,1.));
#12547=DIRECTION('',(1.,0.,0.));
#12548=DIRECTION('',(0.,-1.,0.));
#12549=DIRECTION('',(0.,0.,1.));
#12550=DIRECTION('',(1.,0.,0.));
#12551=DIRECTION('',(1.,0.,0.));
#12552=DIRECTION('',(0.,0.,1.));
#12553=DIRECTION('',(1.,0.,0.));
#12554=DIRECTION('',(0.,-1.,0.));
#12555=DIRECTION('',(0.,0.,1.));
#12556=DIRECTION('',(1.,0.,0.));
#12557=DIRECTION('',(1.,0.,0.));
#12558=DIRECTION('',(0.,0.,1.));
#12559=DIRECTION('',(1.,0.,0.));
#12560=DIRECTION('',(0.,-1.,0.));
#12561=DIRECTION('',(0.,0.,1.));
#12562=DIRECTION('',(1.,0.,0.));
#12563=DIRECTION('',(1.,0.,0.));
#12564=DIRECTION('',(0.,0.,1.));
#12565=DIRECTION('',(1.,0.,0.));
#12566=DIRECTION('',(0.,-1.,0.));
#12567=DIRECTION('',(0.,0.,1.));
#12568=DIRECTION('',(1.,0.,0.));
#12569=DIRECTION('',(1.,0.,0.));
#12570=DIRECTION('',(0.,0.,1.));
#12571=DIRECTION('',(1.,0.,0.));
#12572=DIRECTION('',(0.,-1.,0.));
#12573=DIRECTION('',(0.,0.,1.));
#12574=DIRECTION('',(1.,0.,0.));
#12575=DIRECTION('',(1.,0.,0.));
#12576=DIRECTION('',(0.,0.,1.));
#12577=DIRECTION('',(1.,0.,0.));
#12578=DIRECTION('',(0.,-1.,0.));
#12579=DIRECTION('',(0.,0.,1.));
#12580=DIRECTION('',(1.,0.,0.));
#12581=DIRECTION('',(1.,0.,0.));
#12582=DIRECTION('',(0.,0.,1.));
#12583=DIRECTION('',(1.,0.,0.));
#12584=DIRECTION('',(0.,-1.,0.));
#12585=DIRECTION('',(0.,0.,1.));
#12586=DIRECTION('',(1.,0.,0.));
#12587=DIRECTION('',(1.,0.,0.));
#12588=DIRECTION('',(0.,0.,1.));
#12589=DIRECTION('',(1.,0.,0.));
#12590=DIRECTION('',(0.,-1.,0.));
#12591=DIRECTION('',(0.,0.,1.));
#12592=DIRECTION('',(1.,0.,0.));
#12593=DIRECTION('',(1.,0.,0.));
#12594=DIRECTION('',(0.,0.,1.));
#12595=DIRECTION('',(1.,0.,0.));
#12596=DIRECTION('',(0.,-1.,0.));
#12597=DIRECTION('',(0.,0.,1.));
#12598=DIRECTION('',(1.,0.,0.));
#12599=DIRECTION('',(1.,0.,0.));
#12600=DIRECTION('',(0.,0.,1.));
#12601=DIRECTION('',(1.,0.,0.));
#12602=DIRECTION('',(0.,-1.,0.));
#12603=DIRECTION('',(0.,0.,1.));
#12604=DIRECTION('',(1.,0.,0.));
#12605=DIRECTION('',(1.,0.,0.));
#12606=DIRECTION('',(0.,0.,1.));
#12607=DIRECTION('',(1.,0.,0.));
#12608=DIRECTION('',(0.,-1.,0.));
#12609=DIRECTION('',(0.,0.,1.));
#12610=DIRECTION('',(1.,0.,0.));
#12611=DIRECTION('',(1.,0.,0.));
#12612=DIRECTION('',(0.,0.,1.));
#12613=DIRECTION('',(1.,0.,0.));
#12614=DIRECTION('',(0.,-1.,0.));
#12615=DIRECTION('',(0.,0.,1.));
#12616=DIRECTION('',(1.,0.,0.));
#12617=DIRECTION('',(1.,0.,0.));
#12618=DIRECTION('',(0.,0.,1.));
#12619=DIRECTION('',(1.,0.,0.));
#12620=DIRECTION('',(0.,-1.,0.));
#12621=DIRECTION('',(0.,0.,1.));
#12622=DIRECTION('',(1.,0.,0.));
#12623=DIRECTION('',(0.,-1.,0.));
#12624=DIRECTION('',(0.,0.,1.));
#12625=DIRECTION('',(1.,0.,0.));
#12626=DIRECTION('',(-1.,0.,0.));
#12627=DIRECTION('',(0.,0.,1.));
#12628=DIRECTION('',(1.,0.,0.));
#12629=DIRECTION('',(0.,-1.,0.));
#12630=DIRECTION('',(0.,0.,1.));
#12631=DIRECTION('',(1.,0.,0.));
#12632=DIRECTION('',(-1.,0.,0.));
#12633=DIRECTION('',(1.,0.,0.));
#12634=DIRECTION('',(0.,0.,1.));
#12635=DIRECTION('',(1.,0.,0.));
#12636=DIRECTION('',(0.,-1.,0.));
#12637=DIRECTION('',(0.,0.,1.));
#12638=DIRECTION('',(1.,0.,0.));
#12639=DIRECTION('',(1.,0.,0.));
#12640=DIRECTION('',(0.,0.,1.));
#12641=DIRECTION('',(1.,0.,0.));
#12642=DIRECTION('',(0.,-1.,0.));
#12643=DIRECTION('',(0.,0.,1.));
#12644=DIRECTION('',(1.,0.,0.));
#12645=DIRECTION('',(0.,0.,1.));
#12646=DIRECTION('',(1.,0.,0.));
#12647=DIRECTION('',(1.,0.,0.));
#12648=DIRECTION('',(0.,0.,1.));
#12649=DIRECTION('',(1.,0.,0.));
#12650=DIRECTION('',(0.,-1.,0.));
#12651=DIRECTION('',(0.,0.,1.));
#12652=DIRECTION('',(1.,0.,0.));
#12653=DIRECTION('',(1.,0.,0.));
#12654=DIRECTION('',(0.,0.,1.));
#12655=DIRECTION('',(1.,0.,0.));
#12656=DIRECTION('',(0.,-1.,0.));
#12657=DIRECTION('',(1.,0.,0.));
#12658=DIRECTION('',(0.,0.,1.));
#12659=DIRECTION('',(1.,0.,0.));
#12660=DIRECTION('',(0.,-1.,0.));
#12661=DIRECTION('',(0.,0.,1.));
#12662=DIRECTION('',(1.,0.,0.));
#12663=DIRECTION('',(1.,0.,0.));
#12664=DIRECTION('',(0.,0.,1.));
#12665=DIRECTION('',(1.,0.,0.));
#12666=DIRECTION('',(0.,-1.,0.));
#12667=DIRECTION('',(0.,0.,1.));
#12668=DIRECTION('',(1.,0.,0.));
#12669=DIRECTION('',(0.,0.,1.));
#12670=DIRECTION('',(1.,0.,0.));
#12671=DIRECTION('',(1.,0.,0.));
#12672=DIRECTION('',(0.,0.,1.));
#12673=DIRECTION('',(1.,0.,0.));
#12674=DIRECTION('',(0.,-1.,0.));
#12675=DIRECTION('',(0.,0.,1.));
#12676=DIRECTION('',(1.,0.,0.));
#12677=DIRECTION('',(1.,0.,0.));
#12678=DIRECTION('',(0.,0.,1.));
#12679=DIRECTION('',(1.,0.,0.));
#12680=DIRECTION('',(0.,-1.,0.));
#12681=DIRECTION('',(0.,0.,1.));
#12682=DIRECTION('',(1.,0.,0.));
#12683=DIRECTION('',(0.,-1.,0.));
#12684=DIRECTION('',(0.,0.,1.));
#12685=DIRECTION('',(1.,0.,0.));
#12686=DIRECTION('',(-1.,0.,0.));
#12687=DIRECTION('',(-1.15432188652455E-16,2.3376714222154E-17,-1.));
#12688=DIRECTION('',(-1.,0.,1.15432188652455E-16));
#12689=DIRECTION('',(0.,1.,0.));
#12690=DIRECTION('',(6.54228696899797E-16,2.36984125475289E-15,-1.));
#12691=DIRECTION('',(0.,1.,2.36984125475289E-15));
#12692=DIRECTION('',(1.,0.,0.));
#12693=DIRECTION('',(4.89139000892165E-17,4.40032267711052E-17,1.));
#12694=DIRECTION('',(1.,0.,-4.89139000892165E-17));
#12695=DIRECTION('',(-2.30528036674659E-16,1.,0.));
#12696=DIRECTION('',(-3.85028234247149E-17,1.40377858101755E-16,1.));
#12697=DIRECTION('',(0.,-1.,1.40377858101755E-16));
#12698=DIRECTION('',(-1.,0.,0.));
#12699=DIRECTION('',(-3.65719030957263E-16,5.47118400449213E-18,-1.));
#12700=DIRECTION('',(-1.,0.,3.65719030957263E-16));
#12701=DIRECTION('',(-1.15264018337329E-16,1.,0.));
#12702=DIRECTION('',(1.92383484452498E-16,7.53941772925977E-17,1.));
#12703=DIRECTION('',(1.,0.,-1.92383484452498E-16));
#12704=DIRECTION('',(-1.,0.,0.));
#12705=DIRECTION('',(-2.70559786458901E-15,6.97156507371895E-16,-1.));
#12706=DIRECTION('',(-1.,0.,2.70559786458901E-15));
#12707=DIRECTION('',(7.20799228245211E-17,-1.,0.));
#12708=DIRECTION('',(1.,0.,0.));
#12709=DIRECTION('',(0.,1.,0.));
#12710=DIRECTION('',(0.,0.,-1.));
#12711=DIRECTION('',(1.,0.,0.));
#12712=DIRECTION('',(-1.,0.,0.));
#12713=DIRECTION('',(0.,0.,-1.));
#12714=DIRECTION('',(1.,0.,0.));
#12715=DIRECTION('',(0.,1.,0.));
#12716=DIRECTION('',(0.,0.,-1.));
#12717=DIRECTION('',(1.,0.,0.));
#12718=DIRECTION('',(-1.,0.,0.));
#12719=DIRECTION('',(0.,0.,-1.));
#12720=DIRECTION('',(1.,0.,0.));
#12721=DIRECTION('',(0.,-1.,0.));
#12722=DIRECTION('',(0.,0.,-1.));
#12723=DIRECTION('',(1.,0.,0.));
#12724=DIRECTION('',(-1.,0.,0.));
#12725=DIRECTION('',(0.,0.,-1.));
#12726=DIRECTION('',(1.,0.,0.));
#12727=DIRECTION('',(0.,-1.,0.));
#12728=DIRECTION('',(0.,0.,-1.));
#12729=DIRECTION('',(1.,0.,0.));
#12730=DIRECTION('',(-1.,0.,0.));
#12731=DIRECTION('',(0.,0.,-1.));
#12732=DIRECTION('',(1.,0.,0.));
#12733=DIRECTION('',(0.,1.,0.));
#12734=DIRECTION('',(-1.,-1.48108727938255E-16,0.));
#12735=DIRECTION('',(7.20799228245211E-17,-1.,0.));
#12736=DIRECTION('',(0.,0.,1.));
#12737=DIRECTION('',(1.,0.,0.));
#12738=DIRECTION('',(1.,0.,0.));
#12739=DIRECTION('',(0.,0.,1.));
#12740=DIRECTION('',(1.,0.,0.));
#12741=DIRECTION('',(0.,-1.,0.));
#12742=DIRECTION('',(0.,0.,1.));
#12743=DIRECTION('',(1.,0.,0.));
#12744=DIRECTION('',(-1.,0.,0.));
#12745=DIRECTION('',(0.,0.,-1.));
#12746=DIRECTION('',(1.,0.,0.));
#12747=DIRECTION('',(0.,-1.,0.));
#12748=DIRECTION('',(0.,0.,-1.));
#12749=DIRECTION('',(1.,0.,0.));
#12750=DIRECTION('',(1.,0.,0.));
#12751=DIRECTION('',(0.,0.,1.));
#12752=DIRECTION('',(1.,0.,0.));
#12753=DIRECTION('',(0.,-1.,0.));
#12754=DIRECTION('',(0.,0.,1.));
#12755=DIRECTION('',(1.,0.,0.));
#12756=DIRECTION('',(-1.,0.,0.));
#12757=DIRECTION('',(0.,0.,-1.));
#12758=DIRECTION('',(1.,0.,0.));
#12759=DIRECTION('',(0.,-1.,0.));
#12760=DIRECTION('',(0.,0.,-1.));
#12761=DIRECTION('',(1.,0.,0.));
#12762=DIRECTION('',(1.,0.,0.));
#12763=DIRECTION('',(0.,0.,1.));
#12764=DIRECTION('',(1.,0.,0.));
#12765=DIRECTION('',(0.,1.,0.));
#12766=DIRECTION('',(0.,0.,1.));
#12767=DIRECTION('',(1.,0.,0.));
#12768=DIRECTION('',(1.,0.,0.));
#12769=DIRECTION('',(0.,0.,1.));
#12770=DIRECTION('',(1.,0.,0.));
#12771=DIRECTION('',(0.,1.,0.));
#12772=DIRECTION('',(0.,0.,1.));
#12773=DIRECTION('',(1.,0.,0.));
#12774=DIRECTION('',(1.,0.,0.));
#12775=DIRECTION('',(0.,0.,-1.));
#12776=DIRECTION('',(1.,0.,0.));
#12777=DIRECTION('',(0.,1.,0.));
#12778=DIRECTION('',(0.,0.,-1.));
#12779=DIRECTION('',(1.,0.,0.));
#12780=DIRECTION('',(1.,0.,0.));
#12781=DIRECTION('',(0.,0.,1.));
#12782=DIRECTION('',(1.,0.,0.));
#12783=DIRECTION('',(0.,1.,0.));
#12784=DIRECTION('',(0.,0.,1.));
#12785=DIRECTION('',(1.,0.,0.));
#12786=DIRECTION('',(-1.,0.,0.));
#12787=DIRECTION('',(0.,0.,-1.));
#12788=DIRECTION('',(1.,0.,0.));
#12789=DIRECTION('',(0.,1.,0.));
#12790=DIRECTION('',(0.,0.,-1.));
#12791=DIRECTION('',(1.,0.,0.));
#12792=DIRECTION('',(0.,1.,0.));
#12793=DIRECTION('',(0.,0.,1.));
#12794=DIRECTION('',(1.,0.,0.));
#12795=DIRECTION('',(0.,0.,1.));
#12796=DIRECTION('',(0.,0.,1.));
#12797=DIRECTION('',(0.,1.,0.));
#12798=DIRECTION('',(0.,0.,1.));
#12799=DIRECTION('',(1.,0.,0.));
#12800=DIRECTION('',(0.,0.,1.));
#12801=DIRECTION('',(0.,0.,-1.));
#12802=DIRECTION('',(0.,1.,0.));
#12803=DIRECTION('',(0.,0.,1.));
#12804=DIRECTION('',(0.,0.,1.));
#12805=DIRECTION('',(1.,0.,0.));
#12806=DIRECTION('',(0.,0.,-1.));
#12807=DIRECTION('',(0.,1.,0.));
#12808=DIRECTION('',(0.,0.,1.));
#12809=DIRECTION('',(1.,0.,0.));
#12810=DIRECTION('',(0.,0.,1.));
#12811=DIRECTION('',(0.,0.,1.));
#12812=DIRECTION('',(0.,0.,-1.));
#12813=DIRECTION('',(-1.,0.,0.));
#12814=DIRECTION('',(0.,0.,1.));
#12815=DIRECTION('',(1.,0.,0.));
#12816=DIRECTION('',(0.,0.,-1.));
#12817=DIRECTION('',(0.,0.,-1.));
#12818=DIRECTION('',(1.,0.,0.));
#12819=DIRECTION('',(0.,0.,-1.));
#12820=DIRECTION('',(0.,-1.,0.));
#12821=DIRECTION('',(0.,0.,-1.));
#12822=DIRECTION('',(0.,0.,-1.));
#12823=DIRECTION('',(-1.,0.,0.));
#12824=DIRECTION('',(0.,0.,1.));
#12825=DIRECTION('',(1.,0.,0.));
#12826=DIRECTION('',(0.,0.,-1.));
#12827=DIRECTION('',(1.,0.,0.));
#12828=DIRECTION('',(0.,0.,-1.));
#12829=DIRECTION('',(0.,-1.,0.));
#12830=DIRECTION('',(0.,0.,-1.));
#12831=DIRECTION('',(0.,0.,-1.));
#12832=DIRECTION('',(1.,0.,0.));
#12833=DIRECTION('',(0.,0.,-1.));
#12834=DIRECTION('',(0.,-1.,0.));
#12835=DIRECTION('',(0.,0.,-1.));
#12836=DIRECTION('',(0.,0.,-1.));
#12837=DIRECTION('',(0.,0.,-1.));
#12838=DIRECTION('',(-1.,0.,0.));
#12839=DIRECTION('',(0.,0.,1.));
#12840=DIRECTION('',(1.,0.,0.));
#12841=DIRECTION('',(0.,0.,-1.));
#12842=DIRECTION('',(0.,0.,-1.));
#12843=DIRECTION('',(-1.,0.,0.));
#12844=DIRECTION('',(0.,0.,1.));
#12845=DIRECTION('',(1.,0.,0.));
#12846=DIRECTION('',(0.,0.,-1.));
#12847=DIRECTION('',(0.,0.,-1.));
#12848=DIRECTION('',(-1.,0.,0.));
#12849=DIRECTION('',(0.,0.,1.));
#12850=DIRECTION('',(1.,0.,0.));
#12851=DIRECTION('',(0.,0.,-1.));
#12852=DIRECTION('',(0.,0.,-1.));
#12853=DIRECTION('',(-1.,0.,0.));
#12854=DIRECTION('',(0.,0.,1.));
#12855=DIRECTION('',(1.,0.,0.));
#12856=DIRECTION('',(0.,0.,-1.));
#12857=DIRECTION('',(0.,1.,0.));
#12858=DIRECTION('',(0.,0.,1.));
#12859=DIRECTION('',(1.,0.,0.));
#12860=DIRECTION('',(0.,0.,-1.));
#12861=DIRECTION('',(0.,1.,0.));
#12862=DIRECTION('',(0.,0.,1.));
#12863=DIRECTION('',(0.,0.,-1.));
#12864=DIRECTION('',(1.,0.,0.));
#12865=DIRECTION('',(0.,1.,0.));
#12866=DIRECTION('',(0.,0.,1.));
#12867=DIRECTION('',(1.,0.,0.));
#12868=DIRECTION('',(0.,0.,-1.));
#12869=DIRECTION('',(0.,1.,0.));
#12870=DIRECTION('',(0.,0.,1.));
#12871=DIRECTION('',(0.,0.,-1.));
#12872=DIRECTION('',(1.,0.,0.));
#12873=DIRECTION('',(0.,-1.,0.));
#12874=DIRECTION('',(0.,0.,-1.));
#12875=DIRECTION('',(1.38777878078145E-16,0.,1.));
#12876=DIRECTION('',(1.,0.,0.));
#12877=DIRECTION('',(0.,0.,1.));
#12878=DIRECTION('',(-1.48108727938255E-16,1.,0.));
#12879=DIRECTION('',(-1.,-1.48108727938255E-16,0.));
#12880=DIRECTION('',(-1.38777878078145E-16,-2.05542149881242E-32,-1.));
#12881=DIRECTION('',(0.,0.,1.));
#12882=DIRECTION('',(-1.,-1.48108727938255E-16,0.));
#12883=DIRECTION('',(0.,0.,1.));
#12884=DIRECTION('',(1.,0.,0.));
#12885=DIRECTION('',(0.,1.,0.));
#12886=DIRECTION('',(0.,0.,1.));
#12887=DIRECTION('',(1.,0.,0.));
#12888=DIRECTION('',(0.,0.,1.));
#12889=DIRECTION('',(1.,0.,0.));
#12890=DIRECTION('',(0.,-1.,0.));
#12891=DIRECTION('',(0.,0.,1.));
#12892=DIRECTION('',(1.,0.,0.));
#12893=DIRECTION('',(1.,0.,0.));
#12894=DIRECTION('',(0.,0.,1.));
#12895=DIRECTION('',(1.,0.,0.));
#12896=DIRECTION('',(0.,-1.,0.));
#12897=DIRECTION('',(0.,0.,1.));
#12898=DIRECTION('',(1.,0.,0.));
#12899=DIRECTION('',(0.,0.,1.));
#12900=DIRECTION('',(1.,0.,0.));
#12901=DIRECTION('',(0.,-1.,0.));
#12902=DIRECTION('',(0.,0.,1.));
#12903=DIRECTION('',(1.,0.,0.));
#12904=DIRECTION('',(-1.,0.,0.));
#12905=DIRECTION('',(0.,0.,1.));
#12906=DIRECTION('',(1.,0.,0.));
#12907=DIRECTION('',(0.,-1.,0.));
#12908=DIRECTION('',(0.,0.,1.));
#12909=DIRECTION('',(1.,0.,0.));
#12910=DIRECTION('',(0.,0.,1.));
#12911=DIRECTION('',(1.,0.,0.));
#12912=DIRECTION('',(0.,1.,0.));
#12913=DIRECTION('',(0.,0.,1.));
#12914=DIRECTION('',(1.,0.,0.));
#12915=DIRECTION('',(0.,0.,1.));
#12916=DIRECTION('',(1.,0.,0.));
#12917=DIRECTION('',(0.,1.,0.));
#12918=DIRECTION('',(0.,0.,1.));
#12919=DIRECTION('',(1.,0.,0.));
#12920=DIRECTION('',(1.,0.,0.));
#12921=DIRECTION('',(0.,0.,1.));
#12922=DIRECTION('',(1.,0.,0.));
#12923=DIRECTION('',(0.,1.,0.));
#12924=DIRECTION('',(0.,0.,1.));
#12925=DIRECTION('',(1.,0.,0.));
#12926=DIRECTION('',(0.,0.,1.));
#12927=DIRECTION('',(1.,0.,0.));
#12928=DIRECTION('',(0.,1.,0.));
#12929=DIRECTION('',(0.,0.,1.));
#12930=DIRECTION('',(1.,0.,0.));
#12931=DIRECTION('',(1.,0.,0.));
#12932=DIRECTION('',(0.,0.,1.));
#12933=DIRECTION('',(1.,0.,0.));
#12934=DIRECTION('',(0.,1.,0.));
#12935=DIRECTION('',(0.,0.,1.));
#12936=DIRECTION('',(1.,0.,0.));
#12937=DIRECTION('',(1.,0.,0.));
#12938=DIRECTION('',(0.,0.,1.));
#12939=DIRECTION('',(1.,0.,0.));
#12940=DIRECTION('',(-1.20133204707535E-16,1.,0.));
#12941=DIRECTION('',(0.,1.,0.));
#12942=DIRECTION('',(1.,1.57702134179709E-16,0.));
#12943=DIRECTION('',(0.,1.,0.));
#12944=DIRECTION('',(0.,0.,1.));
#12945=DIRECTION('',(1.,0.,0.));
#12946=DIRECTION('',(-1.,0.,0.));
#12947=DIRECTION('',(0.,0.,1.));
#12948=DIRECTION('',(1.,0.,0.));
#12949=DIRECTION('',(0.,1.,0.));
#12950=DIRECTION('',(-1.20133204707535E-16,1.,0.));
#12951=DIRECTION('',(-2.70559786458901E-15,6.97156507371895E-16,-1.));
#12952=DIRECTION('',(-1.,0.,2.70559786458901E-15));
#12953=DIRECTION('',(-1.,0.,0.));
#12954=DIRECTION('',(1.92383484452498E-16,7.53941772925977E-17,1.));
#12955=DIRECTION('',(1.,0.,-1.92383484452498E-16));
#12956=DIRECTION('',(-1.15264018337329E-16,1.,0.));
#12957=DIRECTION('',(-3.65719030957263E-16,5.47118400449213E-18,-1.));
#12958=DIRECTION('',(-1.,0.,3.65719030957263E-16));
#12959=DIRECTION('',(-1.,0.,0.));
#12960=DIRECTION('',(-3.85028234247149E-17,1.40377858101755E-16,1.));
#12961=DIRECTION('',(0.,-1.,1.40377858101755E-16));
#12962=DIRECTION('',(-2.30528036674659E-16,1.,0.));
#12963=DIRECTION('',(4.89139000892165E-17,4.40032267711052E-17,1.));
#12964=DIRECTION('',(1.,0.,-4.89139000892165E-17));
#12965=DIRECTION('',(1.,0.,0.));
#12966=DIRECTION('',(6.54228696899797E-16,2.36984125475289E-15,-1.));
#12967=DIRECTION('',(0.,1.,2.36984125475289E-15));
#12968=DIRECTION('',(0.,1.,0.));
#12969=DIRECTION('',(-1.15432188652455E-16,2.3376714222154E-17,-1.));
#12970=DIRECTION('',(-1.,0.,1.15432188652455E-16));
#12971=DIRECTION('',(-1.,0.,0.));
#12972=DIRECTION('',(0.,0.,1.));
#12973=DIRECTION('',(1.,0.,0.));
#12974=DIRECTION('',(1.,0.,0.));
#12975=DIRECTION('',(1.,0.,0.));
#12976=DIRECTION('',(0.,0.,1.));
#12977=DIRECTION('',(1.,0.,0.));
#12978=DIRECTION('',(0.,-1.,0.));
#12979=DIRECTION('',(0.,0.,1.));
#12980=DIRECTION('',(1.,0.,0.));
#12981=DIRECTION('',(0.,0.,1.));
#12982=DIRECTION('',(1.,0.,0.));
#12983=DIRECTION('',(0.,-1.,0.));
#12984=DIRECTION('',(0.,0.,1.));
#12985=DIRECTION('',(1.,0.,0.));
#12986=DIRECTION('',(0.,0.,1.));
#12987=DIRECTION('',(1.,0.,0.));
#12988=DIRECTION('',(1.,0.,0.));
#12989=DIRECTION('',(0.,0.,1.));
#12990=DIRECTION('',(1.,0.,0.));
#12991=DIRECTION('',(0.,-1.,0.));
#12992=DIRECTION('',(0.,0.,1.));
#12993=DIRECTION('',(1.,0.,0.));
#12994=DIRECTION('',(1.,0.,0.));
#12995=DIRECTION('',(0.,0.,1.));
#12996=DIRECTION('',(1.,0.,0.));
#12997=DIRECTION('',(0.,-1.,0.));
#12998=DIRECTION('',(0.,0.,1.));
#12999=DIRECTION('',(1.,0.,0.));
#13000=DIRECTION('',(0.,0.,1.));
#13001=DIRECTION('',(1.,0.,0.));
#13002=DIRECTION('',(0.,-1.,0.));
#13003=DIRECTION('',(1.,0.,0.));
#13004=DIRECTION('',(0.,0.,1.));
#13005=DIRECTION('',(1.,0.,0.));
#13006=DIRECTION('',(0.,1.,0.));
#13007=DIRECTION('',(0.,0.,1.));
#13008=DIRECTION('',(1.,0.,0.));
#13009=DIRECTION('',(1.,0.,0.));
#13010=DIRECTION('',(0.,0.,1.));
#13011=DIRECTION('',(1.,0.,0.));
#13012=DIRECTION('',(0.,1.,0.));
#13013=DIRECTION('',(0.,0.,1.));
#13014=DIRECTION('',(1.,0.,0.));
#13015=DIRECTION('',(0.,0.,1.));
#13016=DIRECTION('',(1.,0.,0.));
#13017=DIRECTION('',(0.,-1.,0.));
#13018=DIRECTION('',(0.,0.,1.));
#13019=DIRECTION('',(1.,0.,0.));
#13020=DIRECTION('',(1.,0.,0.));
#13021=DIRECTION('',(0.,0.,1.));
#13022=DIRECTION('',(1.,0.,0.));
#13023=DIRECTION('',(0.,-1.,0.));
#13024=DIRECTION('',(0.,0.,1.));
#13025=DIRECTION('',(1.,0.,0.));
#13026=DIRECTION('',(1.,0.,0.));
#13027=DIRECTION('',(0.,0.,1.));
#13028=DIRECTION('',(1.,0.,0.));
#13029=DIRECTION('',(0.,-1.,0.));
#13030=DIRECTION('',(0.,0.,1.));
#13031=DIRECTION('',(1.,0.,0.));
#13032=DIRECTION('',(1.,0.,0.));
#13033=DIRECTION('',(0.,0.,1.));
#13034=DIRECTION('',(1.,0.,0.));
#13035=DIRECTION('',(0.,-1.,0.));
#13036=DIRECTION('',(0.,0.,1.));
#13037=DIRECTION('',(1.,0.,0.));
#13038=DIRECTION('',(1.,0.,0.));
#13039=DIRECTION('',(0.,0.,1.));
#13040=DIRECTION('',(1.,0.,0.));
#13041=DIRECTION('',(0.,-1.,0.));
#13042=DIRECTION('',(0.,0.,1.));
#13043=DIRECTION('',(1.,0.,0.));
#13044=DIRECTION('',(1.,0.,0.));
#13045=DIRECTION('',(0.,0.,1.));
#13046=DIRECTION('',(1.,0.,0.));
#13047=DIRECTION('',(0.,-1.,0.));
#13048=DIRECTION('',(0.,0.,1.));
#13049=DIRECTION('',(1.,0.,0.));
#13050=DIRECTION('',(1.,0.,0.));
#13051=DIRECTION('',(0.,0.,1.));
#13052=DIRECTION('',(1.,0.,0.));
#13053=DIRECTION('',(0.,-1.,0.));
#13054=DIRECTION('',(0.,0.,1.));
#13055=DIRECTION('',(1.,0.,0.));
#13056=DIRECTION('',(1.,0.,0.));
#13057=DIRECTION('',(0.,0.,1.));
#13058=DIRECTION('',(1.,0.,0.));
#13059=DIRECTION('',(0.,-1.,0.));
#13060=DIRECTION('',(0.,0.,1.));
#13061=DIRECTION('',(1.,0.,0.));
#13062=DIRECTION('',(1.,0.,0.));
#13063=DIRECTION('',(0.,0.,1.));
#13064=DIRECTION('',(1.,0.,0.));
#13065=DIRECTION('',(0.,-1.,0.));
#13066=DIRECTION('',(0.,0.,1.));
#13067=DIRECTION('',(1.,0.,0.));
#13068=DIRECTION('',(1.,0.,0.));
#13069=DIRECTION('',(0.,0.,1.));
#13070=DIRECTION('',(1.,0.,0.));
#13071=DIRECTION('',(0.,-1.,0.));
#13072=DIRECTION('',(0.,0.,1.));
#13073=DIRECTION('',(1.,0.,0.));
#13074=DIRECTION('',(1.,0.,0.));
#13075=DIRECTION('',(0.,1.,0.));
#13076=DIRECTION('',(0.,0.,1.));
#13077=DIRECTION('',(1.,0.,0.));
#13078=DIRECTION('',(-1.,0.,0.));
#13079=DIRECTION('',(0.,0.,1.));
#13080=DIRECTION('',(1.,0.,0.));
#13081=DIRECTION('',(-2.64338815386941E-15,1.,0.));
#13082=DIRECTION('',(1.,0.,0.));
#13083=DIRECTION('',(0.,-1.,0.));
#13084=DIRECTION('',(0.,0.,1.));
#13085=DIRECTION('',(1.,0.,0.));
#13086=DIRECTION('',(1.,0.,0.));
#13087=DIRECTION('',(0.,0.,1.));
#13088=DIRECTION('',(1.,0.,0.));
#13089=DIRECTION('',(0.,-1.,0.));
#13090=DIRECTION('',(1.,0.,0.));
#13091=DIRECTION('',(0.,1.,0.));
#13092=DIRECTION('',(0.,0.,1.));
#13093=DIRECTION('',(1.,0.,0.));
#13094=DIRECTION('',(1.,0.,0.));
#13095=DIRECTION('',(0.,0.,1.));
#13096=DIRECTION('',(1.,0.,0.));
#13097=DIRECTION('',(0.,1.,0.));
#13098=DIRECTION('',(0.,0.,1.));
#13099=DIRECTION('',(1.,0.,0.));
#13100=DIRECTION('',(1.,0.,0.));
#13101=DIRECTION('',(0.,0.,1.));
#13102=DIRECTION('',(1.,0.,0.));
#13103=DIRECTION('',(0.,1.,0.));
#13104=DIRECTION('',(-1.,-1.96013952087775E-16,0.));
#13105=DIRECTION('',(0.,-1.,0.));
#13106=DIRECTION('',(0.,0.,1.));
#13107=DIRECTION('',(1.,0.,0.));
#13108=DIRECTION('',(1.,0.,0.));
#13109=DIRECTION('',(0.,0.,1.));
#13110=DIRECTION('',(1.,0.,0.));
#13111=DIRECTION('',(0.,-1.,0.));
#13112=DIRECTION('',(-1.,-1.96013952087775E-16,0.));
#13113=DIRECTION('',(0.,1.,0.));
#13114=DIRECTION('',(0.,0.,1.));
#13115=DIRECTION('',(1.,0.,0.));
#13116=DIRECTION('',(-1.,0.,0.));
#13117=DIRECTION('',(0.,0.,1.));
#13118=DIRECTION('',(1.,0.,0.));
#13119=DIRECTION('',(0.,1.,0.));
#13120=DIRECTION('',(0.,0.,1.));
#13121=DIRECTION('',(1.,0.,0.));
#13122=DIRECTION('',(1.,0.,0.));
#13123=DIRECTION('',(0.,0.,1.));
#13124=DIRECTION('',(1.,0.,0.));
#13125=DIRECTION('',(0.,1.,0.));
#13126=DIRECTION('',(0.,0.,1.));
#13127=DIRECTION('',(1.,0.,0.));
#13128=DIRECTION('',(1.,0.,0.));
#13129=DIRECTION('',(0.,0.,1.));
#13130=DIRECTION('',(1.,0.,0.));
#13131=DIRECTION('',(0.,1.,0.));
#13132=DIRECTION('',(-1.,0.,0.));
#13133=DIRECTION('',(0.,-1.,0.));
#13134=DIRECTION('',(0.,0.,1.));
#13135=DIRECTION('',(1.,0.,0.));
#13136=DIRECTION('',(1.,0.,0.));
#13137=DIRECTION('',(0.,0.,1.));
#13138=DIRECTION('',(1.,0.,0.));
#13139=DIRECTION('',(0.,-1.,0.));
#13140=DIRECTION('',(-1.,0.,0.));
#13141=DIRECTION('',(0.,1.,0.));
#13142=DIRECTION('',(0.,0.,1.));
#13143=DIRECTION('',(1.,0.,0.));
#13144=DIRECTION('',(-1.,0.,0.));
#13145=DIRECTION('',(0.,0.,1.));
#13146=DIRECTION('',(1.,0.,0.));
#13147=DIRECTION('',(0.,1.,0.));
#13148=DIRECTION('',(0.,0.,1.));
#13149=DIRECTION('',(1.,0.,0.));
#13150=DIRECTION('',(-1.,0.,0.));
#13151=DIRECTION('',(0.,0.,1.));
#13152=DIRECTION('',(1.,0.,0.));
#13153=DIRECTION('',(0.,1.,0.));
#13154=DIRECTION('',(1.,0.,0.));
#13155=DIRECTION('',(0.,-1.,0.));
#13156=DIRECTION('',(0.,0.,1.));
#13157=DIRECTION('',(1.,0.,0.));
#13158=DIRECTION('',(1.,0.,0.));
#13159=DIRECTION('',(0.,0.,1.));
#13160=DIRECTION('',(1.,0.,0.));
#13161=DIRECTION('',(0.,-1.,0.));
#13162=DIRECTION('',(1.,0.,0.));
#13163=DIRECTION('',(0.,0.,1.));
#13164=DIRECTION('',(1.,0.,0.));
#13165=DIRECTION('',(0.,-1.,0.));
#13166=DIRECTION('',(0.,0.,1.));
#13167=DIRECTION('',(1.,0.,0.));
#13168=DIRECTION('',(1.,0.,0.));
#13169=DIRECTION('',(0.,0.,1.));
#13170=DIRECTION('',(1.,0.,0.));
#13171=DIRECTION('',(0.,-1.,0.));
#13172=DIRECTION('',(0.,0.,1.));
#13173=DIRECTION('',(1.,0.,0.));
#13174=DIRECTION('',(1.,0.,0.));
#13175=DIRECTION('',(0.,0.,1.));
#13176=DIRECTION('',(1.,0.,0.));
#13177=DIRECTION('',(0.,-1.,0.));
#13178=DIRECTION('',(0.,0.,1.));
#13179=DIRECTION('',(1.,0.,0.));
#13180=DIRECTION('',(1.,0.,0.));
#13181=DIRECTION('',(0.,0.,1.));
#13182=DIRECTION('',(1.,0.,0.));
#13183=DIRECTION('',(0.,-1.,0.));
#13184=DIRECTION('',(0.,0.,1.));
#13185=DIRECTION('',(1.,0.,0.));
#13186=DIRECTION('',(1.,0.,0.));
#13187=DIRECTION('',(0.,0.,1.));
#13188=DIRECTION('',(1.,0.,0.));
#13189=DIRECTION('',(0.,-1.,0.));
#13190=DIRECTION('',(0.,0.,1.));
#13191=DIRECTION('',(1.,0.,0.));
#13192=DIRECTION('',(1.,0.,0.));
#13193=DIRECTION('',(0.,0.,1.));
#13194=DIRECTION('',(1.,0.,0.));
#13195=DIRECTION('',(0.,-1.,0.));
#13196=DIRECTION('',(0.,0.,1.));
#13197=DIRECTION('',(1.,0.,0.));
#13198=DIRECTION('',(1.,0.,0.));
#13199=DIRECTION('',(0.,0.,1.));
#13200=DIRECTION('',(1.,0.,0.));
#13201=DIRECTION('',(0.,-1.,0.));
#13202=DIRECTION('',(0.,0.,1.));
#13203=DIRECTION('',(1.,0.,0.));
#13204=DIRECTION('',(1.,0.,0.));
#13205=DIRECTION('',(0.,0.,1.));
#13206=DIRECTION('',(1.,0.,0.));
#13207=DIRECTION('',(0.,-1.,0.));
#13208=DIRECTION('',(0.,0.,1.));
#13209=DIRECTION('',(1.,0.,0.));
#13210=DIRECTION('',(1.,0.,0.));
#13211=DIRECTION('',(0.,0.,1.));
#13212=DIRECTION('',(1.,0.,0.));
#13213=DIRECTION('',(0.,-1.,0.));
#13214=DIRECTION('',(0.,0.,1.));
#13215=DIRECTION('',(1.,0.,0.));
#13216=DIRECTION('',(1.,0.,0.));
#13217=DIRECTION('',(0.,0.,1.));
#13218=DIRECTION('',(1.,0.,0.));
#13219=DIRECTION('',(0.,-1.,0.));
#13220=DIRECTION('',(0.,0.,1.));
#13221=DIRECTION('',(1.,0.,0.));
#13222=DIRECTION('',(1.,0.,0.));
#13223=DIRECTION('',(0.,0.,1.));
#13224=DIRECTION('',(1.,0.,0.));
#13225=DIRECTION('',(0.,-1.,0.));
#13226=DIRECTION('',(0.,0.,1.));
#13227=DIRECTION('',(1.,0.,0.));
#13228=DIRECTION('',(1.,0.,0.));
#13229=DIRECTION('',(0.,0.,1.));
#13230=DIRECTION('',(1.,0.,0.));
#13231=DIRECTION('',(0.,-1.,0.));
#13232=DIRECTION('',(0.,0.,1.));
#13233=DIRECTION('',(1.,0.,0.));
#13234=DIRECTION('',(1.,0.,0.));
#13235=DIRECTION('',(0.,0.,1.));
#13236=DIRECTION('',(1.,0.,0.));
#13237=DIRECTION('',(0.,-1.,0.));
#13238=DIRECTION('',(0.,0.,1.));
#13239=DIRECTION('',(1.,0.,0.));
#13240=DIRECTION('',(1.,0.,0.));
#13241=DIRECTION('',(0.,0.,1.));
#13242=DIRECTION('',(1.,0.,0.));
#13243=DIRECTION('',(0.,-1.,0.));
#13244=DIRECTION('',(0.,0.,1.));
#13245=DIRECTION('',(1.,0.,0.));
#13246=DIRECTION('',(1.,0.,0.));
#13247=DIRECTION('',(0.,0.,1.));
#13248=DIRECTION('',(1.,0.,0.));
#13249=DIRECTION('',(0.,-1.,0.));
#13250=DIRECTION('',(0.,0.,1.));
#13251=DIRECTION('',(1.,0.,0.));
#13252=DIRECTION('',(1.,0.,0.));
#13253=DIRECTION('',(0.,0.,1.));
#13254=DIRECTION('',(1.,0.,0.));
#13255=DIRECTION('',(0.,-1.,0.));
#13256=DIRECTION('',(0.,0.,1.));
#13257=DIRECTION('',(1.,0.,0.));
#13258=DIRECTION('',(1.,0.,0.));
#13259=DIRECTION('',(0.,0.,1.));
#13260=DIRECTION('',(1.,0.,0.));
#13261=DIRECTION('',(0.,-1.,0.));
#13262=DIRECTION('',(0.,0.,1.));
#13263=DIRECTION('',(1.,0.,0.));
#13264=DIRECTION('',(1.,0.,0.));
#13265=DIRECTION('',(0.,0.,1.));
#13266=DIRECTION('',(1.,0.,0.));
#13267=DIRECTION('',(0.,-1.,0.));
#13268=DIRECTION('',(0.,0.,1.));
#13269=DIRECTION('',(1.,0.,0.));
#13270=DIRECTION('',(1.,0.,0.));
#13271=DIRECTION('',(0.,0.,1.));
#13272=DIRECTION('',(1.,0.,0.));
#13273=DIRECTION('',(0.,-1.,0.));
#13274=DIRECTION('',(0.,0.,1.));
#13275=DIRECTION('',(1.,0.,0.));
#13276=DIRECTION('',(1.,0.,0.));
#13277=DIRECTION('',(0.,0.,1.));
#13278=DIRECTION('',(1.,0.,0.));
#13279=DIRECTION('',(0.,-1.,0.));
#13280=DIRECTION('',(0.,0.,1.));
#13281=DIRECTION('',(1.,0.,0.));
#13282=DIRECTION('',(1.,0.,0.));
#13283=DIRECTION('',(0.,0.,1.));
#13284=DIRECTION('',(1.,0.,0.));
#13285=DIRECTION('',(0.,-1.,0.));
#13286=DIRECTION('',(0.,0.,1.));
#13287=DIRECTION('',(1.,0.,0.));
#13288=DIRECTION('',(1.,0.,0.));
#13289=DIRECTION('',(0.,0.,1.));
#13290=DIRECTION('',(1.,0.,0.));
#13291=DIRECTION('',(0.,-1.,0.));
#13292=DIRECTION('',(0.,0.,1.));
#13293=DIRECTION('',(1.,0.,0.));
#13294=DIRECTION('',(1.,0.,0.));
#13295=DIRECTION('',(0.,0.,1.));
#13296=DIRECTION('',(1.,0.,0.));
#13297=DIRECTION('',(0.,-1.,0.));
#13298=DIRECTION('',(0.,0.,1.));
#13299=DIRECTION('',(1.,0.,0.));
#13300=DIRECTION('',(1.,0.,0.));
#13301=DIRECTION('',(0.,0.,1.));
#13302=DIRECTION('',(1.,0.,0.));
#13303=DIRECTION('',(0.,-1.,0.));
#13304=DIRECTION('',(0.,0.,1.));
#13305=DIRECTION('',(1.,0.,0.));
#13306=DIRECTION('',(1.,0.,0.));
#13307=DIRECTION('',(0.,0.,1.));
#13308=DIRECTION('',(1.,0.,0.));
#13309=DIRECTION('',(0.,-1.,0.));
#13310=DIRECTION('',(0.,0.,1.));
#13311=DIRECTION('',(1.,0.,0.));
#13312=DIRECTION('',(1.,0.,0.));
#13313=DIRECTION('',(0.,0.,1.));
#13314=DIRECTION('',(1.,0.,0.));
#13315=DIRECTION('',(0.,-1.,0.));
#13316=DIRECTION('',(0.,0.,1.));
#13317=DIRECTION('',(1.,0.,0.));
#13318=DIRECTION('',(1.,0.,0.));
#13319=DIRECTION('',(0.,0.,1.));
#13320=DIRECTION('',(1.,0.,0.));
#13321=DIRECTION('',(0.,-1.,0.));
#13322=DIRECTION('',(0.,0.,1.));
#13323=DIRECTION('',(1.,0.,0.));
#13324=DIRECTION('',(1.,0.,0.));
#13325=DIRECTION('',(0.,0.,1.));
#13326=DIRECTION('',(1.,0.,0.));
#13327=DIRECTION('',(0.,-1.,0.));
#13328=DIRECTION('',(0.,0.,1.));
#13329=DIRECTION('',(1.,0.,0.));
#13330=DIRECTION('',(1.,0.,0.));
#13331=DIRECTION('',(0.,0.,1.));
#13332=DIRECTION('',(1.,0.,0.));
#13333=DIRECTION('',(0.,-1.,0.));
#13334=DIRECTION('',(0.,0.,1.));
#13335=DIRECTION('',(1.,0.,0.));
#13336=DIRECTION('',(1.,0.,0.));
#13337=DIRECTION('',(0.,0.,1.));
#13338=DIRECTION('',(1.,0.,0.));
#13339=DIRECTION('',(0.,-1.,0.));
#13340=DIRECTION('',(0.,0.,1.));
#13341=DIRECTION('',(1.,0.,0.));
#13342=DIRECTION('',(1.,0.,0.));
#13343=DIRECTION('',(0.,0.,1.));
#13344=DIRECTION('',(1.,0.,0.));
#13345=DIRECTION('',(0.,-1.,0.));
#13346=DIRECTION('',(0.,0.,1.));
#13347=DIRECTION('',(1.,0.,0.));
#13348=DIRECTION('',(1.,0.,0.));
#13349=DIRECTION('',(0.,0.,1.));
#13350=DIRECTION('',(1.,0.,0.));
#13351=DIRECTION('',(0.,-1.,0.));
#13352=DIRECTION('',(0.,0.,1.));
#13353=DIRECTION('',(1.,0.,0.));
#13354=DIRECTION('',(1.,0.,0.));
#13355=DIRECTION('',(0.,0.,1.));
#13356=DIRECTION('',(1.,0.,0.));
#13357=DIRECTION('',(0.,-1.,0.));
#13358=DIRECTION('',(0.,0.,1.));
#13359=DIRECTION('',(1.,0.,0.));
#13360=DIRECTION('',(1.,0.,0.));
#13361=DIRECTION('',(0.,0.,1.));
#13362=DIRECTION('',(1.,0.,0.));
#13363=DIRECTION('',(0.,-1.,0.));
#13364=DIRECTION('',(0.,0.,1.));
#13365=DIRECTION('',(1.,0.,0.));
#13366=DIRECTION('',(1.,0.,0.));
#13367=DIRECTION('',(0.,0.,1.));
#13368=DIRECTION('',(1.,0.,0.));
#13369=DIRECTION('',(0.,-1.,0.));
#13370=DIRECTION('',(0.,0.,1.));
#13371=DIRECTION('',(1.,0.,0.));
#13372=DIRECTION('',(1.,0.,0.));
#13373=DIRECTION('',(0.,0.,1.));
#13374=DIRECTION('',(1.,0.,0.));
#13375=DIRECTION('',(0.,-1.,0.));
#13376=DIRECTION('',(0.,0.,1.));
#13377=DIRECTION('',(1.,0.,0.));
#13378=DIRECTION('',(1.,0.,0.));
#13379=DIRECTION('',(0.,0.,1.));
#13380=DIRECTION('',(1.,0.,0.));
#13381=DIRECTION('',(0.,-1.,0.));
#13382=DIRECTION('',(0.,0.,1.));
#13383=DIRECTION('',(1.,0.,0.));
#13384=DIRECTION('',(1.,0.,0.));
#13385=DIRECTION('',(0.,0.,1.));
#13386=DIRECTION('',(1.,0.,0.));
#13387=DIRECTION('',(0.,-1.,0.));
#13388=DIRECTION('',(0.,0.,1.));
#13389=DIRECTION('',(1.,0.,0.));
#13390=DIRECTION('',(1.,0.,0.));
#13391=DIRECTION('',(0.,0.,1.));
#13392=DIRECTION('',(1.,0.,0.));
#13393=DIRECTION('',(0.,-1.,0.));
#13394=DIRECTION('',(0.,0.,1.));
#13395=DIRECTION('',(1.,0.,0.));
#13396=DIRECTION('',(1.,0.,0.));
#13397=DIRECTION('',(0.,0.,1.));
#13398=DIRECTION('',(1.,0.,0.));
#13399=DIRECTION('',(0.,-1.,0.));
#13400=DIRECTION('',(0.,0.,1.));
#13401=DIRECTION('',(1.,0.,0.));
#13402=DIRECTION('',(1.,0.,0.));
#13403=DIRECTION('',(0.,0.,1.));
#13404=DIRECTION('',(1.,0.,0.));
#13405=DIRECTION('',(0.,-1.,0.));
#13406=DIRECTION('',(0.,0.,1.));
#13407=DIRECTION('',(1.,0.,0.));
#13408=DIRECTION('',(1.,0.,0.));
#13409=DIRECTION('',(0.,0.,1.));
#13410=DIRECTION('',(1.,0.,0.));
#13411=DIRECTION('',(0.,-1.,0.));
#13412=DIRECTION('',(0.,0.,1.));
#13413=DIRECTION('',(1.,0.,0.));
#13414=DIRECTION('',(1.,0.,0.));
#13415=DIRECTION('',(0.,0.,1.));
#13416=DIRECTION('',(1.,0.,0.));
#13417=DIRECTION('',(0.,-1.,0.));
#13418=DIRECTION('',(0.,0.,1.));
#13419=DIRECTION('',(1.,0.,0.));
#13420=DIRECTION('',(1.,0.,0.));
#13421=DIRECTION('',(0.,0.,1.));
#13422=DIRECTION('',(1.,0.,0.));
#13423=DIRECTION('',(0.,-1.,0.));
#13424=DIRECTION('',(0.,0.,1.));
#13425=DIRECTION('',(1.,0.,0.));
#13426=DIRECTION('',(1.,0.,0.));
#13427=DIRECTION('',(0.,0.,1.));
#13428=DIRECTION('',(1.,0.,0.));
#13429=DIRECTION('',(0.,-1.,0.));
#13430=DIRECTION('',(0.,0.,1.));
#13431=DIRECTION('',(1.,0.,0.));
#13432=DIRECTION('',(1.,0.,0.));
#13433=DIRECTION('',(0.,0.,1.));
#13434=DIRECTION('',(1.,0.,0.));
#13435=DIRECTION('',(0.,-1.,0.));
#13436=DIRECTION('',(0.,0.,1.));
#13437=DIRECTION('',(1.,0.,0.));
#13438=DIRECTION('',(1.,0.,0.));
#13439=DIRECTION('',(0.,0.,1.));
#13440=DIRECTION('',(1.,0.,0.));
#13441=DIRECTION('',(0.,-1.,0.));
#13442=DIRECTION('',(0.,0.,1.));
#13443=DIRECTION('',(1.,0.,0.));
#13444=DIRECTION('',(1.,0.,0.));
#13445=DIRECTION('',(0.,0.,1.));
#13446=DIRECTION('',(1.,0.,0.));
#13447=DIRECTION('',(0.,-1.,0.));
#13448=DIRECTION('',(0.,0.,1.));
#13449=DIRECTION('',(1.,0.,0.));
#13450=DIRECTION('',(1.,0.,0.));
#13451=DIRECTION('',(0.,0.,1.));
#13452=DIRECTION('',(1.,0.,0.));
#13453=DIRECTION('',(0.,-1.,0.));
#13454=DIRECTION('',(0.,0.,1.));
#13455=DIRECTION('',(1.,0.,0.));
#13456=DIRECTION('',(1.,0.,0.));
#13457=DIRECTION('',(0.,0.,1.));
#13458=DIRECTION('',(1.,0.,0.));
#13459=DIRECTION('',(0.,-1.,0.));
#13460=DIRECTION('',(0.,0.,1.));
#13461=DIRECTION('',(1.,0.,0.));
#13462=DIRECTION('',(1.,0.,0.));
#13463=DIRECTION('',(0.,0.,1.));
#13464=DIRECTION('',(1.,0.,0.));
#13465=DIRECTION('',(0.,-1.,0.));
#13466=DIRECTION('',(0.,0.,1.));
#13467=DIRECTION('',(1.,0.,0.));
#13468=DIRECTION('',(1.,0.,0.));
#13469=DIRECTION('',(0.,0.,1.));
#13470=DIRECTION('',(1.,0.,0.));
#13471=DIRECTION('',(0.,-1.,0.));
#13472=DIRECTION('',(0.,0.,1.));
#13473=DIRECTION('',(1.,0.,0.));
#13474=DIRECTION('',(1.,0.,0.));
#13475=DIRECTION('',(0.,0.,1.));
#13476=DIRECTION('',(1.,0.,0.));
#13477=DIRECTION('',(0.,-1.,0.));
#13478=DIRECTION('',(0.,0.,1.));
#13479=DIRECTION('',(1.,0.,0.));
#13480=DIRECTION('',(1.,0.,0.));
#13481=DIRECTION('',(0.,0.,1.));
#13482=DIRECTION('',(1.,0.,0.));
#13483=DIRECTION('',(0.,-1.,0.));
#13484=DIRECTION('',(0.,0.,1.));
#13485=DIRECTION('',(1.,0.,0.));
#13486=DIRECTION('',(1.,0.,0.));
#13487=DIRECTION('',(0.,0.,1.));
#13488=DIRECTION('',(1.,0.,0.));
#13489=DIRECTION('',(0.,-1.,0.));
#13490=DIRECTION('',(0.,0.,1.));
#13491=DIRECTION('',(1.,0.,0.));
#13492=DIRECTION('',(1.,0.,0.));
#13493=DIRECTION('',(0.,0.,1.));
#13494=DIRECTION('',(1.,0.,0.));
#13495=DIRECTION('',(0.,-1.,0.));
#13496=DIRECTION('',(0.,0.,1.));
#13497=DIRECTION('',(1.,0.,0.));
#13498=DIRECTION('',(1.,0.,0.));
#13499=DIRECTION('',(0.,0.,1.));
#13500=DIRECTION('',(1.,0.,0.));
#13501=DIRECTION('',(0.,-1.,0.));
#13502=DIRECTION('',(0.,0.,1.));
#13503=DIRECTION('',(1.,0.,0.));
#13504=DIRECTION('',(1.,0.,0.));
#13505=DIRECTION('',(0.,0.,1.));
#13506=DIRECTION('',(1.,0.,0.));
#13507=DIRECTION('',(0.,-1.,0.));
#13508=DIRECTION('',(0.,0.,1.));
#13509=DIRECTION('',(1.,0.,0.));
#13510=DIRECTION('',(1.,0.,0.));
#13511=DIRECTION('',(0.,0.,1.));
#13512=DIRECTION('',(1.,0.,0.));
#13513=DIRECTION('',(0.,-1.,0.));
#13514=DIRECTION('',(0.,0.,1.));
#13515=DIRECTION('',(1.,0.,0.));
#13516=DIRECTION('',(1.,0.,0.));
#13517=DIRECTION('',(0.,0.,1.));
#13518=DIRECTION('',(1.,0.,0.));
#13519=DIRECTION('',(0.,-1.,0.));
#13520=DIRECTION('',(0.,0.,1.));
#13521=DIRECTION('',(1.,0.,0.));
#13522=DIRECTION('',(1.,0.,0.));
#13523=DIRECTION('',(0.,0.,1.));
#13524=DIRECTION('',(1.,0.,0.));
#13525=DIRECTION('',(0.,-1.,0.));
#13526=DIRECTION('',(0.,0.,1.));
#13527=DIRECTION('',(1.,0.,0.));
#13528=DIRECTION('',(1.,0.,0.));
#13529=DIRECTION('',(0.,0.,1.));
#13530=DIRECTION('',(1.,0.,0.));
#13531=DIRECTION('',(0.,-1.,0.));
#13532=DIRECTION('',(0.,0.,1.));
#13533=DIRECTION('',(1.,0.,0.));
#13534=DIRECTION('',(1.,0.,0.));
#13535=DIRECTION('',(0.,1.,0.));
#13536=DIRECTION('',(0.,0.,1.));
#13537=DIRECTION('',(0.,0.,-1.));
#13538=DIRECTION('',(0.,1.,0.));
#13539=DIRECTION('',(0.,0.,1.));
#13540=DIRECTION('',(0.,0.,-1.));
#13541=DIRECTION('',(0.,1.,0.));
#13542=DIRECTION('',(0.,0.,1.));
#13543=DIRECTION('',(0.,0.,-1.));
#13544=DIRECTION('',(0.,0.,-1.));
#13545=DIRECTION('',(0.,0.,-1.));
#13546=DIRECTION('',(-1.,0.,0.));
#13547=DIRECTION('',(0.,0.,-1.));
#13548=DIRECTION('',(1.,0.,0.));
#13549=DIRECTION('',(0.,0.,-1.));
#13550=DIRECTION('',(0.,0.,-1.));
#13551=DIRECTION('',(0.,0.,-1.));
#13552=DIRECTION('',(-1.,0.,0.));
#13553=DIRECTION('',(0.,0.,-1.));
#13554=DIRECTION('',(0.,1.,0.));
#13555=DIRECTION('',(0.,0.,1.));
#13556=DIRECTION('',(0.,0.,-1.));
#13557=DIRECTION('',(0.,0.,-1.));
#13558=DIRECTION('',(-1.,0.,0.));
#13559=DIRECTION('',(0.,0.,-1.));
#13560=DIRECTION('',(1.,0.,0.));
#13561=DIRECTION('',(0.,0.,-1.));
#13562=DIRECTION('',(0.,0.,-1.));
#13563=DIRECTION('',(0.,0.,-1.));
#13564=DIRECTION('',(-1.,0.,0.));
#13565=DIRECTION('',(0.,1.,0.));
#13566=DIRECTION('',(0.,0.,1.));
#13567=DIRECTION('',(0.,0.,-1.));
#13568=DIRECTION('',(0.,0.,-1.));
#13569=DIRECTION('',(0.,0.,-1.));
#13570=DIRECTION('',(-1.,0.,0.));
#13571=DIRECTION('',(0.,0.,-1.));
#13572=DIRECTION('',(1.,0.,0.));
#13573=DIRECTION('',(0.,0.,-1.));
#13574=DIRECTION('',(0.,0.,-1.));
#13575=DIRECTION('',(0.,0.,-1.));
#13576=DIRECTION('',(-1.,0.,0.));
#13577=DIRECTION('',(0.,0.,-1.));
#13578=DIRECTION('',(0.,1.,0.));
#13579=DIRECTION('',(0.,0.,1.));
#13580=DIRECTION('',(0.,0.,-1.));
#13581=DIRECTION('',(0.,0.,-1.));
#13582=DIRECTION('',(-1.,0.,0.));
#13583=DIRECTION('',(0.,0.,-1.));
#13584=DIRECTION('',(1.,0.,0.));
#13585=DIRECTION('',(0.,0.,-1.));
#13586=DIRECTION('',(0.,0.,-1.));
#13587=DIRECTION('',(0.,0.,-1.));
#13588=DIRECTION('',(-1.,0.,0.));
#13589=DIRECTION('',(0.,1.,0.));
#13590=DIRECTION('',(0.,0.,1.));
#13591=DIRECTION('',(0.,0.,-1.));
#13592=DIRECTION('',(0.,0.,-1.));
#13593=DIRECTION('',(0.,0.,-1.));
#13594=DIRECTION('',(-1.,0.,0.));
#13595=DIRECTION('',(0.,0.,-1.));
#13596=DIRECTION('',(1.,0.,0.));
#13597=DIRECTION('',(0.,0.,-1.));
#13598=DIRECTION('',(0.,0.,-1.));
#13599=DIRECTION('',(0.,0.,-1.));
#13600=DIRECTION('',(-1.,0.,0.));
#13601=DIRECTION('',(0.,0.,-1.));
#13602=DIRECTION('',(0.,1.,0.));
#13603=DIRECTION('',(0.,0.,1.));
#13604=DIRECTION('',(0.,0.,-1.));
#13605=DIRECTION('',(0.,0.,-1.));
#13606=DIRECTION('',(-1.,0.,0.));
#13607=DIRECTION('',(0.,0.,-1.));
#13608=DIRECTION('',(1.,0.,0.));
#13609=DIRECTION('',(0.,0.,-1.));
#13610=DIRECTION('',(0.,0.,-1.));
#13611=DIRECTION('',(0.,0.,-1.));
#13612=DIRECTION('',(-1.,0.,0.));
#13613=DIRECTION('',(0.,1.,0.));
#13614=DIRECTION('',(0.,0.,1.));
#13615=DIRECTION('',(0.,0.,-1.));
#13616=DIRECTION('',(0.,0.,-1.));
#13617=DIRECTION('',(0.,0.,-1.));
#13618=DIRECTION('',(-1.,0.,0.));
#13619=DIRECTION('',(0.,0.,-1.));
#13620=DIRECTION('',(1.,0.,0.));
#13621=DIRECTION('',(0.,0.,-1.));
#13622=DIRECTION('',(0.,0.,-1.));
#13623=DIRECTION('',(0.,0.,-1.));
#13624=DIRECTION('',(-1.,0.,0.));
#13625=DIRECTION('',(0.,0.,-1.));
#13626=DIRECTION('',(0.,1.,0.));
#13627=DIRECTION('',(0.,0.,1.));
#13628=DIRECTION('',(0.,0.,-1.));
#13629=DIRECTION('',(0.,0.,-1.));
#13630=DIRECTION('',(-1.,0.,0.));
#13631=DIRECTION('',(0.,0.,-1.));
#13632=DIRECTION('',(1.,0.,0.));
#13633=DIRECTION('',(0.,0.,-1.));
#13634=DIRECTION('',(0.,0.,-1.));
#13635=DIRECTION('',(0.,0.,-1.));
#13636=DIRECTION('',(-1.,0.,0.));
#13637=DIRECTION('',(0.,1.,0.));
#13638=DIRECTION('',(0.,0.,1.));
#13639=DIRECTION('',(0.,0.,-1.));
#13640=DIRECTION('',(0.,0.,-1.));
#13641=DIRECTION('',(0.,0.,-1.));
#13642=DIRECTION('',(-1.,0.,0.));
#13643=DIRECTION('',(0.,0.,-1.));
#13644=DIRECTION('',(1.,0.,0.));
#13645=DIRECTION('',(0.,0.,-1.));
#13646=DIRECTION('',(0.,0.,-1.));
#13647=DIRECTION('',(0.,0.,-1.));
#13648=DIRECTION('',(-1.,0.,0.));
#13649=DIRECTION('',(0.,0.,-1.));
#13650=DIRECTION('',(0.,1.,0.));
#13651=DIRECTION('',(0.,0.,1.));
#13652=DIRECTION('',(0.,0.,-1.));
#13653=DIRECTION('',(0.,0.,-1.));
#13654=DIRECTION('',(-1.,0.,0.));
#13655=DIRECTION('',(0.,0.,-1.));
#13656=DIRECTION('',(1.,0.,0.));
#13657=DIRECTION('',(0.,0.,-1.));
#13658=DIRECTION('',(0.,0.,-1.));
#13659=DIRECTION('',(0.,0.,-1.));
#13660=DIRECTION('',(-1.,0.,0.));
#13661=DIRECTION('',(0.,1.,0.));
#13662=DIRECTION('',(0.,0.,1.));
#13663=DIRECTION('',(0.,0.,-1.));
#13664=DIRECTION('',(0.,0.,-1.));
#13665=DIRECTION('',(0.,0.,-1.));
#13666=DIRECTION('',(-1.,0.,0.));
#13667=DIRECTION('',(0.,0.,-1.));
#13668=DIRECTION('',(1.,0.,0.));
#13669=DIRECTION('',(0.,0.,-1.));
#13670=DIRECTION('',(0.,0.,-1.));
#13671=DIRECTION('',(0.,0.,-1.));
#13672=DIRECTION('',(-1.,0.,0.));
#13673=DIRECTION('',(0.,0.,-1.));
#13674=DIRECTION('',(0.,1.,0.));
#13675=DIRECTION('',(0.,0.,1.));
#13676=DIRECTION('',(0.,0.,-1.));
#13677=DIRECTION('',(0.,0.,-1.));
#13678=DIRECTION('',(-1.,0.,0.));
#13679=DIRECTION('',(0.,0.,-1.));
#13680=DIRECTION('',(1.,0.,0.));
#13681=DIRECTION('',(0.,0.,-1.));
#13682=DIRECTION('',(0.,0.,-1.));
#13683=DIRECTION('',(0.,0.,-1.));
#13684=DIRECTION('',(-1.,0.,0.));
#13685=DIRECTION('',(0.,0.,-1.));
#13686=DIRECTION('',(-1.,0.,0.));
#13687=DIRECTION('',(0.,0.,-1.));
#13688=DIRECTION('',(1.,0.,0.));
#13689=DIRECTION('',(0.,0.,-1.));
#13690=DIRECTION('',(0.,0.,-1.));
#13691=DIRECTION('',(0.,0.,-1.));
#13692=DIRECTION('',(-1.,0.,0.));
#13693=DIRECTION('',(0.,0.,1.));
#13694=DIRECTION('',(1.,0.,0.));
#13695=DIRECTION('',(0.,0.,1.));
#13696=DIRECTION('',(0.,0.,1.));
#13697=DIRECTION('',(-1.,0.,0.));
#13698=DIRECTION('',(0.,0.,1.));
#13699=DIRECTION('',(0.,0.,1.));
#13700=DIRECTION('',(0.,0.,1.));
#13701=DIRECTION('',(1.,0.,0.));
#13702=DIRECTION('',(0.,0.,1.));
#13703=DIRECTION('',(0.,1.,0.));
#13704=DIRECTION('',(0.,0.,1.));
#13705=DIRECTION('',(0.,0.,1.));
#13706=DIRECTION('',(0.,0.,1.));
#13707=DIRECTION('',(1.,0.,0.));
#13708=DIRECTION('',(0.,0.,1.));
#13709=DIRECTION('',(-1.,0.,0.));
#13710=DIRECTION('',(0.,0.,1.));
#13711=DIRECTION('',(0.,0.,1.));
#13712=DIRECTION('',(0.,0.,1.));
#13713=DIRECTION('',(1.,0.,0.));
#13714=DIRECTION('',(0.,0.,1.));
#13715=DIRECTION('',(0.,1.,0.));
#13716=DIRECTION('',(0.,0.,1.));
#13717=DIRECTION('',(0.,0.,1.));
#13718=DIRECTION('',(1.,0.,0.));
#13719=DIRECTION('',(0.,0.,-1.));
#13720=DIRECTION('',(-1.,0.,0.));
#13721=DIRECTION('',(0.,0.,1.));
#13722=DIRECTION('',(0.,0.,-1.));
#13723=DIRECTION('',(1.,0.,0.));
#13724=DIRECTION('',(0.,0.,-1.));
#13725=DIRECTION('',(0.,0.,1.));
#13726=DIRECTION('',(0.,0.,-1.));
#13727=DIRECTION('',(1.,0.,0.));
#13728=DIRECTION('',(0.,0.,-1.));
#13729=DIRECTION('',(0.,0.,-1.));
#13730=DIRECTION('',(0.,0.,-1.));
#13731=DIRECTION('',(1.,0.,0.));
#13732=DIRECTION('',(0.,0.,-1.));
#13733=DIRECTION('',(0.,0.,1.));
#13734=DIRECTION('',(0.,0.,-1.));
#13735=DIRECTION('',(1.,0.,0.));
#13736=DIRECTION('',(0.,0.,-1.));
#13737=DIRECTION('',(0.,0.,-1.));
#13738=DIRECTION('',(0.,0.,-1.));
#13739=DIRECTION('',(1.,0.,0.));
#13740=DIRECTION('',(0.,0.,-1.));
#13741=DIRECTION('',(0.,0.,1.));
#13742=DIRECTION('',(0.,0.,-1.));
#13743=DIRECTION('',(1.,0.,0.));
#13744=DIRECTION('',(0.,0.,-1.));
#13745=DIRECTION('',(0.,0.,-1.));
#13746=DIRECTION('',(0.,0.,-1.));
#13747=DIRECTION('',(1.,0.,0.));
#13748=DIRECTION('',(0.,0.,-1.));
#13749=DIRECTION('',(0.,0.,1.));
#13750=DIRECTION('',(0.,0.,-1.));
#13751=DIRECTION('',(1.,0.,0.));
#13752=DIRECTION('',(0.,0.,-1.));
#13753=DIRECTION('',(0.,0.,-1.));
#13754=DIRECTION('',(0.,0.,-1.));
#13755=DIRECTION('',(0.,1.,0.));
#13756=DIRECTION('',(0.,0.,1.));
#13757=DIRECTION('',(-1.38777878078145E-16,0.,-1.));
#13758=DIRECTION('',(0.,0.,1.));
#13759=DIRECTION('',(0.,0.,-1.));
#13760=DIRECTION('',(-1.,0.,0.));
#13761=DIRECTION('',(0.,0.,-1.));
#13762=DIRECTION('',(0.,0.,-1.));
#13763=DIRECTION('',(0.,1.,0.));
#13764=DIRECTION('',(0.,0.,1.));
#13765=DIRECTION('',(0.,0.,-1.));
#13766=DIRECTION('',(0.,0.,-1.));
#13767=DIRECTION('',(-1.,0.,0.));
#13768=DIRECTION('',(0.,0.,-1.));
#13769=DIRECTION('',(1.,0.,0.));
#13770=DIRECTION('',(0.,0.,-1.));
#13771=DIRECTION('',(0.,0.,-1.));
#13772=DIRECTION('',(0.,0.,-1.));
#13773=DIRECTION('',(-1.,0.,0.));
#13774=DIRECTION('',(0.,0.,-1.));
#13775=DIRECTION('',(0.,1.,0.));
#13776=DIRECTION('',(0.,0.,1.));
#13777=DIRECTION('',(0.,0.,-1.));
#13778=DIRECTION('',(0.,0.,-1.));
#13779=DIRECTION('',(-1.,0.,0.));
#13780=DIRECTION('',(0.,0.,-1.));
#13781=DIRECTION('',(0.,0.,-1.));
#13782=DIRECTION('',(-1.,0.,0.));
#13783=DIRECTION('',(0.,0.,-1.));
#13784=DIRECTION('',(0.,0.,-1.));
#13785=DIRECTION('',(0.,1.,0.));
#13786=DIRECTION('',(0.,0.,1.));
#13787=DIRECTION('',(0.,0.,-1.));
#13788=DIRECTION('',(0.,0.,-1.));
#13789=DIRECTION('',(-1.,0.,0.));
#13790=DIRECTION('',(0.,0.,-1.));
#13791=DIRECTION('',(1.,0.,0.));
#13792=DIRECTION('',(0.,0.,-1.));
#13793=DIRECTION('',(0.,0.,-1.));
#13794=DIRECTION('',(0.,0.,-1.));
#13795=DIRECTION('',(-1.,0.,0.));
#13796=DIRECTION('',(0.,0.,-1.));
#13797=DIRECTION('',(0.,1.,0.));
#13798=DIRECTION('',(0.,0.,1.));
#13799=DIRECTION('',(0.,0.,-1.));
#13800=DIRECTION('',(0.,0.,-1.));
#13801=DIRECTION('',(-1.,0.,0.));
#13802=DIRECTION('',(0.,0.,-1.));
#13803=DIRECTION('',(0.,0.,-1.));
#13804=DIRECTION('',(-1.,0.,0.));
#13805=DIRECTION('',(0.,0.,-1.));
#13806=DIRECTION('',(0.,0.,-1.));
#13807=DIRECTION('',(0.,1.,0.));
#13808=DIRECTION('',(0.,0.,1.));
#13809=DIRECTION('',(0.,0.,-1.));
#13810=DIRECTION('',(0.,0.,-1.));
#13811=DIRECTION('',(-1.,0.,0.));
#13812=DIRECTION('',(0.,0.,-1.));
#13813=DIRECTION('',(1.,0.,0.));
#13814=DIRECTION('',(0.,0.,-1.));
#13815=DIRECTION('',(0.,0.,-1.));
#13816=DIRECTION('',(0.,0.,-1.));
#13817=DIRECTION('',(-1.,0.,0.));
#13818=DIRECTION('',(0.,0.,-1.));
#13819=DIRECTION('',(0.,1.,0.));
#13820=DIRECTION('',(0.,0.,1.));
#13821=DIRECTION('',(0.,0.,-1.));
#13822=DIRECTION('',(0.,0.,-1.));
#13823=DIRECTION('',(-1.,0.,0.));
#13824=DIRECTION('',(0.,0.,-1.));
#13825=DIRECTION('',(0.,0.,-1.));
#13826=DIRECTION('',(-1.,0.,0.));
#13827=DIRECTION('',(0.,0.,-1.));
#13828=DIRECTION('',(0.,0.,-1.));
#13829=DIRECTION('',(0.,1.,0.));
#13830=DIRECTION('',(0.,0.,1.));
#13831=DIRECTION('',(0.,0.,-1.));
#13832=DIRECTION('',(0.,0.,-1.));
#13833=DIRECTION('',(-1.,0.,0.));
#13834=DIRECTION('',(0.,0.,-1.));
#13835=DIRECTION('',(1.,0.,0.));
#13836=DIRECTION('',(0.,0.,-1.));
#13837=DIRECTION('',(0.,0.,-1.));
#13838=DIRECTION('',(0.,0.,-1.));
#13839=DIRECTION('',(-1.,0.,0.));
#13840=DIRECTION('',(0.,0.,-1.));
#13841=DIRECTION('',(0.,1.,0.));
#13842=DIRECTION('',(0.,0.,1.));
#13843=DIRECTION('',(0.,0.,-1.));
#13844=DIRECTION('',(0.,0.,-1.));
#13845=DIRECTION('',(-1.,0.,0.));
#13846=DIRECTION('',(0.,0.,-1.));
#13847=DIRECTION('',(0.,0.,-1.));
#13848=DIRECTION('',(-1.,0.,0.));
#13849=DIRECTION('',(0.,0.,-1.));
#13850=DIRECTION('',(0.,0.,-1.));
#13851=DIRECTION('',(0.,1.,0.));
#13852=DIRECTION('',(0.,0.,1.));
#13853=DIRECTION('',(0.,0.,-1.));
#13854=DIRECTION('',(0.,0.,-1.));
#13855=DIRECTION('',(-1.,0.,0.));
#13856=DIRECTION('',(0.,0.,-1.));
#13857=DIRECTION('',(1.,0.,0.));
#13858=DIRECTION('',(0.,0.,-1.));
#13859=DIRECTION('',(0.,0.,-1.));
#13860=DIRECTION('',(0.,0.,-1.));
#13861=DIRECTION('',(-1.,0.,0.));
#13862=DIRECTION('',(0.,0.,-1.));
#13863=DIRECTION('',(0.,1.,0.));
#13864=DIRECTION('',(0.,0.,1.));
#13865=DIRECTION('',(0.,0.,-1.));
#13866=DIRECTION('',(0.,0.,-1.));
#13867=DIRECTION('',(-1.,0.,0.));
#13868=DIRECTION('',(0.,0.,-1.));
#13869=DIRECTION('',(0.,0.,-1.));
#13870=DIRECTION('',(-1.,0.,0.));
#13871=DIRECTION('',(0.,0.,-1.));
#13872=DIRECTION('',(0.,0.,-1.));
#13873=DIRECTION('',(0.,1.,0.));
#13874=DIRECTION('',(0.,0.,1.));
#13875=DIRECTION('',(0.,0.,-1.));
#13876=DIRECTION('',(0.,0.,-1.));
#13877=DIRECTION('',(-1.,0.,0.));
#13878=DIRECTION('',(0.,0.,-1.));
#13879=DIRECTION('',(1.,0.,0.));
#13880=DIRECTION('',(0.,0.,-1.));
#13881=DIRECTION('',(0.,0.,-1.));
#13882=DIRECTION('',(0.,0.,-1.));
#13883=DIRECTION('',(-1.,0.,0.));
#13884=DIRECTION('',(0.,0.,-1.));
#13885=DIRECTION('',(0.,1.,0.));
#13886=DIRECTION('',(0.,0.,1.));
#13887=DIRECTION('',(0.,0.,-1.));
#13888=DIRECTION('',(0.,0.,-1.));
#13889=DIRECTION('',(-1.,0.,0.));
#13890=DIRECTION('',(0.,0.,-1.));
#13891=DIRECTION('',(0.,0.,-1.));
#13892=DIRECTION('',(-1.,0.,0.));
#13893=DIRECTION('',(0.,0.,-1.));
#13894=DIRECTION('',(0.,0.,-1.));
#13895=DIRECTION('',(0.,1.,0.));
#13896=DIRECTION('',(0.,0.,1.));
#13897=DIRECTION('',(0.,0.,-1.));
#13898=DIRECTION('',(0.,0.,-1.));
#13899=DIRECTION('',(-1.,0.,0.));
#13900=DIRECTION('',(0.,0.,-1.));
#13901=DIRECTION('',(1.,0.,0.));
#13902=DIRECTION('',(0.,0.,-1.));
#13903=DIRECTION('',(0.,0.,-1.));
#13904=DIRECTION('',(0.,0.,-1.));
#13905=DIRECTION('',(-1.,0.,0.));
#13906=DIRECTION('',(0.,0.,-1.));
#13907=DIRECTION('',(0.,1.,0.));
#13908=DIRECTION('',(0.,0.,1.));
#13909=DIRECTION('',(0.,0.,-1.));
#13910=DIRECTION('',(0.,0.,-1.));
#13911=DIRECTION('',(-1.,0.,0.));
#13912=DIRECTION('',(0.,0.,-1.));
#13913=DIRECTION('',(0.,0.,-1.));
#13914=DIRECTION('',(-1.,0.,0.));
#13915=DIRECTION('',(0.,0.,-1.));
#13916=DIRECTION('',(0.,0.,-1.));
#13917=DIRECTION('',(0.,1.,0.));
#13918=DIRECTION('',(0.,0.,1.));
#13919=DIRECTION('',(0.,0.,-1.));
#13920=DIRECTION('',(0.,0.,-1.));
#13921=DIRECTION('',(-1.,0.,0.));
#13922=DIRECTION('',(0.,0.,-1.));
#13923=DIRECTION('',(1.,0.,0.));
#13924=DIRECTION('',(0.,0.,-1.));
#13925=DIRECTION('',(0.,0.,-1.));
#13926=DIRECTION('',(0.,0.,-1.));
#13927=DIRECTION('',(-1.,0.,0.));
#13928=DIRECTION('',(0.,0.,-1.));
#13929=DIRECTION('',(0.,1.,0.));
#13930=DIRECTION('',(0.,0.,1.));
#13931=DIRECTION('',(0.,0.,-1.));
#13932=DIRECTION('',(0.,0.,-1.));
#13933=DIRECTION('',(-1.,0.,0.));
#13934=DIRECTION('',(0.,0.,-1.));
#13935=DIRECTION('',(0.,0.,-1.));
#13936=DIRECTION('',(-1.,0.,0.));
#13937=DIRECTION('',(0.,0.,-1.));
#13938=DIRECTION('',(0.,0.,-1.));
#13939=DIRECTION('',(0.,1.,0.));
#13940=DIRECTION('',(0.,0.,1.));
#13941=DIRECTION('',(0.,0.,-1.));
#13942=DIRECTION('',(0.,0.,-1.));
#13943=DIRECTION('',(-1.,0.,0.));
#13944=DIRECTION('',(0.,0.,-1.));
#13945=DIRECTION('',(1.,0.,0.));
#13946=DIRECTION('',(0.,0.,-1.));
#13947=DIRECTION('',(0.,0.,-1.));
#13948=DIRECTION('',(0.,0.,-1.));
#13949=DIRECTION('',(-1.,0.,0.));
#13950=DIRECTION('',(0.,0.,-1.));
#13951=DIRECTION('',(0.,1.,0.));
#13952=DIRECTION('',(0.,0.,1.));
#13953=DIRECTION('',(0.,0.,-1.));
#13954=DIRECTION('',(0.,0.,-1.));
#13955=DIRECTION('',(-1.,0.,0.));
#13956=DIRECTION('',(0.,0.,-1.));
#13957=DIRECTION('',(0.,0.,-1.));
#13958=DIRECTION('',(-1.,0.,0.));
#13959=DIRECTION('',(0.,0.,-1.));
#13960=DIRECTION('',(0.,0.,-1.));
#13961=DIRECTION('',(0.,1.,0.));
#13962=DIRECTION('',(0.,0.,1.));
#13963=DIRECTION('',(0.,0.,-1.));
#13964=DIRECTION('',(0.,0.,-1.));
#13965=DIRECTION('',(-1.,0.,0.));
#13966=DIRECTION('',(0.,0.,-1.));
#13967=DIRECTION('',(1.,0.,0.));
#13968=DIRECTION('',(0.,0.,-1.));
#13969=DIRECTION('',(0.,0.,-1.));
#13970=DIRECTION('',(0.,0.,-1.));
#13971=DIRECTION('',(-1.,0.,0.));
#13972=DIRECTION('',(0.,0.,-1.));
#13973=DIRECTION('',(0.,1.,0.));
#13974=DIRECTION('',(0.,0.,1.));
#13975=DIRECTION('',(0.,0.,-1.));
#13976=DIRECTION('',(0.,0.,-1.));
#13977=DIRECTION('',(-1.,0.,0.));
#13978=DIRECTION('',(0.,0.,-1.));
#13979=DIRECTION('',(0.,0.,-1.));
#13980=DIRECTION('',(-1.,0.,0.));
#13981=DIRECTION('',(0.,0.,-1.));
#13982=DIRECTION('',(0.,0.,-1.));
#13983=DIRECTION('',(0.,1.,0.));
#13984=DIRECTION('',(0.,0.,1.));
#13985=DIRECTION('',(0.,0.,-1.));
#13986=DIRECTION('',(0.,0.,-1.));
#13987=DIRECTION('',(-1.,0.,0.));
#13988=DIRECTION('',(0.,0.,-1.));
#13989=DIRECTION('',(1.,0.,0.));
#13990=DIRECTION('',(0.,0.,-1.));
#13991=DIRECTION('',(0.,0.,-1.));
#13992=DIRECTION('',(0.,0.,-1.));
#13993=DIRECTION('',(-1.,0.,0.));
#13994=DIRECTION('',(0.,0.,-1.));
#13995=DIRECTION('',(0.,1.,0.));
#13996=DIRECTION('',(0.,0.,1.));
#13997=DIRECTION('',(0.,0.,-1.));
#13998=DIRECTION('',(0.,0.,-1.));
#13999=DIRECTION('',(-1.,0.,0.));
#14000=DIRECTION('',(0.,0.,-1.));
#14001=DIRECTION('',(0.,0.,-1.));
#14002=DIRECTION('',(-1.,0.,0.));
#14003=DIRECTION('',(0.,0.,-1.));
#14004=DIRECTION('',(0.,0.,-1.));
#14005=DIRECTION('',(0.,1.,0.));
#14006=DIRECTION('',(0.,0.,1.));
#14007=DIRECTION('',(0.,0.,-1.));
#14008=DIRECTION('',(0.,0.,-1.));
#14009=DIRECTION('',(-1.,0.,0.));
#14010=DIRECTION('',(0.,0.,-1.));
#14011=DIRECTION('',(1.,0.,0.));
#14012=DIRECTION('',(0.,0.,-1.));
#14013=DIRECTION('',(0.,0.,-1.));
#14014=DIRECTION('',(0.,0.,-1.));
#14015=DIRECTION('',(-1.,0.,0.));
#14016=DIRECTION('',(0.,0.,-1.));
#14017=DIRECTION('',(0.,1.,0.));
#14018=DIRECTION('',(0.,0.,1.));
#14019=DIRECTION('',(0.,0.,-1.));
#14020=DIRECTION('',(0.,0.,-1.));
#14021=DIRECTION('',(-1.,0.,0.));
#14022=DIRECTION('',(0.,0.,-1.));
#14023=DIRECTION('',(0.,0.,-1.));
#14024=DIRECTION('',(-1.,0.,0.));
#14025=DIRECTION('',(0.,0.,-1.));
#14026=DIRECTION('',(0.,0.,-1.));
#14027=DIRECTION('',(0.,1.,0.));
#14028=DIRECTION('',(0.,0.,1.));
#14029=DIRECTION('',(0.,0.,-1.));
#14030=DIRECTION('',(0.,0.,-1.));
#14031=DIRECTION('',(-1.,0.,0.));
#14032=DIRECTION('',(0.,0.,-1.));
#14033=DIRECTION('',(1.,0.,0.));
#14034=DIRECTION('',(0.,0.,-1.));
#14035=DIRECTION('',(0.,0.,-1.));
#14036=DIRECTION('',(0.,0.,-1.));
#14037=DIRECTION('',(-1.,0.,0.));
#14038=DIRECTION('',(0.,0.,-1.));
#14039=DIRECTION('',(0.,1.,0.));
#14040=DIRECTION('',(0.,0.,1.));
#14041=DIRECTION('',(0.,0.,-1.));
#14042=DIRECTION('',(0.,0.,-1.));
#14043=DIRECTION('',(-1.,0.,0.));
#14044=DIRECTION('',(0.,0.,-1.));
#14045=DIRECTION('',(0.,0.,-1.));
#14046=DIRECTION('',(-1.,0.,0.));
#14047=DIRECTION('',(0.,0.,-1.));
#14048=DIRECTION('',(0.,0.,-1.));
#14049=DIRECTION('',(0.,1.,0.));
#14050=DIRECTION('',(0.,0.,1.));
#14051=DIRECTION('',(0.,0.,-1.));
#14052=DIRECTION('',(0.,0.,-1.));
#14053=DIRECTION('',(-1.,0.,0.));
#14054=DIRECTION('',(0.,0.,-1.));
#14055=DIRECTION('',(1.,0.,0.));
#14056=DIRECTION('',(0.,0.,-1.));
#14057=DIRECTION('',(0.,0.,-1.));
#14058=DIRECTION('',(0.,0.,-1.));
#14059=DIRECTION('',(-1.,0.,0.));
#14060=DIRECTION('',(0.,0.,-1.));
#14061=DIRECTION('',(0.,1.,0.));
#14062=DIRECTION('',(0.,0.,1.));
#14063=DIRECTION('',(0.,0.,-1.));
#14064=DIRECTION('',(0.,0.,-1.));
#14065=DIRECTION('',(-1.,0.,0.));
#14066=DIRECTION('',(0.,0.,-1.));
#14067=DIRECTION('',(0.,0.,-1.));
#14068=DIRECTION('',(-1.,0.,0.));
#14069=DIRECTION('',(0.,0.,-1.));
#14070=DIRECTION('',(0.,1.,0.));
#14071=DIRECTION('',(0.,0.,1.));
#14072=DIRECTION('',(0.,0.,-1.));
#14073=DIRECTION('',(0.,0.,-1.));
#14074=DIRECTION('',(-1.,0.,0.));
#14075=DIRECTION('',(0.,0.,-1.));
#14076=DIRECTION('',(-1.,0.,0.));
#14077=DIRECTION('',(0.,0.,-1.));
#14078=DIRECTION('',(0.,1.,0.));
#14079=DIRECTION('',(0.,0.,1.));
#14080=DIRECTION('',(0.,0.,-1.));
#14081=DIRECTION('',(0.,0.,-1.));
#14082=DIRECTION('',(-1.,0.,0.));
#14083=DIRECTION('',(0.,0.,-1.));
#14084=DIRECTION('',(-1.,0.,0.));
#14085=DIRECTION('',(0.,0.,-1.));
#14086=DIRECTION('',(0.,0.,-1.));
#14087=DIRECTION('',(0.,1.,0.));
#14088=DIRECTION('',(0.,0.,1.));
#14089=DIRECTION('',(0.,0.,-1.));
#14090=DIRECTION('',(0.,0.,-1.));
#14091=DIRECTION('',(-1.,0.,0.));
#14092=DIRECTION('',(0.,0.,-1.));
#14093=DIRECTION('',(1.,0.,0.));
#14094=DIRECTION('',(0.,0.,-1.));
#14095=DIRECTION('',(0.,0.,-1.));
#14096=DIRECTION('',(0.,0.,-1.));
#14097=DIRECTION('',(-1.,0.,0.));
#14098=DIRECTION('',(0.,0.,-1.));
#14099=DIRECTION('',(0.,1.,0.));
#14100=DIRECTION('',(0.,0.,1.));
#14101=DIRECTION('',(0.,0.,-1.));
#14102=DIRECTION('',(0.,0.,-1.));
#14103=DIRECTION('',(-1.,0.,0.));
#14104=DIRECTION('',(0.,0.,-1.));
#14105=DIRECTION('',(0.,0.,-1.));
#14106=DIRECTION('',(-1.,0.,0.));
#14107=DIRECTION('',(0.,0.,-1.));
#14108=DIRECTION('',(0.,0.,-1.));
#14109=DIRECTION('',(0.,1.,0.));
#14110=DIRECTION('',(0.,0.,1.));
#14111=DIRECTION('',(0.,0.,-1.));
#14112=DIRECTION('',(0.,0.,-1.));
#14113=DIRECTION('',(-1.,0.,0.));
#14114=DIRECTION('',(0.,0.,-1.));
#14115=DIRECTION('',(1.,0.,0.));
#14116=DIRECTION('',(0.,0.,-1.));
#14117=DIRECTION('',(0.,0.,-1.));
#14118=DIRECTION('',(0.,0.,-1.));
#14119=DIRECTION('',(-1.,0.,0.));
#14120=DIRECTION('',(0.,0.,-1.));
#14121=DIRECTION('',(0.,1.,0.));
#14122=DIRECTION('',(0.,0.,1.));
#14123=DIRECTION('',(0.,0.,-1.));
#14124=DIRECTION('',(0.,0.,-1.));
#14125=DIRECTION('',(-1.,0.,0.));
#14126=DIRECTION('',(0.,0.,-1.));
#14127=DIRECTION('',(0.,0.,-1.));
#14128=DIRECTION('',(-1.,0.,0.));
#14129=DIRECTION('',(0.,0.,-1.));
#14130=DIRECTION('',(0.,0.,-1.));
#14131=DIRECTION('',(0.,1.,0.));
#14132=DIRECTION('',(0.,0.,1.));
#14133=DIRECTION('',(0.,0.,-1.));
#14134=DIRECTION('',(0.,0.,-1.));
#14135=DIRECTION('',(-1.,0.,0.));
#14136=DIRECTION('',(0.,0.,-1.));
#14137=DIRECTION('',(1.,0.,0.));
#14138=DIRECTION('',(0.,0.,-1.));
#14139=DIRECTION('',(0.,0.,-1.));
#14140=DIRECTION('',(0.,0.,-1.));
#14141=DIRECTION('',(-1.,0.,0.));
#14142=DIRECTION('',(0.,0.,-1.));
#14143=DIRECTION('',(0.,1.,0.));
#14144=DIRECTION('',(0.,0.,1.));
#14145=DIRECTION('',(0.,0.,-1.));
#14146=DIRECTION('',(0.,0.,-1.));
#14147=DIRECTION('',(-1.,0.,0.));
#14148=DIRECTION('',(0.,0.,-1.));
#14149=DIRECTION('',(0.,0.,-1.));
#14150=DIRECTION('',(-1.,0.,0.));
#14151=DIRECTION('',(0.,0.,-1.));
#14152=DIRECTION('',(0.,0.,-1.));
#14153=DIRECTION('',(0.,1.,0.));
#14154=DIRECTION('',(0.,0.,1.));
#14155=DIRECTION('',(0.,0.,-1.));
#14156=DIRECTION('',(0.,0.,-1.));
#14157=DIRECTION('',(-1.,0.,0.));
#14158=DIRECTION('',(0.,0.,-1.));
#14159=DIRECTION('',(1.,0.,0.));
#14160=DIRECTION('',(0.,0.,-1.));
#14161=DIRECTION('',(0.,0.,-1.));
#14162=DIRECTION('',(0.,0.,-1.));
#14163=DIRECTION('',(-1.,0.,0.));
#14164=DIRECTION('',(0.,0.,-1.));
#14165=DIRECTION('',(0.,1.,0.));
#14166=DIRECTION('',(0.,0.,1.));
#14167=DIRECTION('',(0.,0.,-1.));
#14168=DIRECTION('',(0.,0.,-1.));
#14169=DIRECTION('',(-1.,0.,0.));
#14170=DIRECTION('',(0.,0.,-1.));
#14171=DIRECTION('',(0.,0.,-1.));
#14172=DIRECTION('',(-1.,0.,0.));
#14173=DIRECTION('',(0.,0.,-1.));
#14174=DIRECTION('',(1.,0.,0.));
#14175=DIRECTION('',(0.,0.,-1.));
#14176=DIRECTION('',(0.,0.,-1.));
#14177=DIRECTION('',(0.,0.,-1.));
#14178=DIRECTION('',(-1.,0.,0.));
#14179=DIRECTION('',(0.,0.,-1.));
#14180=DIRECTION('',(-1.,0.,0.));
#14181=DIRECTION('',(0.,0.,-1.));
#14182=DIRECTION('',(0.,0.,-1.));
#14183=DIRECTION('',(0.,1.,0.));
#14184=DIRECTION('',(0.,0.,1.));
#14185=DIRECTION('',(0.,0.,-1.));
#14186=DIRECTION('',(0.,0.,-1.));
#14187=DIRECTION('',(-1.,0.,0.));
#14188=DIRECTION('',(0.,0.,-1.));
#14189=DIRECTION('',(1.,0.,0.));
#14190=DIRECTION('',(0.,0.,-1.));
#14191=DIRECTION('',(0.,0.,-1.));
#14192=DIRECTION('',(0.,0.,-1.));
#14193=DIRECTION('',(-1.,0.,0.));
#14194=DIRECTION('',(0.,0.,-1.));
#14195=DIRECTION('',(0.,1.,0.));
#14196=DIRECTION('',(0.,0.,1.));
#14197=DIRECTION('',(0.,0.,-1.));
#14198=DIRECTION('',(0.,0.,-1.));
#14199=DIRECTION('',(-1.,0.,0.));
#14200=DIRECTION('',(0.,0.,-1.));
#14201=DIRECTION('',(0.,0.,-1.));
#14202=DIRECTION('',(-1.,0.,0.));
#14203=DIRECTION('',(0.,0.,-1.));
#14204=DIRECTION('',(0.,0.,-1.));
#14205=DIRECTION('',(0.,1.,0.));
#14206=DIRECTION('',(0.,0.,1.));
#14207=DIRECTION('',(0.,0.,-1.));
#14208=DIRECTION('',(0.,0.,-1.));
#14209=DIRECTION('',(-1.,0.,0.));
#14210=DIRECTION('',(0.,0.,-1.));
#14211=DIRECTION('',(1.,0.,0.));
#14212=DIRECTION('',(0.,0.,-1.));
#14213=DIRECTION('',(0.,0.,-1.));
#14214=DIRECTION('',(0.,0.,-1.));
#14215=DIRECTION('',(-1.,0.,0.));
#14216=DIRECTION('',(0.,0.,-1.));
#14217=DIRECTION('',(0.,1.,0.));
#14218=DIRECTION('',(0.,0.,1.));
#14219=DIRECTION('',(0.,0.,-1.));
#14220=DIRECTION('',(0.,0.,-1.));
#14221=DIRECTION('',(-1.,0.,0.));
#14222=DIRECTION('',(0.,0.,-1.));
#14223=DIRECTION('',(0.,0.,-1.));
#14224=DIRECTION('',(-1.,0.,0.));
#14225=DIRECTION('',(0.,0.,-1.));
#14226=DIRECTION('',(0.,0.,-1.));
#14227=DIRECTION('',(0.,1.,0.));
#14228=DIRECTION('',(0.,0.,1.));
#14229=DIRECTION('',(0.,0.,-1.));
#14230=DIRECTION('',(0.,0.,-1.));
#14231=DIRECTION('',(-1.,0.,0.));
#14232=DIRECTION('',(0.,0.,-1.));
#14233=DIRECTION('',(1.,0.,0.));
#14234=DIRECTION('',(0.,0.,-1.));
#14235=DIRECTION('',(0.,0.,-1.));
#14236=DIRECTION('',(0.,0.,-1.));
#14237=DIRECTION('',(-1.,0.,0.));
#14238=DIRECTION('',(0.,0.,-1.));
#14239=DIRECTION('',(0.,1.,0.));
#14240=DIRECTION('',(0.,0.,1.));
#14241=DIRECTION('',(0.,0.,-1.));
#14242=DIRECTION('',(0.,0.,-1.));
#14243=DIRECTION('',(-1.,0.,0.));
#14244=DIRECTION('',(0.,0.,-1.));
#14245=DIRECTION('',(0.,0.,-1.));
#14246=DIRECTION('',(-1.,0.,0.));
#14247=DIRECTION('',(0.,0.,-1.));
#14248=DIRECTION('',(0.,0.,-1.));
#14249=DIRECTION('',(0.,1.,0.));
#14250=DIRECTION('',(0.,0.,1.));
#14251=DIRECTION('',(0.,0.,-1.));
#14252=DIRECTION('',(0.,0.,-1.));
#14253=DIRECTION('',(-1.,0.,0.));
#14254=DIRECTION('',(0.,0.,-1.));
#14255=DIRECTION('',(1.,0.,0.));
#14256=DIRECTION('',(0.,0.,-1.));
#14257=DIRECTION('',(0.,0.,-1.));
#14258=DIRECTION('',(0.,0.,-1.));
#14259=DIRECTION('',(-1.,0.,0.));
#14260=DIRECTION('',(0.,0.,-1.));
#14261=DIRECTION('',(0.,1.,0.));
#14262=DIRECTION('',(0.,0.,1.));
#14263=DIRECTION('',(0.,0.,-1.));
#14264=DIRECTION('',(0.,0.,-1.));
#14265=DIRECTION('',(-1.,0.,0.));
#14266=DIRECTION('',(0.,0.,-1.));
#14267=DIRECTION('',(0.,0.,-1.));
#14268=DIRECTION('',(-1.,0.,0.));
#14269=DIRECTION('',(0.,0.,-1.));
#14270=DIRECTION('',(0.,0.,-1.));
#14271=DIRECTION('',(0.,1.,0.));
#14272=DIRECTION('',(0.,0.,1.));
#14273=DIRECTION('',(0.,0.,-1.));
#14274=DIRECTION('',(0.,0.,-1.));
#14275=DIRECTION('',(-1.,0.,0.));
#14276=DIRECTION('',(0.,0.,-1.));
#14277=DIRECTION('',(1.,0.,0.));
#14278=DIRECTION('',(0.,0.,-1.));
#14279=DIRECTION('',(0.,0.,-1.));
#14280=DIRECTION('',(0.,0.,-1.));
#14281=DIRECTION('',(-1.,0.,0.));
#14282=DIRECTION('',(0.,0.,-1.));
#14283=DIRECTION('',(0.,1.,0.));
#14284=DIRECTION('',(0.,0.,1.));
#14285=DIRECTION('',(0.,0.,-1.));
#14286=DIRECTION('',(0.,0.,-1.));
#14287=DIRECTION('',(-1.,0.,0.));
#14288=DIRECTION('',(0.,0.,-1.));
#14289=DIRECTION('',(0.,0.,-1.));
#14290=DIRECTION('',(-1.,0.,0.));
#14291=DIRECTION('',(0.,0.,-1.));
#14292=DIRECTION('',(0.,0.,-1.));
#14293=DIRECTION('',(0.,1.,0.));
#14294=DIRECTION('',(0.,0.,1.));
#14295=DIRECTION('',(0.,0.,-1.));
#14296=DIRECTION('',(0.,0.,-1.));
#14297=DIRECTION('',(-1.,0.,0.));
#14298=DIRECTION('',(0.,0.,-1.));
#14299=DIRECTION('',(1.,0.,0.));
#14300=DIRECTION('',(0.,0.,-1.));
#14301=DIRECTION('',(0.,0.,-1.));
#14302=DIRECTION('',(0.,0.,-1.));
#14303=DIRECTION('',(-1.,0.,0.));
#14304=DIRECTION('',(0.,0.,-1.));
#14305=DIRECTION('',(0.,1.,0.));
#14306=DIRECTION('',(0.,0.,1.));
#14307=DIRECTION('',(0.,0.,-1.));
#14308=DIRECTION('',(0.,0.,-1.));
#14309=DIRECTION('',(-1.,0.,0.));
#14310=DIRECTION('',(0.,0.,-1.));
#14311=DIRECTION('',(0.,0.,-1.));
#14312=DIRECTION('',(-1.,0.,0.));
#14313=DIRECTION('',(0.,0.,-1.));
#14314=DIRECTION('',(0.,0.,-1.));
#14315=DIRECTION('',(0.,1.,0.));
#14316=DIRECTION('',(0.,0.,1.));
#14317=DIRECTION('',(0.,0.,-1.));
#14318=DIRECTION('',(0.,0.,-1.));
#14319=DIRECTION('',(-1.,0.,0.));
#14320=DIRECTION('',(0.,0.,-1.));
#14321=DIRECTION('',(1.,0.,0.));
#14322=DIRECTION('',(0.,0.,-1.));
#14323=DIRECTION('',(0.,0.,-1.));
#14324=DIRECTION('',(0.,0.,-1.));
#14325=DIRECTION('',(-1.,0.,0.));
#14326=DIRECTION('',(0.,0.,-1.));
#14327=DIRECTION('',(0.,1.,0.));
#14328=DIRECTION('',(0.,0.,1.));
#14329=DIRECTION('',(0.,0.,-1.));
#14330=DIRECTION('',(0.,0.,-1.));
#14331=DIRECTION('',(-1.,0.,0.));
#14332=DIRECTION('',(0.,0.,-1.));
#14333=DIRECTION('',(0.,0.,-1.));
#14334=DIRECTION('',(-1.,0.,0.));
#14335=DIRECTION('',(0.,0.,-1.));
#14336=DIRECTION('',(1.,0.,0.));
#14337=DIRECTION('',(0.,0.,-1.));
#14338=DIRECTION('',(0.,0.,-1.));
#14339=DIRECTION('',(0.,0.,-1.));
#14340=DIRECTION('',(-1.,0.,0.));
#14341=DIRECTION('',(0.,0.,-1.));
#14342=DIRECTION('',(-1.,0.,0.));
#14343=DIRECTION('',(0.,0.,-1.));
#14344=DIRECTION('',(0.,0.,-1.));
#14345=DIRECTION('',(0.,1.,0.));
#14346=DIRECTION('',(0.,0.,1.));
#14347=DIRECTION('',(0.,0.,-1.));
#14348=DIRECTION('',(0.,0.,-1.));
#14349=DIRECTION('',(-1.,0.,0.));
#14350=DIRECTION('',(0.,0.,-1.));
#14351=DIRECTION('',(1.,0.,0.));
#14352=DIRECTION('',(0.,0.,-1.));
#14353=DIRECTION('',(0.,0.,-1.));
#14354=DIRECTION('',(0.,0.,-1.));
#14355=DIRECTION('',(-1.,0.,0.));
#14356=DIRECTION('',(0.,0.,-1.));
#14357=DIRECTION('',(0.,1.,0.));
#14358=DIRECTION('',(0.,0.,1.));
#14359=DIRECTION('',(0.,0.,-1.));
#14360=DIRECTION('',(0.,0.,-1.));
#14361=DIRECTION('',(-1.,0.,0.));
#14362=DIRECTION('',(0.,0.,-1.));
#14363=DIRECTION('',(0.,0.,-1.));
#14364=DIRECTION('',(-1.,0.,0.));
#14365=DIRECTION('',(0.,0.,-1.));
#14366=DIRECTION('',(0.,1.,0.));
#14367=DIRECTION('',(0.,0.,1.));
#14368=DIRECTION('',(0.,0.,-1.));
#14369=DIRECTION('',(0.,0.,-1.));
#14370=DIRECTION('',(-1.,0.,0.));
#14371=DIRECTION('',(0.,0.,-1.));
#14372=DIRECTION('',(-1.,0.,0.));
#14373=DIRECTION('',(0.,0.,-1.));
#14374=DIRECTION('',(0.,1.,0.));
#14375=DIRECTION('',(0.,0.,1.));
#14376=DIRECTION('',(0.,0.,-1.));
#14377=DIRECTION('',(0.,0.,-1.));
#14378=DIRECTION('',(-1.,0.,0.));
#14379=DIRECTION('',(0.,0.,-1.));
#14380=DIRECTION('',(-1.,0.,0.));
#14381=DIRECTION('',(0.,0.,-1.));
#14382=DIRECTION('',(0.,0.,-1.));
#14383=DIRECTION('',(0.,1.,0.));
#14384=DIRECTION('',(0.,0.,1.));
#14385=DIRECTION('',(0.,0.,-1.));
#14386=DIRECTION('',(0.,0.,-1.));
#14387=DIRECTION('',(-1.,0.,0.));
#14388=DIRECTION('',(0.,0.,-1.));
#14389=DIRECTION('',(1.,0.,0.));
#14390=DIRECTION('',(0.,0.,-1.));
#14391=DIRECTION('',(0.,0.,-1.));
#14392=DIRECTION('',(0.,0.,-1.));
#14393=DIRECTION('',(-1.,0.,0.));
#14394=DIRECTION('',(0.,0.,-1.));
#14395=DIRECTION('',(0.,1.,0.));
#14396=DIRECTION('',(0.,0.,1.));
#14397=DIRECTION('',(0.,0.,-1.));
#14398=DIRECTION('',(0.,0.,-1.));
#14399=DIRECTION('',(-1.,0.,0.));
#14400=DIRECTION('',(0.,0.,-1.));
#14401=DIRECTION('',(0.,0.,-1.));
#14402=DIRECTION('',(-1.,0.,0.));
#14403=DIRECTION('',(0.,0.,-1.));
#14404=DIRECTION('',(0.,0.,-1.));
#14405=DIRECTION('',(0.,1.,0.));
#14406=DIRECTION('',(0.,0.,1.));
#14407=DIRECTION('',(0.,0.,-1.));
#14408=DIRECTION('',(0.,0.,-1.));
#14409=DIRECTION('',(-1.,0.,0.));
#14410=DIRECTION('',(0.,0.,-1.));
#14411=DIRECTION('',(1.,0.,0.));
#14412=DIRECTION('',(0.,0.,-1.));
#14413=DIRECTION('',(0.,0.,-1.));
#14414=DIRECTION('',(0.,0.,-1.));
#14415=DIRECTION('',(-1.,0.,0.));
#14416=DIRECTION('',(0.,0.,-1.));
#14417=DIRECTION('',(0.,1.,0.));
#14418=DIRECTION('',(0.,0.,1.));
#14419=DIRECTION('',(0.,0.,-1.));
#14420=DIRECTION('',(0.,0.,-1.));
#14421=DIRECTION('',(-1.,0.,0.));
#14422=DIRECTION('',(0.,0.,-1.));
#14423=DIRECTION('',(0.,0.,-1.));
#14424=DIRECTION('',(-1.,0.,0.));
#14425=DIRECTION('',(0.,0.,-1.));
#14426=DIRECTION('',(0.,0.,-1.));
#14427=DIRECTION('',(0.,1.,0.));
#14428=DIRECTION('',(0.,0.,1.));
#14429=DIRECTION('',(0.,0.,-1.));
#14430=DIRECTION('',(0.,0.,-1.));
#14431=DIRECTION('',(-1.,0.,0.));
#14432=DIRECTION('',(0.,0.,-1.));
#14433=DIRECTION('',(1.,0.,0.));
#14434=DIRECTION('',(0.,0.,-1.));
#14435=DIRECTION('',(0.,0.,-1.));
#14436=DIRECTION('',(0.,0.,-1.));
#14437=DIRECTION('',(-1.,0.,0.));
#14438=DIRECTION('',(0.,0.,-1.));
#14439=DIRECTION('',(0.,1.,0.));
#14440=DIRECTION('',(0.,0.,1.));
#14441=DIRECTION('',(0.,0.,-1.));
#14442=DIRECTION('',(0.,0.,-1.));
#14443=DIRECTION('',(-1.,0.,0.));
#14444=DIRECTION('',(0.,0.,-1.));
#14445=DIRECTION('',(0.,0.,-1.));
#14446=DIRECTION('',(-1.,0.,0.));
#14447=DIRECTION('',(0.,0.,-1.));
#14448=DIRECTION('',(0.,0.,-1.));
#14449=DIRECTION('',(0.,1.,0.));
#14450=DIRECTION('',(0.,0.,1.));
#14451=DIRECTION('',(0.,0.,-1.));
#14452=DIRECTION('',(0.,0.,-1.));
#14453=DIRECTION('',(-1.,0.,0.));
#14454=DIRECTION('',(0.,0.,-1.));
#14455=DIRECTION('',(1.,0.,0.));
#14456=DIRECTION('',(0.,0.,-1.));
#14457=DIRECTION('',(0.,0.,-1.));
#14458=DIRECTION('',(0.,0.,-1.));
#14459=DIRECTION('',(-1.,0.,0.));
#14460=DIRECTION('',(0.,0.,-1.));
#14461=DIRECTION('',(0.,1.,0.));
#14462=DIRECTION('',(0.,0.,1.));
#14463=DIRECTION('',(0.,0.,-1.));
#14464=DIRECTION('',(0.,0.,-1.));
#14465=DIRECTION('',(-1.,0.,0.));
#14466=DIRECTION('',(0.,0.,-1.));
#14467=DIRECTION('',(0.,0.,-1.));
#14468=DIRECTION('',(-1.,0.,0.));
#14469=DIRECTION('',(0.,0.,-1.));
#14470=DIRECTION('',(0.,0.,-1.));
#14471=DIRECTION('',(0.,1.,0.));
#14472=DIRECTION('',(0.,0.,1.));
#14473=DIRECTION('',(0.,0.,-1.));
#14474=DIRECTION('',(0.,0.,-1.));
#14475=DIRECTION('',(-1.,0.,0.));
#14476=DIRECTION('',(0.,0.,-1.));
#14477=DIRECTION('',(1.,0.,0.));
#14478=DIRECTION('',(0.,0.,-1.));
#14479=DIRECTION('',(0.,0.,-1.));
#14480=DIRECTION('',(0.,0.,-1.));
#14481=DIRECTION('',(-1.,0.,0.));
#14482=DIRECTION('',(0.,0.,-1.));
#14483=DIRECTION('',(0.,1.,0.));
#14484=DIRECTION('',(0.,0.,1.));
#14485=DIRECTION('',(0.,0.,-1.));
#14486=DIRECTION('',(0.,0.,-1.));
#14487=DIRECTION('',(-1.,0.,0.));
#14488=DIRECTION('',(0.,0.,-1.));
#14489=DIRECTION('',(1.,0.,0.));
#14490=DIRECTION('',(0.,0.,-1.));
#14491=DIRECTION('',(1.,0.,0.));
#14492=DIRECTION('',(0.,0.,-1.));
#14493=DIRECTION('',(1.,0.,0.));
#14494=DIRECTION('',(0.,0.,-1.));
#14495=DIRECTION('',(1.,0.,0.));
#14496=DIRECTION('',(0.,0.,-1.));
#14497=DIRECTION('',(1.,0.,0.));
#14498=DIRECTION('',(0.,0.,-1.));
#14499=DIRECTION('',(1.,0.,0.));
#14500=DIRECTION('',(0.,0.,-1.));
#14501=DIRECTION('',(1.,0.,0.));
#14502=DIRECTION('',(0.,0.,-1.));
#14503=DIRECTION('',(1.,0.,0.));
#14504=DIRECTION('',(0.,0.,-1.));
#14505=DIRECTION('',(1.,0.,0.));
#14506=DIRECTION('',(0.,0.,-1.));
#14507=DIRECTION('',(1.,0.,0.));
#14508=DIRECTION('',(0.,0.,-1.));
#14509=DIRECTION('',(1.,0.,0.));
#14510=DIRECTION('',(0.,0.,-1.));
#14511=DIRECTION('',(1.,0.,0.));
#14512=DIRECTION('',(0.,0.,-1.));
#14513=DIRECTION('',(1.,0.,0.));
#14514=DIRECTION('',(0.,0.,-1.));
#14515=DIRECTION('',(1.,0.,0.));
#14516=DIRECTION('',(0.,0.,-1.));
#14517=DIRECTION('',(1.,0.,0.));
#14518=DIRECTION('',(0.,0.,-1.));
#14519=DIRECTION('',(1.,0.,0.));
#14520=DIRECTION('',(0.,0.,-1.));
#14521=DIRECTION('',(1.,0.,0.));
#14522=DIRECTION('',(0.,0.,-1.));
#14523=DIRECTION('',(1.,0.,0.));
#14524=DIRECTION('',(0.,0.,-1.));
#14525=DIRECTION('',(1.,0.,0.));
#14526=DIRECTION('',(0.,0.,-1.));
#14527=DIRECTION('',(1.,0.,0.));
#14528=DIRECTION('',(0.,0.,-1.));
#14529=DIRECTION('',(1.,0.,0.));
#14530=DIRECTION('',(0.,0.,-1.));
#14531=DIRECTION('',(1.,0.,0.));
#14532=DIRECTION('',(0.,0.,-1.));
#14533=DIRECTION('',(1.,0.,0.));
#14534=DIRECTION('',(0.,0.,-1.));
#14535=DIRECTION('',(1.,0.,0.));
#14536=DIRECTION('',(0.,0.,-1.));
#14537=DIRECTION('',(1.,0.,0.));
#14538=DIRECTION('',(0.,0.,-1.));
#14539=DIRECTION('',(1.,0.,0.));
#14540=DIRECTION('',(0.,0.,-1.));
#14541=DIRECTION('',(1.,0.,0.));
#14542=DIRECTION('',(0.,0.,-1.));
#14543=DIRECTION('',(1.,0.,0.));
#14544=DIRECTION('',(0.,0.,-1.));
#14545=DIRECTION('',(1.,0.,0.));
#14546=DIRECTION('',(0.,0.,-1.));
#14547=DIRECTION('',(1.,0.,0.));
#14548=DIRECTION('',(0.,0.,-1.));
#14549=DIRECTION('',(1.,0.,0.));
#14550=DIRECTION('',(0.,0.,-1.));
#14551=DIRECTION('',(1.,0.,0.));
#14552=DIRECTION('',(0.,0.,-1.));
#14553=DIRECTION('',(0.,0.,1.));
#14554=DIRECTION('',(0.,1.,0.));
#14555=DIRECTION('',(0.,0.,1.));
#14556=DIRECTION('',(0.,0.,1.));
#14557=DIRECTION('',(0.,0.,1.));
#14558=DIRECTION('',(1.,0.,0.));
#14559=DIRECTION('',(0.,0.,1.));
#14560=DIRECTION('',(1.,0.,0.));
#14561=DIRECTION('',(0.,0.,1.));
#14562=DIRECTION('',(0.,-1.,0.));
#14563=DIRECTION('',(0.,0.,-1.));
#14564=DIRECTION('',(-1.,0.,0.));
#14565=DIRECTION('',(0.,0.,1.));
#14566=DIRECTION('',(0.,0.,1.));
#14567=DIRECTION('',(1.,0.,0.));
#14568=DIRECTION('',(0.,0.,1.));
#14569=DIRECTION('',(1.,0.,0.));
#14570=DIRECTION('',(0.,0.,1.));
#14571=DIRECTION('',(-1.,0.,0.));
#14572=DIRECTION('',(0.,0.,1.));
#14573=DIRECTION('',(0.,1.,0.));
#14574=DIRECTION('',(0.,0.,1.));
#14575=DIRECTION('',(0.,0.,1.));
#14576=DIRECTION('',(1.,0.,0.));
#14577=DIRECTION('',(0.,0.,1.));
#14578=DIRECTION('',(1.,0.,0.));
#14579=DIRECTION('',(0.,0.,1.));
#14580=DIRECTION('',(0.,-1.,0.));
#14581=DIRECTION('',(0.,0.,-1.));
#14582=DIRECTION('',(-1.,0.,0.));
#14583=DIRECTION('',(0.,0.,1.));
#14584=DIRECTION('',(0.,0.,1.));
#14585=DIRECTION('',(1.,0.,0.));
#14586=DIRECTION('',(0.,0.,1.));
#14587=DIRECTION('',(1.,0.,0.));
#14588=DIRECTION('',(0.,0.,1.));
#14589=DIRECTION('',(-1.,0.,0.));
#14590=DIRECTION('',(0.,0.,1.));
#14591=DIRECTION('',(0.,1.,0.));
#14592=DIRECTION('',(0.,0.,1.));
#14593=DIRECTION('',(0.,0.,1.));
#14594=DIRECTION('',(1.,0.,0.));
#14595=DIRECTION('',(0.,0.,1.));
#14596=DIRECTION('',(1.,0.,0.));
#14597=DIRECTION('',(0.,0.,1.));
#14598=DIRECTION('',(0.,-1.,0.));
#14599=DIRECTION('',(0.,0.,-1.));
#14600=DIRECTION('',(-1.,0.,0.));
#14601=DIRECTION('',(0.,0.,1.));
#14602=DIRECTION('',(0.,0.,1.));
#14603=DIRECTION('',(1.,0.,0.));
#14604=DIRECTION('',(0.,0.,1.));
#14605=DIRECTION('',(1.,0.,0.));
#14606=DIRECTION('',(0.,0.,1.));
#14607=DIRECTION('',(1.,0.,0.));
#14608=DIRECTION('',(0.,0.,-1.));
#14609=DIRECTION('',(0.,0.,1.));
#14610=DIRECTION('',(0.,1.,0.));
#14611=DIRECTION('',(0.,0.,1.));
#14612=DIRECTION('',(0.,1.,0.));
#14613=DIRECTION('',(0.,0.,1.));
#14614=DIRECTION('',(0.,0.,1.));
#14615=DIRECTION('',(1.,0.,0.));
#14616=DIRECTION('',(0.,0.,1.));
#14617=DIRECTION('',(1.,0.,0.));
#14618=DIRECTION('',(0.,0.,1.));
#14619=DIRECTION('',(0.,-1.,0.));
#14620=DIRECTION('',(0.,0.,-1.));
#14621=DIRECTION('',(-1.,0.,0.));
#14622=DIRECTION('',(0.,0.,1.));
#14623=DIRECTION('',(0.,0.,1.));
#14624=DIRECTION('',(1.,0.,0.));
#14625=DIRECTION('',(0.,0.,1.));
#14626=DIRECTION('',(1.,0.,0.));
#14627=DIRECTION('',(0.,0.,1.));
#14628=DIRECTION('',(1.,0.,0.));
#14629=DIRECTION('',(0.,0.,-1.));
#14630=DIRECTION('',(0.,0.,1.));
#14631=DIRECTION('',(0.,1.,0.));
#14632=DIRECTION('',(0.,0.,1.));
#14633=DIRECTION('',(0.,-1.,0.));
#14634=DIRECTION('',(0.,0.,-1.));
#14635=DIRECTION('',(0.,1.,0.));
#14636=DIRECTION('',(0.,0.,1.));
#14637=DIRECTION('',(0.,1.,0.));
#14638=DIRECTION('',(0.,0.,1.));
#14639=DIRECTION('',(0.,0.,1.));
#14640=DIRECTION('',(1.,0.,0.));
#14641=DIRECTION('',(0.,0.,-1.));
#14642=DIRECTION('',(0.,0.,1.));
#14643=DIRECTION('',(0.,1.,0.));
#14644=DIRECTION('',(0.,0.,1.));
#14645=DIRECTION('',(0.,0.,1.));
#14646=DIRECTION('',(1.,0.,0.));
#14647=DIRECTION('',(0.,0.,1.));
#14648=DIRECTION('',(1.,0.,0.));
#14649=DIRECTION('',(0.,0.,1.));
#14650=DIRECTION('',(0.,1.,0.));
#14651=DIRECTION('',(0.,0.,1.));
#14652=DIRECTION('',(1.,0.,0.));
#14653=DIRECTION('',(0.,0.,1.));
#14654=DIRECTION('',(0.,0.,1.));
#14655=DIRECTION('',(1.,0.,0.));
#14656=DIRECTION('',(0.,0.,1.));
#14657=DIRECTION('',(0.,0.,1.));
#14658=DIRECTION('',(1.,0.,0.));
#14659=DIRECTION('',(-1.,0.,0.));
#14660=DIRECTION('',(0.,0.,1.));
#14661=DIRECTION('',(0.,0.,1.));
#14662=DIRECTION('',(0.,1.,0.));
#14663=DIRECTION('',(0.,0.,1.));
#14664=DIRECTION('',(1.,0.,0.));
#14665=DIRECTION('',(0.,0.,1.));
#14666=DIRECTION('',(1.,0.,0.));
#14667=DIRECTION('',(0.,0.,1.));
#14668=DIRECTION('',(0.,1.,0.));
#14669=DIRECTION('',(0.,0.,1.));
#14670=DIRECTION('',(1.,0.,0.));
#14671=DIRECTION('',(0.,0.,1.));
#14672=DIRECTION('',(0.,0.,1.));
#14673=DIRECTION('',(1.,0.,0.));
#14674=DIRECTION('',(0.,0.,1.));
#14675=DIRECTION('',(1.,0.,0.));
#14676=DIRECTION('',(0.,0.,1.));
#14677=DIRECTION('',(-1.,0.,0.));
#14678=DIRECTION('',(0.,0.,1.));
#14679=DIRECTION('',(0.,1.,0.));
#14680=DIRECTION('',(0.,0.,1.));
#14681=DIRECTION('',(0.,0.,1.));
#14682=DIRECTION('',(1.,0.,0.));
#14683=DIRECTION('',(0.,0.,1.));
#14684=DIRECTION('',(0.,0.,1.));
#14685=DIRECTION('',(1.,0.,0.));
#14686=DIRECTION('',(0.,1.,0.));
#14687=DIRECTION('',(0.,0.,1.));
#14688=DIRECTION('',(1.,0.,0.));
#14689=DIRECTION('',(0.,0.,1.));
#14690=DIRECTION('',(0.,0.,1.));
#14691=DIRECTION('',(1.,0.,0.));
#14692=DIRECTION('',(0.,0.,1.));
#14693=DIRECTION('',(1.,0.,0.));
#14694=DIRECTION('',(0.,0.,1.));
#14695=DIRECTION('',(1.,0.,0.));
#14696=DIRECTION('',(0.,0.,-1.));
#14697=DIRECTION('',(0.,0.,1.));
#14698=DIRECTION('',(0.,1.,0.));
#14699=DIRECTION('',(0.,0.,1.));
#14700=DIRECTION('',(0.,1.,0.));
#14701=DIRECTION('',(0.,0.,1.));
#14702=DIRECTION('',(0.,0.,1.));
#14703=DIRECTION('',(1.,0.,0.));
#14704=DIRECTION('',(0.,0.,1.));
#14705=DIRECTION('',(1.,0.,0.));
#14706=DIRECTION('',(0.,0.,1.));
#14707=DIRECTION('',(0.,1.,0.));
#14708=DIRECTION('',(0.,0.,1.));
#14709=DIRECTION('',(0.,0.,1.));
#14710=DIRECTION('',(1.,0.,0.));
#14711=DIRECTION('',(0.,0.,1.));
#14712=DIRECTION('',(1.,0.,0.));
#14713=DIRECTION('',(0.,0.,1.));
#14714=DIRECTION('',(1.,0.,0.));
#14715=DIRECTION('',(0.,0.,1.));
#14716=DIRECTION('',(1.,0.,0.));
#14717=DIRECTION('',(0.,0.,-1.));
#14718=DIRECTION('',(0.,0.,1.));
#14719=DIRECTION('',(0.,1.,0.));
#14720=DIRECTION('',(0.,0.,1.));
#14721=DIRECTION('',(0.,-1.,0.));
#14722=DIRECTION('',(0.,0.,-1.));
#14723=DIRECTION('',(1.,0.,0.));
#14724=DIRECTION('',(0.,0.,-1.));
#14725=DIRECTION('',(0.,0.,1.));
#14726=DIRECTION('',(0.,1.,0.));
#14727=DIRECTION('',(0.,0.,1.));
#14728=DIRECTION('',(0.,0.,1.));
#14729=DIRECTION('',(0.,0.,1.));
#14730=DIRECTION('',(1.,0.,0.));
#14731=DIRECTION('',(0.,0.,1.));
#14732=DIRECTION('',(1.,0.,0.));
#14733=DIRECTION('',(0.,0.,1.));
#14734=DIRECTION('',(0.,-1.,0.));
#14735=DIRECTION('',(0.,0.,-1.));
#14736=DIRECTION('',(-1.,0.,0.));
#14737=DIRECTION('',(0.,0.,1.));
#14738=DIRECTION('',(0.,0.,1.));
#14739=DIRECTION('',(1.,0.,0.));
#14740=DIRECTION('',(0.,0.,1.));
#14741=DIRECTION('',(1.,0.,0.));
#14742=DIRECTION('',(0.,0.,1.));
#14743=DIRECTION('',(-1.,0.,0.));
#14744=DIRECTION('',(0.,0.,1.));
#14745=DIRECTION('',(0.,1.,0.));
#14746=DIRECTION('',(0.,0.,1.));
#14747=DIRECTION('',(0.,0.,1.));
#14748=DIRECTION('',(1.,0.,0.));
#14749=DIRECTION('',(0.,0.,1.));
#14750=DIRECTION('',(1.,0.,0.));
#14751=DIRECTION('',(0.,0.,1.));
#14752=DIRECTION('',(0.,-1.,0.));
#14753=DIRECTION('',(0.,0.,-1.));
#14754=DIRECTION('',(-1.,0.,0.));
#14755=DIRECTION('',(0.,0.,1.));
#14756=DIRECTION('',(0.,0.,1.));
#14757=DIRECTION('',(1.,0.,0.));
#14758=DIRECTION('',(0.,0.,1.));
#14759=DIRECTION('',(1.,0.,0.));
#14760=DIRECTION('',(0.,0.,1.));
#14761=DIRECTION('',(-1.,0.,0.));
#14762=DIRECTION('',(0.,0.,1.));
#14763=DIRECTION('',(0.,1.,0.));
#14764=DIRECTION('',(0.,0.,1.));
#14765=DIRECTION('',(0.,0.,1.));
#14766=DIRECTION('',(1.,0.,0.));
#14767=DIRECTION('',(0.,0.,1.));
#14768=DIRECTION('',(1.,0.,0.));
#14769=DIRECTION('',(0.,0.,1.));
#14770=DIRECTION('',(0.,-1.,0.));
#14771=DIRECTION('',(0.,0.,-1.));
#14772=DIRECTION('',(-1.,0.,0.));
#14773=DIRECTION('',(0.,0.,1.));
#14774=DIRECTION('',(0.,0.,1.));
#14775=DIRECTION('',(1.,0.,0.));
#14776=DIRECTION('',(0.,0.,1.));
#14777=DIRECTION('',(1.,0.,0.));
#14778=DIRECTION('',(0.,0.,1.));
#14779=DIRECTION('',(1.,0.,0.));
#14780=DIRECTION('',(0.,0.,-1.));
#14781=DIRECTION('',(0.,0.,1.));
#14782=DIRECTION('',(0.,1.,0.));
#14783=DIRECTION('',(0.,0.,1.));
#14784=DIRECTION('',(0.,1.,0.));
#14785=DIRECTION('',(0.,0.,1.));
#14786=DIRECTION('',(0.,0.,1.));
#14787=DIRECTION('',(1.,0.,0.));
#14788=DIRECTION('',(0.,0.,1.));
#14789=DIRECTION('',(1.,0.,0.));
#14790=DIRECTION('',(0.,0.,1.));
#14791=DIRECTION('',(0.,-1.,0.));
#14792=DIRECTION('',(0.,0.,-1.));
#14793=DIRECTION('',(-1.,0.,0.));
#14794=DIRECTION('',(0.,0.,1.));
#14795=DIRECTION('',(0.,0.,1.));
#14796=DIRECTION('',(1.,0.,0.));
#14797=DIRECTION('',(0.,0.,1.));
#14798=DIRECTION('',(1.,0.,0.));
#14799=DIRECTION('',(0.,0.,1.));
#14800=DIRECTION('',(1.,0.,0.));
#14801=DIRECTION('',(0.,0.,-1.));
#14802=DIRECTION('',(0.,0.,1.));
#14803=DIRECTION('',(0.,1.,0.));
#14804=DIRECTION('',(0.,0.,1.));
#14805=DIRECTION('',(0.,-1.,0.));
#14806=DIRECTION('',(0.,0.,-1.));
#14807=DIRECTION('',(-1.96013952087775E-16,1.,0.));
#14808=DIRECTION('',(-1.,-1.96013952087775E-16,0.));
#14809=DIRECTION('',(-1.96013952087775E-16,1.,0.));
#14810=DIRECTION('',(-1.,-1.96013952087775E-16,0.));
#14811=DIRECTION('',(0.,0.,1.));
#14812=DIRECTION('',(1.,0.,0.));
#14813=DIRECTION('',(0.,0.,-1.));
#14814=DIRECTION('',(0.,0.,1.));
#14815=DIRECTION('',(0.,1.,0.));
#14816=DIRECTION('',(0.,0.,1.));
#14817=DIRECTION('',(0.,0.,1.));
#14818=DIRECTION('',(1.,0.,0.));
#14819=DIRECTION('',(0.,0.,1.));
#14820=DIRECTION('',(1.,0.,0.));
#14821=DIRECTION('',(0.,0.,1.));
#14822=DIRECTION('',(0.,1.,0.));
#14823=DIRECTION('',(0.,0.,1.));
#14824=DIRECTION('',(1.,0.,0.));
#14825=DIRECTION('',(0.,0.,1.));
#14826=DIRECTION('',(0.,0.,1.));
#14827=DIRECTION('',(1.,0.,0.));
#14828=DIRECTION('',(0.,0.,1.));
#14829=DIRECTION('',(0.,0.,1.));
#14830=DIRECTION('',(1.,0.,0.));
#14831=DIRECTION('',(-1.,0.,0.));
#14832=DIRECTION('',(0.,0.,1.));
#14833=DIRECTION('',(0.,0.,1.));
#14834=DIRECTION('',(0.,1.,0.));
#14835=DIRECTION('',(0.,0.,1.));
#14836=DIRECTION('',(1.,0.,0.));
#14837=DIRECTION('',(0.,0.,1.));
#14838=DIRECTION('',(1.,0.,0.));
#14839=DIRECTION('',(0.,0.,1.));
#14840=DIRECTION('',(0.,1.,0.));
#14841=DIRECTION('',(0.,0.,1.));
#14842=DIRECTION('',(1.,0.,0.));
#14843=DIRECTION('',(0.,0.,1.));
#14844=DIRECTION('',(0.,0.,1.));
#14845=DIRECTION('',(1.,0.,0.));
#14846=DIRECTION('',(0.,0.,1.));
#14847=DIRECTION('',(1.,0.,0.));
#14848=DIRECTION('',(0.,0.,1.));
#14849=DIRECTION('',(-1.,-1.38777878078139E-14,0.));
#14850=DIRECTION('',(1.38777878078139E-14,-1.,0.));
#14851=DIRECTION('',(-1.38777878078139E-14,1.,0.));
#14852=DIRECTION('',(0.,0.,1.));
#14853=DIRECTION('',(0.,0.,1.));
#14854=DIRECTION('',(1.,0.,0.));
#14855=DIRECTION('',(0.,0.,1.));
#14856=DIRECTION('',(0.,0.,1.));
#14857=DIRECTION('',(1.,0.,0.));
#14858=DIRECTION('',(0.,1.,0.));
#14859=DIRECTION('',(0.,0.,1.));
#14860=DIRECTION('',(1.,0.,0.));
#14861=DIRECTION('',(0.,0.,1.));
#14862=DIRECTION('',(0.,0.,1.));
#14863=DIRECTION('',(1.,0.,0.));
#14864=DIRECTION('',(0.,0.,1.));
#14865=DIRECTION('',(1.,0.,0.));
#14866=DIRECTION('',(0.,0.,1.));
#14867=DIRECTION('',(1.,0.,0.));
#14868=DIRECTION('',(0.,0.,-1.));
#14869=DIRECTION('',(0.,0.,1.));
#14870=DIRECTION('',(0.,1.,0.));
#14871=DIRECTION('',(0.,0.,1.));
#14872=DIRECTION('',(0.,1.,0.));
#14873=DIRECTION('',(0.,0.,1.));
#14874=DIRECTION('',(0.,0.,1.));
#14875=DIRECTION('',(1.,0.,0.));
#14876=DIRECTION('',(0.,0.,1.));
#14877=DIRECTION('',(1.,0.,0.));
#14878=DIRECTION('',(0.,0.,1.));
#14879=DIRECTION('',(-3.27306316222036E-16,1.,0.));
#14880=DIRECTION('',(-1.,-3.27306316222036E-16,0.));
#14881=DIRECTION('',(0.,0.,1.));
#14882=DIRECTION('',(1.,3.27306316222036E-16,0.));
#14883=DIRECTION('',(0.,0.,1.));
#14884=DIRECTION('',(1.,0.,0.));
#14885=DIRECTION('',(0.,0.,1.));
#14886=DIRECTION('',(1.,0.,0.));
#14887=DIRECTION('',(0.,0.,1.));
#14888=DIRECTION('',(1.,2.64338815386941E-15,0.));
#14889=DIRECTION('',(-2.64338815386941E-15,1.,0.));
#14890=DIRECTION('',(0.,0.,1.));
#14891=DIRECTION('',(0.,1.,0.));
#14892=DIRECTION('',(0.,0.,1.));
#14893=DIRECTION('',(0.,-1.,0.));
#14894=DIRECTION('',(0.,0.,-1.));
#14895=DIRECTION('',(1.,0.,0.));
#14896=DIRECTION('',(0.,0.,-1.));
#14897=DIRECTION('',(0.,0.,1.));
#14898=DIRECTION('',(0.,1.,0.));
#14899=DIRECTION('',(0.,0.,-1.));
#14900=DIRECTION('',(0.,0.,1.));
#14901=DIRECTION('',(1.,0.,0.));
#14902=DIRECTION('',(0.,0.,1.));
#14903=DIRECTION('',(1.,0.,0.));
#14904=DIRECTION('',(0.,0.,1.));
#14905=DIRECTION('',(0.,1.,0.));
#14906=DIRECTION('',(0.,0.,1.));
#14907=DIRECTION('',(1.,0.,0.));
#14908=DIRECTION('',(0.,0.,1.));
#14909=DIRECTION('',(0.,0.,1.));
#14910=DIRECTION('',(1.,0.,0.));
#14911=DIRECTION('',(0.,0.,1.));
#14912=DIRECTION('',(0.,0.,1.));
#14913=DIRECTION('',(1.,0.,0.));
#14914=DIRECTION('',(-1.,0.,0.));
#14915=DIRECTION('',(0.,0.,1.));
#14916=DIRECTION('',(0.,0.,1.));
#14917=DIRECTION('',(0.,1.,0.));
#14918=DIRECTION('',(0.,0.,1.));
#14919=DIRECTION('',(1.,0.,0.));
#14920=DIRECTION('',(0.,0.,1.));
#14921=DIRECTION('',(1.,0.,0.));
#14922=DIRECTION('',(0.,0.,1.));
#14923=DIRECTION('',(0.,1.,0.));
#14924=DIRECTION('',(0.,0.,1.));
#14925=DIRECTION('',(1.,0.,0.));
#14926=DIRECTION('',(0.,0.,1.));
#14927=DIRECTION('',(0.,0.,1.));
#14928=DIRECTION('',(1.,0.,0.));
#14929=DIRECTION('',(0.,0.,1.));
#14930=DIRECTION('',(1.,0.,0.));
#14931=DIRECTION('',(0.,0.,1.));
#14932=DIRECTION('',(-1.,0.,0.));
#14933=DIRECTION('',(0.,0.,1.));
#14934=DIRECTION('',(0.,1.,0.));
#14935=DIRECTION('',(0.,0.,1.));
#14936=DIRECTION('',(0.,0.,1.));
#14937=DIRECTION('',(1.,0.,0.));
#14938=DIRECTION('',(0.,0.,1.));
#14939=DIRECTION('',(0.,0.,1.));
#14940=DIRECTION('',(1.,0.,0.));
#14941=DIRECTION('',(0.,1.,0.));
#14942=DIRECTION('',(0.,0.,1.));
#14943=DIRECTION('',(1.,0.,0.));
#14944=DIRECTION('',(0.,0.,1.));
#14945=DIRECTION('',(0.,0.,1.));
#14946=DIRECTION('',(1.,0.,0.));
#14947=DIRECTION('',(0.,0.,1.));
#14948=DIRECTION('',(1.,0.,0.));
#14949=DIRECTION('',(0.,0.,1.));
#14950=DIRECTION('',(1.,0.,0.));
#14951=DIRECTION('',(0.,0.,-1.));
#14952=DIRECTION('',(0.,0.,-1.));
#14953=DIRECTION('',(0.,1.,0.));
#14954=DIRECTION('',(0.,0.,1.));
#14955=DIRECTION('',(0.,1.,0.));
#14956=DIRECTION('',(0.,0.,1.));
#14957=DIRECTION('',(0.,0.,1.));
#14958=DIRECTION('',(1.,0.,0.));
#14959=DIRECTION('',(0.,0.,1.));
#14960=DIRECTION('',(1.,0.,0.));
#14961=DIRECTION('',(0.,0.,1.));
#14962=DIRECTION('',(0.,1.,0.));
#14963=DIRECTION('',(0.,0.,1.));
#14964=DIRECTION('',(0.,0.,1.));
#14965=DIRECTION('',(1.,0.,0.));
#14966=DIRECTION('',(0.,0.,1.));
#14967=DIRECTION('',(1.,0.,0.));
#14968=DIRECTION('',(0.,0.,1.));
#14969=DIRECTION('',(1.,0.,0.));
#14970=DIRECTION('',(0.,0.,1.));
#14971=DIRECTION('',(1.,0.,0.));
#14972=DIRECTION('',(0.,0.,-1.));
#14973=DIRECTION('',(0.,0.,1.));
#14974=DIRECTION('',(0.,1.,0.));
#14975=DIRECTION('',(0.,0.,1.));
#14976=DIRECTION('',(1.,0.,0.));
#14977=DIRECTION('',(0.,0.,-1.));
#14978=DIRECTION('',(1.,0.,0.));
#14979=DIRECTION('',(-1.,0.,0.));
#14980=DIRECTION('',(0.,0.,-1.));
#14981=DIRECTION('',(1.,0.,0.));
#14982=DIRECTION('',(0.,0.,1.));
#14983=DIRECTION('',(1.,0.,0.));
#14984=DIRECTION('',(0.,0.,1.));
#14985=DIRECTION('',(0.,1.,0.));
#14986=DIRECTION('',(0.,0.,1.));
#14987=DIRECTION('',(0.,0.,1.));
#14988=DIRECTION('',(0.,0.,1.));
#14989=DIRECTION('',(1.,0.,0.));
#14990=DIRECTION('',(0.,0.,1.));
#14991=DIRECTION('',(1.,0.,0.));
#14992=DIRECTION('',(1.,0.,0.));
#14993=DIRECTION('',(0.,0.,1.));
#14994=DIRECTION('',(1.,0.,0.));
#14995=DIRECTION('',(0.,0.,-1.));
#14996=DIRECTION('',(1.,0.,0.));
#14997=DIRECTION('',(-1.,0.,0.));
#14998=DIRECTION('',(0.,0.,-1.));
#14999=DIRECTION('',(1.,0.,0.));
#15000=DIRECTION('',(0.,0.,1.));
#15001=DIRECTION('',(1.,0.,0.));
#15002=DIRECTION('',(0.,0.,1.));
#15003=DIRECTION('',(0.,1.,0.));
#15004=DIRECTION('',(0.,0.,1.));
#15005=DIRECTION('',(0.,0.,1.));
#15006=DIRECTION('',(0.,0.,1.));
#15007=DIRECTION('',(1.,0.,0.));
#15008=DIRECTION('',(0.,0.,1.));
#15009=DIRECTION('',(1.,0.,0.));
#15010=DIRECTION('',(0.,0.,1.));
#15011=DIRECTION('',(0.,0.,-1.));
#15012=DIRECTION('',(1.,0.,0.));
#15013=DIRECTION('',(0.,0.,1.));
#15014=DIRECTION('',(1.,0.,0.));
#15015=DIRECTION('',(0.,0.,-1.));
#15016=DIRECTION('',(1.,0.,0.));
#15017=DIRECTION('',(0.,0.,1.));
#15018=DIRECTION('',(0.,1.,0.));
#15019=DIRECTION('',(0.,0.,1.));
#15020=DIRECTION('',(-1.,0.,0.));
#15021=DIRECTION('',(0.,0.,1.));
#15022=DIRECTION('',(1.,0.,0.));
#15023=DIRECTION('',(0.,0.,1.));
#15024=DIRECTION('',(1.,0.,0.));
#15025=DIRECTION('',(0.,0.,1.));
#15026=DIRECTION('',(1.,0.,0.));
#15027=DIRECTION('',(1.,0.,0.));
#15028=DIRECTION('',(0.,0.,1.));
#15029=DIRECTION('',(1.,0.,0.));
#15030=DIRECTION('',(0.,0.,1.));
#15031=DIRECTION('',(1.,0.,0.));
#15032=DIRECTION('',(0.,0.,1.));
#15033=DIRECTION('',(0.,-1.,0.));
#15034=DIRECTION('',(0.,0.,-1.));
#15035=DIRECTION('',(0.,0.,1.));
#15036=DIRECTION('',(0.,0.,1.));
#15037=DIRECTION('',(1.,0.,0.));
#15038=DIRECTION('',(0.,-1.,0.));
#15039=DIRECTION('',(0.,0.,-1.));
#15040=DIRECTION('',(0.,0.,1.));
#15041=DIRECTION('',(1.,0.,0.));
#15042=DIRECTION('',(0.,0.,1.));
#15043=DIRECTION('',(0.,0.,1.));
#15044=DIRECTION('',(1.,0.,0.));
#15045=DIRECTION('',(0.,0.,1.));
#15046=DIRECTION('',(1.,0.,0.));
#15047=DIRECTION('',(0.,0.,1.));
#15048=DIRECTION('',(1.,0.,0.));
#15049=DIRECTION('',(0.,0.,1.));
#15050=DIRECTION('',(1.,0.,0.));
#15051=DIRECTION('',(0.,0.,1.));
#15052=DIRECTION('',(1.,0.,0.));
#15053=DIRECTION('',(0.,0.,1.));
#15054=DIRECTION('',(1.,0.,0.));
#15055=DIRECTION('',(0.,0.,-1.));
#15056=DIRECTION('',(1.,0.,0.));
#15057=DIRECTION('',(-1.,0.,0.));
#15058=DIRECTION('',(0.,0.,-1.));
#15059=DIRECTION('',(1.,0.,0.));
#15060=DIRECTION('',(0.,0.,1.));
#15061=DIRECTION('',(1.,0.,0.));
#15062=DIRECTION('',(0.,0.,1.));
#15063=DIRECTION('',(0.,1.,0.));
#15064=DIRECTION('',(0.,0.,1.));
#15065=DIRECTION('',(0.,0.,1.));
#15066=DIRECTION('',(0.,0.,1.));
#15067=DIRECTION('',(1.,0.,0.));
#15068=DIRECTION('',(0.,0.,1.));
#15069=DIRECTION('',(1.,0.,0.));
#15070=DIRECTION('',(0.,0.,1.));
#15071=DIRECTION('',(0.,0.,-1.));
#15072=DIRECTION('',(1.,0.,0.));
#15073=DIRECTION('',(0.,0.,1.));
#15074=DIRECTION('',(1.,0.,0.));
#15075=DIRECTION('',(0.,0.,-1.));
#15076=DIRECTION('',(1.,0.,0.));
#15077=DIRECTION('',(0.,0.,1.));
#15078=DIRECTION('',(0.,1.,0.));
#15079=DIRECTION('',(0.,0.,1.));
#15080=DIRECTION('',(-1.,0.,0.));
#15081=DIRECTION('',(0.,0.,1.));
#15082=DIRECTION('',(1.,0.,0.));
#15083=DIRECTION('',(0.,0.,1.));
#15084=DIRECTION('',(1.,0.,0.));
#15085=DIRECTION('',(0.,0.,1.));
#15086=DIRECTION('',(1.,0.,0.));
#15087=DIRECTION('',(1.,0.,0.));
#15088=DIRECTION('',(0.,0.,1.));
#15089=DIRECTION('',(1.,0.,0.));
#15090=DIRECTION('',(0.,0.,1.));
#15091=DIRECTION('',(1.,0.,0.));
#15092=DIRECTION('',(0.,0.,1.));
#15093=DIRECTION('',(0.,-1.,0.));
#15094=DIRECTION('',(0.,0.,-1.));
#15095=DIRECTION('',(0.,0.,1.));
#15096=DIRECTION('',(0.,0.,1.));
#15097=DIRECTION('',(1.,0.,0.));
#15098=DIRECTION('',(0.,-1.,0.));
#15099=DIRECTION('',(0.,0.,-1.));
#15100=DIRECTION('',(0.,0.,1.));
#15101=DIRECTION('',(1.,0.,0.));
#15102=DIRECTION('',(0.,0.,1.));
#15103=DIRECTION('',(0.,0.,1.));
#15104=DIRECTION('',(1.,0.,0.));
#15105=DIRECTION('',(0.,0.,1.));
#15106=DIRECTION('',(1.,0.,0.));
#15107=DIRECTION('',(0.,0.,1.));
#15108=DIRECTION('',(1.,0.,0.));
#15109=DIRECTION('',(0.,0.,1.));
#15110=DIRECTION('',(1.,0.,0.));
#15111=DIRECTION('',(0.,0.,1.));
#15112=DIRECTION('',(1.,0.,0.));
#15113=DIRECTION('',(0.,0.,-1.));
#15114=DIRECTION('',(-1.,0.,0.));
#15115=DIRECTION('',(-1.57702134179709E-16,1.,0.));
#15116=DIRECTION('',(-1.,-1.57702134179709E-16,0.));
#15117=DIRECTION('',(0.,0.,1.));
#15118=DIRECTION('',(1.,0.,0.));
#15119=DIRECTION('',(0.,0.,1.));
#15120=DIRECTION('',(0.,0.,1.));
#15121=DIRECTION('',(-1.,0.,0.));
#15122=DIRECTION('',(0.,0.,1.));
#15123=DIRECTION('',(0.,0.,1.));
#15124=DIRECTION('',(0.,0.,1.));
#15125=DIRECTION('',(1.,0.,0.));
#15126=DIRECTION('',(0.,0.,1.));
#15127=DIRECTION('',(1.,0.,0.));
#15128=DIRECTION('',(0.,0.,1.));
#15129=DIRECTION('',(-1.,0.,0.));
#15130=DIRECTION('',(0.,0.,1.));
#15131=DIRECTION('',(0.,0.,1.));
#15132=DIRECTION('',(0.,0.,1.));
#15133=DIRECTION('',(1.,0.,0.));
#15134=DIRECTION('',(0.,0.,1.));
#15135=DIRECTION('',(0.,1.,0.));
#15136=DIRECTION('',(0.,0.,1.));
#15137=DIRECTION('',(0.,0.,1.));
#15138=DIRECTION('',(1.,0.,0.));
#15139=DIRECTION('',(0.,0.,1.));
#15140=DIRECTION('',(0.,0.,1.));
#15141=DIRECTION('',(-1.,0.,0.));
#15142=DIRECTION('',(0.,0.,1.));
#15143=DIRECTION('',(0.,0.,1.));
#15144=DIRECTION('',(0.,0.,1.));
#15145=DIRECTION('',(1.,0.,0.));
#15146=DIRECTION('',(0.,0.,1.));
#15147=DIRECTION('',(1.,0.,0.));
#15148=DIRECTION('',(0.,0.,1.));
#15149=DIRECTION('',(-1.,0.,0.));
#15150=DIRECTION('',(0.,0.,1.));
#15151=DIRECTION('',(0.,0.,1.));
#15152=DIRECTION('',(0.,0.,1.));
#15153=DIRECTION('',(1.,0.,0.));
#15154=DIRECTION('',(0.,0.,1.));
#15155=DIRECTION('',(0.,1.,0.));
#15156=DIRECTION('',(0.,0.,1.));
#15157=DIRECTION('',(0.,0.,1.));
#15158=DIRECTION('',(1.,0.,0.));
#15159=DIRECTION('',(0.,0.,1.));
#15160=DIRECTION('',(0.,0.,1.));
#15161=DIRECTION('',(1.,0.,0.));
#15162=DIRECTION('',(0.,0.,-1.));
#15163=DIRECTION('',(0.,0.,1.));
#15164=DIRECTION('',(0.,0.,1.));
#15165=DIRECTION('',(1.,0.,0.));
#15166=DIRECTION('',(0.,0.,1.));
#15167=DIRECTION('',(1.,0.,0.));
#15168=DIRECTION('',(0.,0.,1.));
#15169=DIRECTION('',(1.,0.,0.));
#15170=DIRECTION('',(0.,0.,-1.));
#15171=DIRECTION('',(0.,0.,1.));
#15172=DIRECTION('',(0.,0.,1.));
#15173=DIRECTION('',(1.,0.,0.));
#15174=DIRECTION('',(0.,0.,1.));
#15175=DIRECTION('',(0.,-1.,0.));
#15176=DIRECTION('',(0.,0.,-1.));
#15177=DIRECTION('',(1.,0.,0.));
#15178=DIRECTION('',(0.,0.,-1.));
#15179=DIRECTION('',(0.,0.,1.));
#15180=DIRECTION('',(0.,0.,1.));
#15181=DIRECTION('',(0.,0.,1.));
#15182=DIRECTION('',(1.,0.,0.));
#15183=DIRECTION('',(0.,0.,1.));
#15184=DIRECTION('',(1.,0.,0.));
#15185=DIRECTION('',(0.,0.,1.));
#15186=DIRECTION('',(1.,0.,0.));
#15187=DIRECTION('',(0.,0.,-1.));
#15188=DIRECTION('',(0.,0.,1.));
#15189=DIRECTION('',(0.,0.,1.));
#15190=DIRECTION('',(1.,0.,0.));
#15191=DIRECTION('',(0.,0.,1.));
#15192=DIRECTION('',(0.,1.,0.));
#15193=DIRECTION('',(0.,0.,1.));
#15194=DIRECTION('',(0.,0.,1.));
#15195=DIRECTION('',(0.,0.,1.));
#15196=DIRECTION('',(1.,0.,0.));
#15197=DIRECTION('',(0.,1.,0.));
#15198=DIRECTION('',(1.,0.,0.));
#15199=DIRECTION('',(1.7347234759768E-17,0.,-1.));
#15200=DIRECTION('',(0.,0.,-1.));
#15201=DIRECTION('',(1.,0.,-1.22464679914735E-16));
#15202=DIRECTION('',(0.,-1.,0.));
#15203=DIRECTION('',(-1.22464679914735E-16,0.,-1.));
#15204=DIRECTION('',(-1.22464679914735E-16,0.,-1.));
#15205=DIRECTION('',(0.,-1.,-1.38777878078145E-16));
#15206=DIRECTION('',(-1.,0.,0.));
#15207=DIRECTION('',(0.,1.38777878078145E-16,-1.));
#15208=DIRECTION('',(-1.7347234759768E-17,1.38777878078145E-16,-1.));
#15209=DIRECTION('',(1.,2.30528036674659E-16,-1.38777878078144E-16));
#15210=DIRECTION('',(2.30528036674659E-16,-1.,0.));
#15211=DIRECTION('',(-1.38777878078144E-16,0.,-1.));
#15212=DIRECTION('',(-1.38777878078145E-16,0.,-1.));
#15213=DIRECTION('',(0.,1.,-1.22464679914735E-16));
#15214=DIRECTION('',(1.,0.,0.));
#15215=DIRECTION('',(0.,-1.22464679914735E-16,-1.));
#15216=DIRECTION('',(0.,-1.22464679914735E-16,-1.));
#15217=DIRECTION('',(1.,1.15264018337329E-16,-1.38777878078144E-16));
#15218=DIRECTION('',(1.15264018337329E-16,-1.,0.));
#15219=DIRECTION('',(-1.38777878078144E-16,0.,-1.));
#15220=DIRECTION('',(-1.38777878078145E-16,0.,-1.));
#15221=DIRECTION('',(0.,1.,-1.38777878078145E-16));
#15222=DIRECTION('',(1.,0.,0.));
#15223=DIRECTION('',(-1.7347234759768E-17,-1.38777878078145E-16,-1.));
#15224=DIRECTION('',(-1.7347234759768E-17,-1.38777878078145E-16,-1.));
#15225=DIRECTION('',(1.,1.20133204707535E-16,-1.38777878078145E-16));
#15226=DIRECTION('',(1.20133204707535E-16,-1.,0.));
#15227=DIRECTION('',(-1.38777878078145E-16,0.,-1.));
#15228=DIRECTION('',(-2.70559786458901E-15,6.97156507371895E-16,-1.));
#15229=DIRECTION('',(-1.,0.,2.70559786458901E-15));
#15230=DIRECTION('',(1.92383484452498E-16,7.53941772925977E-17,1.));
#15231=DIRECTION('',(1.,0.,-1.92383484452498E-16));
#15232=DIRECTION('',(-3.65719030957263E-16,5.47118400449213E-18,-1.));
#15233=DIRECTION('',(-1.,0.,3.65719030957263E-16));
#15234=DIRECTION('',(-3.85028234247149E-17,1.40377858101755E-16,1.));
#15235=DIRECTION('',(0.,-1.,1.40377858101755E-16));
#15236=DIRECTION('',(4.89139000892165E-17,4.40032267711052E-17,1.));
#15237=DIRECTION('',(1.,0.,-4.89139000892165E-17));
#15238=DIRECTION('',(6.54228696899797E-16,2.36984125475289E-15,-1.));
#15239=DIRECTION('',(0.,1.,2.36984125475289E-15));
#15240=DIRECTION('',(-1.15432188652455E-16,2.3376714222154E-17,-1.));
#15241=DIRECTION('',(-1.,0.,1.15432188652455E-16));
#15242=DIRECTION('',(0.,0.,1.));
#15243=DIRECTION('',(1.,0.,0.));
#15244=DIRECTION('',(-1.38777878078145E-16,0.,-1.));
#15245=DIRECTION('',(1.,0.,0.));
#15246=DIRECTION('',(0.,-1.,0.));
#15247=DIRECTION('',(0.,0.,1.));
#15248=DIRECTION('',(1.,1.20133204707535E-16,-1.38777878078145E-16));
#15249=DIRECTION('',(1.20133204707535E-16,-1.,0.));
#15250=DIRECTION('',(-1.38777878078145E-16,0.,-1.));
#15251=DIRECTION('',(0.,0.,-1.));
#15252=DIRECTION('',(-1.,0.,0.));
#15253=DIRECTION('',(-1.38777878078145E-16,0.,-1.));
#15254=DIRECTION('',(-1.,0.,1.38777878078145E-16));
#15255=CARTESIAN_POINT('',(0.,0.,0.));
#15256=CARTESIAN_POINT('',(0.,0.0619125,0.0014));
#15257=CARTESIAN_POINT('',(0.,0.0619125,0.));
#15258=CARTESIAN_POINT('',(-0.005525,0.0619125,0.));
#15259=CARTESIAN_POINT('',(0.018,0.0619125,0.));
#15260=CARTESIAN_POINT('',(-0.005525,0.0619125,0.0014));
#15261=CARTESIAN_POINT('',(-0.005525,0.0619125,0.0014));
#15262=CARTESIAN_POINT('',(0.,0.0619125,0.0014));
#15263=CARTESIAN_POINT('',(0.018,0.0619125,0.0014));
#15264=CARTESIAN_POINT('',(0.018,0.0619125,-2.00000000000005E-6));
#15265=CARTESIAN_POINT('',(0.,0.0047625,0.0014));
#15266=CARTESIAN_POINT('',(0.12076875,-0.0138,0.0014));
#15267=CARTESIAN_POINT('',(0.12076875,-0.016075,0.0014));
#15268=CARTESIAN_POINT('',(0.12076875,-0.011525,0.0014));
#15269=CARTESIAN_POINT('',(0.11191875,-0.011525,0.0014));
#15270=CARTESIAN_POINT('',(0.11881875,-0.011525,0.0014));
#15271=CARTESIAN_POINT('',(0.11881875,-0.009525,0.0014));
#15272=CARTESIAN_POINT('',(0.11881875,-0.015925,0.0014));
#15273=CARTESIAN_POINT('',(0.11831875,-0.015925,0.0014));
#15274=CARTESIAN_POINT('',(0.11831875,-0.016425,0.0014));
#15275=CARTESIAN_POINT('',(0.11191875,-0.016425,0.0014));
#15276=CARTESIAN_POINT('',(0.10551875,-0.016425,0.0014));
#15277=CARTESIAN_POINT('',(0.10551875,-0.015925,0.0014));
#15278=CARTESIAN_POINT('',(0.10501875,-0.015925,0.0014));
#15279=CARTESIAN_POINT('',(0.10501875,-0.009525,0.0014));
#15280=CARTESIAN_POINT('',(0.10501875,-0.011525,0.0014));
#15281=CARTESIAN_POINT('',(0.11191875,-0.011525,0.0014));
#15282=CARTESIAN_POINT('',(0.10306875,-0.011525,0.0014));
#15283=CARTESIAN_POINT('',(0.10306875,-0.0138,0.0014));
#15284=CARTESIAN_POINT('',(0.10306875,-0.016075,0.0014));
#15285=CARTESIAN_POINT('',(0.10256875,-0.016075,0.0014));
#15286=CARTESIAN_POINT('',(0.10256875,-0.016575,0.0014));
#15287=CARTESIAN_POINT('',(0.10199375,-0.016575,0.0014));
#15288=CARTESIAN_POINT('',(0.10141875,-0.016575,0.0014));
#15289=CARTESIAN_POINT('',(0.10141875,-0.017075,0.0014));
#15290=CARTESIAN_POINT('',(0.10091875,-0.017075,0.0014));
#15291=CARTESIAN_POINT('',(0.10091875,-0.017575,0.0014));
#15292=CARTESIAN_POINT('',(0.10091875,-0.018075,0.0014));
#15293=CARTESIAN_POINT('',(0.10041875,-0.018075,0.0014));
#15294=CARTESIAN_POINT('',(0.10041875,-0.018575,0.0014));
#15295=CARTESIAN_POINT('',(0.09991875,-0.018575,0.0014));
#15296=CARTESIAN_POINT('',(0.09941875,-0.018575,0.0014));
#15297=CARTESIAN_POINT('',(0.09941875,-0.018075,0.0014));
#15298=CARTESIAN_POINT('',(0.09891875,-0.018075,0.0014));
#15299=CARTESIAN_POINT('',(0.09891875,-0.017575,0.0014));
#15300=CARTESIAN_POINT('',(0.09891875,-0.017075,0.0014));
#15301=CARTESIAN_POINT('',(0.09841875,-0.017075,0.0014));
#15302=CARTESIAN_POINT('',(0.09841875,-0.016575,0.0014));
#15303=CARTESIAN_POINT('',(0.09784375,-0.016575,0.0014));
#15304=CARTESIAN_POINT('',(0.09726875,-0.016575,0.0014));
#15305=CARTESIAN_POINT('',(0.09726875,-0.016075,0.0014));
#15306=CARTESIAN_POINT('',(0.09676875,-0.016075,0.0014));
#15307=CARTESIAN_POINT('',(0.09676875,-0.010175,0.0014));
#15308=CARTESIAN_POINT('',(0.09676875,-0.004275,0.0014));
#15309=CARTESIAN_POINT('',(0.09726875,-0.004275,0.0014));
#15310=CARTESIAN_POINT('',(0.09726875,-0.003775,0.0014));
#15311=CARTESIAN_POINT('',(0.09991875,-0.003775,0.0014));
#15312=CARTESIAN_POINT('',(0.10256875,-0.003775,0.0014));
#15313=CARTESIAN_POINT('',(0.10256875,-0.004275,0.0014));
#15314=CARTESIAN_POINT('',(0.10306875,-0.004275,0.0014));
#15315=CARTESIAN_POINT('',(0.10306875,-0.0069,0.0014));
#15316=CARTESIAN_POINT('',(0.10306875,-0.009525,0.0014));
#15317=CARTESIAN_POINT('',(0.11191875,-0.009525,0.0014));
#15318=CARTESIAN_POINT('',(0.10501875,-0.009525,0.0014));
#15319=CARTESIAN_POINT('',(0.10501875,-0.009525,0.0014));
#15320=CARTESIAN_POINT('',(0.10501875,-0.003125,0.0014));
#15321=CARTESIAN_POINT('',(0.10551875,-0.003125,0.0014));
#15322=CARTESIAN_POINT('',(0.10551875,-0.002625,0.0014));
#15323=CARTESIAN_POINT('',(0.11191875,-0.002625,0.0014));
#15324=CARTESIAN_POINT('',(0.11831875,-0.002625,0.0014));
#15325=CARTESIAN_POINT('',(0.11831875,-0.003125,0.0014));
#15326=CARTESIAN_POINT('',(0.11881875,-0.003125,0.0014));
#15327=CARTESIAN_POINT('',(0.11881875,-0.009525,0.0014));
#15328=CARTESIAN_POINT('',(0.11881875,-0.009525,0.0014));
#15329=CARTESIAN_POINT('',(0.11191875,-0.009525,0.0014));
#15330=CARTESIAN_POINT('',(0.12076875,-0.009525,0.0014));
#15331=CARTESIAN_POINT('',(0.12076875,-0.0069,0.0014));
#15332=CARTESIAN_POINT('',(0.12076875,-0.004275,0.0014));
#15333=CARTESIAN_POINT('',(0.12126875,-0.004275,0.0014));
#15334=CARTESIAN_POINT('',(0.12126875,-0.003775,0.0014));
#15335=CARTESIAN_POINT('',(0.12391875,-0.003775,0.0014));
#15336=CARTESIAN_POINT('',(0.12656875,-0.003775,0.0014));
#15337=CARTESIAN_POINT('',(0.12656875,-0.004275,0.0014));
#15338=CARTESIAN_POINT('',(0.12706875,-0.004275,0.0014));
#15339=CARTESIAN_POINT('',(0.12706875,-0.010175,0.0014));
#15340=CARTESIAN_POINT('',(0.12706875,-0.016075,0.0014));
#15341=CARTESIAN_POINT('',(0.12656875,-0.016075,0.0014));
#15342=CARTESIAN_POINT('',(0.12656875,-0.016575,0.0014));
#15343=CARTESIAN_POINT('',(0.12599375,-0.016575,0.0014));
#15344=CARTESIAN_POINT('',(0.12541875,-0.016575,0.0014));
#15345=CARTESIAN_POINT('',(0.12541875,-0.017075,0.0014));
#15346=CARTESIAN_POINT('',(0.12491875,-0.017075,0.0014));
#15347=CARTESIAN_POINT('',(0.12491875,-0.017575,0.0014));
#15348=CARTESIAN_POINT('',(0.12491875,-0.018075,0.0014));
#15349=CARTESIAN_POINT('',(0.12441875,-0.018075,0.0014));
#15350=CARTESIAN_POINT('',(0.12441875,-0.018575,0.0014));
#15351=CARTESIAN_POINT('',(0.12391875,-0.018575,0.0014));
#15352=CARTESIAN_POINT('',(0.12341875,-0.018575,0.0014));
#15353=CARTESIAN_POINT('',(0.12341875,-0.018075,0.0014));
#15354=CARTESIAN_POINT('',(0.12291875,-0.018075,0.0014));
#15355=CARTESIAN_POINT('',(0.12291875,-0.017575,0.0014));
#15356=CARTESIAN_POINT('',(0.12291875,-0.017075,0.0014));
#15357=CARTESIAN_POINT('',(0.12241875,-0.017075,0.0014));
#15358=CARTESIAN_POINT('',(0.12241875,-0.016575,0.0014));
#15359=CARTESIAN_POINT('',(0.12184375,-0.016575,0.0014));
#15360=CARTESIAN_POINT('',(0.12126875,-0.016575,0.0014));
#15361=CARTESIAN_POINT('',(0.12126875,-0.016075,0.0014));
#15362=CARTESIAN_POINT('',(0.12315,0.0243,0.0014));
#15363=CARTESIAN_POINT('',(0.12315,0.022025,0.0014));
#15364=CARTESIAN_POINT('',(0.12315,0.026575,0.0014));
#15365=CARTESIAN_POINT('',(0.1143,0.026575,0.0014));
#15366=CARTESIAN_POINT('',(0.1212,0.026575,0.0014));
#15367=CARTESIAN_POINT('',(0.1212,0.028575,0.0014));
#15368=CARTESIAN_POINT('',(0.1212,0.022175,0.0014));
#15369=CARTESIAN_POINT('',(0.1207,0.022175,0.0014));
#15370=CARTESIAN_POINT('',(0.1207,0.021675,0.0014));
#15371=CARTESIAN_POINT('',(0.1143,0.021675,0.0014));
#15372=CARTESIAN_POINT('',(0.1079,0.021675,0.0014));
#15373=CARTESIAN_POINT('',(0.1079,0.022175,0.0014));
#15374=CARTESIAN_POINT('',(0.1074,0.022175,0.0014));
#15375=CARTESIAN_POINT('',(0.1074,0.028575,0.0014));
#15376=CARTESIAN_POINT('',(0.1074,0.026575,0.0014));
#15377=CARTESIAN_POINT('',(0.1143,0.026575,0.0014));
#15378=CARTESIAN_POINT('',(0.10545,0.026575,0.0014));
#15379=CARTESIAN_POINT('',(0.10545,0.0243,0.0014));
#15380=CARTESIAN_POINT('',(0.10545,0.022025,0.0014));
#15381=CARTESIAN_POINT('',(0.10495,0.022025,0.0014));
#15382=CARTESIAN_POINT('',(0.10495,0.021525,0.0014));
#15383=CARTESIAN_POINT('',(0.104375,0.021525,0.0014));
#15384=CARTESIAN_POINT('',(0.1038,0.021525,0.0014));
#15385=CARTESIAN_POINT('',(0.1038,0.021025,0.0014));
#15386=CARTESIAN_POINT('',(0.1033,0.021025,0.0014));
#15387=CARTESIAN_POINT('',(0.1033,0.020525,0.0014));
#15388=CARTESIAN_POINT('',(0.1033,0.020025,0.0014));
#15389=CARTESIAN_POINT('',(0.1028,0.020025,0.0014));
#15390=CARTESIAN_POINT('',(0.1028,0.019525,0.0014));
#15391=CARTESIAN_POINT('',(0.1023,0.019525,0.0014));
#15392=CARTESIAN_POINT('',(0.1018,0.019525,0.0014));
#15393=CARTESIAN_POINT('',(0.1018,0.020025,0.0014));
#15394=CARTESIAN_POINT('',(0.1013,0.020025,0.0014));
#15395=CARTESIAN_POINT('',(0.1013,0.020525,0.0014));
#15396=CARTESIAN_POINT('',(0.1013,0.021025,0.0014));
#15397=CARTESIAN_POINT('',(0.1008,0.021025,0.0014));
#15398=CARTESIAN_POINT('',(0.1008,0.021525,0.0014));
#15399=CARTESIAN_POINT('',(0.100225,0.021525,0.0014));
#15400=CARTESIAN_POINT('',(0.09965,0.021525,0.0014));
#15401=CARTESIAN_POINT('',(0.09965,0.022025,0.0014));
#15402=CARTESIAN_POINT('',(0.09915,0.022025,0.0014));
#15403=CARTESIAN_POINT('',(0.09915,0.027925,0.0014));
#15404=CARTESIAN_POINT('',(0.09915,0.033825,0.0014));
#15405=CARTESIAN_POINT('',(0.09965,0.033825,0.0014));
#15406=CARTESIAN_POINT('',(0.09965,0.034325,0.0014));
#15407=CARTESIAN_POINT('',(0.1023,0.034325,0.0014));
#15408=CARTESIAN_POINT('',(0.10495,0.034325,0.0014));
#15409=CARTESIAN_POINT('',(0.10495,0.033825,0.0014));
#15410=CARTESIAN_POINT('',(0.10545,0.033825,0.0014));
#15411=CARTESIAN_POINT('',(0.10545,0.0312,0.0014));
#15412=CARTESIAN_POINT('',(0.10545,0.028575,0.0014));
#15413=CARTESIAN_POINT('',(0.1143,0.028575,0.0014));
#15414=CARTESIAN_POINT('',(0.1074,0.028575,0.0014));
#15415=CARTESIAN_POINT('',(0.1074,0.028575,0.0014));
#15416=CARTESIAN_POINT('',(0.1074,0.034975,0.0014));
#15417=CARTESIAN_POINT('',(0.1079,0.034975,0.0014));
#15418=CARTESIAN_POINT('',(0.1079,0.035475,0.0014));
#15419=CARTESIAN_POINT('',(0.1143,0.035475,0.0014));
#15420=CARTESIAN_POINT('',(0.1207,0.035475,0.0014));
#15421=CARTESIAN_POINT('',(0.1207,0.034975,0.0014));
#15422=CARTESIAN_POINT('',(0.1212,0.034975,0.0014));
#15423=CARTESIAN_POINT('',(0.1212,0.028575,0.0014));
#15424=CARTESIAN_POINT('',(0.1212,0.028575,0.0014));
#15425=CARTESIAN_POINT('',(0.1143,0.028575,0.0014));
#15426=CARTESIAN_POINT('',(0.12315,0.028575,0.0014));
#15427=CARTESIAN_POINT('',(0.12315,0.0312,0.0014));
#15428=CARTESIAN_POINT('',(0.12315,0.033825,0.0014));
#15429=CARTESIAN_POINT('',(0.12365,0.033825,0.0014));
#15430=CARTESIAN_POINT('',(0.12365,0.034325,0.0014));
#15431=CARTESIAN_POINT('',(0.1263,0.034325,0.0014));
#15432=CARTESIAN_POINT('',(0.12895,0.034325,0.0014));
#15433=CARTESIAN_POINT('',(0.12895,0.033825,0.0014));
#15434=CARTESIAN_POINT('',(0.12945,0.033825,0.0014));
#15435=CARTESIAN_POINT('',(0.12945,0.027925,0.0014));
#15436=CARTESIAN_POINT('',(0.12945,0.022025,0.0014));
#15437=CARTESIAN_POINT('',(0.12895,0.022025,0.0014));
#15438=CARTESIAN_POINT('',(0.12895,0.021525,0.0014));
#15439=CARTESIAN_POINT('',(0.128375,0.021525,0.0014));
#15440=CARTESIAN_POINT('',(0.1278,0.021525,0.0014));
#15441=CARTESIAN_POINT('',(0.1278,0.021025,0.0014));
#15442=CARTESIAN_POINT('',(0.1273,0.021025,0.0014));
#15443=CARTESIAN_POINT('',(0.1273,0.020525,0.0014));
#15444=CARTESIAN_POINT('',(0.1273,0.020025,0.0014));
#15445=CARTESIAN_POINT('',(0.1268,0.020025,0.0014));
#15446=CARTESIAN_POINT('',(0.1268,0.019525,0.0014));
#15447=CARTESIAN_POINT('',(0.1263,0.019525,0.0014));
#15448=CARTESIAN_POINT('',(0.1258,0.019525,0.0014));
#15449=CARTESIAN_POINT('',(0.1258,0.020025,0.0014));
#15450=CARTESIAN_POINT('',(0.1253,0.020025,0.0014));
#15451=CARTESIAN_POINT('',(0.1253,0.020525,0.0014));
#15452=CARTESIAN_POINT('',(0.1253,0.021025,0.0014));
#15453=CARTESIAN_POINT('',(0.1248,0.021025,0.0014));
#15454=CARTESIAN_POINT('',(0.1248,0.021525,0.0014));
#15455=CARTESIAN_POINT('',(0.124225,0.021525,0.0014));
#15456=CARTESIAN_POINT('',(0.12365,0.021525,0.0014));
#15457=CARTESIAN_POINT('',(0.12365,0.022025,0.0014));
#15458=CARTESIAN_POINT('',(0.003125,0.034975,0.0014));
#15459=CARTESIAN_POINT('',(0.003125,0.035475,0.0014));
#15460=CARTESIAN_POINT('',(0.002625,0.034975,0.0014));
#15461=CARTESIAN_POINT('',(0.009525,0.035475,0.0014));
#15462=CARTESIAN_POINT('',(0.015925,0.035475,0.0014));
#15463=CARTESIAN_POINT('',(0.015925,0.034975,0.0014));
#15464=CARTESIAN_POINT('',(0.016425,0.034975,0.0014));
#15465=CARTESIAN_POINT('',(0.016425,0.028575,0.0014));
#15466=CARTESIAN_POINT('',(0.016425,0.022175,0.0014));
#15467=CARTESIAN_POINT('',(0.015925,0.022175,0.0014));
#15468=CARTESIAN_POINT('',(0.015925,0.021675,0.0014));
#15469=CARTESIAN_POINT('',(0.009525,0.021675,0.0014));
#15470=CARTESIAN_POINT('',(0.003125,0.021675,0.0014));
#15471=CARTESIAN_POINT('',(0.003125,0.022175,0.0014));
#15472=CARTESIAN_POINT('',(0.002625,0.022175,0.0014));
#15473=CARTESIAN_POINT('',(0.002625,0.028575,0.0014));
#15474=CARTESIAN_POINT('',(0.022175,0.034975,0.0014));
#15475=CARTESIAN_POINT('',(0.022175,0.035475,0.0014));
#15476=CARTESIAN_POINT('',(0.021675,0.034975,0.0014));
#15477=CARTESIAN_POINT('',(0.028575,0.035475,0.0014));
#15478=CARTESIAN_POINT('',(0.034975,0.035475,0.0014));
#15479=CARTESIAN_POINT('',(0.034975,0.034975,0.0014));
#15480=CARTESIAN_POINT('',(0.035475,0.034975,0.0014));
#15481=CARTESIAN_POINT('',(0.035475,0.028575,0.0014));
#15482=CARTESIAN_POINT('',(0.035475,0.022175,0.0014));
#15483=CARTESIAN_POINT('',(0.034975,0.022175,0.0014));
#15484=CARTESIAN_POINT('',(0.034975,0.021675,0.0014));
#15485=CARTESIAN_POINT('',(0.028575,0.021675,0.0014));
#15486=CARTESIAN_POINT('',(0.022175,0.021675,0.0014));
#15487=CARTESIAN_POINT('',(0.022175,0.022175,0.0014));
#15488=CARTESIAN_POINT('',(0.021675,0.022175,0.0014));
#15489=CARTESIAN_POINT('',(0.021675,0.028575,0.0014));
#15490=CARTESIAN_POINT('',(0.041225,0.034975,0.0014));
#15491=CARTESIAN_POINT('',(0.041225,0.035475,0.0014));
#15492=CARTESIAN_POINT('',(0.040725,0.034975,0.0014));
#15493=CARTESIAN_POINT('',(0.047625,0.035475,0.0014));
#15494=CARTESIAN_POINT('',(0.054025,0.035475,0.0014));
#15495=CARTESIAN_POINT('',(0.054025,0.034975,0.0014));
#15496=CARTESIAN_POINT('',(0.054525,0.034975,0.0014));
#15497=CARTESIAN_POINT('',(0.054525,0.028575,0.0014));
#15498=CARTESIAN_POINT('',(0.054525,0.022175,0.0014));
#15499=CARTESIAN_POINT('',(0.054025,0.022175,0.0014));
#15500=CARTESIAN_POINT('',(0.054025,0.021675,0.0014));
#15501=CARTESIAN_POINT('',(0.047625,0.021675,0.0014));
#15502=CARTESIAN_POINT('',(0.041225,0.021675,0.0014));
#15503=CARTESIAN_POINT('',(0.041225,0.022175,0.0014));
#15504=CARTESIAN_POINT('',(0.040725,0.022175,0.0014));
#15505=CARTESIAN_POINT('',(0.040725,0.028575,0.0014));
#15506=CARTESIAN_POINT('',(0.060275,0.034975,0.0014));
#15507=CARTESIAN_POINT('',(0.060275,0.035475,0.0014));
#15508=CARTESIAN_POINT('',(0.059775,0.034975,0.0014));
#15509=CARTESIAN_POINT('',(0.066675,0.035475,0.0014));
#15510=CARTESIAN_POINT('',(0.073075,0.035475,0.0014));
#15511=CARTESIAN_POINT('',(0.073075,0.034975,0.0014));
#15512=CARTESIAN_POINT('',(0.073575,0.034975,0.0014));
#15513=CARTESIAN_POINT('',(0.073575,0.028575,0.0014));
#15514=CARTESIAN_POINT('',(0.073575,0.022175,0.0014));
#15515=CARTESIAN_POINT('',(0.073075,0.022175,0.0014));
#15516=CARTESIAN_POINT('',(0.073075,0.021675,0.0014));
#15517=CARTESIAN_POINT('',(0.066675,0.021675,0.0014));
#15518=CARTESIAN_POINT('',(0.060275,0.021675,0.0014));
#15519=CARTESIAN_POINT('',(0.060275,0.022175,0.0014));
#15520=CARTESIAN_POINT('',(0.059775,0.022175,0.0014));
#15521=CARTESIAN_POINT('',(0.059775,0.028575,0.0014));
#15522=CARTESIAN_POINT('',(0.079325,0.034975,0.0014));
#15523=CARTESIAN_POINT('',(0.079325,0.035475,0.0014));
#15524=CARTESIAN_POINT('',(0.078825,0.034975,0.0014));
#15525=CARTESIAN_POINT('',(0.085725,0.035475,0.0014));
#15526=CARTESIAN_POINT('',(0.092125,0.035475,0.0014));
#15527=CARTESIAN_POINT('',(0.092125,0.034975,0.0014));
#15528=CARTESIAN_POINT('',(0.092625,0.034975,0.0014));
#15529=CARTESIAN_POINT('',(0.092625,0.028575,0.0014));
#15530=CARTESIAN_POINT('',(0.092625,0.022175,0.0014));
#15531=CARTESIAN_POINT('',(0.092125,0.022175,0.0014));
#15532=CARTESIAN_POINT('',(0.092125,0.021675,0.0014));
#15533=CARTESIAN_POINT('',(0.085725,0.021675,0.0014));
#15534=CARTESIAN_POINT('',(0.079325,0.021675,0.0014));
#15535=CARTESIAN_POINT('',(0.079325,0.022175,0.0014));
#15536=CARTESIAN_POINT('',(0.078825,0.022175,0.0014));
#15537=CARTESIAN_POINT('',(0.078825,0.028575,0.0014));
#15538=CARTESIAN_POINT('',(0.136475,0.034975,0.0014));
#15539=CARTESIAN_POINT('',(0.136475,0.035475,0.0014));
#15540=CARTESIAN_POINT('',(0.135975,0.034975,0.0014));
#15541=CARTESIAN_POINT('',(0.142875,0.035475,0.0014));
#15542=CARTESIAN_POINT('',(0.149275,0.035475,0.0014));
#15543=CARTESIAN_POINT('',(0.149275,0.034975,0.0014));
#15544=CARTESIAN_POINT('',(0.149775,0.034975,0.0014));
#15545=CARTESIAN_POINT('',(0.149775,0.028575,0.0014));
#15546=CARTESIAN_POINT('',(0.149775,0.022175,0.0014));
#15547=CARTESIAN_POINT('',(0.149275,0.022175,0.0014));
#15548=CARTESIAN_POINT('',(0.149275,0.021675,0.0014));
#15549=CARTESIAN_POINT('',(0.142875,0.021675,0.0014));
#15550=CARTESIAN_POINT('',(0.136475,0.021675,0.0014));
#15551=CARTESIAN_POINT('',(0.136475,0.022175,0.0014));
#15552=CARTESIAN_POINT('',(0.135975,0.022175,0.0014));
#15553=CARTESIAN_POINT('',(0.135975,0.028575,0.0014));
#15554=CARTESIAN_POINT('',(0.01265,0.015925,0.0014));
#15555=CARTESIAN_POINT('',(0.01265,0.016425,0.0014));
#15556=CARTESIAN_POINT('',(0.01215,0.015925,0.0014));
#15557=CARTESIAN_POINT('',(0.01905,0.016425,0.0014));
#15558=CARTESIAN_POINT('',(0.02545,0.016425,0.0014));
#15559=CARTESIAN_POINT('',(0.02545,0.015925,0.0014));
#15560=CARTESIAN_POINT('',(0.02595,0.015925,0.0014));
#15561=CARTESIAN_POINT('',(0.02595,0.009525,0.0014));
#15562=CARTESIAN_POINT('',(0.02595,0.003125,0.0014));
#15563=CARTESIAN_POINT('',(0.02545,0.003125,0.0014));
#15564=CARTESIAN_POINT('',(0.02545,0.002625,0.0014));
#15565=CARTESIAN_POINT('',(0.01905,0.002625,0.0014));
#15566=CARTESIAN_POINT('',(0.01265,0.002625,0.0014));
#15567=CARTESIAN_POINT('',(0.01265,0.003125,0.0014));
#15568=CARTESIAN_POINT('',(0.01215,0.003125,0.0014));
#15569=CARTESIAN_POINT('',(0.01215,0.009525,0.0014));
#15570=CARTESIAN_POINT('',(0.0317,0.015925,0.0014));
#15571=CARTESIAN_POINT('',(0.0317,0.016425,0.0014));
#15572=CARTESIAN_POINT('',(0.0312,0.015925,0.0014));
#15573=CARTESIAN_POINT('',(0.0381,0.016425,0.0014));
#15574=CARTESIAN_POINT('',(0.0445,0.016425,0.0014));
#15575=CARTESIAN_POINT('',(0.0445,0.015925,0.0014));
#15576=CARTESIAN_POINT('',(0.045,0.015925,0.0014));
#15577=CARTESIAN_POINT('',(0.045,0.009525,0.0014));
#15578=CARTESIAN_POINT('',(0.045,0.003125,0.0014));
#15579=CARTESIAN_POINT('',(0.0445,0.003125,0.0014));
#15580=CARTESIAN_POINT('',(0.0445,0.002625,0.0014));
#15581=CARTESIAN_POINT('',(0.0381,0.002625,0.0014));
#15582=CARTESIAN_POINT('',(0.0317,0.002625,0.0014));
#15583=CARTESIAN_POINT('',(0.0317,0.003125,0.0014));
#15584=CARTESIAN_POINT('',(0.0312,0.003125,0.0014));
#15585=CARTESIAN_POINT('',(0.0312,0.009525,0.0014));
#15586=CARTESIAN_POINT('',(0.05075,0.015925,0.0014));
#15587=CARTESIAN_POINT('',(0.05075,0.016425,0.0014));
#15588=CARTESIAN_POINT('',(0.05025,0.015925,0.0014));
#15589=CARTESIAN_POINT('',(0.05715,0.016425,0.0014));
#15590=CARTESIAN_POINT('',(0.06355,0.016425,0.0014));
#15591=CARTESIAN_POINT('',(0.06355,0.015925,0.0014));
#15592=CARTESIAN_POINT('',(0.06405,0.015925,0.0014));
#15593=CARTESIAN_POINT('',(0.06405,0.009525,0.0014));
#15594=CARTESIAN_POINT('',(0.06405,0.003125,0.0014));
#15595=CARTESIAN_POINT('',(0.06355,0.003125,0.0014));
#15596=CARTESIAN_POINT('',(0.06355,0.002625,0.0014));
#15597=CARTESIAN_POINT('',(0.05715,0.002625,0.0014));
#15598=CARTESIAN_POINT('',(0.05075,0.002625,0.0014));
#15599=CARTESIAN_POINT('',(0.05075,0.003125,0.0014));
#15600=CARTESIAN_POINT('',(0.05025,0.003125,0.0014));
#15601=CARTESIAN_POINT('',(0.05025,0.009525,0.0014));
#15602=CARTESIAN_POINT('',(0.0698,0.015925,0.0014));
#15603=CARTESIAN_POINT('',(0.0698,0.016425,0.0014));
#15604=CARTESIAN_POINT('',(0.0693,0.015925,0.0014));
#15605=CARTESIAN_POINT('',(0.0762,0.016425,0.0014));
#15606=CARTESIAN_POINT('',(0.0826,0.016425,0.0014));
#15607=CARTESIAN_POINT('',(0.0826,0.015925,0.0014));
#15608=CARTESIAN_POINT('',(0.0831,0.015925,0.0014));
#15609=CARTESIAN_POINT('',(0.0831,0.009525,0.0014));
#15610=CARTESIAN_POINT('',(0.0831,0.003125,0.0014));
#15611=CARTESIAN_POINT('',(0.0826,0.003125,0.0014));
#15612=CARTESIAN_POINT('',(0.0826,0.002625,0.0014));
#15613=CARTESIAN_POINT('',(0.0762,0.002625,0.0014));
#15614=CARTESIAN_POINT('',(0.0698,0.002625,0.0014));
#15615=CARTESIAN_POINT('',(0.0698,0.003125,0.0014));
#15616=CARTESIAN_POINT('',(0.0693,0.003125,0.0014));
#15617=CARTESIAN_POINT('',(0.0693,0.009525,0.0014));
#15618=CARTESIAN_POINT('',(0.08885,0.015925,0.0014));
#15619=CARTESIAN_POINT('',(0.08885,0.016425,0.0014));
#15620=CARTESIAN_POINT('',(0.08835,0.015925,0.0014));
#15621=CARTESIAN_POINT('',(0.09525,0.016425,0.0014));
#15622=CARTESIAN_POINT('',(0.10165,0.016425,0.0014));
#15623=CARTESIAN_POINT('',(0.10165,0.015925,0.0014));
#15624=CARTESIAN_POINT('',(0.10215,0.015925,0.0014));
#15625=CARTESIAN_POINT('',(0.10215,0.009525,0.0014));
#15626=CARTESIAN_POINT('',(0.10215,0.003125,0.0014));
#15627=CARTESIAN_POINT('',(0.10165,0.003125,0.0014));
#15628=CARTESIAN_POINT('',(0.10165,0.002625,0.0014));
#15629=CARTESIAN_POINT('',(0.09525,0.002625,0.0014));
#15630=CARTESIAN_POINT('',(0.08885,0.002625,0.0014));
#15631=CARTESIAN_POINT('',(0.08885,0.003125,0.0014));
#15632=CARTESIAN_POINT('',(0.08835,0.003125,0.0014));
#15633=CARTESIAN_POINT('',(0.08835,0.009525,0.0014));
#15634=CARTESIAN_POINT('',(0.1126625,0.015925,0.0014));
#15635=CARTESIAN_POINT('',(0.1126625,0.016425,0.0014));
#15636=CARTESIAN_POINT('',(0.1121625,0.015925,0.0014));
#15637=CARTESIAN_POINT('',(0.1190625,0.016425,0.0014));
#15638=CARTESIAN_POINT('',(0.1254625,0.016425,0.0014));
#15639=CARTESIAN_POINT('',(0.1254625,0.015925,0.0014));
#15640=CARTESIAN_POINT('',(0.1259625,0.015925,0.0014));
#15641=CARTESIAN_POINT('',(0.1259625,0.009525,0.0014));
#15642=CARTESIAN_POINT('',(0.1259625,0.003125,0.0014));
#15643=CARTESIAN_POINT('',(0.1254625,0.003125,0.0014));
#15644=CARTESIAN_POINT('',(0.1254625,0.002625,0.0014));
#15645=CARTESIAN_POINT('',(0.1190625,0.002625,0.0014));
#15646=CARTESIAN_POINT('',(0.1126625,0.002625,0.0014));
#15647=CARTESIAN_POINT('',(0.1126625,0.003125,0.0014));
#15648=CARTESIAN_POINT('',(0.1121625,0.003125,0.0014));
#15649=CARTESIAN_POINT('',(0.1121625,0.009525,0.0014));
#15650=CARTESIAN_POINT('',(0.136475,0.015925,0.0014));
#15651=CARTESIAN_POINT('',(0.136475,0.016425,0.0014));
#15652=CARTESIAN_POINT('',(0.135975,0.015925,0.0014));
#15653=CARTESIAN_POINT('',(0.142875,0.016425,0.0014));
#15654=CARTESIAN_POINT('',(0.149275,0.016425,0.0014));
#15655=CARTESIAN_POINT('',(0.149275,0.015925,0.0014));
#15656=CARTESIAN_POINT('',(0.149775,0.015925,0.0014));
#15657=CARTESIAN_POINT('',(0.149775,0.009525,0.0014));
#15658=CARTESIAN_POINT('',(0.149775,0.003125,0.0014));
#15659=CARTESIAN_POINT('',(0.149275,0.003125,0.0014));
#15660=CARTESIAN_POINT('',(0.149275,0.002625,0.0014));
#15661=CARTESIAN_POINT('',(0.142875,0.002625,0.0014));
#15662=CARTESIAN_POINT('',(0.136475,0.002625,0.0014));
#15663=CARTESIAN_POINT('',(0.136475,0.003125,0.0014));
#15664=CARTESIAN_POINT('',(0.135975,0.003125,0.0014));
#15665=CARTESIAN_POINT('',(0.135975,0.009525,0.0014));
#15666=CARTESIAN_POINT('',(0.0174125,-0.003125,0.0014));
#15667=CARTESIAN_POINT('',(0.0174125,-0.002625,0.0014));
#15668=CARTESIAN_POINT('',(0.0169125,-0.003125,0.0014));
#15669=CARTESIAN_POINT('',(0.0238125,-0.002625,0.0014));
#15670=CARTESIAN_POINT('',(0.0302125,-0.002625,0.0014));
#15671=CARTESIAN_POINT('',(0.0302125,-0.003125,0.0014));
#15672=CARTESIAN_POINT('',(0.0307125,-0.003125,0.0014));
#15673=CARTESIAN_POINT('',(0.0307125,-0.009525,0.0014));
#15674=CARTESIAN_POINT('',(0.0307125,-0.015925,0.0014));
#15675=CARTESIAN_POINT('',(0.0302125,-0.015925,0.0014));
#15676=CARTESIAN_POINT('',(0.0302125,-0.016425,0.0014));
#15677=CARTESIAN_POINT('',(0.0238125,-0.016425,0.0014));
#15678=CARTESIAN_POINT('',(0.0174125,-0.016425,0.0014));
#15679=CARTESIAN_POINT('',(0.0174125,-0.015925,0.0014));
#15680=CARTESIAN_POINT('',(0.0169125,-0.015925,0.0014));
#15681=CARTESIAN_POINT('',(0.0169125,-0.009525,0.0014));
#15682=CARTESIAN_POINT('',(0.0364625,-0.003125,0.0014));
#15683=CARTESIAN_POINT('',(0.0364625,-0.002625,0.0014));
#15684=CARTESIAN_POINT('',(0.0359625,-0.003125,0.0014));
#15685=CARTESIAN_POINT('',(0.0428625,-0.002625,0.0014));
#15686=CARTESIAN_POINT('',(0.0492625,-0.002625,0.0014));
#15687=CARTESIAN_POINT('',(0.0492625,-0.003125,0.0014));
#15688=CARTESIAN_POINT('',(0.0497625,-0.003125,0.0014));
#15689=CARTESIAN_POINT('',(0.0497625,-0.009525,0.0014));
#15690=CARTESIAN_POINT('',(0.0497625,-0.015925,0.0014));
#15691=CARTESIAN_POINT('',(0.0492625,-0.015925,0.0014));
#15692=CARTESIAN_POINT('',(0.0492625,-0.016425,0.0014));
#15693=CARTESIAN_POINT('',(0.0428625,-0.016425,0.0014));
#15694=CARTESIAN_POINT('',(0.0364625,-0.016425,0.0014));
#15695=CARTESIAN_POINT('',(0.0364625,-0.015925,0.0014));
#15696=CARTESIAN_POINT('',(0.0359625,-0.015925,0.0014));
#15697=CARTESIAN_POINT('',(0.0359625,-0.009525,0.0014));
#15698=CARTESIAN_POINT('',(0.0555125,-0.003125,0.0014));
#15699=CARTESIAN_POINT('',(0.0555125,-0.002625,0.0014));
#15700=CARTESIAN_POINT('',(0.0550125,-0.003125,0.0014));
#15701=CARTESIAN_POINT('',(0.0619125,-0.002625,0.0014));
#15702=CARTESIAN_POINT('',(0.0683125,-0.002625,0.0014));
#15703=CARTESIAN_POINT('',(0.0683125,-0.003125,0.0014));
#15704=CARTESIAN_POINT('',(0.0688125,-0.003125,0.0014));
#15705=CARTESIAN_POINT('',(0.0688125,-0.009525,0.0014));
#15706=CARTESIAN_POINT('',(0.0688125,-0.015925,0.0014));
#15707=CARTESIAN_POINT('',(0.0683125,-0.015925,0.0014));
#15708=CARTESIAN_POINT('',(0.0683125,-0.016425,0.0014));
#15709=CARTESIAN_POINT('',(0.0619125,-0.016425,0.0014));
#15710=CARTESIAN_POINT('',(0.0555125,-0.016425,0.0014));
#15711=CARTESIAN_POINT('',(0.0555125,-0.015925,0.0014));
#15712=CARTESIAN_POINT('',(0.0550125,-0.015925,0.0014));
#15713=CARTESIAN_POINT('',(0.0550125,-0.009525,0.0014));
#15714=CARTESIAN_POINT('',(0.0745625,-0.003125,0.0014));
#15715=CARTESIAN_POINT('',(0.0745625,-0.002625,0.0014));
#15716=CARTESIAN_POINT('',(0.0740625,-0.003125,0.0014));
#15717=CARTESIAN_POINT('',(0.0809625,-0.002625,0.0014));
#15718=CARTESIAN_POINT('',(0.0873625,-0.002625,0.0014));
#15719=CARTESIAN_POINT('',(0.0873625,-0.003125,0.0014));
#15720=CARTESIAN_POINT('',(0.0878625,-0.003125,0.0014));
#15721=CARTESIAN_POINT('',(0.0878625,-0.009525,0.0014));
#15722=CARTESIAN_POINT('',(0.0878625,-0.015925,0.0014));
#15723=CARTESIAN_POINT('',(0.0873625,-0.015925,0.0014));
#15724=CARTESIAN_POINT('',(0.0873625,-0.016425,0.0014));
#15725=CARTESIAN_POINT('',(0.0809625,-0.016425,0.0014));
#15726=CARTESIAN_POINT('',(0.0745625,-0.016425,0.0014));
#15727=CARTESIAN_POINT('',(0.0745625,-0.015925,0.0014));
#15728=CARTESIAN_POINT('',(0.0740625,-0.015925,0.0014));
#15729=CARTESIAN_POINT('',(0.0740625,-0.009525,0.0014));
#15730=CARTESIAN_POINT('',(0.136475,-0.003125,0.0014));
#15731=CARTESIAN_POINT('',(0.136475,-0.002625,0.0014));
#15732=CARTESIAN_POINT('',(0.135975,-0.003125,0.0014));
#15733=CARTESIAN_POINT('',(0.142875,-0.002625,0.0014));
#15734=CARTESIAN_POINT('',(0.149275,-0.002625,0.0014));
#15735=CARTESIAN_POINT('',(0.149275,-0.003125,0.0014));
#15736=CARTESIAN_POINT('',(0.149775,-0.003125,0.0014));
#15737=CARTESIAN_POINT('',(0.149775,-0.009525,0.0014));
#15738=CARTESIAN_POINT('',(0.149775,-0.015925,0.0014));
#15739=CARTESIAN_POINT('',(0.149275,-0.015925,0.0014));
#15740=CARTESIAN_POINT('',(0.149275,-0.016425,0.0014));
#15741=CARTESIAN_POINT('',(0.142875,-0.016425,0.0014));
#15742=CARTESIAN_POINT('',(0.136475,-0.016425,0.0014));
#15743=CARTESIAN_POINT('',(0.136475,-0.015925,0.0014));
#15744=CARTESIAN_POINT('',(0.135975,-0.015925,0.0014));
#15745=CARTESIAN_POINT('',(0.135975,-0.009525,0.0014));
#15746=CARTESIAN_POINT('',(0.0078875,-0.022175,0.0014));
#15747=CARTESIAN_POINT('',(0.0078875,-0.021675,0.0014));
#15748=CARTESIAN_POINT('',(0.0073875,-0.022175,0.0014));
#15749=CARTESIAN_POINT('',(0.0142875,-0.021675,0.0014));
#15750=CARTESIAN_POINT('',(0.0206875,-0.021675,0.0014));
#15751=CARTESIAN_POINT('',(0.0206875,-0.022175,0.0014));
#15752=CARTESIAN_POINT('',(0.0211875,-0.022175,0.0014));
#15753=CARTESIAN_POINT('',(0.0211875,-0.028575,0.0014));
#15754=CARTESIAN_POINT('',(0.0211875,-0.034975,0.0014));
#15755=CARTESIAN_POINT('',(0.0206875,-0.034975,0.0014));
#15756=CARTESIAN_POINT('',(0.0206875,-0.035475,0.0014));
#15757=CARTESIAN_POINT('',(0.0142875,-0.035475,0.0014));
#15758=CARTESIAN_POINT('',(0.0078875,-0.035475,0.0014));
#15759=CARTESIAN_POINT('',(0.0078875,-0.034975,0.0014));
#15760=CARTESIAN_POINT('',(0.0073875,-0.034975,0.0014));
#15761=CARTESIAN_POINT('',(0.0073875,-0.028575,0.0014));
#15762=CARTESIAN_POINT('',(0.0269375,-0.022175,0.0014));
#15763=CARTESIAN_POINT('',(0.0269375,-0.021675,0.0014));
#15764=CARTESIAN_POINT('',(0.0264375,-0.022175,0.0014));
#15765=CARTESIAN_POINT('',(0.0333375,-0.021675,0.0014));
#15766=CARTESIAN_POINT('',(0.0397375,-0.021675,0.0014));
#15767=CARTESIAN_POINT('',(0.0397375,-0.022175,0.0014));
#15768=CARTESIAN_POINT('',(0.0402375,-0.022175,0.0014));
#15769=CARTESIAN_POINT('',(0.0402375,-0.028575,0.0014));
#15770=CARTESIAN_POINT('',(0.0402375,-0.034975,0.0014));
#15771=CARTESIAN_POINT('',(0.0397375,-0.034975,0.0014));
#15772=CARTESIAN_POINT('',(0.0397375,-0.035475,0.0014));
#15773=CARTESIAN_POINT('',(0.0333375,-0.035475,0.0014));
#15774=CARTESIAN_POINT('',(0.0269375,-0.035475,0.0014));
#15775=CARTESIAN_POINT('',(0.0269375,-0.034975,0.0014));
#15776=CARTESIAN_POINT('',(0.0264375,-0.034975,0.0014));
#15777=CARTESIAN_POINT('',(0.0264375,-0.028575,0.0014));
#15778=CARTESIAN_POINT('',(0.0459875,-0.022175,0.0014));
#15779=CARTESIAN_POINT('',(0.0459875,-0.021675,0.0014));
#15780=CARTESIAN_POINT('',(0.0454875,-0.022175,0.0014));
#15781=CARTESIAN_POINT('',(0.0523875,-0.021675,0.0014));
#15782=CARTESIAN_POINT('',(0.0587875,-0.021675,0.0014));
#15783=CARTESIAN_POINT('',(0.0587875,-0.022175,0.0014));
#15784=CARTESIAN_POINT('',(0.0592875,-0.022175,0.0014));
#15785=CARTESIAN_POINT('',(0.0592875,-0.028575,0.0014));
#15786=CARTESIAN_POINT('',(0.0592875,-0.034975,0.0014));
#15787=CARTESIAN_POINT('',(0.0587875,-0.034975,0.0014));
#15788=CARTESIAN_POINT('',(0.0587875,-0.035475,0.0014));
#15789=CARTESIAN_POINT('',(0.0523875,-0.035475,0.0014));
#15790=CARTESIAN_POINT('',(0.0459875,-0.035475,0.0014));
#15791=CARTESIAN_POINT('',(0.0459875,-0.034975,0.0014));
#15792=CARTESIAN_POINT('',(0.0454875,-0.034975,0.0014));
#15793=CARTESIAN_POINT('',(0.0454875,-0.028575,0.0014));
#15794=CARTESIAN_POINT('',(0.0650375,-0.022175,0.0014));
#15795=CARTESIAN_POINT('',(0.0650375,-0.021675,0.0014));
#15796=CARTESIAN_POINT('',(0.0645375,-0.022175,0.0014));
#15797=CARTESIAN_POINT('',(0.0714375,-0.021675,0.0014));
#15798=CARTESIAN_POINT('',(0.0778375,-0.021675,0.0014));
#15799=CARTESIAN_POINT('',(0.0778375,-0.022175,0.0014));
#15800=CARTESIAN_POINT('',(0.0783375,-0.022175,0.0014));
#15801=CARTESIAN_POINT('',(0.0783375,-0.028575,0.0014));
#15802=CARTESIAN_POINT('',(0.0783375,-0.034975,0.0014));
#15803=CARTESIAN_POINT('',(0.0778375,-0.034975,0.0014));
#15804=CARTESIAN_POINT('',(0.0778375,-0.035475,0.0014));
#15805=CARTESIAN_POINT('',(0.0714375,-0.035475,0.0014));
#15806=CARTESIAN_POINT('',(0.0650375,-0.035475,0.0014));
#15807=CARTESIAN_POINT('',(0.0650375,-0.034975,0.0014));
#15808=CARTESIAN_POINT('',(0.0645375,-0.034975,0.0014));
#15809=CARTESIAN_POINT('',(0.0645375,-0.028575,0.0014));
#15810=CARTESIAN_POINT('',(0.09123125,-0.022175,0.0014));
#15811=CARTESIAN_POINT('',(0.09123125,-0.021675,0.0014));
#15812=CARTESIAN_POINT('',(0.09073125,-0.022175,0.0014));
#15813=CARTESIAN_POINT('',(0.09763125,-0.021675,0.0014));
#15814=CARTESIAN_POINT('',(0.10403125,-0.021675,0.0014));
#15815=CARTESIAN_POINT('',(0.10403125,-0.022175,0.0014));
#15816=CARTESIAN_POINT('',(0.10453125,-0.022175,0.0014));
#15817=CARTESIAN_POINT('',(0.10453125,-0.028575,0.0014));
#15818=CARTESIAN_POINT('',(0.10453125,-0.034975,0.0014));
#15819=CARTESIAN_POINT('',(0.10403125,-0.034975,0.0014));
#15820=CARTESIAN_POINT('',(0.10403125,-0.035475,0.0014));
#15821=CARTESIAN_POINT('',(0.09763125,-0.035475,0.0014));
#15822=CARTESIAN_POINT('',(0.09123125,-0.035475,0.0014));
#15823=CARTESIAN_POINT('',(0.09123125,-0.034975,0.0014));
#15824=CARTESIAN_POINT('',(0.09073125,-0.034975,0.0014));
#15825=CARTESIAN_POINT('',(0.09073125,-0.028575,0.0014));
#15826=CARTESIAN_POINT('',(0.117425,-0.022175,0.0014));
#15827=CARTESIAN_POINT('',(0.117425,-0.021675,0.0014));
#15828=CARTESIAN_POINT('',(0.116925,-0.022175,0.0014));
#15829=CARTESIAN_POINT('',(0.123825,-0.021675,0.0014));
#15830=CARTESIAN_POINT('',(0.130225,-0.021675,0.0014));
#15831=CARTESIAN_POINT('',(0.130225,-0.022175,0.0014));
#15832=CARTESIAN_POINT('',(0.130725,-0.022175,0.0014));
#15833=CARTESIAN_POINT('',(0.130725,-0.028575,0.0014));
#15834=CARTESIAN_POINT('',(0.130725,-0.034975,0.0014));
#15835=CARTESIAN_POINT('',(0.130225,-0.034975,0.0014));
#15836=CARTESIAN_POINT('',(0.130225,-0.035475,0.0014));
#15837=CARTESIAN_POINT('',(0.123825,-0.035475,0.0014));
#15838=CARTESIAN_POINT('',(0.117425,-0.035475,0.0014));
#15839=CARTESIAN_POINT('',(0.117425,-0.034975,0.0014));
#15840=CARTESIAN_POINT('',(0.116925,-0.034975,0.0014));
#15841=CARTESIAN_POINT('',(0.116925,-0.028575,0.0014));
#15842=CARTESIAN_POINT('',(0.136475,-0.022175,0.0014));
#15843=CARTESIAN_POINT('',(0.136475,-0.021675,0.0014));
#15844=CARTESIAN_POINT('',(0.135975,-0.022175,0.0014));
#15845=CARTESIAN_POINT('',(0.142875,-0.021675,0.0014));
#15846=CARTESIAN_POINT('',(0.149275,-0.021675,0.0014));
#15847=CARTESIAN_POINT('',(0.149275,-0.022175,0.0014));
#15848=CARTESIAN_POINT('',(0.149775,-0.022175,0.0014));
#15849=CARTESIAN_POINT('',(0.149775,-0.028575,0.0014));
#15850=CARTESIAN_POINT('',(0.149775,-0.034975,0.0014));
#15851=CARTESIAN_POINT('',(0.149275,-0.034975,0.0014));
#15852=CARTESIAN_POINT('',(0.149275,-0.035475,0.0014));
#15853=CARTESIAN_POINT('',(0.142875,-0.035475,0.0014));
#15854=CARTESIAN_POINT('',(0.136475,-0.035475,0.0014));
#15855=CARTESIAN_POINT('',(0.136475,-0.034975,0.0014));
#15856=CARTESIAN_POINT('',(0.135975,-0.034975,0.0014));
#15857=CARTESIAN_POINT('',(0.135975,-0.028575,0.0014));
#15858=CARTESIAN_POINT('',(0.041225,-0.041225,0.0014));
#15859=CARTESIAN_POINT('',(0.041225,-0.040725,0.0014));
#15860=CARTESIAN_POINT('',(0.040725,-0.041225,0.0014));
#15861=CARTESIAN_POINT('',(0.047625,-0.040725,0.0014));
#15862=CARTESIAN_POINT('',(0.054025,-0.040725,0.0014));
#15863=CARTESIAN_POINT('',(0.054025,-0.041225,0.0014));
#15864=CARTESIAN_POINT('',(0.054525,-0.041225,0.0014));
#15865=CARTESIAN_POINT('',(0.054525,-0.047625,0.0014));
#15866=CARTESIAN_POINT('',(0.054525,-0.054025,0.0014));
#15867=CARTESIAN_POINT('',(0.054025,-0.054025,0.0014));
#15868=CARTESIAN_POINT('',(0.054025,-0.054525,0.0014));
#15869=CARTESIAN_POINT('',(0.047625,-0.054525,0.0014));
#15870=CARTESIAN_POINT('',(0.041225,-0.054525,0.0014));
#15871=CARTESIAN_POINT('',(0.041225,-0.054025,0.0014));
#15872=CARTESIAN_POINT('',(0.040725,-0.054025,0.0014));
#15873=CARTESIAN_POINT('',(0.040725,-0.047625,0.0014));
#15874=CARTESIAN_POINT('',(0.060275,-0.041225,0.0014));
#15875=CARTESIAN_POINT('',(0.060275,-0.040725,0.0014));
#15876=CARTESIAN_POINT('',(0.059775,-0.041225,0.0014));
#15877=CARTESIAN_POINT('',(0.066675,-0.040725,0.0014));
#15878=CARTESIAN_POINT('',(0.073075,-0.040725,0.0014));
#15879=CARTESIAN_POINT('',(0.073075,-0.041225,0.0014));
#15880=CARTESIAN_POINT('',(0.073575,-0.041225,0.0014));
#15881=CARTESIAN_POINT('',(0.073575,-0.047625,0.0014));
#15882=CARTESIAN_POINT('',(0.073575,-0.054025,0.0014));
#15883=CARTESIAN_POINT('',(0.073075,-0.054025,0.0014));
#15884=CARTESIAN_POINT('',(0.073075,-0.054525,0.0014));
#15885=CARTESIAN_POINT('',(0.066675,-0.054525,0.0014));
#15886=CARTESIAN_POINT('',(0.060275,-0.054525,0.0014));
#15887=CARTESIAN_POINT('',(0.060275,-0.054025,0.0014));
#15888=CARTESIAN_POINT('',(0.059775,-0.054025,0.0014));
#15889=CARTESIAN_POINT('',(0.059775,-0.047625,0.0014));
#15890=CARTESIAN_POINT('',(0.079325,-0.041225,0.0014));
#15891=CARTESIAN_POINT('',(0.079325,-0.040725,0.0014));
#15892=CARTESIAN_POINT('',(0.078825,-0.041225,0.0014));
#15893=CARTESIAN_POINT('',(0.085725,-0.040725,0.0014));
#15894=CARTESIAN_POINT('',(0.092125,-0.040725,0.0014));
#15895=CARTESIAN_POINT('',(0.092125,-0.041225,0.0014));
#15896=CARTESIAN_POINT('',(0.092625,-0.041225,0.0014));
#15897=CARTESIAN_POINT('',(0.092625,-0.047625,0.0014));
#15898=CARTESIAN_POINT('',(0.092625,-0.054025,0.0014));
#15899=CARTESIAN_POINT('',(0.092125,-0.054025,0.0014));
#15900=CARTESIAN_POINT('',(0.092125,-0.054525,0.0014));
#15901=CARTESIAN_POINT('',(0.085725,-0.054525,0.0014));
#15902=CARTESIAN_POINT('',(0.079325,-0.054525,0.0014));
#15903=CARTESIAN_POINT('',(0.079325,-0.054025,0.0014));
#15904=CARTESIAN_POINT('',(0.078825,-0.054025,0.0014));
#15905=CARTESIAN_POINT('',(0.078825,-0.047625,0.0014));
#15906=CARTESIAN_POINT('',(0.098375,-0.041225,0.0014));
#15907=CARTESIAN_POINT('',(0.098375,-0.040725,0.0014));
#15908=CARTESIAN_POINT('',(0.097875,-0.041225,0.0014));
#15909=CARTESIAN_POINT('',(0.104775,-0.040725,0.0014));
#15910=CARTESIAN_POINT('',(0.111175,-0.040725,0.0014));
#15911=CARTESIAN_POINT('',(0.111175,-0.041225,0.0014));
#15912=CARTESIAN_POINT('',(0.111675,-0.041225,0.0014));
#15913=CARTESIAN_POINT('',(0.111675,-0.047625,0.0014));
#15914=CARTESIAN_POINT('',(0.111675,-0.054025,0.0014));
#15915=CARTESIAN_POINT('',(0.111175,-0.054025,0.0014));
#15916=CARTESIAN_POINT('',(0.111175,-0.054525,0.0014));
#15917=CARTESIAN_POINT('',(0.104775,-0.054525,0.0014));
#15918=CARTESIAN_POINT('',(0.098375,-0.054525,0.0014));
#15919=CARTESIAN_POINT('',(0.098375,-0.054025,0.0014));
#15920=CARTESIAN_POINT('',(0.097875,-0.054025,0.0014));
#15921=CARTESIAN_POINT('',(0.097875,-0.047625,0.0014));
#15922=CARTESIAN_POINT('',(0.117425,-0.041225,0.0014));
#15923=CARTESIAN_POINT('',(0.117425,-0.040725,0.0014));
#15924=CARTESIAN_POINT('',(0.116925,-0.041225,0.0014));
#15925=CARTESIAN_POINT('',(0.123825,-0.040725,0.0014));
#15926=CARTESIAN_POINT('',(0.130225,-0.040725,0.0014));
#15927=CARTESIAN_POINT('',(0.130225,-0.041225,0.0014));
#15928=CARTESIAN_POINT('',(0.130725,-0.041225,0.0014));
#15929=CARTESIAN_POINT('',(0.130725,-0.047625,0.0014));
#15930=CARTESIAN_POINT('',(0.130725,-0.054025,0.0014));
#15931=CARTESIAN_POINT('',(0.130225,-0.054025,0.0014));
#15932=CARTESIAN_POINT('',(0.130225,-0.054525,0.0014));
#15933=CARTESIAN_POINT('',(0.123825,-0.054525,0.0014));
#15934=CARTESIAN_POINT('',(0.117425,-0.054525,0.0014));
#15935=CARTESIAN_POINT('',(0.117425,-0.054025,0.0014));
#15936=CARTESIAN_POINT('',(0.116925,-0.054025,0.0014));
#15937=CARTESIAN_POINT('',(0.116925,-0.047625,0.0014));
#15938=CARTESIAN_POINT('',(0.136475,-0.041225,0.0014));
#15939=CARTESIAN_POINT('',(0.136475,-0.040725,0.0014));
#15940=CARTESIAN_POINT('',(0.135975,-0.041225,0.0014));
#15941=CARTESIAN_POINT('',(0.142875,-0.040725,0.0014));
#15942=CARTESIAN_POINT('',(0.149275,-0.040725,0.0014));
#15943=CARTESIAN_POINT('',(0.149275,-0.041225,0.0014));
#15944=CARTESIAN_POINT('',(0.149775,-0.041225,0.0014));
#15945=CARTESIAN_POINT('',(0.149775,-0.047625,0.0014));
#15946=CARTESIAN_POINT('',(0.149775,-0.054025,0.0014));
#15947=CARTESIAN_POINT('',(0.149275,-0.054025,0.0014));
#15948=CARTESIAN_POINT('',(0.149275,-0.054525,0.0014));
#15949=CARTESIAN_POINT('',(0.142875,-0.054525,0.0014));
#15950=CARTESIAN_POINT('',(0.136475,-0.054525,0.0014));
#15951=CARTESIAN_POINT('',(0.136475,-0.054025,0.0014));
#15952=CARTESIAN_POINT('',(0.135975,-0.054025,0.0014));
#15953=CARTESIAN_POINT('',(0.135975,-0.047625,0.0014));
#15954=CARTESIAN_POINT('',(0.117425,0.0587875,0.0014));
#15955=CARTESIAN_POINT('',(0.117425,0.0592875,0.0014));
#15956=CARTESIAN_POINT('',(0.116925,0.0587875,0.0014));
#15957=CARTESIAN_POINT('',(0.123825,0.0592875,0.0014));
#15958=CARTESIAN_POINT('',(0.130225,0.0592875,0.0014));
#15959=CARTESIAN_POINT('',(0.130225,0.0587875,0.0014));
#15960=CARTESIAN_POINT('',(0.130725,0.0587875,0.0014));
#15961=CARTESIAN_POINT('',(0.130725,0.0523875,0.0014));
#15962=CARTESIAN_POINT('',(0.130725,0.0459875,0.0014));
#15963=CARTESIAN_POINT('',(0.130225,0.0459875,0.0014));
#15964=CARTESIAN_POINT('',(0.130225,0.0454875,0.0014));
#15965=CARTESIAN_POINT('',(0.123825,0.0454875,0.0014));
#15966=CARTESIAN_POINT('',(0.117425,0.0454875,0.0014));
#15967=CARTESIAN_POINT('',(0.117425,0.0459875,0.0014));
#15968=CARTESIAN_POINT('',(0.116925,0.0459875,0.0014));
#15969=CARTESIAN_POINT('',(0.116925,0.0523875,0.0014));
#15970=CARTESIAN_POINT('',(0.0936125,0.0587875,0.0014));
#15971=CARTESIAN_POINT('',(0.0936125,0.0592875,0.0014));
#15972=CARTESIAN_POINT('',(0.0931125,0.0587875,0.0014));
#15973=CARTESIAN_POINT('',(0.1000125,0.0592875,0.0014));
#15974=CARTESIAN_POINT('',(0.1064125,0.0592875,0.0014));
#15975=CARTESIAN_POINT('',(0.1064125,0.0587875,0.0014));
#15976=CARTESIAN_POINT('',(0.1069125,0.0587875,0.0014));
#15977=CARTESIAN_POINT('',(0.1069125,0.0523875,0.0014));
#15978=CARTESIAN_POINT('',(0.1069125,0.0459875,0.0014));
#15979=CARTESIAN_POINT('',(0.1064125,0.0459875,0.0014));
#15980=CARTESIAN_POINT('',(0.1064125,0.0454875,0.0014));
#15981=CARTESIAN_POINT('',(0.1000125,0.0454875,0.0014));
#15982=CARTESIAN_POINT('',(0.0936125,0.0454875,0.0014));
#15983=CARTESIAN_POINT('',(0.0936125,0.0459875,0.0014));
#15984=CARTESIAN_POINT('',(0.0931125,0.0459875,0.0014));
#15985=CARTESIAN_POINT('',(0.0931125,0.0523875,0.0014));
#15986=CARTESIAN_POINT('',(0.0745625,0.0587875,0.0014));
#15987=CARTESIAN_POINT('',(0.0745625,0.0592875,0.0014));
#15988=CARTESIAN_POINT('',(0.0740625,0.0587875,0.0014));
#15989=CARTESIAN_POINT('',(0.0809625,0.0592875,0.0014));
#15990=CARTESIAN_POINT('',(0.0873625,0.0592875,0.0014));
#15991=CARTESIAN_POINT('',(0.0873625,0.0587875,0.0014));
#15992=CARTESIAN_POINT('',(0.0878625,0.0587875,0.0014));
#15993=CARTESIAN_POINT('',(0.0878625,0.0523875,0.0014));
#15994=CARTESIAN_POINT('',(0.0878625,0.0459875,0.0014));
#15995=CARTESIAN_POINT('',(0.0873625,0.0459875,0.0014));
#15996=CARTESIAN_POINT('',(0.0873625,0.0454875,0.0014));
#15997=CARTESIAN_POINT('',(0.0809625,0.0454875,0.0014));
#15998=CARTESIAN_POINT('',(0.0745625,0.0454875,0.0014));
#15999=CARTESIAN_POINT('',(0.0745625,0.0459875,0.0014));
#16000=CARTESIAN_POINT('',(0.0740625,0.0459875,0.0014));
#16001=CARTESIAN_POINT('',(0.0740625,0.0523875,0.0014));
#16002=CARTESIAN_POINT('',(0.0555125,0.0587875,0.0014));
#16003=CARTESIAN_POINT('',(0.0555125,0.0592875,0.0014));
#16004=CARTESIAN_POINT('',(0.0550125,0.0587875,0.0014));
#16005=CARTESIAN_POINT('',(0.0619125,0.0592875,0.0014));
#16006=CARTESIAN_POINT('',(0.0683125,0.0592875,0.0014));
#16007=CARTESIAN_POINT('',(0.0683125,0.0587875,0.0014));
#16008=CARTESIAN_POINT('',(0.0688125,0.0587875,0.0014));
#16009=CARTESIAN_POINT('',(0.0688125,0.0523875,0.0014));
#16010=CARTESIAN_POINT('',(0.0688125,0.0459875,0.0014));
#16011=CARTESIAN_POINT('',(0.0683125,0.0459875,0.0014));
#16012=CARTESIAN_POINT('',(0.0683125,0.0454875,0.0014));
#16013=CARTESIAN_POINT('',(0.0619125,0.0454875,0.0014));
#16014=CARTESIAN_POINT('',(0.0555125,0.0454875,0.0014));
#16015=CARTESIAN_POINT('',(0.0555125,0.0459875,0.0014));
#16016=CARTESIAN_POINT('',(0.0550125,0.0459875,0.0014));
#16017=CARTESIAN_POINT('',(0.0550125,0.0523875,0.0014));
#16018=CARTESIAN_POINT('',(0.0364625,0.0587875,0.0014));
#16019=CARTESIAN_POINT('',(0.0364625,0.0592875,0.0014));
#16020=CARTESIAN_POINT('',(0.0359625,0.0587875,0.0014));
#16021=CARTESIAN_POINT('',(0.0428625,0.0592875,0.0014));
#16022=CARTESIAN_POINT('',(0.0492625,0.0592875,0.0014));
#16023=CARTESIAN_POINT('',(0.0492625,0.0587875,0.0014));
#16024=CARTESIAN_POINT('',(0.0497625,0.0587875,0.0014));
#16025=CARTESIAN_POINT('',(0.0497625,0.0523875,0.0014));
#16026=CARTESIAN_POINT('',(0.0497625,0.0459875,0.0014));
#16027=CARTESIAN_POINT('',(0.0492625,0.0459875,0.0014));
#16028=CARTESIAN_POINT('',(0.0492625,0.0454875,0.0014));
#16029=CARTESIAN_POINT('',(0.0428625,0.0454875,0.0014));
#16030=CARTESIAN_POINT('',(0.0364625,0.0454875,0.0014));
#16031=CARTESIAN_POINT('',(0.0364625,0.0459875,0.0014));
#16032=CARTESIAN_POINT('',(0.0359625,0.0459875,0.0014));
#16033=CARTESIAN_POINT('',(0.0359625,0.0523875,0.0014));
#16034=CARTESIAN_POINT('',(0.137375,0.0468875,0.0014));
#16035=CARTESIAN_POINT('',(0.136875,0.0468875,0.0014));
#16036=CARTESIAN_POINT('',(0.137375,0.0463875,0.0014));
#16037=CARTESIAN_POINT('',(0.136875,0.0523875,0.0014));
#16038=CARTESIAN_POINT('',(0.136875,0.0578875,0.0014));
#16039=CARTESIAN_POINT('',(0.137375,0.0578875,0.0014));
#16040=CARTESIAN_POINT('',(0.137375,0.0583875,0.0014));
#16041=CARTESIAN_POINT('',(0.142875,0.0583875,0.0014));
#16042=CARTESIAN_POINT('',(0.148375,0.0583875,0.0014));
#16043=CARTESIAN_POINT('',(0.148375,0.0578875,0.0014));
#16044=CARTESIAN_POINT('',(0.148875,0.0578875,0.0014));
#16045=CARTESIAN_POINT('',(0.148875,0.0523875,0.0014));
#16046=CARTESIAN_POINT('',(0.148875,0.0468875,0.0014));
#16047=CARTESIAN_POINT('',(0.148375,0.0468875,0.0014));
#16048=CARTESIAN_POINT('',(0.148375,0.0463875,0.0014));
#16049=CARTESIAN_POINT('',(0.142875,0.0463875,0.0014));
#16050=CARTESIAN_POINT('',(0.0047625,-0.002625,0.0014));
#16051=CARTESIAN_POINT('',(-0.0016375,-0.002625,0.0014));
#16052=CARTESIAN_POINT('',(0.0111625,-0.002625,0.0014));
#16053=CARTESIAN_POINT('',(0.0111625,-0.003125,0.0014));
#16054=CARTESIAN_POINT('',(0.0116625,-0.003125,0.0014));
#16055=CARTESIAN_POINT('',(0.0116625,-0.009525,0.0014));
#16056=CARTESIAN_POINT('',(0.0116625,-0.015925,0.0014));
#16057=CARTESIAN_POINT('',(0.0111625,-0.015925,0.0014));
#16058=CARTESIAN_POINT('',(0.0111625,-0.016425,0.0014));
#16059=CARTESIAN_POINT('',(0.0047625,-0.016425,0.0014));
#16060=CARTESIAN_POINT('',(-0.0016375,-0.016425,0.0014));
#16061=CARTESIAN_POINT('',(-0.0016375,-0.015925,0.0014));
#16062=CARTESIAN_POINT('',(-0.0021375,-0.015925,0.0014));
#16063=CARTESIAN_POINT('',(-0.0021375,-0.009525,0.0014));
#16064=CARTESIAN_POINT('',(-0.0021375,-0.003125,0.0014));
#16065=CARTESIAN_POINT('',(-0.0016375,-0.003125,0.0014));
#16066=CARTESIAN_POINT('',(0.0064,0.003125,0.0014));
#16067=CARTESIAN_POINT('',(0.0064,0.002625,0.0014));
#16068=CARTESIAN_POINT('',(0.0069,0.003125,0.0014));
#16069=CARTESIAN_POINT('',(0.,0.002625,0.0014));
#16070=CARTESIAN_POINT('',(-0.0064,0.002625,0.0014));
#16071=CARTESIAN_POINT('',(-0.0064,0.003125,0.0014));
#16072=CARTESIAN_POINT('',(-0.0069,0.003125,0.0014));
#16073=CARTESIAN_POINT('',(-0.0069,0.009525,0.0014));
#16074=CARTESIAN_POINT('',(-0.0069,0.015925,0.0014));
#16075=CARTESIAN_POINT('',(-0.0064,0.015925,0.0014));
#16076=CARTESIAN_POINT('',(-0.0064,0.016425,0.0014));
#16077=CARTESIAN_POINT('',(0.,0.016425,0.0014));
#16078=CARTESIAN_POINT('',(0.0064,0.016425,0.0014));
#16079=CARTESIAN_POINT('',(0.0064,0.015925,0.0014));
#16080=CARTESIAN_POINT('',(0.0069,0.015925,0.0014));
#16081=CARTESIAN_POINT('',(0.0069,0.009525,0.0014));
#16082=CARTESIAN_POINT('',(0.01905,0.0592875,0.0014));
#16083=CARTESIAN_POINT('',(0.01265,0.0592875,0.0014));
#16084=CARTESIAN_POINT('',(0.02545,0.0592875,0.0014));
#16085=CARTESIAN_POINT('',(0.02545,0.0587875,0.0014));
#16086=CARTESIAN_POINT('',(0.02595,0.0587875,0.0014));
#16087=CARTESIAN_POINT('',(0.02595,0.0523875,0.0014));
#16088=CARTESIAN_POINT('',(0.02595,0.0459875,0.0014));
#16089=CARTESIAN_POINT('',(0.02545,0.0459875,0.0014));
#16090=CARTESIAN_POINT('',(0.02545,0.0454875,0.0014));
#16091=CARTESIAN_POINT('',(0.01905,0.0454875,0.0014));
#16092=CARTESIAN_POINT('',(0.01265,0.0454875,0.0014));
#16093=CARTESIAN_POINT('',(0.01265,0.0459875,0.0014));
#16094=CARTESIAN_POINT('',(0.01215,0.0459875,0.0014));
#16095=CARTESIAN_POINT('',(0.01215,0.0523875,0.0014));
#16096=CARTESIAN_POINT('',(0.01215,0.0587875,0.0014));
#16097=CARTESIAN_POINT('',(0.01265,0.0587875,0.0014));
#16098=CARTESIAN_POINT('',(-0.0064,0.0587875,0.0014));
#16099=CARTESIAN_POINT('',(-0.0064,0.0592875,0.0014));
#16100=CARTESIAN_POINT('',(-0.0069,0.0587875,0.0014));
#16101=CARTESIAN_POINT('',(0.,0.0592875,0.0014));
#16102=CARTESIAN_POINT('',(0.0064,0.0592875,0.0014));
#16103=CARTESIAN_POINT('',(0.0064,0.0587875,0.0014));
#16104=CARTESIAN_POINT('',(0.0069,0.0587875,0.0014));
#16105=CARTESIAN_POINT('',(0.0069,0.0523875,0.0014));
#16106=CARTESIAN_POINT('',(0.0069,0.0459875,0.0014));
#16107=CARTESIAN_POINT('',(0.0064,0.0459875,0.0014));
#16108=CARTESIAN_POINT('',(0.0064,0.0454875,0.0014));
#16109=CARTESIAN_POINT('',(0.,0.0454875,0.0014));
#16110=CARTESIAN_POINT('',(-0.0064,0.0454875,0.0014));
#16111=CARTESIAN_POINT('',(-0.0064,0.0459875,0.0014));
#16112=CARTESIAN_POINT('',(-0.0069,0.0459875,0.0014));
#16113=CARTESIAN_POINT('',(-0.0069,0.0523875,0.0014));
#16114=CARTESIAN_POINT('',(-0.005525,0.0579125,0.0014));
#16115=CARTESIAN_POINT('',(-0.009525,0.0579125,0.0014));
#16116=CARTESIAN_POINT('',(-0.009525,0.052196875,0.0014));
#16117=CARTESIAN_POINT('',(-0.00952482228667502,0.0424812499164059,0.0014));
#16118=CARTESIAN_POINT('',(-0.00752471112513316,0.0424803090899794,0.0014));
#16119=CARTESIAN_POINT('',(-0.00752500006318923,0.0404808127206935,0.00139999975));
#16120=CARTESIAN_POINT('',(0.,0.04048125,0.0014));
#16121=CARTESIAN_POINT('',(-0.00199999991640595,0.040481072286675,0.0014));
#16122=CARTESIAN_POINT('',(-0.00199905908997961,0.0384809611251328,0.0014));
#16123=CARTESIAN_POINT('',(4.37279306568339E-7,0.0384812500631892,0.00139999975));
#16124=CARTESIAN_POINT('',(0.,0.0047625,0.0014));
#16125=CARTESIAN_POINT('',(-1.77713324981841E-7,0.021049999916406,0.0014));
#16126=CARTESIAN_POINT('',(-0.00200028887486691,0.0210490590899794,0.0014));
#16127=CARTESIAN_POINT('',(-0.00199999993681077,0.0190495627206935,0.00139999975));
#16128=CARTESIAN_POINT('',(0.,0.01905,0.0014));
#16129=CARTESIAN_POINT('',(-0.00752500008359405,0.019049822286675,0.0014));
#16130=CARTESIAN_POINT('',(-0.00752594091002052,0.017049711125133,0.0014));
#16131=CARTESIAN_POINT('',(-0.00952543727930655,0.0170500000631892,0.00139999975));
#16132=CARTESIAN_POINT('',(-0.009525,0.0047625,0.0014));
#16133=CARTESIAN_POINT('',(-0.00952482228667502,0.00199999991640595,0.0014));
#16134=CARTESIAN_POINT('',(-0.00752471112513309,0.00199905908997945,0.0014));
#16135=CARTESIAN_POINT('',(-0.00752500006318923,-4.37279306506106E-7,0.00139999975));
#16136=CARTESIAN_POINT('',(0.,0.,0.0014));
#16137=CARTESIAN_POINT('',(-0.00676249991640595,-1.77713324978372E-7,0.0014));
#16138=CARTESIAN_POINT('',(-0.00676155908997947,-0.00200028887486691,0.0014));
#16139=CARTESIAN_POINT('',(-0.00476206272069351,-0.00199999993681077,0.00139999975));
#16140=CARTESIAN_POINT('',(-0.0047625,0.0047625,0.0014));
#16141=CARTESIAN_POINT('',(-0.00476232228667502,-0.0170500000835941,0.0014));
#16142=CARTESIAN_POINT('',(-0.0027622111251332,-0.0170509409100206,0.0014));
#16143=CARTESIAN_POINT('',(-0.00276250006318923,-0.0190504372793065,0.00139999975));
#16144=CARTESIAN_POINT('',(0.,-0.01905,0.0014));
#16145=CARTESIAN_POINT('',(0.00276250008359405,-0.019050177713325,0.0014));
#16146=CARTESIAN_POINT('',(0.00276344091002054,-0.0210502888748669,0.0014));
#16147=CARTESIAN_POINT('',(0.0047629372793065,-0.0210499999368108,0.00139999975));
#16148=CARTESIAN_POINT('',(0.0047625,-0.0391,0.0014));
#16149=CARTESIAN_POINT('',(0.0047625,-0.047625,0.0014));
#16150=CARTESIAN_POINT('',(-0.02143125,-0.047625,0.0014));
#16151=CARTESIAN_POINT('',(0.02541875,-0.047625,0.0014));
#16152=CARTESIAN_POINT('',(0.02541875,-0.045,0.0014));
#16153=CARTESIAN_POINT('',(0.02541875,-0.042375,0.0014));
#16154=CARTESIAN_POINT('',(0.02591875,-0.042375,0.0014));
#16155=CARTESIAN_POINT('',(0.02591875,-0.041875,0.0014));
#16156=CARTESIAN_POINT('',(0.02856875,-0.041875,0.0014));
#16157=CARTESIAN_POINT('',(0.03121875,-0.041875,0.0014));
#16158=CARTESIAN_POINT('',(0.03121875,-0.042375,0.0014));
#16159=CARTESIAN_POINT('',(0.03171875,-0.042375,0.0014));
#16160=CARTESIAN_POINT('',(0.03171875,-0.048275,0.0014));
#16161=CARTESIAN_POINT('',(0.03171875,-0.054175,0.0014));
#16162=CARTESIAN_POINT('',(0.03121875,-0.054175,0.0014));
#16163=CARTESIAN_POINT('',(0.03121875,-0.054675,0.0014));
#16164=CARTESIAN_POINT('',(0.03064375,-0.054675,0.0014));
#16165=CARTESIAN_POINT('',(0.03006875,-0.054675,0.0014));
#16166=CARTESIAN_POINT('',(0.03006875,-0.055175,0.0014));
#16167=CARTESIAN_POINT('',(0.02956875,-0.055175,0.0014));
#16168=CARTESIAN_POINT('',(0.02956875,-0.055675,0.0014));
#16169=CARTESIAN_POINT('',(0.02956875,-0.056175,0.0014));
#16170=CARTESIAN_POINT('',(0.02906875,-0.056175,0.0014));
#16171=CARTESIAN_POINT('',(0.02906875,-0.056675,0.0014));
#16172=CARTESIAN_POINT('',(0.02856875,-0.056675,0.0014));
#16173=CARTESIAN_POINT('',(0.02806875,-0.056675,0.0014));
#16174=CARTESIAN_POINT('',(0.02806875,-0.056175,0.0014));
#16175=CARTESIAN_POINT('',(0.02756875,-0.056175,0.0014));
#16176=CARTESIAN_POINT('',(0.02756875,-0.055675,0.0014));
#16177=CARTESIAN_POINT('',(0.02756875,-0.055175,0.0014));
#16178=CARTESIAN_POINT('',(0.02706875,-0.055175,0.0014));
#16179=CARTESIAN_POINT('',(0.02706875,-0.054675,0.0014));
#16180=CARTESIAN_POINT('',(0.02649375,-0.054675,0.0014));
#16181=CARTESIAN_POINT('',(0.02591875,-0.054675,0.0014));
#16182=CARTESIAN_POINT('',(0.02591875,-0.054175,0.0014));
#16183=CARTESIAN_POINT('',(0.02541875,-0.054175,0.0014));
#16184=CARTESIAN_POINT('',(0.02541875,-0.0519,0.0014));
#16185=CARTESIAN_POINT('',(0.02541875,-0.049625,0.0014));
#16186=CARTESIAN_POINT('',(-0.02143125,-0.049625,0.0014));
#16187=CARTESIAN_POINT('',(0.0047625,-0.049625,0.0014));
#16188=CARTESIAN_POINT('',(0.0047625,-0.0391,0.0014));
#16189=CARTESIAN_POINT('',(0.0047625,-0.05315,0.0014));
#16190=CARTESIAN_POINT('',(0.0087625,-0.05315,0.0014));
#16191=CARTESIAN_POINT('',(0.0087625,-0.05715,0.0014));
#16192=CARTESIAN_POINT('',(0.,-0.05715,0.0014));
#16193=CARTESIAN_POINT('',(0.018,-0.05715,0.0014));
#16194=CARTESIAN_POINT('',(0.018,-0.05915,0.0014));
#16195=CARTESIAN_POINT('',(0.02,-0.05915,0.0014));
#16196=CARTESIAN_POINT('',(0.02,-0.06015,0.0014));
#16197=CARTESIAN_POINT('',(0.02,-0.06115,0.0014));
#16198=CARTESIAN_POINT('',(0.022,-0.06115,0.0014));
#16199=CARTESIAN_POINT('',(0.022,-0.06315,0.0014));
#16200=CARTESIAN_POINT('',(0.04,-0.06315,0.0014));
#16201=CARTESIAN_POINT('',(0.058,-0.06315,0.0014));
#16202=CARTESIAN_POINT('',(0.058,-0.06115,0.0014));
#16203=CARTESIAN_POINT('',(0.06,-0.06115,0.0014));
#16204=CARTESIAN_POINT('',(0.06,-0.06015,0.0014));
#16205=CARTESIAN_POINT('',(0.06,-0.05915,0.0014));
#16206=CARTESIAN_POINT('',(0.062,-0.05915,0.0014));
#16207=CARTESIAN_POINT('',(0.062,-0.05715,0.0014));
#16208=CARTESIAN_POINT('',(0.,-0.05715,0.0014));
#16209=CARTESIAN_POINT('',(0.098,-0.05715,0.0014));
#16210=CARTESIAN_POINT('',(0.098,-0.05915,0.0014));
#16211=CARTESIAN_POINT('',(0.1,-0.05915,0.0014));
#16212=CARTESIAN_POINT('',(0.1,-0.06015,0.0014));
#16213=CARTESIAN_POINT('',(0.1,-0.06115,0.0014));
#16214=CARTESIAN_POINT('',(0.102,-0.06115,0.0014));
#16215=CARTESIAN_POINT('',(0.102,-0.06315,0.0014));
#16216=CARTESIAN_POINT('',(0.12,-0.06315,0.0014));
#16217=CARTESIAN_POINT('',(0.138,-0.06315,0.0014));
#16218=CARTESIAN_POINT('',(0.138,-0.06115,0.0014));
#16219=CARTESIAN_POINT('',(0.14,-0.06115,0.0014));
#16220=CARTESIAN_POINT('',(0.14,-0.06015,0.0014));
#16221=CARTESIAN_POINT('',(0.14,-0.05915,0.0014));
#16222=CARTESIAN_POINT('',(0.142,-0.05915,0.0014));
#16223=CARTESIAN_POINT('',(0.142,-0.05715,0.0014));
#16224=CARTESIAN_POINT('',(0.,-0.05715,0.0014));
#16225=CARTESIAN_POINT('',(0.1484,-0.05715,0.0014));
#16226=CARTESIAN_POINT('',(0.1484,-0.05315,0.0014));
#16227=CARTESIAN_POINT('',(0.1524,-0.05315,0.0014));
#16228=CARTESIAN_POINT('',(0.1524,0.0047625,0.0014));
#16229=CARTESIAN_POINT('',(0.1524,0.0579125,0.0014));
#16230=CARTESIAN_POINT('',(0.1484,0.0579125,0.0014));
#16231=CARTESIAN_POINT('',(0.1484,0.0619125,0.0014));
#16232=CARTESIAN_POINT('',(0.,0.0619125,0.0014));
#16233=CARTESIAN_POINT('',(0.142,0.0619125,0.0014));
#16234=CARTESIAN_POINT('',(0.142,0.0639125,0.0014));
#16235=CARTESIAN_POINT('',(0.14,0.0639125,0.0014));
#16236=CARTESIAN_POINT('',(0.14,0.0649125,0.0014));
#16237=CARTESIAN_POINT('',(0.14,0.0659125,0.0014));
#16238=CARTESIAN_POINT('',(0.138,0.0659125,0.0014));
#16239=CARTESIAN_POINT('',(0.138,0.0679125,0.0014));
#16240=CARTESIAN_POINT('',(0.12,0.0679125,0.0014));
#16241=CARTESIAN_POINT('',(0.102,0.0679125,0.0014));
#16242=CARTESIAN_POINT('',(0.102,0.0659125,0.0014));
#16243=CARTESIAN_POINT('',(0.1,0.0659125,0.0014));
#16244=CARTESIAN_POINT('',(0.1,0.0649125,0.0014));
#16245=CARTESIAN_POINT('',(0.1,0.0639125,0.0014));
#16246=CARTESIAN_POINT('',(0.098,0.0639125,0.0014));
#16247=CARTESIAN_POINT('',(0.098,0.0619125,0.0014));
#16248=CARTESIAN_POINT('',(0.,0.0619125,0.0014));
#16249=CARTESIAN_POINT('',(0.062,0.0619125,0.0014));
#16250=CARTESIAN_POINT('',(0.062,0.0639125,0.0014));
#16251=CARTESIAN_POINT('',(0.06,0.0639125,0.0014));
#16252=CARTESIAN_POINT('',(0.06,0.0649125,0.0014));
#16253=CARTESIAN_POINT('',(0.06,0.0659125,0.0014));
#16254=CARTESIAN_POINT('',(0.058,0.0659125,0.0014));
#16255=CARTESIAN_POINT('',(0.058,0.0679125,0.0014));
#16256=CARTESIAN_POINT('',(0.04,0.0679125,0.0014));
#16257=CARTESIAN_POINT('',(0.022,0.0679125,0.0014));
#16258=CARTESIAN_POINT('',(0.022,0.0659125,0.0014));
#16259=CARTESIAN_POINT('',(0.02,0.0659125,0.0014));
#16260=CARTESIAN_POINT('',(0.02,0.0649125,0.0014));
#16261=CARTESIAN_POINT('',(0.02,0.0639125,0.0014));
#16262=CARTESIAN_POINT('',(0.018,0.0639125,0.0014));
#16263=CARTESIAN_POINT('',(0.,0.0619125,0.0014));
#16264=CARTESIAN_POINT('',(0.,0.0619125,0.));
#16265=CARTESIAN_POINT('',(0.062,0.0619125,0.));
#16266=CARTESIAN_POINT('',(0.098,0.0619125,0.));
#16267=CARTESIAN_POINT('',(0.062,0.0619125,-2.00000000000005E-6));
#16268=CARTESIAN_POINT('',(0.098,0.0619125,-2.00000000000005E-6));
#16269=CARTESIAN_POINT('',(0.,0.0619125,0.0014));
#16270=CARTESIAN_POINT('',(0.,0.0619125,0.));
#16271=CARTESIAN_POINT('',(0.142,0.0619125,0.));
#16272=CARTESIAN_POINT('',(0.1484,0.0619125,0.));
#16273=CARTESIAN_POINT('',(0.142,0.0619125,-2.00000000000005E-6));
#16274=CARTESIAN_POINT('',(0.1484,0.0619125,0.));
#16275=CARTESIAN_POINT('',(0.,-0.05715,0.0014));
#16276=CARTESIAN_POINT('',(0.142,-0.05715,-2.00000000000005E-6));
#16277=CARTESIAN_POINT('',(0.142,-0.05715,0.));
#16278=CARTESIAN_POINT('',(0.,-0.05715,0.));
#16279=CARTESIAN_POINT('',(0.1484,-0.05715,0.));
#16280=CARTESIAN_POINT('',(0.1484,-0.05715,0.0014));
#16281=CARTESIAN_POINT('',(0.,-0.05715,0.0014));
#16282=CARTESIAN_POINT('',(0.,-0.05715,0.));
#16283=CARTESIAN_POINT('',(0.062,-0.05715,0.));
#16284=CARTESIAN_POINT('',(0.098,-0.05715,0.));
#16285=CARTESIAN_POINT('',(0.098,-0.05715,-2.00000000000005E-6));
#16286=CARTESIAN_POINT('',(0.062,-0.05715,-2.00000000000005E-6));
#16287=CARTESIAN_POINT('',(-0.0064,0.0587875,0.0014));
#16288=CARTESIAN_POINT('',(-0.0064,0.0587875,0.));
#16289=CARTESIAN_POINT('',(-0.0064,0.0592875,0.));
#16290=CARTESIAN_POINT('',(-0.0069,0.0587875,0.));
#16291=CARTESIAN_POINT('',(-0.0064,0.0592875,0.0014));
#16292=CARTESIAN_POINT('',(-0.0069,0.0587875,0.0014));
#16293=CARTESIAN_POINT('',(-0.0069,0.0523875,0.0014));
#16294=CARTESIAN_POINT('',(-0.0069,0.0523875,0.));
#16295=CARTESIAN_POINT('',(-0.0069,0.0459875,0.));
#16296=CARTESIAN_POINT('',(-0.0069,0.0459875,0.0014));
#16297=CARTESIAN_POINT('',(-0.0064,0.0459875,0.0014));
#16298=CARTESIAN_POINT('',(-0.0064,0.0459875,0.));
#16299=CARTESIAN_POINT('',(-0.0064,0.0454875,0.));
#16300=CARTESIAN_POINT('',(-0.0064,0.0454875,0.0014));
#16301=CARTESIAN_POINT('',(-0.0069,0.009525,0.0014));
#16302=CARTESIAN_POINT('',(-0.0069,0.009525,0.));
#16303=CARTESIAN_POINT('',(-0.0069,0.015925,0.));
#16304=CARTESIAN_POINT('',(-0.0069,0.003125,0.));
#16305=CARTESIAN_POINT('',(-0.0069,0.015925,0.0014));
#16306=CARTESIAN_POINT('',(-0.0069,0.003125,0.0014));
#16307=CARTESIAN_POINT('',(-0.0021375,-0.009525,0.0014));
#16308=CARTESIAN_POINT('',(-0.0021375,-0.009525,0.));
#16309=CARTESIAN_POINT('',(-0.0021375,-0.003125,0.));
#16310=CARTESIAN_POINT('',(-0.0021375,-0.015925,0.));
#16311=CARTESIAN_POINT('',(-0.0021375,-0.003125,0.0014));
#16312=CARTESIAN_POINT('',(-0.0021375,-0.015925,0.0014));
#16313=CARTESIAN_POINT('',(-0.0016375,-0.003125,0.0014));
#16314=CARTESIAN_POINT('',(-0.0016375,-0.003125,0.));
#16315=CARTESIAN_POINT('',(-0.0016375,-0.002625,0.));
#16316=CARTESIAN_POINT('',(-0.0016375,-0.002625,0.0014));
#16317=CARTESIAN_POINT('',(-0.0016375,-0.015925,0.0014));
#16318=CARTESIAN_POINT('',(-0.0016375,-0.015925,0.));
#16319=CARTESIAN_POINT('',(-0.0016375,-0.016425,0.));
#16320=CARTESIAN_POINT('',(-0.0016375,-0.016425,0.0014));
#16321=CARTESIAN_POINT('',(-0.0064,0.015925,0.0014));
#16322=CARTESIAN_POINT('',(-0.0064,0.015925,0.));
#16323=CARTESIAN_POINT('',(-0.0064,0.016425,0.));
#16324=CARTESIAN_POINT('',(-0.0064,0.016425,0.0014));
#16325=CARTESIAN_POINT('',(-0.0064,0.003125,0.0014));
#16326=CARTESIAN_POINT('',(-0.0064,0.003125,0.));
#16327=CARTESIAN_POINT('',(-0.0064,0.002625,0.));
#16328=CARTESIAN_POINT('',(-0.0064,0.002625,0.0014));
#16329=CARTESIAN_POINT('',(0.,0.016425,0.0014));
#16330=CARTESIAN_POINT('',(0.,0.016425,0.));
#16331=CARTESIAN_POINT('',(0.0064,0.016425,0.));
#16332=CARTESIAN_POINT('',(0.0064,0.016425,0.0014));
#16333=CARTESIAN_POINT('',(0.,0.002625,0.0014));
#16334=CARTESIAN_POINT('',(0.0064,0.002625,0.0014));
#16335=CARTESIAN_POINT('',(0.0064,0.002625,0.));
#16336=CARTESIAN_POINT('',(0.,0.002625,0.));
#16337=CARTESIAN_POINT('',(0.0047625,-0.002625,0.0014));
#16338=CARTESIAN_POINT('',(0.0047625,-0.002625,0.));
#16339=CARTESIAN_POINT('',(0.0111625,-0.002625,0.));
#16340=CARTESIAN_POINT('',(0.0111625,-0.002625,0.0014));
#16341=CARTESIAN_POINT('',(0.0047625,-0.016425,0.0014));
#16342=CARTESIAN_POINT('',(0.0111625,-0.016425,0.0014));
#16343=CARTESIAN_POINT('',(0.0111625,-0.016425,0.));
#16344=CARTESIAN_POINT('',(0.0047625,-0.016425,0.));
#16345=CARTESIAN_POINT('',(-0.02143125,-0.047625,-0.0236));
#16346=CARTESIAN_POINT('',(0.0047625,-0.047625,-0.0236));
#16347=CARTESIAN_POINT('',(0.0047625,-0.047625,0.));
#16348=CARTESIAN_POINT('',(0.,-0.047625,0.));
#16349=CARTESIAN_POINT('',(0.02541875,-0.047625,0.));
#16350=CARTESIAN_POINT('',(0.02541875,-0.047625,-0.0236));
#16351=CARTESIAN_POINT('',(-0.02143125,-0.049625,-0.0236));
#16352=CARTESIAN_POINT('',(0.0047625,-0.049625,-0.0236));
#16353=CARTESIAN_POINT('',(0.0047625,-0.049625,0.));
#16354=CARTESIAN_POINT('',(0.02541875,-0.049625,-0.0236));
#16355=CARTESIAN_POINT('',(0.02541875,-0.049625,0.));
#16356=CARTESIAN_POINT('',(7.34989562393589E-18,-0.049625,0.));
#16357=CARTESIAN_POINT('',(0.,0.,0.));
#16358=CARTESIAN_POINT('',(-0.009525,0.,0.));
#16359=CARTESIAN_POINT('',(-0.00952482228667502,0.0424812499164059,2.50000000082951E-10));
#16360=CARTESIAN_POINT('',(-0.009525,0.0579125,0.));
#16361=CARTESIAN_POINT('',(-0.005525,0.0579125,0.));
#16362=CARTESIAN_POINT('',(0.018,0.0639125,0.));
#16363=CARTESIAN_POINT('',(0.02,0.0639125,0.));
#16364=CARTESIAN_POINT('',(0.02,0.0649125,0.));
#16365=CARTESIAN_POINT('',(0.02,0.0659125,0.));
#16366=CARTESIAN_POINT('',(0.022,0.0659125,0.));
#16367=CARTESIAN_POINT('',(0.022,0.0679125,0.));
#16368=CARTESIAN_POINT('',(0.04,0.0679125,0.));
#16369=CARTESIAN_POINT('',(0.058,0.0679125,0.));
#16370=CARTESIAN_POINT('',(0.058,0.0659125,0.));
#16371=CARTESIAN_POINT('',(0.06,0.0659125,0.));
#16372=CARTESIAN_POINT('',(0.06,0.0649125,0.));
#16373=CARTESIAN_POINT('',(0.06,0.0639125,0.));
#16374=CARTESIAN_POINT('',(0.062,0.0639125,0.));
#16375=CARTESIAN_POINT('',(0.098,0.0639125,0.));
#16376=CARTESIAN_POINT('',(0.1,0.0639125,0.));
#16377=CARTESIAN_POINT('',(0.1,0.0649125,0.));
#16378=CARTESIAN_POINT('',(0.1,0.0659125,0.));
#16379=CARTESIAN_POINT('',(0.102,0.0659125,0.));
#16380=CARTESIAN_POINT('',(0.102,0.0679125,0.));
#16381=CARTESIAN_POINT('',(0.12,0.0679125,0.));
#16382=CARTESIAN_POINT('',(0.138,0.0679125,0.));
#16383=CARTESIAN_POINT('',(0.138,0.0659125,0.));
#16384=CARTESIAN_POINT('',(0.14,0.0659125,0.));
#16385=CARTESIAN_POINT('',(0.14,0.0649125,0.));
#16386=CARTESIAN_POINT('',(0.14,0.0639125,0.));
#16387=CARTESIAN_POINT('',(0.142,0.0639125,0.));
#16388=CARTESIAN_POINT('',(0.1484,0.0579125,0.));
#16389=CARTESIAN_POINT('',(0.1524,0.0579125,0.));
#16390=CARTESIAN_POINT('',(0.1524,0.0047625,0.));
#16391=CARTESIAN_POINT('',(0.1524,-0.05315,0.));
#16392=CARTESIAN_POINT('',(0.1484,-0.05315,0.));
#16393=CARTESIAN_POINT('',(0.142,-0.05915,0.));
#16394=CARTESIAN_POINT('',(0.14,-0.05915,0.));
#16395=CARTESIAN_POINT('',(0.14,-0.06015,0.));
#16396=CARTESIAN_POINT('',(0.14,-0.06115,0.));
#16397=CARTESIAN_POINT('',(0.138,-0.06115,0.));
#16398=CARTESIAN_POINT('',(0.138,-0.06315,0.));
#16399=CARTESIAN_POINT('',(0.12,-0.06315,0.));
#16400=CARTESIAN_POINT('',(0.102,-0.06315,0.));
#16401=CARTESIAN_POINT('',(0.102,-0.06115,0.));
#16402=CARTESIAN_POINT('',(0.1,-0.06115,0.));
#16403=CARTESIAN_POINT('',(0.1,-0.06015,0.));
#16404=CARTESIAN_POINT('',(0.1,-0.05915,0.));
#16405=CARTESIAN_POINT('',(0.098,-0.05915,0.));
#16406=CARTESIAN_POINT('',(0.062,-0.05915,0.));
#16407=CARTESIAN_POINT('',(0.06,-0.05915,0.));
#16408=CARTESIAN_POINT('',(0.06,-0.06015,0.));
#16409=CARTESIAN_POINT('',(0.06,-0.06115,0.));
#16410=CARTESIAN_POINT('',(0.058,-0.06115,0.));
#16411=CARTESIAN_POINT('',(0.058,-0.06315,0.));
#16412=CARTESIAN_POINT('',(0.04,-0.06315,0.));
#16413=CARTESIAN_POINT('',(0.022,-0.06315,0.));
#16414=CARTESIAN_POINT('',(0.022,-0.06115,0.));
#16415=CARTESIAN_POINT('',(0.02,-0.06115,0.));
#16416=CARTESIAN_POINT('',(0.02,-0.06015,0.));
#16417=CARTESIAN_POINT('',(0.02,-0.05915,0.));
#16418=CARTESIAN_POINT('',(0.018,-0.05915,0.));
#16419=CARTESIAN_POINT('',(0.018,-0.05715,0.));
#16420=CARTESIAN_POINT('',(0.,-0.05715,0.));
#16421=CARTESIAN_POINT('',(0.0087625,-0.05715,0.));
#16422=CARTESIAN_POINT('',(0.0087625,-0.05315,0.));
#16423=CARTESIAN_POINT('',(0.0047625,-0.05315,0.));
#16424=CARTESIAN_POINT('',(0.0047625,5.72134387419634E-19,0.));
#16425=CARTESIAN_POINT('',(0.02541875,0.,0.));
#16426=CARTESIAN_POINT('',(0.02541875,-0.05715,0.));
#16427=CARTESIAN_POINT('',(0.04,-0.05715,0.));
#16428=CARTESIAN_POINT('',(0.03171875,-0.05715,0.));
#16429=CARTESIAN_POINT('',(0.03171875,0.,0.));
#16430=CARTESIAN_POINT('',(0.03171875,-0.041375,0.));
#16431=CARTESIAN_POINT('',(0.03121875,-0.041375,0.));
#16432=CARTESIAN_POINT('',(0.03121875,-0.040875,0.));
#16433=CARTESIAN_POINT('',(0.,-0.040875,0.));
#16434=CARTESIAN_POINT('',(0.02591875,-0.040875,0.));
#16435=CARTESIAN_POINT('',(0.02591875,-0.041375,0.));
#16436=CARTESIAN_POINT('',(0.02541875,-0.041375,0.));
#16437=CARTESIAN_POINT('',(0.02541875,0.,0.));
#16438=CARTESIAN_POINT('',(0.0047625,5.72134387419634E-19,0.));
#16439=CARTESIAN_POINT('',(0.0047629372793065,-0.0210499999368108,2.49999999764394E-10));
#16440=CARTESIAN_POINT('',(0.00276344091002054,-0.0210502888748669,-8.67361737988404E-19));
#16441=CARTESIAN_POINT('',(0.00276250008359405,-0.019050177713325,2.50000000129907E-10));
#16442=CARTESIAN_POINT('',(0.,-0.01905,0.));
#16443=CARTESIAN_POINT('',(-0.00276250006318923,-0.0190504372793065,2.4999999994286E-10));
#16444=CARTESIAN_POINT('',(-0.0027622111251332,-0.0170509409100206,-8.67361737988404E-19));
#16445=CARTESIAN_POINT('',(-0.00476232228667502,-0.0170500000835941,2.49999999841901E-10));
#16446=CARTESIAN_POINT('',(-0.0047625,-5.48944887331533E-19,0.));
#16447=CARTESIAN_POINT('',(-0.00476206272069351,-0.00199999993681077,2.49999999936035E-10));
#16448=CARTESIAN_POINT('',(-0.00676155908997947,-0.00200028887486691,4.33680868994202E-19));
#16449=CARTESIAN_POINT('',(-0.00676249991640595,-1.77713324979994E-7,2.50000000088733E-10));
#16450=CARTESIAN_POINT('',(0.,-1.71450551880629E-19,0.));
#16451=CARTESIAN_POINT('',(-0.00752500006318923,-4.37279306506408E-7,2.49999999791587E-10));
#16452=CARTESIAN_POINT('',(-0.00752471112513309,0.00199905908997944,4.33680868994202E-19));
#16453=CARTESIAN_POINT('',(-0.00952482228667502,0.00199999991640595,2.50000000044674E-10));
#16454=CARTESIAN_POINT('',(-0.009525,-2.19577954932612E-18,0.));
#16455=CARTESIAN_POINT('',(-0.00952543727930655,0.0170500000631892,2.49999999916584E-10));
#16456=CARTESIAN_POINT('',(-0.00752594091002052,0.017049711125133,-4.33680868994202E-19));
#16457=CARTESIAN_POINT('',(-0.00752500008359405,0.019049822286675,2.49999999819879E-10));
#16458=CARTESIAN_POINT('',(0.,0.01905,0.));
#16459=CARTESIAN_POINT('',(-0.00199999993681077,0.0190495627206935,2.49999999883771E-10));
#16460=CARTESIAN_POINT('',(-0.00200028887486691,0.0210490590899794,-1.73472347597681E-18));
#16461=CARTESIAN_POINT('',(-1.7771332498238E-7,0.021049999916406,2.4999999987105E-10));
#16462=CARTESIAN_POINT('',(-1.71450551880629E-19,0.,0.));
#16463=CARTESIAN_POINT('',(4.37279306568253E-7,0.0384812500631892,2.49999999969475E-10));
#16464=CARTESIAN_POINT('',(-0.00199905908997961,0.0384809611251328,4.33680868994202E-19));
#16465=CARTESIAN_POINT('',(-0.00199999991640595,0.040481072286675,2.50000000103164E-10));
#16466=CARTESIAN_POINT('',(0.,0.04048125,0.));
#16467=CARTESIAN_POINT('',(-0.00752500006318923,0.0404808127206935,2.49999999868411E-10));
#16468=CARTESIAN_POINT('',(-0.00752471112513316,0.0424803090899794,4.33680868994202E-19));
#16469=CARTESIAN_POINT('',(0.,0.0592875,0.));
#16470=CARTESIAN_POINT('',(0.0064,0.0592875,0.));
#16471=CARTESIAN_POINT('',(0.,0.0454875,0.));
#16472=CARTESIAN_POINT('',(0.0064,0.0454875,0.));
#16473=CARTESIAN_POINT('',(0.0064,0.0459875,0.));
#16474=CARTESIAN_POINT('',(0.0069,0.0459875,0.));
#16475=CARTESIAN_POINT('',(0.0069,0.0523875,0.));
#16476=CARTESIAN_POINT('',(0.0069,0.0587875,0.));
#16477=CARTESIAN_POINT('',(0.0064,0.0587875,0.));
#16478=CARTESIAN_POINT('',(0.0064,0.003125,0.));
#16479=CARTESIAN_POINT('',(0.0069,0.003125,0.));
#16480=CARTESIAN_POINT('',(0.0069,0.009525,0.));
#16481=CARTESIAN_POINT('',(0.0069,0.015925,0.));
#16482=CARTESIAN_POINT('',(0.0064,0.015925,0.));
#16483=CARTESIAN_POINT('',(0.02545,0.0587875,0.));
#16484=CARTESIAN_POINT('',(0.02595,0.0587875,0.));
#16485=CARTESIAN_POINT('',(0.02545,0.0592875,0.));
#16486=CARTESIAN_POINT('',(0.01905,0.0592875,0.));
#16487=CARTESIAN_POINT('',(0.01265,0.0592875,0.));
#16488=CARTESIAN_POINT('',(0.01265,0.0587875,0.));
#16489=CARTESIAN_POINT('',(0.01215,0.0587875,0.));
#16490=CARTESIAN_POINT('',(0.01215,0.0523875,0.));
#16491=CARTESIAN_POINT('',(0.01215,0.0459875,0.));
#16492=CARTESIAN_POINT('',(0.01265,0.0459875,0.));
#16493=CARTESIAN_POINT('',(0.01265,0.0454875,0.));
#16494=CARTESIAN_POINT('',(0.01905,0.0454875,0.));
#16495=CARTESIAN_POINT('',(0.02545,0.0454875,0.));
#16496=CARTESIAN_POINT('',(0.02545,0.0459875,0.));
#16497=CARTESIAN_POINT('',(0.02595,0.0459875,0.));
#16498=CARTESIAN_POINT('',(0.02595,0.0523875,0.));
#16499=CARTESIAN_POINT('',(0.0111625,-0.003125,0.));
#16500=CARTESIAN_POINT('',(0.0116625,-0.003125,0.));
#16501=CARTESIAN_POINT('',(0.0111625,-0.015925,0.));
#16502=CARTESIAN_POINT('',(0.0116625,-0.015925,0.));
#16503=CARTESIAN_POINT('',(0.0116625,-0.009525,0.));
#16504=CARTESIAN_POINT('',(0.142875,0.0463875,0.));
#16505=CARTESIAN_POINT('',(0.137375,0.0463875,0.));
#16506=CARTESIAN_POINT('',(0.148375,0.0463875,0.));
#16507=CARTESIAN_POINT('',(0.148375,0.0468875,0.));
#16508=CARTESIAN_POINT('',(0.148875,0.0468875,0.));
#16509=CARTESIAN_POINT('',(0.148875,0.0523875,0.));
#16510=CARTESIAN_POINT('',(0.148875,0.0578875,0.));
#16511=CARTESIAN_POINT('',(0.148375,0.0578875,0.));
#16512=CARTESIAN_POINT('',(0.148375,0.0583875,0.));
#16513=CARTESIAN_POINT('',(0.142875,0.0583875,0.));
#16514=CARTESIAN_POINT('',(0.137375,0.0583875,0.));
#16515=CARTESIAN_POINT('',(0.137375,0.0578875,0.));
#16516=CARTESIAN_POINT('',(0.136875,0.0578875,0.));
#16517=CARTESIAN_POINT('',(0.136875,0.0523875,0.));
#16518=CARTESIAN_POINT('',(0.136875,0.0468875,0.));
#16519=CARTESIAN_POINT('',(0.137375,0.0468875,0.));
#16520=CARTESIAN_POINT('',(0.0364625,0.0587875,0.));
#16521=CARTESIAN_POINT('',(0.0364625,0.0592875,0.));
#16522=CARTESIAN_POINT('',(0.0359625,0.0587875,0.));
#16523=CARTESIAN_POINT('',(0.0359625,0.0523875,0.));
#16524=CARTESIAN_POINT('',(0.0359625,0.0459875,0.));
#16525=CARTESIAN_POINT('',(0.0364625,0.0459875,0.));
#16526=CARTESIAN_POINT('',(0.0364625,0.0454875,0.));
#16527=CARTESIAN_POINT('',(0.0428625,0.0454875,0.));
#16528=CARTESIAN_POINT('',(0.0492625,0.0454875,0.));
#16529=CARTESIAN_POINT('',(0.0492625,0.0459875,0.));
#16530=CARTESIAN_POINT('',(0.0497625,0.0459875,0.));
#16531=CARTESIAN_POINT('',(0.0497625,0.0523875,0.));
#16532=CARTESIAN_POINT('',(0.0497625,0.0587875,0.));
#16533=CARTESIAN_POINT('',(0.0492625,0.0587875,0.));
#16534=CARTESIAN_POINT('',(0.0492625,0.0592875,0.));
#16535=CARTESIAN_POINT('',(0.0428625,0.0592875,0.));
#16536=CARTESIAN_POINT('',(0.0555125,0.0587875,0.));
#16537=CARTESIAN_POINT('',(0.0555125,0.0592875,0.));
#16538=CARTESIAN_POINT('',(0.0550125,0.0587875,0.));
#16539=CARTESIAN_POINT('',(0.0550125,0.0523875,0.));
#16540=CARTESIAN_POINT('',(0.0550125,0.0459875,0.));
#16541=CARTESIAN_POINT('',(0.0555125,0.0459875,0.));
#16542=CARTESIAN_POINT('',(0.0555125,0.0454875,0.));
#16543=CARTESIAN_POINT('',(0.0619125,0.0454875,0.));
#16544=CARTESIAN_POINT('',(0.0683125,0.0454875,0.));
#16545=CARTESIAN_POINT('',(0.0683125,0.0459875,0.));
#16546=CARTESIAN_POINT('',(0.0688125,0.0459875,0.));
#16547=CARTESIAN_POINT('',(0.0688125,0.0523875,0.));
#16548=CARTESIAN_POINT('',(0.0688125,0.0587875,0.));
#16549=CARTESIAN_POINT('',(0.0683125,0.0587875,0.));
#16550=CARTESIAN_POINT('',(0.0683125,0.0592875,0.));
#16551=CARTESIAN_POINT('',(0.0619125,0.0592875,0.));
#16552=CARTESIAN_POINT('',(0.0745625,0.0587875,0.));
#16553=CARTESIAN_POINT('',(0.0745625,0.0592875,0.));
#16554=CARTESIAN_POINT('',(0.0740625,0.0587875,0.));
#16555=CARTESIAN_POINT('',(0.0740625,0.0523875,0.));
#16556=CARTESIAN_POINT('',(0.0740625,0.0459875,0.));
#16557=CARTESIAN_POINT('',(0.0745625,0.0459875,0.));
#16558=CARTESIAN_POINT('',(0.0745625,0.0454875,0.));
#16559=CARTESIAN_POINT('',(0.0809625,0.0454875,0.));
#16560=CARTESIAN_POINT('',(0.0873625,0.0454875,0.));
#16561=CARTESIAN_POINT('',(0.0873625,0.0459875,0.));
#16562=CARTESIAN_POINT('',(0.0878625,0.0459875,0.));
#16563=CARTESIAN_POINT('',(0.0878625,0.0523875,0.));
#16564=CARTESIAN_POINT('',(0.0878625,0.0587875,0.));
#16565=CARTESIAN_POINT('',(0.0873625,0.0587875,0.));
#16566=CARTESIAN_POINT('',(0.0873625,0.0592875,0.));
#16567=CARTESIAN_POINT('',(0.0809625,0.0592875,0.));
#16568=CARTESIAN_POINT('',(0.0936125,0.0587875,0.));
#16569=CARTESIAN_POINT('',(0.0936125,0.0592875,0.));
#16570=CARTESIAN_POINT('',(0.0931125,0.0587875,0.));
#16571=CARTESIAN_POINT('',(0.0931125,0.0523875,0.));
#16572=CARTESIAN_POINT('',(0.0931125,0.0459875,0.));
#16573=CARTESIAN_POINT('',(0.0936125,0.0459875,0.));
#16574=CARTESIAN_POINT('',(0.0936125,0.0454875,0.));
#16575=CARTESIAN_POINT('',(0.1000125,0.0454875,0.));
#16576=CARTESIAN_POINT('',(0.1064125,0.0454875,0.));
#16577=CARTESIAN_POINT('',(0.1064125,0.0459875,0.));
#16578=CARTESIAN_POINT('',(0.1069125,0.0459875,0.));
#16579=CARTESIAN_POINT('',(0.1069125,0.0523875,0.));
#16580=CARTESIAN_POINT('',(0.1069125,0.0587875,0.));
#16581=CARTESIAN_POINT('',(0.1064125,0.0587875,0.));
#16582=CARTESIAN_POINT('',(0.1064125,0.0592875,0.));
#16583=CARTESIAN_POINT('',(0.1000125,0.0592875,0.));
#16584=CARTESIAN_POINT('',(0.117425,0.0587875,0.));
#16585=CARTESIAN_POINT('',(0.117425,0.0592875,0.));
#16586=CARTESIAN_POINT('',(0.116925,0.0587875,0.));
#16587=CARTESIAN_POINT('',(0.116925,0.0523875,0.));
#16588=CARTESIAN_POINT('',(0.116925,0.0459875,0.));
#16589=CARTESIAN_POINT('',(0.117425,0.0459875,0.));
#16590=CARTESIAN_POINT('',(0.117425,0.0454875,0.));
#16591=CARTESIAN_POINT('',(0.123825,0.0454875,0.));
#16592=CARTESIAN_POINT('',(0.130225,0.0454875,0.));
#16593=CARTESIAN_POINT('',(0.130225,0.0459875,0.));
#16594=CARTESIAN_POINT('',(0.130725,0.0459875,0.));
#16595=CARTESIAN_POINT('',(0.130725,0.0523875,0.));
#16596=CARTESIAN_POINT('',(0.130725,0.0587875,0.));
#16597=CARTESIAN_POINT('',(0.130225,0.0587875,0.));
#16598=CARTESIAN_POINT('',(0.130225,0.0592875,0.));
#16599=CARTESIAN_POINT('',(0.123825,0.0592875,0.));
#16600=CARTESIAN_POINT('',(0.12706875,0.,0.));
#16601=CARTESIAN_POINT('',(0.12706875,-0.019275,0.));
#16602=CARTESIAN_POINT('',(0.12706875,-0.003275,0.));
#16603=CARTESIAN_POINT('',(0.12656875,-0.003275,0.));
#16604=CARTESIAN_POINT('',(0.12656875,-0.002775,0.));
#16605=CARTESIAN_POINT('',(0.,-0.002775,0.));
#16606=CARTESIAN_POINT('',(0.12126875,-0.002775,0.));
#16607=CARTESIAN_POINT('',(0.12126875,-0.00327499999999996,0.));
#16608=CARTESIAN_POINT('',(0.12076875,-0.003275,0.));
#16609=CARTESIAN_POINT('',(0.12076875,3.19238683107616E-16,0.));
#16610=CARTESIAN_POINT('',(0.12076875,-0.009525,0.));
#16611=CARTESIAN_POINT('',(0.,-0.009525,0.));
#16612=CARTESIAN_POINT('',(0.11881875,-0.009525,0.));
#16613=CARTESIAN_POINT('',(0.11881875,-0.009525,0.));
#16614=CARTESIAN_POINT('',(0.11881875,-0.003125,0.));
#16615=CARTESIAN_POINT('',(0.11831875,-0.003125,0.));
#16616=CARTESIAN_POINT('',(0.11831875,-0.002625,0.));
#16617=CARTESIAN_POINT('',(0.11191875,-0.002625,0.));
#16618=CARTESIAN_POINT('',(0.10551875,-0.002625,0.));
#16619=CARTESIAN_POINT('',(0.10551875,-0.003125,0.));
#16620=CARTESIAN_POINT('',(0.10501875,-0.003125,0.));
#16621=CARTESIAN_POINT('',(0.10501875,-0.009525,0.));
#16622=CARTESIAN_POINT('',(0.10501875,-0.009525,0.));
#16623=CARTESIAN_POINT('',(0.,-0.009525,0.));
#16624=CARTESIAN_POINT('',(0.10306875,-0.009525,0.));
#16625=CARTESIAN_POINT('',(0.10306875,0.,0.));
#16626=CARTESIAN_POINT('',(0.10306875,-0.003275,0.));
#16627=CARTESIAN_POINT('',(0.10256875,-0.003275,0.));
#16628=CARTESIAN_POINT('',(0.10256875,-0.002775,0.));
#16629=CARTESIAN_POINT('',(0.,-0.002775,0.));
#16630=CARTESIAN_POINT('',(0.09726875,-0.002775,0.));
#16631=CARTESIAN_POINT('',(0.09726875,-0.00327499999999996,0.));
#16632=CARTESIAN_POINT('',(0.09676875,-0.003275,0.));
#16633=CARTESIAN_POINT('',(0.09676875,0.,0.));
#16634=CARTESIAN_POINT('',(0.09676875,-0.019275,0.));
#16635=CARTESIAN_POINT('',(0.09726875,-0.019275,0.));
#16636=CARTESIAN_POINT('',(0.09726875,-0.019775,0.));
#16637=CARTESIAN_POINT('',(0.,-0.019775,0.));
#16638=CARTESIAN_POINT('',(0.10256875,-0.019775,0.));
#16639=CARTESIAN_POINT('',(0.10256875,-0.019275,0.));
#16640=CARTESIAN_POINT('',(0.10306875,-0.019275,0.));
#16641=CARTESIAN_POINT('',(0.10306875,0.,0.));
#16642=CARTESIAN_POINT('',(0.10306875,-0.011525,0.));
#16643=CARTESIAN_POINT('',(2.25906079781161E-18,-0.011525,0.));
#16644=CARTESIAN_POINT('',(0.10501875,-0.011525,0.));
#16645=CARTESIAN_POINT('',(0.10501875,-0.009525,0.));
#16646=CARTESIAN_POINT('',(0.10501875,-0.015925,0.));
#16647=CARTESIAN_POINT('',(0.10551875,-0.015925,0.));
#16648=CARTESIAN_POINT('',(0.10551875,-0.016425,0.));
#16649=CARTESIAN_POINT('',(0.11191875,-0.016425,0.));
#16650=CARTESIAN_POINT('',(0.11831875,-0.016425,0.));
#16651=CARTESIAN_POINT('',(0.11831875,-0.015925,0.));
#16652=CARTESIAN_POINT('',(0.11881875,-0.015925,0.));
#16653=CARTESIAN_POINT('',(0.11881875,-0.009525,0.));
#16654=CARTESIAN_POINT('',(0.11881875,-0.011525,0.));
#16655=CARTESIAN_POINT('',(2.25906079781161E-18,-0.011525,0.));
#16656=CARTESIAN_POINT('',(0.12076875,-0.011525,0.));
#16657=CARTESIAN_POINT('',(0.12076875,0.,0.));
#16658=CARTESIAN_POINT('',(0.12076875,-0.019275,0.));
#16659=CARTESIAN_POINT('',(0.12126875,-0.019275,0.));
#16660=CARTESIAN_POINT('',(0.12126875,-0.019775,0.));
#16661=CARTESIAN_POINT('',(0.,-0.019775,0.));
#16662=CARTESIAN_POINT('',(0.12656875,-0.019775,0.));
#16663=CARTESIAN_POINT('',(0.12656875,-0.019275,0.));
#16664=CARTESIAN_POINT('',(0.10545,0.,0.));
#16665=CARTESIAN_POINT('',(0.10545,0.028575,0.));
#16666=CARTESIAN_POINT('',(0.10545,0.034825,0.));
#16667=CARTESIAN_POINT('',(0.10495,0.034825,0.));
#16668=CARTESIAN_POINT('',(0.10495,0.035325,0.));
#16669=CARTESIAN_POINT('',(0.,0.035325,0.));
#16670=CARTESIAN_POINT('',(0.09965,0.035325,0.));
#16671=CARTESIAN_POINT('',(0.09965,0.034825,0.));
#16672=CARTESIAN_POINT('',(0.09915,0.034825,0.));
#16673=CARTESIAN_POINT('',(0.09915,0.,0.));
#16674=CARTESIAN_POINT('',(0.09915,0.018825,0.));
#16675=CARTESIAN_POINT('',(0.09965,0.018825,0.));
#16676=CARTESIAN_POINT('',(0.09965,0.018325,0.));
#16677=CARTESIAN_POINT('',(0.,0.018325,0.));
#16678=CARTESIAN_POINT('',(0.10495,0.018325,0.));
#16679=CARTESIAN_POINT('',(0.10495,0.018825,0.));
#16680=CARTESIAN_POINT('',(0.10545,0.018825,0.));
#16681=CARTESIAN_POINT('',(0.10545,0.,0.));
#16682=CARTESIAN_POINT('',(0.10545,0.026575,0.));
#16683=CARTESIAN_POINT('',(0.,0.026575,0.));
#16684=CARTESIAN_POINT('',(0.1074,0.026575,0.));
#16685=CARTESIAN_POINT('',(0.1074,0.028575,0.));
#16686=CARTESIAN_POINT('',(0.1074,0.022175,0.));
#16687=CARTESIAN_POINT('',(0.1079,0.022175,0.));
#16688=CARTESIAN_POINT('',(0.1079,0.021675,0.));
#16689=CARTESIAN_POINT('',(0.1143,0.021675,0.));
#16690=CARTESIAN_POINT('',(0.1207,0.021675,0.));
#16691=CARTESIAN_POINT('',(0.1207,0.022175,0.));
#16692=CARTESIAN_POINT('',(0.1212,0.022175,0.));
#16693=CARTESIAN_POINT('',(0.1212,0.028575,0.));
#16694=CARTESIAN_POINT('',(0.1212,0.026575,0.));
#16695=CARTESIAN_POINT('',(0.,0.026575,0.));
#16696=CARTESIAN_POINT('',(0.12315,0.026575,0.));
#16697=CARTESIAN_POINT('',(0.12315,0.,0.));
#16698=CARTESIAN_POINT('',(0.12315,0.018825,0.));
#16699=CARTESIAN_POINT('',(0.12365,0.018825,0.));
#16700=CARTESIAN_POINT('',(0.12365,0.018325,0.));
#16701=CARTESIAN_POINT('',(0.,0.018325,0.));
#16702=CARTESIAN_POINT('',(0.12895,0.018325,0.));
#16703=CARTESIAN_POINT('',(0.12895,0.018825,0.));
#16704=CARTESIAN_POINT('',(0.12945,0.018825,0.));
#16705=CARTESIAN_POINT('',(0.12945,0.,0.));
#16706=CARTESIAN_POINT('',(0.12945,0.034825,0.));
#16707=CARTESIAN_POINT('',(0.12895,0.034825,0.));
#16708=CARTESIAN_POINT('',(0.12895,0.035325,0.));
#16709=CARTESIAN_POINT('',(0.,0.035325,0.));
#16710=CARTESIAN_POINT('',(0.12365,0.035325,0.));
#16711=CARTESIAN_POINT('',(0.12365,0.034825,0.));
#16712=CARTESIAN_POINT('',(0.12315,0.034825,0.));
#16713=CARTESIAN_POINT('',(0.12315,0.,0.));
#16714=CARTESIAN_POINT('',(0.12315,0.028575,0.));
#16715=CARTESIAN_POINT('',(0.,0.028575,0.));
#16716=CARTESIAN_POINT('',(0.1212,0.028575,0.));
#16717=CARTESIAN_POINT('',(0.1212,0.028575,0.));
#16718=CARTESIAN_POINT('',(0.1212,0.034975,0.));
#16719=CARTESIAN_POINT('',(0.1207,0.034975,0.));
#16720=CARTESIAN_POINT('',(0.1207,0.035475,0.));
#16721=CARTESIAN_POINT('',(0.1143,0.035475,0.));
#16722=CARTESIAN_POINT('',(0.1079,0.035475,0.));
#16723=CARTESIAN_POINT('',(0.1079,0.034975,0.));
#16724=CARTESIAN_POINT('',(0.1074,0.034975,0.));
#16725=CARTESIAN_POINT('',(0.1074,0.028575,0.));
#16726=CARTESIAN_POINT('',(0.1074,0.028575,0.));
#16727=CARTESIAN_POINT('',(0.,0.028575,0.));
#16728=CARTESIAN_POINT('',(0.136475,-0.041225,0.));
#16729=CARTESIAN_POINT('',(0.136475,-0.040725,0.));
#16730=CARTESIAN_POINT('',(0.135975,-0.041225,0.));
#16731=CARTESIAN_POINT('',(0.135975,-0.047625,0.));
#16732=CARTESIAN_POINT('',(0.135975,-0.054025,0.));
#16733=CARTESIAN_POINT('',(0.136475,-0.054025,0.));
#16734=CARTESIAN_POINT('',(0.136475,-0.054525,0.));
#16735=CARTESIAN_POINT('',(0.142875,-0.054525,0.));
#16736=CARTESIAN_POINT('',(0.149275,-0.054525,0.));
#16737=CARTESIAN_POINT('',(0.149275,-0.054025,0.));
#16738=CARTESIAN_POINT('',(0.149775,-0.054025,0.));
#16739=CARTESIAN_POINT('',(0.149775,-0.047625,0.));
#16740=CARTESIAN_POINT('',(0.149775,-0.041225,0.));
#16741=CARTESIAN_POINT('',(0.149275,-0.041225,0.));
#16742=CARTESIAN_POINT('',(0.149275,-0.040725,0.));
#16743=CARTESIAN_POINT('',(0.142875,-0.040725,0.));
#16744=CARTESIAN_POINT('',(0.117425,-0.041225,0.));
#16745=CARTESIAN_POINT('',(0.117425,-0.040725,0.));
#16746=CARTESIAN_POINT('',(0.116925,-0.041225,0.));
#16747=CARTESIAN_POINT('',(0.116925,-0.047625,0.));
#16748=CARTESIAN_POINT('',(0.116925,-0.054025,0.));
#16749=CARTESIAN_POINT('',(0.117425,-0.054025,0.));
#16750=CARTESIAN_POINT('',(0.117425,-0.054525,0.));
#16751=CARTESIAN_POINT('',(0.123825,-0.054525,0.));
#16752=CARTESIAN_POINT('',(0.130225,-0.054525,0.));
#16753=CARTESIAN_POINT('',(0.130225,-0.054025,0.));
#16754=CARTESIAN_POINT('',(0.130725,-0.054025,0.));
#16755=CARTESIAN_POINT('',(0.130725,-0.047625,0.));
#16756=CARTESIAN_POINT('',(0.130725,-0.041225,0.));
#16757=CARTESIAN_POINT('',(0.130225,-0.041225,0.));
#16758=CARTESIAN_POINT('',(0.130225,-0.040725,0.));
#16759=CARTESIAN_POINT('',(0.123825,-0.040725,0.));
#16760=CARTESIAN_POINT('',(0.098375,-0.041225,0.));
#16761=CARTESIAN_POINT('',(0.098375,-0.040725,0.));
#16762=CARTESIAN_POINT('',(0.097875,-0.041225,0.));
#16763=CARTESIAN_POINT('',(0.097875,-0.047625,0.));
#16764=CARTESIAN_POINT('',(0.097875,-0.054025,0.));
#16765=CARTESIAN_POINT('',(0.098375,-0.054025,0.));
#16766=CARTESIAN_POINT('',(0.098375,-0.054525,0.));
#16767=CARTESIAN_POINT('',(0.104775,-0.054525,0.));
#16768=CARTESIAN_POINT('',(0.111175,-0.054525,0.));
#16769=CARTESIAN_POINT('',(0.111175,-0.054025,0.));
#16770=CARTESIAN_POINT('',(0.111675,-0.054025,0.));
#16771=CARTESIAN_POINT('',(0.111675,-0.047625,0.));
#16772=CARTESIAN_POINT('',(0.111675,-0.041225,0.));
#16773=CARTESIAN_POINT('',(0.111175,-0.041225,0.));
#16774=CARTESIAN_POINT('',(0.111175,-0.040725,0.));
#16775=CARTESIAN_POINT('',(0.104775,-0.040725,0.));
#16776=CARTESIAN_POINT('',(0.079325,-0.041225,0.));
#16777=CARTESIAN_POINT('',(0.079325,-0.040725,0.));
#16778=CARTESIAN_POINT('',(0.078825,-0.041225,0.));
#16779=CARTESIAN_POINT('',(0.078825,-0.047625,0.));
#16780=CARTESIAN_POINT('',(0.078825,-0.054025,0.));
#16781=CARTESIAN_POINT('',(0.079325,-0.054025,0.));
#16782=CARTESIAN_POINT('',(0.079325,-0.054525,0.));
#16783=CARTESIAN_POINT('',(0.085725,-0.054525,0.));
#16784=CARTESIAN_POINT('',(0.092125,-0.054525,0.));
#16785=CARTESIAN_POINT('',(0.092125,-0.054025,0.));
#16786=CARTESIAN_POINT('',(0.092625,-0.054025,0.));
#16787=CARTESIAN_POINT('',(0.092625,-0.047625,0.));
#16788=CARTESIAN_POINT('',(0.092625,-0.041225,0.));
#16789=CARTESIAN_POINT('',(0.092125,-0.041225,0.));
#16790=CARTESIAN_POINT('',(0.092125,-0.040725,0.));
#16791=CARTESIAN_POINT('',(0.085725,-0.040725,0.));
#16792=CARTESIAN_POINT('',(0.060275,-0.041225,0.));
#16793=CARTESIAN_POINT('',(0.060275,-0.040725,0.));
#16794=CARTESIAN_POINT('',(0.059775,-0.041225,0.));
#16795=CARTESIAN_POINT('',(0.059775,-0.047625,0.));
#16796=CARTESIAN_POINT('',(0.059775,-0.054025,0.));
#16797=CARTESIAN_POINT('',(0.060275,-0.054025,0.));
#16798=CARTESIAN_POINT('',(0.060275,-0.054525,0.));
#16799=CARTESIAN_POINT('',(0.066675,-0.054525,0.));
#16800=CARTESIAN_POINT('',(0.073075,-0.054525,0.));
#16801=CARTESIAN_POINT('',(0.073075,-0.054025,0.));
#16802=CARTESIAN_POINT('',(0.073575,-0.054025,0.));
#16803=CARTESIAN_POINT('',(0.073575,-0.047625,0.));
#16804=CARTESIAN_POINT('',(0.073575,-0.041225,0.));
#16805=CARTESIAN_POINT('',(0.073075,-0.041225,0.));
#16806=CARTESIAN_POINT('',(0.073075,-0.040725,0.));
#16807=CARTESIAN_POINT('',(0.066675,-0.040725,0.));
#16808=CARTESIAN_POINT('',(0.041225,-0.041225,0.));
#16809=CARTESIAN_POINT('',(0.041225,-0.040725,0.));
#16810=CARTESIAN_POINT('',(0.040725,-0.041225,0.));
#16811=CARTESIAN_POINT('',(0.040725,-0.047625,0.));
#16812=CARTESIAN_POINT('',(0.040725,-0.054025,0.));
#16813=CARTESIAN_POINT('',(0.041225,-0.054025,0.));
#16814=CARTESIAN_POINT('',(0.041225,-0.054525,0.));
#16815=CARTESIAN_POINT('',(0.047625,-0.054525,0.));
#16816=CARTESIAN_POINT('',(0.054025,-0.054525,0.));
#16817=CARTESIAN_POINT('',(0.054025,-0.054025,0.));
#16818=CARTESIAN_POINT('',(0.054525,-0.054025,0.));
#16819=CARTESIAN_POINT('',(0.054525,-0.047625,0.));
#16820=CARTESIAN_POINT('',(0.054525,-0.041225,0.));
#16821=CARTESIAN_POINT('',(0.054025,-0.041225,0.));
#16822=CARTESIAN_POINT('',(0.054025,-0.040725,0.));
#16823=CARTESIAN_POINT('',(0.047625,-0.040725,0.));
#16824=CARTESIAN_POINT('',(0.136475,-0.022175,0.));
#16825=CARTESIAN_POINT('',(0.136475,-0.021675,0.));
#16826=CARTESIAN_POINT('',(0.135975,-0.022175,0.));
#16827=CARTESIAN_POINT('',(0.135975,-0.028575,0.));
#16828=CARTESIAN_POINT('',(0.135975,-0.034975,0.));
#16829=CARTESIAN_POINT('',(0.136475,-0.034975,0.));
#16830=CARTESIAN_POINT('',(0.136475,-0.035475,0.));
#16831=CARTESIAN_POINT('',(0.142875,-0.035475,0.));
#16832=CARTESIAN_POINT('',(0.149275,-0.035475,0.));
#16833=CARTESIAN_POINT('',(0.149275,-0.034975,0.));
#16834=CARTESIAN_POINT('',(0.149775,-0.034975,0.));
#16835=CARTESIAN_POINT('',(0.149775,-0.028575,0.));
#16836=CARTESIAN_POINT('',(0.149775,-0.022175,0.));
#16837=CARTESIAN_POINT('',(0.149275,-0.022175,0.));
#16838=CARTESIAN_POINT('',(0.149275,-0.021675,0.));
#16839=CARTESIAN_POINT('',(0.142875,-0.021675,0.));
#16840=CARTESIAN_POINT('',(0.117425,-0.022175,0.));
#16841=CARTESIAN_POINT('',(0.117425,-0.021675,0.));
#16842=CARTESIAN_POINT('',(0.116925,-0.022175,0.));
#16843=CARTESIAN_POINT('',(0.116925,-0.028575,0.));
#16844=CARTESIAN_POINT('',(0.116925,-0.034975,0.));
#16845=CARTESIAN_POINT('',(0.117425,-0.034975,0.));
#16846=CARTESIAN_POINT('',(0.117425,-0.035475,0.));
#16847=CARTESIAN_POINT('',(0.123825,-0.035475,0.));
#16848=CARTESIAN_POINT('',(0.130225,-0.035475,0.));
#16849=CARTESIAN_POINT('',(0.130225,-0.034975,0.));
#16850=CARTESIAN_POINT('',(0.130725,-0.034975,0.));
#16851=CARTESIAN_POINT('',(0.130725,-0.028575,0.));
#16852=CARTESIAN_POINT('',(0.130725,-0.022175,0.));
#16853=CARTESIAN_POINT('',(0.130225,-0.022175,0.));
#16854=CARTESIAN_POINT('',(0.130225,-0.021675,0.));
#16855=CARTESIAN_POINT('',(0.123825,-0.021675,0.));
#16856=CARTESIAN_POINT('',(0.09123125,-0.022175,0.));
#16857=CARTESIAN_POINT('',(0.09123125,-0.021675,0.));
#16858=CARTESIAN_POINT('',(0.09073125,-0.022175,0.));
#16859=CARTESIAN_POINT('',(0.09073125,-0.028575,0.));
#16860=CARTESIAN_POINT('',(0.09073125,-0.034975,0.));
#16861=CARTESIAN_POINT('',(0.09123125,-0.034975,0.));
#16862=CARTESIAN_POINT('',(0.09123125,-0.035475,0.));
#16863=CARTESIAN_POINT('',(0.09763125,-0.035475,0.));
#16864=CARTESIAN_POINT('',(0.10403125,-0.035475,0.));
#16865=CARTESIAN_POINT('',(0.10403125,-0.034975,0.));
#16866=CARTESIAN_POINT('',(0.10453125,-0.034975,0.));
#16867=CARTESIAN_POINT('',(0.10453125,-0.028575,0.));
#16868=CARTESIAN_POINT('',(0.10453125,-0.022175,0.));
#16869=CARTESIAN_POINT('',(0.10403125,-0.022175,0.));
#16870=CARTESIAN_POINT('',(0.10403125,-0.021675,0.));
#16871=CARTESIAN_POINT('',(0.09763125,-0.021675,0.));
#16872=CARTESIAN_POINT('',(0.0650375,-0.022175,0.));
#16873=CARTESIAN_POINT('',(0.0650375,-0.021675,0.));
#16874=CARTESIAN_POINT('',(0.0645375,-0.022175,0.));
#16875=CARTESIAN_POINT('',(0.0645375,-0.028575,0.));
#16876=CARTESIAN_POINT('',(0.0645375,-0.034975,0.));
#16877=CARTESIAN_POINT('',(0.0650375,-0.034975,0.));
#16878=CARTESIAN_POINT('',(0.0650375,-0.035475,0.));
#16879=CARTESIAN_POINT('',(0.0714375,-0.035475,0.));
#16880=CARTESIAN_POINT('',(0.0778375,-0.035475,0.));
#16881=CARTESIAN_POINT('',(0.0778375,-0.034975,0.));
#16882=CARTESIAN_POINT('',(0.0783375,-0.034975,0.));
#16883=CARTESIAN_POINT('',(0.0783375,-0.028575,0.));
#16884=CARTESIAN_POINT('',(0.0783375,-0.022175,0.));
#16885=CARTESIAN_POINT('',(0.0778375,-0.022175,0.));
#16886=CARTESIAN_POINT('',(0.0778375,-0.021675,0.));
#16887=CARTESIAN_POINT('',(0.0714375,-0.021675,0.));
#16888=CARTESIAN_POINT('',(0.0459875,-0.022175,0.));
#16889=CARTESIAN_POINT('',(0.0459875,-0.021675,0.));
#16890=CARTESIAN_POINT('',(0.0454875,-0.022175,0.));
#16891=CARTESIAN_POINT('',(0.0454875,-0.028575,0.));
#16892=CARTESIAN_POINT('',(0.0454875,-0.034975,0.));
#16893=CARTESIAN_POINT('',(0.0459875,-0.034975,0.));
#16894=CARTESIAN_POINT('',(0.0459875,-0.035475,0.));
#16895=CARTESIAN_POINT('',(0.0523875,-0.035475,0.));
#16896=CARTESIAN_POINT('',(0.0587875,-0.035475,0.));
#16897=CARTESIAN_POINT('',(0.0587875,-0.034975,0.));
#16898=CARTESIAN_POINT('',(0.0592875,-0.034975,0.));
#16899=CARTESIAN_POINT('',(0.0592875,-0.028575,0.));
#16900=CARTESIAN_POINT('',(0.0592875,-0.022175,0.));
#16901=CARTESIAN_POINT('',(0.0587875,-0.022175,0.));
#16902=CARTESIAN_POINT('',(0.0587875,-0.021675,0.));
#16903=CARTESIAN_POINT('',(0.0523875,-0.021675,0.));
#16904=CARTESIAN_POINT('',(0.0269375,-0.022175,0.));
#16905=CARTESIAN_POINT('',(0.0269375,-0.021675,0.));
#16906=CARTESIAN_POINT('',(0.0264375,-0.022175,0.));
#16907=CARTESIAN_POINT('',(0.0264375,-0.028575,0.));
#16908=CARTESIAN_POINT('',(0.0264375,-0.034975,0.));
#16909=CARTESIAN_POINT('',(0.0269375,-0.034975,0.));
#16910=CARTESIAN_POINT('',(0.0269375,-0.035475,0.));
#16911=CARTESIAN_POINT('',(0.0333375,-0.035475,0.));
#16912=CARTESIAN_POINT('',(0.0397375,-0.035475,0.));
#16913=CARTESIAN_POINT('',(0.0397375,-0.034975,0.));
#16914=CARTESIAN_POINT('',(0.0402375,-0.034975,0.));
#16915=CARTESIAN_POINT('',(0.0402375,-0.028575,0.));
#16916=CARTESIAN_POINT('',(0.0402375,-0.022175,0.));
#16917=CARTESIAN_POINT('',(0.0397375,-0.022175,0.));
#16918=CARTESIAN_POINT('',(0.0397375,-0.021675,0.));
#16919=CARTESIAN_POINT('',(0.0333375,-0.021675,0.));
#16920=CARTESIAN_POINT('',(0.0078875,-0.022175,0.));
#16921=CARTESIAN_POINT('',(0.0078875,-0.021675,0.));
#16922=CARTESIAN_POINT('',(0.0073875,-0.022175,0.));
#16923=CARTESIAN_POINT('',(0.0073875,-0.028575,0.));
#16924=CARTESIAN_POINT('',(0.0073875,-0.034975,0.));
#16925=CARTESIAN_POINT('',(0.0078875,-0.034975,0.));
#16926=CARTESIAN_POINT('',(0.0078875,-0.035475,0.));
#16927=CARTESIAN_POINT('',(0.0142875,-0.035475,0.));
#16928=CARTESIAN_POINT('',(0.0206875,-0.035475,0.));
#16929=CARTESIAN_POINT('',(0.0206875,-0.034975,0.));
#16930=CARTESIAN_POINT('',(0.0211875,-0.034975,0.));
#16931=CARTESIAN_POINT('',(0.0211875,-0.028575,0.));
#16932=CARTESIAN_POINT('',(0.0211875,-0.022175,0.));
#16933=CARTESIAN_POINT('',(0.0206875,-0.022175,0.));
#16934=CARTESIAN_POINT('',(0.0206875,-0.021675,0.));
#16935=CARTESIAN_POINT('',(0.0142875,-0.021675,0.));
#16936=CARTESIAN_POINT('',(0.136475,-0.003125,0.));
#16937=CARTESIAN_POINT('',(0.136475,-0.002625,0.));
#16938=CARTESIAN_POINT('',(0.135975,-0.003125,0.));
#16939=CARTESIAN_POINT('',(0.135975,-0.009525,0.));
#16940=CARTESIAN_POINT('',(0.135975,-0.015925,0.));
#16941=CARTESIAN_POINT('',(0.136475,-0.015925,0.));
#16942=CARTESIAN_POINT('',(0.136475,-0.016425,0.));
#16943=CARTESIAN_POINT('',(0.142875,-0.016425,0.));
#16944=CARTESIAN_POINT('',(0.149275,-0.016425,0.));
#16945=CARTESIAN_POINT('',(0.149275,-0.015925,0.));
#16946=CARTESIAN_POINT('',(0.149775,-0.015925,0.));
#16947=CARTESIAN_POINT('',(0.149775,-0.009525,0.));
#16948=CARTESIAN_POINT('',(0.149775,-0.003125,0.));
#16949=CARTESIAN_POINT('',(0.149275,-0.003125,0.));
#16950=CARTESIAN_POINT('',(0.149275,-0.002625,0.));
#16951=CARTESIAN_POINT('',(0.142875,-0.002625,0.));
#16952=CARTESIAN_POINT('',(0.0745625,-0.003125,0.));
#16953=CARTESIAN_POINT('',(0.0745625,-0.002625,0.));
#16954=CARTESIAN_POINT('',(0.0740625,-0.003125,0.));
#16955=CARTESIAN_POINT('',(0.0740625,-0.009525,0.));
#16956=CARTESIAN_POINT('',(0.0740625,-0.015925,0.));
#16957=CARTESIAN_POINT('',(0.0745625,-0.015925,0.));
#16958=CARTESIAN_POINT('',(0.0745625,-0.016425,0.));
#16959=CARTESIAN_POINT('',(0.0809625,-0.016425,0.));
#16960=CARTESIAN_POINT('',(0.0873625,-0.016425,0.));
#16961=CARTESIAN_POINT('',(0.0873625,-0.015925,0.));
#16962=CARTESIAN_POINT('',(0.0878625,-0.015925,0.));
#16963=CARTESIAN_POINT('',(0.0878625,-0.009525,0.));
#16964=CARTESIAN_POINT('',(0.0878625,-0.003125,0.));
#16965=CARTESIAN_POINT('',(0.0873625,-0.003125,0.));
#16966=CARTESIAN_POINT('',(0.0873625,-0.002625,0.));
#16967=CARTESIAN_POINT('',(0.0809625,-0.002625,0.));
#16968=CARTESIAN_POINT('',(0.0555125,-0.003125,0.));
#16969=CARTESIAN_POINT('',(0.0555125,-0.002625,0.));
#16970=CARTESIAN_POINT('',(0.0550125,-0.003125,0.));
#16971=CARTESIAN_POINT('',(0.0550125,-0.009525,0.));
#16972=CARTESIAN_POINT('',(0.0550125,-0.015925,0.));
#16973=CARTESIAN_POINT('',(0.0555125,-0.015925,0.));
#16974=CARTESIAN_POINT('',(0.0555125,-0.016425,0.));
#16975=CARTESIAN_POINT('',(0.0619125,-0.016425,0.));
#16976=CARTESIAN_POINT('',(0.0683125,-0.016425,0.));
#16977=CARTESIAN_POINT('',(0.0683125,-0.015925,0.));
#16978=CARTESIAN_POINT('',(0.0688125,-0.015925,0.));
#16979=CARTESIAN_POINT('',(0.0688125,-0.009525,0.));
#16980=CARTESIAN_POINT('',(0.0688125,-0.003125,0.));
#16981=CARTESIAN_POINT('',(0.0683125,-0.003125,0.));
#16982=CARTESIAN_POINT('',(0.0683125,-0.002625,0.));
#16983=CARTESIAN_POINT('',(0.0619125,-0.002625,0.));
#16984=CARTESIAN_POINT('',(0.0364625,-0.003125,0.));
#16985=CARTESIAN_POINT('',(0.0364625,-0.002625,0.));
#16986=CARTESIAN_POINT('',(0.0359625,-0.003125,0.));
#16987=CARTESIAN_POINT('',(0.0359625,-0.009525,0.));
#16988=CARTESIAN_POINT('',(0.0359625,-0.015925,0.));
#16989=CARTESIAN_POINT('',(0.0364625,-0.015925,0.));
#16990=CARTESIAN_POINT('',(0.0364625,-0.016425,0.));
#16991=CARTESIAN_POINT('',(0.0428625,-0.016425,0.));
#16992=CARTESIAN_POINT('',(0.0492625,-0.016425,0.));
#16993=CARTESIAN_POINT('',(0.0492625,-0.015925,0.));
#16994=CARTESIAN_POINT('',(0.0497625,-0.015925,0.));
#16995=CARTESIAN_POINT('',(0.0497625,-0.009525,0.));
#16996=CARTESIAN_POINT('',(0.0497625,-0.003125,0.));
#16997=CARTESIAN_POINT('',(0.0492625,-0.003125,0.));
#16998=CARTESIAN_POINT('',(0.0492625,-0.002625,0.));
#16999=CARTESIAN_POINT('',(0.0428625,-0.002625,0.));
#17000=CARTESIAN_POINT('',(0.0174125,-0.003125,0.));
#17001=CARTESIAN_POINT('',(0.0174125,-0.002625,0.));
#17002=CARTESIAN_POINT('',(0.0169125,-0.003125,0.));
#17003=CARTESIAN_POINT('',(0.0169125,-0.009525,0.));
#17004=CARTESIAN_POINT('',(0.0169125,-0.015925,0.));
#17005=CARTESIAN_POINT('',(0.0174125,-0.015925,0.));
#17006=CARTESIAN_POINT('',(0.0174125,-0.016425,0.));
#17007=CARTESIAN_POINT('',(0.0238125,-0.016425,0.));
#17008=CARTESIAN_POINT('',(0.0302125,-0.016425,0.));
#17009=CARTESIAN_POINT('',(0.0302125,-0.015925,0.));
#17010=CARTESIAN_POINT('',(0.0307125,-0.015925,0.));
#17011=CARTESIAN_POINT('',(0.0307125,-0.009525,0.));
#17012=CARTESIAN_POINT('',(0.0307125,-0.003125,0.));
#17013=CARTESIAN_POINT('',(0.0302125,-0.003125,0.));
#17014=CARTESIAN_POINT('',(0.0302125,-0.002625,0.));
#17015=CARTESIAN_POINT('',(0.0238125,-0.002625,0.));
#17016=CARTESIAN_POINT('',(0.136475,0.015925,0.));
#17017=CARTESIAN_POINT('',(0.136475,0.016425,0.));
#17018=CARTESIAN_POINT('',(0.135975,0.015925,0.));
#17019=CARTESIAN_POINT('',(0.135975,0.009525,0.));
#17020=CARTESIAN_POINT('',(0.135975,0.003125,0.));
#17021=CARTESIAN_POINT('',(0.136475,0.003125,0.));
#17022=CARTESIAN_POINT('',(0.136475,0.002625,0.));
#17023=CARTESIAN_POINT('',(0.142875,0.002625,0.));
#17024=CARTESIAN_POINT('',(0.149275,0.002625,0.));
#17025=CARTESIAN_POINT('',(0.149275,0.003125,0.));
#17026=CARTESIAN_POINT('',(0.149775,0.003125,0.));
#17027=CARTESIAN_POINT('',(0.149775,0.009525,0.));
#17028=CARTESIAN_POINT('',(0.149775,0.015925,0.));
#17029=CARTESIAN_POINT('',(0.149275,0.015925,0.));
#17030=CARTESIAN_POINT('',(0.149275,0.016425,0.));
#17031=CARTESIAN_POINT('',(0.142875,0.016425,0.));
#17032=CARTESIAN_POINT('',(0.1126625,0.015925,0.));
#17033=CARTESIAN_POINT('',(0.1126625,0.016425,0.));
#17034=CARTESIAN_POINT('',(0.1121625,0.015925,0.));
#17035=CARTESIAN_POINT('',(0.1121625,0.009525,0.));
#17036=CARTESIAN_POINT('',(0.1121625,0.003125,0.));
#17037=CARTESIAN_POINT('',(0.1126625,0.003125,0.));
#17038=CARTESIAN_POINT('',(0.1126625,0.002625,0.));
#17039=CARTESIAN_POINT('',(0.1190625,0.002625,0.));
#17040=CARTESIAN_POINT('',(0.1254625,0.002625,0.));
#17041=CARTESIAN_POINT('',(0.1254625,0.003125,0.));
#17042=CARTESIAN_POINT('',(0.1259625,0.003125,0.));
#17043=CARTESIAN_POINT('',(0.1259625,0.009525,0.));
#17044=CARTESIAN_POINT('',(0.1259625,0.015925,0.));
#17045=CARTESIAN_POINT('',(0.1254625,0.015925,0.));
#17046=CARTESIAN_POINT('',(0.1254625,0.016425,0.));
#17047=CARTESIAN_POINT('',(0.1190625,0.016425,0.));
#17048=CARTESIAN_POINT('',(0.08885,0.015925,0.));
#17049=CARTESIAN_POINT('',(0.08885,0.016425,0.));
#17050=CARTESIAN_POINT('',(0.08835,0.015925,0.));
#17051=CARTESIAN_POINT('',(0.08835,0.009525,0.));
#17052=CARTESIAN_POINT('',(0.08835,0.003125,0.));
#17053=CARTESIAN_POINT('',(0.08885,0.003125,0.));
#17054=CARTESIAN_POINT('',(0.08885,0.002625,0.));
#17055=CARTESIAN_POINT('',(0.09525,0.002625,0.));
#17056=CARTESIAN_POINT('',(0.10165,0.002625,0.));
#17057=CARTESIAN_POINT('',(0.10165,0.003125,0.));
#17058=CARTESIAN_POINT('',(0.10215,0.003125,0.));
#17059=CARTESIAN_POINT('',(0.10215,0.009525,0.));
#17060=CARTESIAN_POINT('',(0.10215,0.015925,0.));
#17061=CARTESIAN_POINT('',(0.10165,0.015925,0.));
#17062=CARTESIAN_POINT('',(0.10165,0.016425,0.));
#17063=CARTESIAN_POINT('',(0.09525,0.016425,0.));
#17064=CARTESIAN_POINT('',(0.0698,0.015925,0.));
#17065=CARTESIAN_POINT('',(0.0698,0.016425,0.));
#17066=CARTESIAN_POINT('',(0.0693,0.015925,0.));
#17067=CARTESIAN_POINT('',(0.0693,0.009525,0.));
#17068=CARTESIAN_POINT('',(0.0693,0.003125,0.));
#17069=CARTESIAN_POINT('',(0.0698,0.003125,0.));
#17070=CARTESIAN_POINT('',(0.0698,0.002625,0.));
#17071=CARTESIAN_POINT('',(0.0762,0.002625,0.));
#17072=CARTESIAN_POINT('',(0.0826,0.002625,0.));
#17073=CARTESIAN_POINT('',(0.0826,0.003125,0.));
#17074=CARTESIAN_POINT('',(0.0831,0.003125,0.));
#17075=CARTESIAN_POINT('',(0.0831,0.009525,0.));
#17076=CARTESIAN_POINT('',(0.0831,0.015925,0.));
#17077=CARTESIAN_POINT('',(0.0826,0.015925,0.));
#17078=CARTESIAN_POINT('',(0.0826,0.016425,0.));
#17079=CARTESIAN_POINT('',(0.0762,0.016425,0.));
#17080=CARTESIAN_POINT('',(0.05075,0.015925,0.));
#17081=CARTESIAN_POINT('',(0.05075,0.016425,0.));
#17082=CARTESIAN_POINT('',(0.05025,0.015925,0.));
#17083=CARTESIAN_POINT('',(0.05025,0.009525,0.));
#17084=CARTESIAN_POINT('',(0.05025,0.003125,0.));
#17085=CARTESIAN_POINT('',(0.05075,0.003125,0.));
#17086=CARTESIAN_POINT('',(0.05075,0.002625,0.));
#17087=CARTESIAN_POINT('',(0.05715,0.002625,0.));
#17088=CARTESIAN_POINT('',(0.06355,0.002625,0.));
#17089=CARTESIAN_POINT('',(0.06355,0.003125,0.));
#17090=CARTESIAN_POINT('',(0.06405,0.003125,0.));
#17091=CARTESIAN_POINT('',(0.06405,0.009525,0.));
#17092=CARTESIAN_POINT('',(0.06405,0.015925,0.));
#17093=CARTESIAN_POINT('',(0.06355,0.015925,0.));
#17094=CARTESIAN_POINT('',(0.06355,0.016425,0.));
#17095=CARTESIAN_POINT('',(0.05715,0.016425,0.));
#17096=CARTESIAN_POINT('',(0.0317,0.015925,0.));
#17097=CARTESIAN_POINT('',(0.0317,0.016425,0.));
#17098=CARTESIAN_POINT('',(0.0312,0.015925,0.));
#17099=CARTESIAN_POINT('',(0.0312,0.009525,0.));
#17100=CARTESIAN_POINT('',(0.0312,0.003125,0.));
#17101=CARTESIAN_POINT('',(0.0317,0.003125,0.));
#17102=CARTESIAN_POINT('',(0.0317,0.002625,0.));
#17103=CARTESIAN_POINT('',(0.0381,0.002625,0.));
#17104=CARTESIAN_POINT('',(0.0445,0.002625,0.));
#17105=CARTESIAN_POINT('',(0.0445,0.003125,0.));
#17106=CARTESIAN_POINT('',(0.045,0.003125,0.));
#17107=CARTESIAN_POINT('',(0.045,0.009525,0.));
#17108=CARTESIAN_POINT('',(0.045,0.015925,0.));
#17109=CARTESIAN_POINT('',(0.0445,0.015925,0.));
#17110=CARTESIAN_POINT('',(0.0445,0.016425,0.));
#17111=CARTESIAN_POINT('',(0.0381,0.016425,0.));
#17112=CARTESIAN_POINT('',(0.01265,0.015925,0.));
#17113=CARTESIAN_POINT('',(0.01265,0.016425,0.));
#17114=CARTESIAN_POINT('',(0.01215,0.015925,0.));
#17115=CARTESIAN_POINT('',(0.01215,0.009525,0.));
#17116=CARTESIAN_POINT('',(0.01215,0.003125,0.));
#17117=CARTESIAN_POINT('',(0.01265,0.003125,0.));
#17118=CARTESIAN_POINT('',(0.01265,0.002625,0.));
#17119=CARTESIAN_POINT('',(0.01905,0.002625,0.));
#17120=CARTESIAN_POINT('',(0.02545,0.002625,0.));
#17121=CARTESIAN_POINT('',(0.02545,0.003125,0.));
#17122=CARTESIAN_POINT('',(0.02595,0.003125,0.));
#17123=CARTESIAN_POINT('',(0.02595,0.009525,0.));
#17124=CARTESIAN_POINT('',(0.02595,0.015925,0.));
#17125=CARTESIAN_POINT('',(0.02545,0.015925,0.));
#17126=CARTESIAN_POINT('',(0.02545,0.016425,0.));
#17127=CARTESIAN_POINT('',(0.01905,0.016425,0.));
#17128=CARTESIAN_POINT('',(0.136475,0.034975,0.));
#17129=CARTESIAN_POINT('',(0.136475,0.035475,0.));
#17130=CARTESIAN_POINT('',(0.135975,0.034975,0.));
#17131=CARTESIAN_POINT('',(0.135975,0.028575,0.));
#17132=CARTESIAN_POINT('',(0.135975,0.022175,0.));
#17133=CARTESIAN_POINT('',(0.136475,0.022175,0.));
#17134=CARTESIAN_POINT('',(0.136475,0.021675,0.));
#17135=CARTESIAN_POINT('',(0.142875,0.021675,0.));
#17136=CARTESIAN_POINT('',(0.149275,0.021675,0.));
#17137=CARTESIAN_POINT('',(0.149275,0.022175,0.));
#17138=CARTESIAN_POINT('',(0.149775,0.022175,0.));
#17139=CARTESIAN_POINT('',(0.149775,0.028575,0.));
#17140=CARTESIAN_POINT('',(0.149775,0.034975,0.));
#17141=CARTESIAN_POINT('',(0.149275,0.034975,0.));
#17142=CARTESIAN_POINT('',(0.149275,0.035475,0.));
#17143=CARTESIAN_POINT('',(0.142875,0.035475,0.));
#17144=CARTESIAN_POINT('',(0.079325,0.034975,0.));
#17145=CARTESIAN_POINT('',(0.079325,0.035475,0.));
#17146=CARTESIAN_POINT('',(0.078825,0.034975,0.));
#17147=CARTESIAN_POINT('',(0.078825,0.028575,0.));
#17148=CARTESIAN_POINT('',(0.078825,0.022175,0.));
#17149=CARTESIAN_POINT('',(0.079325,0.022175,0.));
#17150=CARTESIAN_POINT('',(0.079325,0.021675,0.));
#17151=CARTESIAN_POINT('',(0.085725,0.021675,0.));
#17152=CARTESIAN_POINT('',(0.092125,0.021675,0.));
#17153=CARTESIAN_POINT('',(0.092125,0.022175,0.));
#17154=CARTESIAN_POINT('',(0.092625,0.022175,0.));
#17155=CARTESIAN_POINT('',(0.092625,0.028575,0.));
#17156=CARTESIAN_POINT('',(0.092625,0.034975,0.));
#17157=CARTESIAN_POINT('',(0.092125,0.034975,0.));
#17158=CARTESIAN_POINT('',(0.092125,0.035475,0.));
#17159=CARTESIAN_POINT('',(0.085725,0.035475,0.));
#17160=CARTESIAN_POINT('',(0.060275,0.034975,0.));
#17161=CARTESIAN_POINT('',(0.060275,0.035475,0.));
#17162=CARTESIAN_POINT('',(0.059775,0.034975,0.));
#17163=CARTESIAN_POINT('',(0.059775,0.028575,0.));
#17164=CARTESIAN_POINT('',(0.059775,0.022175,0.));
#17165=CARTESIAN_POINT('',(0.060275,0.022175,0.));
#17166=CARTESIAN_POINT('',(0.060275,0.021675,0.));
#17167=CARTESIAN_POINT('',(0.066675,0.021675,0.));
#17168=CARTESIAN_POINT('',(0.073075,0.021675,0.));
#17169=CARTESIAN_POINT('',(0.073075,0.022175,0.));
#17170=CARTESIAN_POINT('',(0.073575,0.022175,0.));
#17171=CARTESIAN_POINT('',(0.073575,0.028575,0.));
#17172=CARTESIAN_POINT('',(0.073575,0.034975,0.));
#17173=CARTESIAN_POINT('',(0.073075,0.034975,0.));
#17174=CARTESIAN_POINT('',(0.073075,0.035475,0.));
#17175=CARTESIAN_POINT('',(0.066675,0.035475,0.));
#17176=CARTESIAN_POINT('',(0.041225,0.034975,0.));
#17177=CARTESIAN_POINT('',(0.041225,0.035475,0.));
#17178=CARTESIAN_POINT('',(0.040725,0.034975,0.));
#17179=CARTESIAN_POINT('',(0.040725,0.028575,0.));
#17180=CARTESIAN_POINT('',(0.040725,0.022175,0.));
#17181=CARTESIAN_POINT('',(0.041225,0.022175,0.));
#17182=CARTESIAN_POINT('',(0.041225,0.021675,0.));
#17183=CARTESIAN_POINT('',(0.047625,0.021675,0.));
#17184=CARTESIAN_POINT('',(0.054025,0.021675,0.));
#17185=CARTESIAN_POINT('',(0.054025,0.022175,0.));
#17186=CARTESIAN_POINT('',(0.054525,0.022175,0.));
#17187=CARTESIAN_POINT('',(0.054525,0.028575,0.));
#17188=CARTESIAN_POINT('',(0.054525,0.034975,0.));
#17189=CARTESIAN_POINT('',(0.054025,0.034975,0.));
#17190=CARTESIAN_POINT('',(0.054025,0.035475,0.));
#17191=CARTESIAN_POINT('',(0.047625,0.035475,0.));
#17192=CARTESIAN_POINT('',(0.022175,0.034975,0.));
#17193=CARTESIAN_POINT('',(0.022175,0.035475,0.));
#17194=CARTESIAN_POINT('',(0.021675,0.034975,0.));
#17195=CARTESIAN_POINT('',(0.021675,0.028575,0.));
#17196=CARTESIAN_POINT('',(0.021675,0.022175,0.));
#17197=CARTESIAN_POINT('',(0.022175,0.022175,0.));
#17198=CARTESIAN_POINT('',(0.022175,0.021675,0.));
#17199=CARTESIAN_POINT('',(0.028575,0.021675,0.));
#17200=CARTESIAN_POINT('',(0.034975,0.021675,0.));
#17201=CARTESIAN_POINT('',(0.034975,0.022175,0.));
#17202=CARTESIAN_POINT('',(0.035475,0.022175,0.));
#17203=CARTESIAN_POINT('',(0.035475,0.028575,0.));
#17204=CARTESIAN_POINT('',(0.035475,0.034975,0.));
#17205=CARTESIAN_POINT('',(0.034975,0.034975,0.));
#17206=CARTESIAN_POINT('',(0.034975,0.035475,0.));
#17207=CARTESIAN_POINT('',(0.028575,0.035475,0.));
#17208=CARTESIAN_POINT('',(0.003125,0.034975,0.));
#17209=CARTESIAN_POINT('',(0.003125,0.035475,0.));
#17210=CARTESIAN_POINT('',(0.002625,0.034975,0.));
#17211=CARTESIAN_POINT('',(0.002625,0.028575,0.));
#17212=CARTESIAN_POINT('',(0.002625,0.022175,0.));
#17213=CARTESIAN_POINT('',(0.003125,0.022175,0.));
#17214=CARTESIAN_POINT('',(0.003125,0.021675,0.));
#17215=CARTESIAN_POINT('',(0.009525,0.021675,0.));
#17216=CARTESIAN_POINT('',(0.015925,0.021675,0.));
#17217=CARTESIAN_POINT('',(0.015925,0.022175,0.));
#17218=CARTESIAN_POINT('',(0.016425,0.022175,0.));
#17219=CARTESIAN_POINT('',(0.016425,0.028575,0.));
#17220=CARTESIAN_POINT('',(0.016425,0.034975,0.));
#17221=CARTESIAN_POINT('',(0.015925,0.034975,0.));
#17222=CARTESIAN_POINT('',(0.015925,0.035475,0.));
#17223=CARTESIAN_POINT('',(0.009525,0.035475,0.));
#17224=CARTESIAN_POINT('',(0.,0.0454875,0.0014));
#17225=CARTESIAN_POINT('',(0.0064,0.0454875,0.0014));
#17226=CARTESIAN_POINT('',(0.,0.0592875,0.0014));
#17227=CARTESIAN_POINT('',(0.0064,0.0592875,0.0014));
#17228=CARTESIAN_POINT('',(0.123825,0.0592875,0.0014));
#17229=CARTESIAN_POINT('',(0.130225,0.0592875,0.0014));
#17230=CARTESIAN_POINT('',(0.117425,0.0592875,0.0014));
#17231=CARTESIAN_POINT('',(0.130225,0.0587875,0.0014));
#17232=CARTESIAN_POINT('',(0.130725,0.0587875,0.0014));
#17233=CARTESIAN_POINT('',(0.130725,0.0523875,0.0014));
#17234=CARTESIAN_POINT('',(0.130725,0.0459875,0.0014));
#17235=CARTESIAN_POINT('',(0.130225,0.0459875,0.0014));
#17236=CARTESIAN_POINT('',(0.130225,0.0454875,0.0014));
#17237=CARTESIAN_POINT('',(0.123825,0.0454875,0.0014));
#17238=CARTESIAN_POINT('',(0.117425,0.0454875,0.0014));
#17239=CARTESIAN_POINT('',(0.117425,0.0459875,0.0014));
#17240=CARTESIAN_POINT('',(0.116925,0.0459875,0.0014));
#17241=CARTESIAN_POINT('',(0.116925,0.0523875,0.0014));
#17242=CARTESIAN_POINT('',(0.116925,0.0587875,0.0014));
#17243=CARTESIAN_POINT('',(0.117425,0.0587875,0.0014));
#17244=CARTESIAN_POINT('',(0.1000125,0.0592875,0.0014));
#17245=CARTESIAN_POINT('',(0.1064125,0.0592875,0.0014));
#17246=CARTESIAN_POINT('',(0.0936125,0.0592875,0.0014));
#17247=CARTESIAN_POINT('',(0.1064125,0.0587875,0.0014));
#17248=CARTESIAN_POINT('',(0.1069125,0.0587875,0.0014));
#17249=CARTESIAN_POINT('',(0.1069125,0.0523875,0.0014));
#17250=CARTESIAN_POINT('',(0.1069125,0.0459875,0.0014));
#17251=CARTESIAN_POINT('',(0.1064125,0.0459875,0.0014));
#17252=CARTESIAN_POINT('',(0.1064125,0.0454875,0.0014));
#17253=CARTESIAN_POINT('',(0.1000125,0.0454875,0.0014));
#17254=CARTESIAN_POINT('',(0.0936125,0.0454875,0.0014));
#17255=CARTESIAN_POINT('',(0.0936125,0.0459875,0.0014));
#17256=CARTESIAN_POINT('',(0.0931125,0.0459875,0.0014));
#17257=CARTESIAN_POINT('',(0.0931125,0.0523875,0.0014));
#17258=CARTESIAN_POINT('',(0.0931125,0.0587875,0.0014));
#17259=CARTESIAN_POINT('',(0.0936125,0.0587875,0.0014));
#17260=CARTESIAN_POINT('',(0.0809625,0.0592875,0.0014));
#17261=CARTESIAN_POINT('',(0.0873625,0.0592875,0.0014));
#17262=CARTESIAN_POINT('',(0.0745625,0.0592875,0.0014));
#17263=CARTESIAN_POINT('',(0.0873625,0.0587875,0.0014));
#17264=CARTESIAN_POINT('',(0.0878625,0.0587875,0.0014));
#17265=CARTESIAN_POINT('',(0.0878625,0.0523875,0.0014));
#17266=CARTESIAN_POINT('',(0.0878625,0.0459875,0.0014));
#17267=CARTESIAN_POINT('',(0.0873625,0.0459875,0.0014));
#17268=CARTESIAN_POINT('',(0.0873625,0.0454875,0.0014));
#17269=CARTESIAN_POINT('',(0.0809625,0.0454875,0.0014));
#17270=CARTESIAN_POINT('',(0.0745625,0.0454875,0.0014));
#17271=CARTESIAN_POINT('',(0.0745625,0.0459875,0.0014));
#17272=CARTESIAN_POINT('',(0.0740625,0.0459875,0.0014));
#17273=CARTESIAN_POINT('',(0.0740625,0.0523875,0.0014));
#17274=CARTESIAN_POINT('',(0.0740625,0.0587875,0.0014));
#17275=CARTESIAN_POINT('',(0.0745625,0.0587875,0.0014));
#17276=CARTESIAN_POINT('',(0.0619125,0.0592875,0.0014));
#17277=CARTESIAN_POINT('',(0.0683125,0.0592875,0.0014));
#17278=CARTESIAN_POINT('',(0.0555125,0.0592875,0.0014));
#17279=CARTESIAN_POINT('',(0.0683125,0.0587875,0.0014));
#17280=CARTESIAN_POINT('',(0.0688125,0.0587875,0.0014));
#17281=CARTESIAN_POINT('',(0.0688125,0.0523875,0.0014));
#17282=CARTESIAN_POINT('',(0.0688125,0.0459875,0.0014));
#17283=CARTESIAN_POINT('',(0.0683125,0.0459875,0.0014));
#17284=CARTESIAN_POINT('',(0.0683125,0.0454875,0.0014));
#17285=CARTESIAN_POINT('',(0.0619125,0.0454875,0.0014));
#17286=CARTESIAN_POINT('',(0.0555125,0.0454875,0.0014));
#17287=CARTESIAN_POINT('',(0.0555125,0.0459875,0.0014));
#17288=CARTESIAN_POINT('',(0.0550125,0.0459875,0.0014));
#17289=CARTESIAN_POINT('',(0.0550125,0.0523875,0.0014));
#17290=CARTESIAN_POINT('',(0.0550125,0.0587875,0.0014));
#17291=CARTESIAN_POINT('',(0.0555125,0.0587875,0.0014));
#17292=CARTESIAN_POINT('',(0.0428625,0.0592875,0.0014));
#17293=CARTESIAN_POINT('',(0.0492625,0.0592875,0.0014));
#17294=CARTESIAN_POINT('',(0.0364625,0.0592875,0.0014));
#17295=CARTESIAN_POINT('',(0.0492625,0.0587875,0.0014));
#17296=CARTESIAN_POINT('',(0.0497625,0.0587875,0.0014));
#17297=CARTESIAN_POINT('',(0.0497625,0.0523875,0.0014));
#17298=CARTESIAN_POINT('',(0.0497625,0.0459875,0.0014));
#17299=CARTESIAN_POINT('',(0.0492625,0.0459875,0.0014));
#17300=CARTESIAN_POINT('',(0.0492625,0.0454875,0.0014));
#17301=CARTESIAN_POINT('',(0.0428625,0.0454875,0.0014));
#17302=CARTESIAN_POINT('',(0.0364625,0.0454875,0.0014));
#17303=CARTESIAN_POINT('',(0.0364625,0.0459875,0.0014));
#17304=CARTESIAN_POINT('',(0.0359625,0.0459875,0.0014));
#17305=CARTESIAN_POINT('',(0.0359625,0.0523875,0.0014));
#17306=CARTESIAN_POINT('',(0.0359625,0.0587875,0.0014));
#17307=CARTESIAN_POINT('',(0.0364625,0.0587875,0.0014));
#17308=CARTESIAN_POINT('',(0.01905,0.0592875,0.0014));
#17309=CARTESIAN_POINT('',(0.02545,0.0592875,0.0014));
#17310=CARTESIAN_POINT('',(0.01265,0.0592875,0.0014));
#17311=CARTESIAN_POINT('',(0.02545,0.0587875,0.0014));
#17312=CARTESIAN_POINT('',(0.02595,0.0587875,0.0014));
#17313=CARTESIAN_POINT('',(0.02595,0.0523875,0.0014));
#17314=CARTESIAN_POINT('',(0.02595,0.0459875,0.0014));
#17315=CARTESIAN_POINT('',(0.02545,0.0459875,0.0014));
#17316=CARTESIAN_POINT('',(0.02545,0.0454875,0.0014));
#17317=CARTESIAN_POINT('',(0.01905,0.0454875,0.0014));
#17318=CARTESIAN_POINT('',(0.01265,0.0454875,0.0014));
#17319=CARTESIAN_POINT('',(0.01265,0.0459875,0.0014));
#17320=CARTESIAN_POINT('',(0.01215,0.0459875,0.0014));
#17321=CARTESIAN_POINT('',(0.01215,0.0523875,0.0014));
#17322=CARTESIAN_POINT('',(0.01215,0.0587875,0.0014));
#17323=CARTESIAN_POINT('',(0.01265,0.0587875,0.0014));
#17324=CARTESIAN_POINT('',(0.0064,0.0587875,0.0014));
#17325=CARTESIAN_POINT('',(0.0069,0.0587875,0.0014));
#17326=CARTESIAN_POINT('',(0.0069,0.0523875,0.0014));
#17327=CARTESIAN_POINT('',(0.0069,0.0459875,0.0014));
#17328=CARTESIAN_POINT('',(0.0064,0.0459875,0.0014));
#17329=CARTESIAN_POINT('',(0.137375,0.0468875,-2.00000000000005E-6));
#17330=CARTESIAN_POINT('',(0.137375,0.0463875,-2.00000000000005E-6));
#17331=CARTESIAN_POINT('',(0.136875,0.0468875,-2.00000000000005E-6));
#17332=CARTESIAN_POINT('',(0.136875,0.0523875,-2.00000000000005E-6));
#17333=CARTESIAN_POINT('',(0.136875,0.0578875,-2.00000000000005E-6));
#17334=CARTESIAN_POINT('',(0.137375,0.0578875,-2.00000000000005E-6));
#17335=CARTESIAN_POINT('',(0.137375,0.0583875,-2.00000000000005E-6));
#17336=CARTESIAN_POINT('',(0.142875,0.0583875,-2.00000000000005E-6));
#17337=CARTESIAN_POINT('',(0.148375,0.0583875,-2.00000000000005E-6));
#17338=CARTESIAN_POINT('',(0.148375,0.0578875,-2.00000000000005E-6));
#17339=CARTESIAN_POINT('',(0.148875,0.0578875,-2.00000000000005E-6));
#17340=CARTESIAN_POINT('',(0.148875,0.0523875,-2.00000000000005E-6));
#17341=CARTESIAN_POINT('',(0.148875,0.0468875,-2.00000000000005E-6));
#17342=CARTESIAN_POINT('',(0.148375,0.0468875,-2.00000000000005E-6));
#17343=CARTESIAN_POINT('',(0.148375,0.0463875,-2.00000000000005E-6));
#17344=CARTESIAN_POINT('',(0.142875,0.0463875,-2.00000000000005E-6));
#17345=CARTESIAN_POINT('',(0.1484,0.0579125,0.0014));
#17346=CARTESIAN_POINT('',(0.1524,0.0579125,0.0014));
#17347=CARTESIAN_POINT('',(0.1524,0.0047625,0.0014));
#17348=CARTESIAN_POINT('',(0.1524,-0.05315,0.0014));
#17349=CARTESIAN_POINT('',(0.11881875,-0.009525,0.0014));
#17350=CARTESIAN_POINT('',(0.11881875,-0.011525,0.0014));
#17351=CARTESIAN_POINT('',(0.11881875,-0.015925,0.0014));
#17352=CARTESIAN_POINT('',(0.11881875,-0.009525,0.0014));
#17353=CARTESIAN_POINT('',(0.11881875,-0.009525,0.0014));
#17354=CARTESIAN_POINT('',(0.11881875,-0.003125,0.0014));
#17355=CARTESIAN_POINT('',(0.1212,0.028575,0.0014));
#17356=CARTESIAN_POINT('',(0.1212,0.026575,0.0014));
#17357=CARTESIAN_POINT('',(0.1212,0.022175,0.0014));
#17358=CARTESIAN_POINT('',(0.1212,0.028575,0.0014));
#17359=CARTESIAN_POINT('',(0.1212,0.028575,0.0014));
#17360=CARTESIAN_POINT('',(0.1212,0.034975,0.0014));
#17361=CARTESIAN_POINT('',(0.10501875,-0.009525,0.0014));
#17362=CARTESIAN_POINT('',(0.10501875,-0.011525,0.0014));
#17363=CARTESIAN_POINT('',(0.10501875,-0.015925,0.0014));
#17364=CARTESIAN_POINT('',(0.10501875,-0.009525,0.0014));
#17365=CARTESIAN_POINT('',(0.10501875,-0.009525,0.0014));
#17366=CARTESIAN_POINT('',(0.10501875,-0.003125,0.0014));
#17367=CARTESIAN_POINT('',(0.1074,0.028575,0.0014));
#17368=CARTESIAN_POINT('',(0.1074,0.026575,0.0014));
#17369=CARTESIAN_POINT('',(0.1074,0.022175,0.0014));
#17370=CARTESIAN_POINT('',(0.1074,0.028575,0.0014));
#17371=CARTESIAN_POINT('',(0.1074,0.028575,0.0014));
#17372=CARTESIAN_POINT('',(0.1074,0.034975,0.0014));
#17373=CARTESIAN_POINT('',(0.,-0.05715,0.0014));
#17374=CARTESIAN_POINT('',(0.0087625,-0.05715,0.0014));
#17375=CARTESIAN_POINT('',(0.018,-0.05715,-2.00000000000005E-6));
#17376=CARTESIAN_POINT('',(0.136475,-0.041225,0.0014));
#17377=CARTESIAN_POINT('',(0.136475,-0.040725,0.0014));
#17378=CARTESIAN_POINT('',(0.135975,-0.041225,0.0014));
#17379=CARTESIAN_POINT('',(0.142875,-0.040725,0.0014));
#17380=CARTESIAN_POINT('',(0.149275,-0.040725,0.0014));
#17381=CARTESIAN_POINT('',(0.149275,-0.041225,0.0014));
#17382=CARTESIAN_POINT('',(0.149775,-0.041225,0.0014));
#17383=CARTESIAN_POINT('',(0.149775,-0.047625,0.0014));
#17384=CARTESIAN_POINT('',(0.149775,-0.054025,0.0014));
#17385=CARTESIAN_POINT('',(0.149275,-0.054025,0.0014));
#17386=CARTESIAN_POINT('',(0.149275,-0.054525,0.0014));
#17387=CARTESIAN_POINT('',(0.142875,-0.054525,0.0014));
#17388=CARTESIAN_POINT('',(0.136475,-0.054525,0.0014));
#17389=CARTESIAN_POINT('',(0.136475,-0.054025,0.0014));
#17390=CARTESIAN_POINT('',(0.135975,-0.054025,0.0014));
#17391=CARTESIAN_POINT('',(0.117425,-0.041225,0.0014));
#17392=CARTESIAN_POINT('',(0.117425,-0.040725,0.0014));
#17393=CARTESIAN_POINT('',(0.116925,-0.041225,0.0014));
#17394=CARTESIAN_POINT('',(0.123825,-0.040725,0.0014));
#17395=CARTESIAN_POINT('',(0.130225,-0.040725,0.0014));
#17396=CARTESIAN_POINT('',(0.130225,-0.041225,0.0014));
#17397=CARTESIAN_POINT('',(0.130725,-0.041225,0.0014));
#17398=CARTESIAN_POINT('',(0.130725,-0.047625,0.0014));
#17399=CARTESIAN_POINT('',(0.130725,-0.054025,0.0014));
#17400=CARTESIAN_POINT('',(0.130225,-0.054025,0.0014));
#17401=CARTESIAN_POINT('',(0.130225,-0.054525,0.0014));
#17402=CARTESIAN_POINT('',(0.123825,-0.054525,0.0014));
#17403=CARTESIAN_POINT('',(0.117425,-0.054525,0.0014));
#17404=CARTESIAN_POINT('',(0.117425,-0.054025,0.0014));
#17405=CARTESIAN_POINT('',(0.116925,-0.054025,0.0014));
#17406=CARTESIAN_POINT('',(0.098375,-0.041225,0.0014));
#17407=CARTESIAN_POINT('',(0.098375,-0.040725,0.0014));
#17408=CARTESIAN_POINT('',(0.097875,-0.041225,0.0014));
#17409=CARTESIAN_POINT('',(0.104775,-0.040725,0.0014));
#17410=CARTESIAN_POINT('',(0.111175,-0.040725,0.0014));
#17411=CARTESIAN_POINT('',(0.111175,-0.041225,0.0014));
#17412=CARTESIAN_POINT('',(0.111675,-0.041225,0.0014));
#17413=CARTESIAN_POINT('',(0.111675,-0.047625,0.0014));
#17414=CARTESIAN_POINT('',(0.111675,-0.054025,0.0014));
#17415=CARTESIAN_POINT('',(0.111175,-0.054025,0.0014));
#17416=CARTESIAN_POINT('',(0.111175,-0.054525,0.0014));
#17417=CARTESIAN_POINT('',(0.104775,-0.054525,0.0014));
#17418=CARTESIAN_POINT('',(0.098375,-0.054525,0.0014));
#17419=CARTESIAN_POINT('',(0.098375,-0.054025,0.0014));
#17420=CARTESIAN_POINT('',(0.097875,-0.054025,0.0014));
#17421=CARTESIAN_POINT('',(0.079325,-0.041225,0.0014));
#17422=CARTESIAN_POINT('',(0.079325,-0.040725,0.0014));
#17423=CARTESIAN_POINT('',(0.078825,-0.041225,0.0014));
#17424=CARTESIAN_POINT('',(0.085725,-0.040725,0.0014));
#17425=CARTESIAN_POINT('',(0.092125,-0.040725,0.0014));
#17426=CARTESIAN_POINT('',(0.092125,-0.041225,0.0014));
#17427=CARTESIAN_POINT('',(0.092625,-0.041225,0.0014));
#17428=CARTESIAN_POINT('',(0.092625,-0.047625,0.0014));
#17429=CARTESIAN_POINT('',(0.092625,-0.054025,0.0014));
#17430=CARTESIAN_POINT('',(0.092125,-0.054025,0.0014));
#17431=CARTESIAN_POINT('',(0.092125,-0.054525,0.0014));
#17432=CARTESIAN_POINT('',(0.085725,-0.054525,0.0014));
#17433=CARTESIAN_POINT('',(0.079325,-0.054525,0.0014));
#17434=CARTESIAN_POINT('',(0.079325,-0.054025,0.0014));
#17435=CARTESIAN_POINT('',(0.078825,-0.054025,0.0014));
#17436=CARTESIAN_POINT('',(0.060275,-0.041225,0.0014));
#17437=CARTESIAN_POINT('',(0.060275,-0.040725,0.0014));
#17438=CARTESIAN_POINT('',(0.059775,-0.041225,0.0014));
#17439=CARTESIAN_POINT('',(0.066675,-0.040725,0.0014));
#17440=CARTESIAN_POINT('',(0.073075,-0.040725,0.0014));
#17441=CARTESIAN_POINT('',(0.073075,-0.041225,0.0014));
#17442=CARTESIAN_POINT('',(0.073575,-0.041225,0.0014));
#17443=CARTESIAN_POINT('',(0.073575,-0.047625,0.0014));
#17444=CARTESIAN_POINT('',(0.073575,-0.054025,0.0014));
#17445=CARTESIAN_POINT('',(0.073075,-0.054025,0.0014));
#17446=CARTESIAN_POINT('',(0.073075,-0.054525,0.0014));
#17447=CARTESIAN_POINT('',(0.066675,-0.054525,0.0014));
#17448=CARTESIAN_POINT('',(0.060275,-0.054525,0.0014));
#17449=CARTESIAN_POINT('',(0.060275,-0.054025,0.0014));
#17450=CARTESIAN_POINT('',(0.059775,-0.054025,0.0014));
#17451=CARTESIAN_POINT('',(0.041225,-0.041225,0.0014));
#17452=CARTESIAN_POINT('',(0.041225,-0.040725,0.0014));
#17453=CARTESIAN_POINT('',(0.040725,-0.041225,0.0014));
#17454=CARTESIAN_POINT('',(0.047625,-0.040725,0.0014));
#17455=CARTESIAN_POINT('',(0.054025,-0.040725,0.0014));
#17456=CARTESIAN_POINT('',(0.054025,-0.041225,0.0014));
#17457=CARTESIAN_POINT('',(0.054525,-0.041225,0.0014));
#17458=CARTESIAN_POINT('',(0.054525,-0.047625,0.0014));
#17459=CARTESIAN_POINT('',(0.054525,-0.054025,0.0014));
#17460=CARTESIAN_POINT('',(0.054025,-0.054025,0.0014));
#17461=CARTESIAN_POINT('',(0.054025,-0.054525,0.0014));
#17462=CARTESIAN_POINT('',(0.047625,-0.054525,0.0014));
#17463=CARTESIAN_POINT('',(0.041225,-0.054525,0.0014));
#17464=CARTESIAN_POINT('',(0.041225,-0.054025,0.0014));
#17465=CARTESIAN_POINT('',(0.040725,-0.054025,0.0014));
#17466=CARTESIAN_POINT('',(0.136475,-0.022175,0.0014));
#17467=CARTESIAN_POINT('',(0.136475,-0.021675,0.0014));
#17468=CARTESIAN_POINT('',(0.135975,-0.022175,0.0014));
#17469=CARTESIAN_POINT('',(0.142875,-0.021675,0.0014));
#17470=CARTESIAN_POINT('',(0.149275,-0.021675,0.0014));
#17471=CARTESIAN_POINT('',(0.149275,-0.022175,0.0014));
#17472=CARTESIAN_POINT('',(0.149775,-0.022175,0.0014));
#17473=CARTESIAN_POINT('',(0.149775,-0.028575,0.0014));
#17474=CARTESIAN_POINT('',(0.149775,-0.034975,0.0014));
#17475=CARTESIAN_POINT('',(0.149275,-0.034975,0.0014));
#17476=CARTESIAN_POINT('',(0.149275,-0.035475,0.0014));
#17477=CARTESIAN_POINT('',(0.142875,-0.035475,0.0014));
#17478=CARTESIAN_POINT('',(0.136475,-0.035475,0.0014));
#17479=CARTESIAN_POINT('',(0.136475,-0.034975,0.0014));
#17480=CARTESIAN_POINT('',(0.135975,-0.034975,0.0014));
#17481=CARTESIAN_POINT('',(0.117425,-0.022175,0.0014));
#17482=CARTESIAN_POINT('',(0.117425,-0.021675,0.0014));
#17483=CARTESIAN_POINT('',(0.116925,-0.022175,0.0014));
#17484=CARTESIAN_POINT('',(0.123825,-0.021675,0.0014));
#17485=CARTESIAN_POINT('',(0.130225,-0.021675,0.0014));
#17486=CARTESIAN_POINT('',(0.130225,-0.022175,0.0014));
#17487=CARTESIAN_POINT('',(0.130725,-0.022175,0.0014));
#17488=CARTESIAN_POINT('',(0.130725,-0.028575,0.0014));
#17489=CARTESIAN_POINT('',(0.130725,-0.034975,0.0014));
#17490=CARTESIAN_POINT('',(0.130225,-0.034975,0.0014));
#17491=CARTESIAN_POINT('',(0.130225,-0.035475,0.0014));
#17492=CARTESIAN_POINT('',(0.123825,-0.035475,0.0014));
#17493=CARTESIAN_POINT('',(0.117425,-0.035475,0.0014));
#17494=CARTESIAN_POINT('',(0.117425,-0.034975,0.0014));
#17495=CARTESIAN_POINT('',(0.116925,-0.034975,0.0014));
#17496=CARTESIAN_POINT('',(0.09123125,-0.022175,0.0014));
#17497=CARTESIAN_POINT('',(0.09123125,-0.021675,0.0014));
#17498=CARTESIAN_POINT('',(0.09073125,-0.022175,0.0014));
#17499=CARTESIAN_POINT('',(0.09763125,-0.021675,0.0014));
#17500=CARTESIAN_POINT('',(0.10403125,-0.021675,0.0014));
#17501=CARTESIAN_POINT('',(0.10403125,-0.022175,0.0014));
#17502=CARTESIAN_POINT('',(0.10453125,-0.022175,0.0014));
#17503=CARTESIAN_POINT('',(0.10453125,-0.028575,0.0014));
#17504=CARTESIAN_POINT('',(0.10453125,-0.034975,0.0014));
#17505=CARTESIAN_POINT('',(0.10403125,-0.034975,0.0014));
#17506=CARTESIAN_POINT('',(0.10403125,-0.035475,0.0014));
#17507=CARTESIAN_POINT('',(0.09763125,-0.035475,0.0014));
#17508=CARTESIAN_POINT('',(0.09123125,-0.035475,0.0014));
#17509=CARTESIAN_POINT('',(0.09123125,-0.034975,0.0014));
#17510=CARTESIAN_POINT('',(0.09073125,-0.034975,0.0014));
#17511=CARTESIAN_POINT('',(0.0650375,-0.022175,0.0014));
#17512=CARTESIAN_POINT('',(0.0650375,-0.021675,0.0014));
#17513=CARTESIAN_POINT('',(0.0645375,-0.022175,0.0014));
#17514=CARTESIAN_POINT('',(0.0714375,-0.021675,0.0014));
#17515=CARTESIAN_POINT('',(0.0778375,-0.021675,0.0014));
#17516=CARTESIAN_POINT('',(0.0778375,-0.022175,0.0014));
#17517=CARTESIAN_POINT('',(0.0783375,-0.022175,0.0014));
#17518=CARTESIAN_POINT('',(0.0783375,-0.028575,0.0014));
#17519=CARTESIAN_POINT('',(0.0783375,-0.034975,0.0014));
#17520=CARTESIAN_POINT('',(0.0778375,-0.034975,0.0014));
#17521=CARTESIAN_POINT('',(0.0778375,-0.035475,0.0014));
#17522=CARTESIAN_POINT('',(0.0714375,-0.035475,0.0014));
#17523=CARTESIAN_POINT('',(0.0650375,-0.035475,0.0014));
#17524=CARTESIAN_POINT('',(0.0650375,-0.034975,0.0014));
#17525=CARTESIAN_POINT('',(0.0645375,-0.034975,0.0014));
#17526=CARTESIAN_POINT('',(0.0459875,-0.022175,0.0014));
#17527=CARTESIAN_POINT('',(0.0459875,-0.021675,0.0014));
#17528=CARTESIAN_POINT('',(0.0454875,-0.022175,0.0014));
#17529=CARTESIAN_POINT('',(0.0523875,-0.021675,0.0014));
#17530=CARTESIAN_POINT('',(0.0587875,-0.021675,0.0014));
#17531=CARTESIAN_POINT('',(0.0587875,-0.022175,0.0014));
#17532=CARTESIAN_POINT('',(0.0592875,-0.022175,0.0014));
#17533=CARTESIAN_POINT('',(0.0592875,-0.028575,0.0014));
#17534=CARTESIAN_POINT('',(0.0592875,-0.034975,0.0014));
#17535=CARTESIAN_POINT('',(0.0587875,-0.034975,0.0014));
#17536=CARTESIAN_POINT('',(0.0587875,-0.035475,0.0014));
#17537=CARTESIAN_POINT('',(0.0523875,-0.035475,0.0014));
#17538=CARTESIAN_POINT('',(0.0459875,-0.035475,0.0014));
#17539=CARTESIAN_POINT('',(0.0459875,-0.034975,0.0014));
#17540=CARTESIAN_POINT('',(0.0454875,-0.034975,0.0014));
#17541=CARTESIAN_POINT('',(0.0269375,-0.022175,0.0014));
#17542=CARTESIAN_POINT('',(0.0269375,-0.021675,0.0014));
#17543=CARTESIAN_POINT('',(0.0264375,-0.022175,0.0014));
#17544=CARTESIAN_POINT('',(0.0333375,-0.021675,0.0014));
#17545=CARTESIAN_POINT('',(0.0397375,-0.021675,0.0014));
#17546=CARTESIAN_POINT('',(0.0397375,-0.022175,0.0014));
#17547=CARTESIAN_POINT('',(0.0402375,-0.022175,0.0014));
#17548=CARTESIAN_POINT('',(0.0402375,-0.028575,0.0014));
#17549=CARTESIAN_POINT('',(0.0402375,-0.034975,0.0014));
#17550=CARTESIAN_POINT('',(0.0397375,-0.034975,0.0014));
#17551=CARTESIAN_POINT('',(0.0397375,-0.035475,0.0014));
#17552=CARTESIAN_POINT('',(0.0333375,-0.035475,0.0014));
#17553=CARTESIAN_POINT('',(0.0269375,-0.035475,0.0014));
#17554=CARTESIAN_POINT('',(0.0269375,-0.034975,0.0014));
#17555=CARTESIAN_POINT('',(0.0264375,-0.034975,0.0014));
#17556=CARTESIAN_POINT('',(0.0078875,-0.022175,0.0014));
#17557=CARTESIAN_POINT('',(0.0078875,-0.021675,0.0014));
#17558=CARTESIAN_POINT('',(0.0073875,-0.022175,0.0014));
#17559=CARTESIAN_POINT('',(0.0142875,-0.021675,0.0014));
#17560=CARTESIAN_POINT('',(0.0206875,-0.021675,0.0014));
#17561=CARTESIAN_POINT('',(0.0206875,-0.022175,0.0014));
#17562=CARTESIAN_POINT('',(0.0211875,-0.022175,0.0014));
#17563=CARTESIAN_POINT('',(0.0211875,-0.028575,0.0014));
#17564=CARTESIAN_POINT('',(0.0211875,-0.034975,0.0014));
#17565=CARTESIAN_POINT('',(0.0206875,-0.034975,0.0014));
#17566=CARTESIAN_POINT('',(0.0206875,-0.035475,0.0014));
#17567=CARTESIAN_POINT('',(0.0142875,-0.035475,0.0014));
#17568=CARTESIAN_POINT('',(0.0078875,-0.035475,0.0014));
#17569=CARTESIAN_POINT('',(0.0078875,-0.034975,0.0014));
#17570=CARTESIAN_POINT('',(0.0073875,-0.034975,0.0014));
#17571=CARTESIAN_POINT('',(0.136475,-0.003125,0.0014));
#17572=CARTESIAN_POINT('',(0.136475,-0.002625,0.0014));
#17573=CARTESIAN_POINT('',(0.135975,-0.003125,0.0014));
#17574=CARTESIAN_POINT('',(0.142875,-0.002625,0.0014));
#17575=CARTESIAN_POINT('',(0.149275,-0.002625,0.0014));
#17576=CARTESIAN_POINT('',(0.149275,-0.003125,0.0014));
#17577=CARTESIAN_POINT('',(0.149775,-0.003125,0.0014));
#17578=CARTESIAN_POINT('',(0.149775,-0.009525,0.0014));
#17579=CARTESIAN_POINT('',(0.149775,-0.015925,0.0014));
#17580=CARTESIAN_POINT('',(0.149275,-0.015925,0.0014));
#17581=CARTESIAN_POINT('',(0.149275,-0.016425,0.0014));
#17582=CARTESIAN_POINT('',(0.142875,-0.016425,0.0014));
#17583=CARTESIAN_POINT('',(0.136475,-0.016425,0.0014));
#17584=CARTESIAN_POINT('',(0.136475,-0.015925,0.0014));
#17585=CARTESIAN_POINT('',(0.135975,-0.015925,0.0014));
#17586=CARTESIAN_POINT('',(0.10551875,-0.003125,0.0014));
#17587=CARTESIAN_POINT('',(0.10551875,-0.002625,0.0014));
#17588=CARTESIAN_POINT('',(0.11191875,-0.002625,0.0014));
#17589=CARTESIAN_POINT('',(0.11831875,-0.002625,0.0014));
#17590=CARTESIAN_POINT('',(0.11831875,-0.003125,0.0014));
#17591=CARTESIAN_POINT('',(0.11831875,-0.015925,0.0014));
#17592=CARTESIAN_POINT('',(0.11831875,-0.016425,0.0014));
#17593=CARTESIAN_POINT('',(0.11191875,-0.016425,0.0014));
#17594=CARTESIAN_POINT('',(0.10551875,-0.016425,0.0014));
#17595=CARTESIAN_POINT('',(0.10551875,-0.015925,0.0014));
#17596=CARTESIAN_POINT('',(0.0745625,-0.003125,0.0014));
#17597=CARTESIAN_POINT('',(0.0745625,-0.002625,0.0014));
#17598=CARTESIAN_POINT('',(0.0740625,-0.003125,0.0014));
#17599=CARTESIAN_POINT('',(0.0809625,-0.002625,0.0014));
#17600=CARTESIAN_POINT('',(0.0873625,-0.002625,0.0014));
#17601=CARTESIAN_POINT('',(0.0873625,-0.003125,0.0014));
#17602=CARTESIAN_POINT('',(0.0878625,-0.003125,0.0014));
#17603=CARTESIAN_POINT('',(0.0878625,-0.009525,0.0014));
#17604=CARTESIAN_POINT('',(0.0878625,-0.015925,0.0014));
#17605=CARTESIAN_POINT('',(0.0873625,-0.015925,0.0014));
#17606=CARTESIAN_POINT('',(0.0873625,-0.016425,0.0014));
#17607=CARTESIAN_POINT('',(0.0809625,-0.016425,0.0014));
#17608=CARTESIAN_POINT('',(0.0745625,-0.016425,0.0014));
#17609=CARTESIAN_POINT('',(0.0745625,-0.015925,0.0014));
#17610=CARTESIAN_POINT('',(0.0740625,-0.015925,0.0014));
#17611=CARTESIAN_POINT('',(0.0555125,-0.003125,0.0014));
#17612=CARTESIAN_POINT('',(0.0555125,-0.002625,0.0014));
#17613=CARTESIAN_POINT('',(0.0550125,-0.003125,0.0014));
#17614=CARTESIAN_POINT('',(0.0619125,-0.002625,0.0014));
#17615=CARTESIAN_POINT('',(0.0683125,-0.002625,0.0014));
#17616=CARTESIAN_POINT('',(0.0683125,-0.003125,0.0014));
#17617=CARTESIAN_POINT('',(0.0688125,-0.003125,0.0014));
#17618=CARTESIAN_POINT('',(0.0688125,-0.009525,0.0014));
#17619=CARTESIAN_POINT('',(0.0688125,-0.015925,0.0014));
#17620=CARTESIAN_POINT('',(0.0683125,-0.015925,0.0014));
#17621=CARTESIAN_POINT('',(0.0683125,-0.016425,0.0014));
#17622=CARTESIAN_POINT('',(0.0619125,-0.016425,0.0014));
#17623=CARTESIAN_POINT('',(0.0555125,-0.016425,0.0014));
#17624=CARTESIAN_POINT('',(0.0555125,-0.015925,0.0014));
#17625=CARTESIAN_POINT('',(0.0550125,-0.015925,0.0014));
#17626=CARTESIAN_POINT('',(0.0364625,-0.003125,0.0014));
#17627=CARTESIAN_POINT('',(0.0364625,-0.002625,0.0014));
#17628=CARTESIAN_POINT('',(0.0359625,-0.003125,0.0014));
#17629=CARTESIAN_POINT('',(0.0428625,-0.002625,0.0014));
#17630=CARTESIAN_POINT('',(0.0492625,-0.002625,0.0014));
#17631=CARTESIAN_POINT('',(0.0492625,-0.003125,0.0014));
#17632=CARTESIAN_POINT('',(0.0497625,-0.003125,0.0014));
#17633=CARTESIAN_POINT('',(0.0497625,-0.009525,0.0014));
#17634=CARTESIAN_POINT('',(0.0497625,-0.015925,0.0014));
#17635=CARTESIAN_POINT('',(0.0492625,-0.015925,0.0014));
#17636=CARTESIAN_POINT('',(0.0492625,-0.016425,0.0014));
#17637=CARTESIAN_POINT('',(0.0428625,-0.016425,0.0014));
#17638=CARTESIAN_POINT('',(0.0364625,-0.016425,0.0014));
#17639=CARTESIAN_POINT('',(0.0364625,-0.015925,0.0014));
#17640=CARTESIAN_POINT('',(0.0359625,-0.015925,0.0014));
#17641=CARTESIAN_POINT('',(0.0174125,-0.003125,0.0014));
#17642=CARTESIAN_POINT('',(0.0174125,-0.002625,0.0014));
#17643=CARTESIAN_POINT('',(0.0169125,-0.003125,0.0014));
#17644=CARTESIAN_POINT('',(0.0238125,-0.002625,0.0014));
#17645=CARTESIAN_POINT('',(0.0302125,-0.002625,0.0014));
#17646=CARTESIAN_POINT('',(0.0302125,-0.003125,0.0014));
#17647=CARTESIAN_POINT('',(0.0307125,-0.003125,0.0014));
#17648=CARTESIAN_POINT('',(0.0307125,-0.009525,0.0014));
#17649=CARTESIAN_POINT('',(0.0307125,-0.015925,0.0014));
#17650=CARTESIAN_POINT('',(0.0302125,-0.015925,0.0014));
#17651=CARTESIAN_POINT('',(0.0302125,-0.016425,0.0014));
#17652=CARTESIAN_POINT('',(0.0238125,-0.016425,0.0014));
#17653=CARTESIAN_POINT('',(0.0174125,-0.016425,0.0014));
#17654=CARTESIAN_POINT('',(0.0174125,-0.015925,0.0014));
#17655=CARTESIAN_POINT('',(0.0169125,-0.015925,0.0014));
#17656=CARTESIAN_POINT('',(0.0111625,-0.003125,0.0014));
#17657=CARTESIAN_POINT('',(0.0116625,-0.003125,0.0014));
#17658=CARTESIAN_POINT('',(0.0116625,-0.009525,0.0014));
#17659=CARTESIAN_POINT('',(0.0116625,-0.015925,0.0014));
#17660=CARTESIAN_POINT('',(0.0111625,-0.015925,0.0014));
#17661=CARTESIAN_POINT('',(0.136475,0.015925,0.0014));
#17662=CARTESIAN_POINT('',(0.136475,0.016425,0.0014));
#17663=CARTESIAN_POINT('',(0.135975,0.015925,0.0014));
#17664=CARTESIAN_POINT('',(0.142875,0.016425,0.0014));
#17665=CARTESIAN_POINT('',(0.149275,0.016425,0.0014));
#17666=CARTESIAN_POINT('',(0.149275,0.015925,0.0014));
#17667=CARTESIAN_POINT('',(0.149775,0.015925,0.0014));
#17668=CARTESIAN_POINT('',(0.149775,0.009525,0.0014));
#17669=CARTESIAN_POINT('',(0.149775,0.003125,0.0014));
#17670=CARTESIAN_POINT('',(0.149275,0.003125,0.0014));
#17671=CARTESIAN_POINT('',(0.149275,0.002625,0.0014));
#17672=CARTESIAN_POINT('',(0.142875,0.002625,0.0014));
#17673=CARTESIAN_POINT('',(0.136475,0.002625,0.0014));
#17674=CARTESIAN_POINT('',(0.136475,0.003125,0.0014));
#17675=CARTESIAN_POINT('',(0.135975,0.003125,0.0014));
#17676=CARTESIAN_POINT('',(0.1126625,0.015925,0.0014));
#17677=CARTESIAN_POINT('',(0.1126625,0.016425,0.0014));
#17678=CARTESIAN_POINT('',(0.1121625,0.015925,0.0014));
#17679=CARTESIAN_POINT('',(0.1190625,0.016425,0.0014));
#17680=CARTESIAN_POINT('',(0.1254625,0.016425,0.0014));
#17681=CARTESIAN_POINT('',(0.1254625,0.015925,0.0014));
#17682=CARTESIAN_POINT('',(0.1259625,0.015925,0.0014));
#17683=CARTESIAN_POINT('',(0.1259625,0.009525,0.0014));
#17684=CARTESIAN_POINT('',(0.1259625,0.003125,0.0014));
#17685=CARTESIAN_POINT('',(0.1254625,0.003125,0.0014));
#17686=CARTESIAN_POINT('',(0.1254625,0.002625,0.0014));
#17687=CARTESIAN_POINT('',(0.1190625,0.002625,0.0014));
#17688=CARTESIAN_POINT('',(0.1126625,0.002625,0.0014));
#17689=CARTESIAN_POINT('',(0.1126625,0.003125,0.0014));
#17690=CARTESIAN_POINT('',(0.1121625,0.003125,0.0014));
#17691=CARTESIAN_POINT('',(0.08885,0.015925,0.0014));
#17692=CARTESIAN_POINT('',(0.08885,0.016425,0.0014));
#17693=CARTESIAN_POINT('',(0.08835,0.015925,0.0014));
#17694=CARTESIAN_POINT('',(0.09525,0.016425,0.0014));
#17695=CARTESIAN_POINT('',(0.10165,0.016425,0.0014));
#17696=CARTESIAN_POINT('',(0.10165,0.015925,0.0014));
#17697=CARTESIAN_POINT('',(0.10215,0.015925,0.0014));
#17698=CARTESIAN_POINT('',(0.10215,0.009525,0.0014));
#17699=CARTESIAN_POINT('',(0.10215,0.003125,0.0014));
#17700=CARTESIAN_POINT('',(0.10165,0.003125,0.0014));
#17701=CARTESIAN_POINT('',(0.10165,0.002625,0.0014));
#17702=CARTESIAN_POINT('',(0.09525,0.002625,0.0014));
#17703=CARTESIAN_POINT('',(0.08885,0.002625,0.0014));
#17704=CARTESIAN_POINT('',(0.08885,0.003125,0.0014));
#17705=CARTESIAN_POINT('',(0.08835,0.003125,0.0014));
#17706=CARTESIAN_POINT('',(0.0698,0.015925,0.0014));
#17707=CARTESIAN_POINT('',(0.0698,0.016425,0.0014));
#17708=CARTESIAN_POINT('',(0.0693,0.015925,0.0014));
#17709=CARTESIAN_POINT('',(0.0762,0.016425,0.0014));
#17710=CARTESIAN_POINT('',(0.0826,0.016425,0.0014));
#17711=CARTESIAN_POINT('',(0.0826,0.015925,0.0014));
#17712=CARTESIAN_POINT('',(0.0831,0.015925,0.0014));
#17713=CARTESIAN_POINT('',(0.0831,0.009525,0.0014));
#17714=CARTESIAN_POINT('',(0.0831,0.003125,0.0014));
#17715=CARTESIAN_POINT('',(0.0826,0.003125,0.0014));
#17716=CARTESIAN_POINT('',(0.0826,0.002625,0.0014));
#17717=CARTESIAN_POINT('',(0.0762,0.002625,0.0014));
#17718=CARTESIAN_POINT('',(0.0698,0.002625,0.0014));
#17719=CARTESIAN_POINT('',(0.0698,0.003125,0.0014));
#17720=CARTESIAN_POINT('',(0.0693,0.003125,0.0014));
#17721=CARTESIAN_POINT('',(0.05075,0.015925,0.0014));
#17722=CARTESIAN_POINT('',(0.05075,0.016425,0.0014));
#17723=CARTESIAN_POINT('',(0.05025,0.015925,0.0014));
#17724=CARTESIAN_POINT('',(0.05715,0.016425,0.0014));
#17725=CARTESIAN_POINT('',(0.06355,0.016425,0.0014));
#17726=CARTESIAN_POINT('',(0.06355,0.015925,0.0014));
#17727=CARTESIAN_POINT('',(0.06405,0.015925,0.0014));
#17728=CARTESIAN_POINT('',(0.06405,0.009525,0.0014));
#17729=CARTESIAN_POINT('',(0.06405,0.003125,0.0014));
#17730=CARTESIAN_POINT('',(0.06355,0.003125,0.0014));
#17731=CARTESIAN_POINT('',(0.06355,0.002625,0.0014));
#17732=CARTESIAN_POINT('',(0.05715,0.002625,0.0014));
#17733=CARTESIAN_POINT('',(0.05075,0.002625,0.0014));
#17734=CARTESIAN_POINT('',(0.05075,0.003125,0.0014));
#17735=CARTESIAN_POINT('',(0.05025,0.003125,0.0014));
#17736=CARTESIAN_POINT('',(0.0317,0.015925,0.0014));
#17737=CARTESIAN_POINT('',(0.0317,0.016425,0.0014));
#17738=CARTESIAN_POINT('',(0.0312,0.015925,0.0014));
#17739=CARTESIAN_POINT('',(0.0381,0.016425,0.0014));
#17740=CARTESIAN_POINT('',(0.0445,0.016425,0.0014));
#17741=CARTESIAN_POINT('',(0.0445,0.015925,0.0014));
#17742=CARTESIAN_POINT('',(0.045,0.015925,0.0014));
#17743=CARTESIAN_POINT('',(0.045,0.009525,0.0014));
#17744=CARTESIAN_POINT('',(0.045,0.003125,0.0014));
#17745=CARTESIAN_POINT('',(0.0445,0.003125,0.0014));
#17746=CARTESIAN_POINT('',(0.0445,0.002625,0.0014));
#17747=CARTESIAN_POINT('',(0.0381,0.002625,0.0014));
#17748=CARTESIAN_POINT('',(0.0317,0.002625,0.0014));
#17749=CARTESIAN_POINT('',(0.0317,0.003125,0.0014));
#17750=CARTESIAN_POINT('',(0.0312,0.003125,0.0014));
#17751=CARTESIAN_POINT('',(0.01265,0.015925,0.0014));
#17752=CARTESIAN_POINT('',(0.01265,0.016425,0.0014));
#17753=CARTESIAN_POINT('',(0.01215,0.015925,0.0014));
#17754=CARTESIAN_POINT('',(0.01905,0.016425,0.0014));
#17755=CARTESIAN_POINT('',(0.02545,0.016425,0.0014));
#17756=CARTESIAN_POINT('',(0.02545,0.015925,0.0014));
#17757=CARTESIAN_POINT('',(0.02595,0.015925,0.0014));
#17758=CARTESIAN_POINT('',(0.02595,0.009525,0.0014));
#17759=CARTESIAN_POINT('',(0.02595,0.003125,0.0014));
#17760=CARTESIAN_POINT('',(0.02545,0.003125,0.0014));
#17761=CARTESIAN_POINT('',(0.02545,0.002625,0.0014));
#17762=CARTESIAN_POINT('',(0.01905,0.002625,0.0014));
#17763=CARTESIAN_POINT('',(0.01265,0.002625,0.0014));
#17764=CARTESIAN_POINT('',(0.01265,0.003125,0.0014));
#17765=CARTESIAN_POINT('',(0.01215,0.003125,0.0014));
#17766=CARTESIAN_POINT('',(0.0064,0.015925,0.0014));
#17767=CARTESIAN_POINT('',(0.0069,0.015925,0.0014));
#17768=CARTESIAN_POINT('',(0.0069,0.009525,0.0014));
#17769=CARTESIAN_POINT('',(0.0069,0.003125,0.0014));
#17770=CARTESIAN_POINT('',(0.0064,0.003125,0.0014));
#17771=CARTESIAN_POINT('',(0.136475,0.034975,0.0014));
#17772=CARTESIAN_POINT('',(0.136475,0.035475,0.0014));
#17773=CARTESIAN_POINT('',(0.135975,0.034975,0.0014));
#17774=CARTESIAN_POINT('',(0.142875,0.035475,0.0014));
#17775=CARTESIAN_POINT('',(0.149275,0.035475,0.0014));
#17776=CARTESIAN_POINT('',(0.149275,0.034975,0.0014));
#17777=CARTESIAN_POINT('',(0.149775,0.034975,0.0014));
#17778=CARTESIAN_POINT('',(0.149775,0.028575,0.0014));
#17779=CARTESIAN_POINT('',(0.149775,0.022175,0.0014));
#17780=CARTESIAN_POINT('',(0.149275,0.022175,0.0014));
#17781=CARTESIAN_POINT('',(0.149275,0.021675,0.0014));
#17782=CARTESIAN_POINT('',(0.142875,0.021675,0.0014));
#17783=CARTESIAN_POINT('',(0.136475,0.021675,0.0014));
#17784=CARTESIAN_POINT('',(0.136475,0.022175,0.0014));
#17785=CARTESIAN_POINT('',(0.135975,0.022175,0.0014));
#17786=CARTESIAN_POINT('',(0.1079,0.034975,0.0014));
#17787=CARTESIAN_POINT('',(0.1079,0.035475,0.0014));
#17788=CARTESIAN_POINT('',(0.1143,0.035475,0.0014));
#17789=CARTESIAN_POINT('',(0.1207,0.035475,0.0014));
#17790=CARTESIAN_POINT('',(0.1207,0.034975,0.0014));
#17791=CARTESIAN_POINT('',(0.1207,0.022175,0.0014));
#17792=CARTESIAN_POINT('',(0.1207,0.021675,0.0014));
#17793=CARTESIAN_POINT('',(0.1143,0.021675,0.0014));
#17794=CARTESIAN_POINT('',(0.1079,0.021675,0.0014));
#17795=CARTESIAN_POINT('',(0.1079,0.022175,0.0014));
#17796=CARTESIAN_POINT('',(0.079325,0.034975,0.0014));
#17797=CARTESIAN_POINT('',(0.079325,0.035475,0.0014));
#17798=CARTESIAN_POINT('',(0.078825,0.034975,0.0014));
#17799=CARTESIAN_POINT('',(0.085725,0.035475,0.0014));
#17800=CARTESIAN_POINT('',(0.092125,0.035475,0.0014));
#17801=CARTESIAN_POINT('',(0.092125,0.034975,0.0014));
#17802=CARTESIAN_POINT('',(0.092625,0.034975,0.0014));
#17803=CARTESIAN_POINT('',(0.092625,0.028575,0.0014));
#17804=CARTESIAN_POINT('',(0.092625,0.022175,0.0014));
#17805=CARTESIAN_POINT('',(0.092125,0.022175,0.0014));
#17806=CARTESIAN_POINT('',(0.092125,0.021675,0.0014));
#17807=CARTESIAN_POINT('',(0.085725,0.021675,0.0014));
#17808=CARTESIAN_POINT('',(0.079325,0.021675,0.0014));
#17809=CARTESIAN_POINT('',(0.079325,0.022175,0.0014));
#17810=CARTESIAN_POINT('',(0.078825,0.022175,0.0014));
#17811=CARTESIAN_POINT('',(0.060275,0.034975,0.0014));
#17812=CARTESIAN_POINT('',(0.060275,0.035475,0.0014));
#17813=CARTESIAN_POINT('',(0.059775,0.034975,0.0014));
#17814=CARTESIAN_POINT('',(0.066675,0.035475,0.0014));
#17815=CARTESIAN_POINT('',(0.073075,0.035475,0.0014));
#17816=CARTESIAN_POINT('',(0.073075,0.034975,0.0014));
#17817=CARTESIAN_POINT('',(0.073575,0.034975,0.0014));
#17818=CARTESIAN_POINT('',(0.073575,0.028575,0.0014));
#17819=CARTESIAN_POINT('',(0.073575,0.022175,0.0014));
#17820=CARTESIAN_POINT('',(0.073075,0.022175,0.0014));
#17821=CARTESIAN_POINT('',(0.073075,0.021675,0.0014));
#17822=CARTESIAN_POINT('',(0.066675,0.021675,0.0014));
#17823=CARTESIAN_POINT('',(0.060275,0.021675,0.0014));
#17824=CARTESIAN_POINT('',(0.060275,0.022175,0.0014));
#17825=CARTESIAN_POINT('',(0.059775,0.022175,0.0014));
#17826=CARTESIAN_POINT('',(0.041225,0.034975,0.0014));
#17827=CARTESIAN_POINT('',(0.041225,0.035475,0.0014));
#17828=CARTESIAN_POINT('',(0.040725,0.034975,0.0014));
#17829=CARTESIAN_POINT('',(0.047625,0.035475,0.0014));
#17830=CARTESIAN_POINT('',(0.054025,0.035475,0.0014));
#17831=CARTESIAN_POINT('',(0.054025,0.034975,0.0014));
#17832=CARTESIAN_POINT('',(0.054525,0.034975,0.0014));
#17833=CARTESIAN_POINT('',(0.054525,0.028575,0.0014));
#17834=CARTESIAN_POINT('',(0.054525,0.022175,0.0014));
#17835=CARTESIAN_POINT('',(0.054025,0.022175,0.0014));
#17836=CARTESIAN_POINT('',(0.054025,0.021675,0.0014));
#17837=CARTESIAN_POINT('',(0.047625,0.021675,0.0014));
#17838=CARTESIAN_POINT('',(0.041225,0.021675,0.0014));
#17839=CARTESIAN_POINT('',(0.041225,0.022175,0.0014));
#17840=CARTESIAN_POINT('',(0.040725,0.022175,0.0014));
#17841=CARTESIAN_POINT('',(0.022175,0.034975,0.0014));
#17842=CARTESIAN_POINT('',(0.022175,0.035475,0.0014));
#17843=CARTESIAN_POINT('',(0.021675,0.034975,0.0014));
#17844=CARTESIAN_POINT('',(0.028575,0.035475,0.0014));
#17845=CARTESIAN_POINT('',(0.034975,0.035475,0.0014));
#17846=CARTESIAN_POINT('',(0.034975,0.034975,0.0014));
#17847=CARTESIAN_POINT('',(0.035475,0.034975,0.0014));
#17848=CARTESIAN_POINT('',(0.035475,0.028575,0.0014));
#17849=CARTESIAN_POINT('',(0.035475,0.022175,0.0014));
#17850=CARTESIAN_POINT('',(0.034975,0.022175,0.0014));
#17851=CARTESIAN_POINT('',(0.034975,0.021675,0.0014));
#17852=CARTESIAN_POINT('',(0.028575,0.021675,0.0014));
#17853=CARTESIAN_POINT('',(0.022175,0.021675,0.0014));
#17854=CARTESIAN_POINT('',(0.022175,0.022175,0.0014));
#17855=CARTESIAN_POINT('',(0.021675,0.022175,0.0014));
#17856=CARTESIAN_POINT('',(0.003125,0.034975,0.0014));
#17857=CARTESIAN_POINT('',(0.003125,0.035475,0.0014));
#17858=CARTESIAN_POINT('',(0.002625,0.034975,0.0014));
#17859=CARTESIAN_POINT('',(0.009525,0.035475,0.0014));
#17860=CARTESIAN_POINT('',(0.015925,0.035475,0.0014));
#17861=CARTESIAN_POINT('',(0.015925,0.034975,0.0014));
#17862=CARTESIAN_POINT('',(0.016425,0.034975,0.0014));
#17863=CARTESIAN_POINT('',(0.016425,0.028575,0.0014));
#17864=CARTESIAN_POINT('',(0.016425,0.022175,0.0014));
#17865=CARTESIAN_POINT('',(0.015925,0.022175,0.0014));
#17866=CARTESIAN_POINT('',(0.015925,0.021675,0.0014));
#17867=CARTESIAN_POINT('',(0.009525,0.021675,0.0014));
#17868=CARTESIAN_POINT('',(0.003125,0.021675,0.0014));
#17869=CARTESIAN_POINT('',(0.003125,0.022175,0.0014));
#17870=CARTESIAN_POINT('',(0.002625,0.022175,0.0014));
#17871=CARTESIAN_POINT('',(0.135975,-0.047625,0.0014));
#17872=CARTESIAN_POINT('',(0.116925,-0.047625,0.0014));
#17873=CARTESIAN_POINT('',(0.097875,-0.047625,0.0014));
#17874=CARTESIAN_POINT('',(0.078825,-0.047625,0.0014));
#17875=CARTESIAN_POINT('',(0.059775,-0.047625,0.0014));
#17876=CARTESIAN_POINT('',(0.040725,-0.047625,0.0014));
#17877=CARTESIAN_POINT('',(0.135975,-0.028575,0.0014));
#17878=CARTESIAN_POINT('',(0.116925,-0.028575,0.0014));
#17879=CARTESIAN_POINT('',(0.09073125,-0.028575,0.0014));
#17880=CARTESIAN_POINT('',(0.0645375,-0.028575,0.0014));
#17881=CARTESIAN_POINT('',(0.0454875,-0.028575,0.0014));
#17882=CARTESIAN_POINT('',(0.0264375,-0.028575,0.0014));
#17883=CARTESIAN_POINT('',(0.0073875,-0.028575,0.0014));
#17884=CARTESIAN_POINT('',(0.135975,-0.009525,0.0014));
#17885=CARTESIAN_POINT('',(0.0740625,-0.009525,0.0014));
#17886=CARTESIAN_POINT('',(0.0550125,-0.009525,0.0014));
#17887=CARTESIAN_POINT('',(0.0359625,-0.009525,0.0014));
#17888=CARTESIAN_POINT('',(0.0169125,-0.009525,0.0014));
#17889=CARTESIAN_POINT('',(0.135975,0.009525,0.0014));
#17890=CARTESIAN_POINT('',(0.1121625,0.009525,0.0014));
#17891=CARTESIAN_POINT('',(0.08835,0.009525,0.0014));
#17892=CARTESIAN_POINT('',(0.0693,0.009525,0.0014));
#17893=CARTESIAN_POINT('',(0.05025,0.009525,0.0014));
#17894=CARTESIAN_POINT('',(0.0312,0.009525,0.0014));
#17895=CARTESIAN_POINT('',(0.01215,0.009525,0.0014));
#17896=CARTESIAN_POINT('',(0.135975,0.028575,0.0014));
#17897=CARTESIAN_POINT('',(0.078825,0.028575,0.0014));
#17898=CARTESIAN_POINT('',(0.059775,0.028575,0.0014));
#17899=CARTESIAN_POINT('',(0.040725,0.028575,0.0014));
#17900=CARTESIAN_POINT('',(0.021675,0.028575,0.0014));
#17901=CARTESIAN_POINT('',(0.002625,0.028575,0.0014));
#17902=CARTESIAN_POINT('',(0.10545,0.0243,-0.0236));
#17903=CARTESIAN_POINT('',(0.10545,0.018825,-0.0246));
#17904=CARTESIAN_POINT('',(0.10545,0.018825,0.0004));
#17905=CARTESIAN_POINT('',(0.10545,0.026825,0.0004));
#17906=CARTESIAN_POINT('',(0.10545,0.022025,0.0004));
#17907=CARTESIAN_POINT('',(0.10545,0.022025,-0.0236));
#17908=CARTESIAN_POINT('',(0.10545,0.026575,-0.0236));
#17909=CARTESIAN_POINT('',(0.10495,0.022025,-0.0236));
#17910=CARTESIAN_POINT('',(0.10495,0.022025,0.0004));
#17911=CARTESIAN_POINT('',(0.10495,0.021525,0.0004));
#17912=CARTESIAN_POINT('',(0.10495,0.021525,-0.0236));
#17913=CARTESIAN_POINT('',(0.104375,0.021525,-0.0236));
#17914=CARTESIAN_POINT('',(0.104375,0.021525,0.0004));
#17915=CARTESIAN_POINT('',(0.1038,0.021525,0.0004));
#17916=CARTESIAN_POINT('',(0.1038,0.021525,-0.0236));
#17917=CARTESIAN_POINT('',(0.1038,0.021025,-0.0236));
#17918=CARTESIAN_POINT('',(0.1038,0.021025,0.0004));
#17919=CARTESIAN_POINT('',(0.1033,0.021025,0.0004));
#17920=CARTESIAN_POINT('',(0.1033,0.021025,-0.0236));
#17921=CARTESIAN_POINT('',(0.1033,0.020525,-0.0236));
#17922=CARTESIAN_POINT('',(0.1033,0.020525,0.0004));
#17923=CARTESIAN_POINT('',(0.1033,0.020025,0.0004));
#17924=CARTESIAN_POINT('',(0.1033,0.020025,-0.0236));
#17925=CARTESIAN_POINT('',(0.1028,0.020025,-0.0236));
#17926=CARTESIAN_POINT('',(0.1028,0.020025,0.0004));
#17927=CARTESIAN_POINT('',(0.1028,0.019525,0.0004));
#17928=CARTESIAN_POINT('',(0.1028,0.019525,-0.0236));
#17929=CARTESIAN_POINT('',(0.1023,0.019525,-0.0236));
#17930=CARTESIAN_POINT('',(0.1023,0.019525,0.0004));
#17931=CARTESIAN_POINT('',(0.1018,0.019525,0.0004));
#17932=CARTESIAN_POINT('',(0.1018,0.019525,-0.0236));
#17933=CARTESIAN_POINT('',(0.1018,0.020025,-0.0236));
#17934=CARTESIAN_POINT('',(0.1018,0.020025,0.0004));
#17935=CARTESIAN_POINT('',(0.1013,0.020025,0.0004));
#17936=CARTESIAN_POINT('',(0.1013,0.020025,-0.0236));
#17937=CARTESIAN_POINT('',(0.1013,0.020525,-0.0236));
#17938=CARTESIAN_POINT('',(0.1013,0.020525,0.0004));
#17939=CARTESIAN_POINT('',(0.1013,0.021025,0.0004));
#17940=CARTESIAN_POINT('',(0.1013,0.021025,-0.0236));
#17941=CARTESIAN_POINT('',(0.1008,0.021025,-0.0236));
#17942=CARTESIAN_POINT('',(0.1008,0.021025,0.0004));
#17943=CARTESIAN_POINT('',(0.1008,0.021525,0.0004));
#17944=CARTESIAN_POINT('',(0.1008,0.021525,-0.0236));
#17945=CARTESIAN_POINT('',(0.100225,0.021525,-0.0236));
#17946=CARTESIAN_POINT('',(0.100225,0.021525,0.0004));
#17947=CARTESIAN_POINT('',(0.09965,0.021525,0.0004));
#17948=CARTESIAN_POINT('',(0.09965,0.021525,-0.0236));
#17949=CARTESIAN_POINT('',(0.09965,0.022025,-0.0236));
#17950=CARTESIAN_POINT('',(0.09965,0.022025,0.0004));
#17951=CARTESIAN_POINT('',(0.09915,0.022025,0.0004));
#17952=CARTESIAN_POINT('',(0.09915,0.022025,-0.0236));
#17953=CARTESIAN_POINT('',(0.09915,0.027925,-0.0236));
#17954=CARTESIAN_POINT('',(0.09915,0.034825,-0.0246));
#17955=CARTESIAN_POINT('',(0.09915,0.034825,0.0004));
#17956=CARTESIAN_POINT('',(0.09915,0.026825,0.0004));
#17957=CARTESIAN_POINT('',(0.09915,0.033825,0.0004));
#17958=CARTESIAN_POINT('',(0.09915,0.033825,-0.0236));
#17959=CARTESIAN_POINT('',(0.09915,0.026825,0.0004));
#17960=CARTESIAN_POINT('',(0.09915,0.018825,0.0004));
#17961=CARTESIAN_POINT('',(0.09915,0.018825,-0.0246));
#17962=CARTESIAN_POINT('',(0.09965,0.033825,-0.0236));
#17963=CARTESIAN_POINT('',(0.09965,0.033825,0.0004));
#17964=CARTESIAN_POINT('',(0.09965,0.034325,0.0004));
#17965=CARTESIAN_POINT('',(0.09965,0.034325,-0.0236));
#17966=CARTESIAN_POINT('',(0.1023,0.034325,-0.0236));
#17967=CARTESIAN_POINT('',(0.1023,0.034325,0.0004));
#17968=CARTESIAN_POINT('',(0.10495,0.034325,0.0004));
#17969=CARTESIAN_POINT('',(0.10495,0.034325,-0.0236));
#17970=CARTESIAN_POINT('',(0.10495,0.033825,-0.0236));
#17971=CARTESIAN_POINT('',(0.10495,0.033825,0.0004));
#17972=CARTESIAN_POINT('',(0.10545,0.033825,0.0004));
#17973=CARTESIAN_POINT('',(0.10545,0.033825,-0.0236));
#17974=CARTESIAN_POINT('',(0.10545,0.0312,-0.0236));
#17975=CARTESIAN_POINT('',(0.10545,0.028575,-0.0236));
#17976=CARTESIAN_POINT('',(0.10545,0.026825,0.0004));
#17977=CARTESIAN_POINT('',(0.10545,0.034825,0.0004));
#17978=CARTESIAN_POINT('',(0.10545,0.034825,-0.0246));
#17979=CARTESIAN_POINT('',(0.1143,0.028575,-0.0236));
#17980=CARTESIAN_POINT('',(0.1143,0.026575,-0.0236));
#17981=CARTESIAN_POINT('',(0.1143,0.026575,-0.0236));
#17982=CARTESIAN_POINT('',(0.12315,0.026575,-0.0236));
#17983=CARTESIAN_POINT('',(0.12315,0.0243,-0.0236));
#17984=CARTESIAN_POINT('',(0.12315,0.022025,-0.0236));
#17985=CARTESIAN_POINT('',(0.12315,0.022025,0.0004));
#17986=CARTESIAN_POINT('',(0.12315,0.026825,0.0004));
#17987=CARTESIAN_POINT('',(0.12315,0.018825,0.0004));
#17988=CARTESIAN_POINT('',(0.12315,0.018825,-0.0246));
#17989=CARTESIAN_POINT('',(0.12365,0.022025,-0.0236));
#17990=CARTESIAN_POINT('',(0.12365,0.022025,0.0004));
#17991=CARTESIAN_POINT('',(0.12365,0.021525,0.0004));
#17992=CARTESIAN_POINT('',(0.12365,0.021525,-0.0236));
#17993=CARTESIAN_POINT('',(0.124225,0.021525,-0.0236));
#17994=CARTESIAN_POINT('',(0.124225,0.021525,0.0004));
#17995=CARTESIAN_POINT('',(0.1248,0.021525,0.0004));
#17996=CARTESIAN_POINT('',(0.1248,0.021525,-0.0236));
#17997=CARTESIAN_POINT('',(0.1248,0.021025,-0.0236));
#17998=CARTESIAN_POINT('',(0.1253,0.021025,-0.0236));
#17999=CARTESIAN_POINT('',(0.1253,0.021025,0.0004));
#18000=CARTESIAN_POINT('',(0.1248,0.021025,0.0004));
#18001=CARTESIAN_POINT('',(0.1253,0.020525,-0.0236));
#18002=CARTESIAN_POINT('',(0.1253,0.020025,-0.0236));
#18003=CARTESIAN_POINT('',(0.1253,0.020025,0.0004));
#18004=CARTESIAN_POINT('',(0.1253,0.020525,0.0004));
#18005=CARTESIAN_POINT('',(0.1258,0.020025,-0.0236));
#18006=CARTESIAN_POINT('',(0.1258,0.020025,0.0004));
#18007=CARTESIAN_POINT('',(0.1258,0.019525,0.0004));
#18008=CARTESIAN_POINT('',(0.1258,0.019525,-0.0236));
#18009=CARTESIAN_POINT('',(0.1263,0.019525,-0.0236));
#18010=CARTESIAN_POINT('',(0.1263,0.019525,0.0004));
#18011=CARTESIAN_POINT('',(0.1268,0.019525,0.0004));
#18012=CARTESIAN_POINT('',(0.1268,0.019525,-0.0236));
#18013=CARTESIAN_POINT('',(0.1268,0.020025,-0.0236));
#18014=CARTESIAN_POINT('',(0.1268,0.020025,0.0004));
#18015=CARTESIAN_POINT('',(0.1273,0.020025,0.0004));
#18016=CARTESIAN_POINT('',(0.1273,0.020025,-0.0236));
#18017=CARTESIAN_POINT('',(0.1273,0.020525,-0.0236));
#18018=CARTESIAN_POINT('',(0.1273,0.020525,0.0004));
#18019=CARTESIAN_POINT('',(0.1273,0.021025,0.0004));
#18020=CARTESIAN_POINT('',(0.1273,0.021025,-0.0236));
#18021=CARTESIAN_POINT('',(0.1278,0.021025,-0.0236));
#18022=CARTESIAN_POINT('',(0.1278,0.021525,-0.0236));
#18023=CARTESIAN_POINT('',(0.1278,0.021525,0.0004));
#18024=CARTESIAN_POINT('',(0.1278,0.021025,0.0004));
#18025=CARTESIAN_POINT('',(0.128375,0.021525,-0.0236));
#18026=CARTESIAN_POINT('',(0.128375,0.021525,0.0004));
#18027=CARTESIAN_POINT('',(0.12895,0.021525,0.0004));
#18028=CARTESIAN_POINT('',(0.12895,0.021525,-0.0236));
#18029=CARTESIAN_POINT('',(0.12895,0.022025,-0.0236));
#18030=CARTESIAN_POINT('',(0.12895,0.022025,0.0004));
#18031=CARTESIAN_POINT('',(0.12945,0.022025,0.0004));
#18032=CARTESIAN_POINT('',(0.12945,0.022025,-0.0236));
#18033=CARTESIAN_POINT('',(0.12945,0.027925,-0.0236));
#18034=CARTESIAN_POINT('',(0.12945,0.018825,-0.0246));
#18035=CARTESIAN_POINT('',(0.12945,0.018825,0.0004));
#18036=CARTESIAN_POINT('',(0.12945,0.026825,0.0004));
#18037=CARTESIAN_POINT('',(0.12945,0.033825,-0.0236));
#18038=CARTESIAN_POINT('',(0.12945,0.033825,0.0004));
#18039=CARTESIAN_POINT('',(0.12945,0.026825,0.0004));
#18040=CARTESIAN_POINT('',(0.12945,0.034825,0.0004));
#18041=CARTESIAN_POINT('',(0.12945,0.034825,-0.0246));
#18042=CARTESIAN_POINT('',(0.12895,0.033825,-0.0236));
#18043=CARTESIAN_POINT('',(0.12895,0.033825,0.0004));
#18044=CARTESIAN_POINT('',(0.12895,0.034325,0.0004));
#18045=CARTESIAN_POINT('',(0.12895,0.034325,-0.0236));
#18046=CARTESIAN_POINT('',(0.1263,0.034325,-0.0236));
#18047=CARTESIAN_POINT('',(0.12365,0.034325,-0.0236));
#18048=CARTESIAN_POINT('',(0.12365,0.034325,0.0004));
#18049=CARTESIAN_POINT('',(0.1263,0.034325,0.0004));
#18050=CARTESIAN_POINT('',(0.12365,0.033825,-0.0236));
#18051=CARTESIAN_POINT('',(0.12365,0.033825,0.0004));
#18052=CARTESIAN_POINT('',(0.12315,0.033825,0.0004));
#18053=CARTESIAN_POINT('',(0.12315,0.033825,-0.0236));
#18054=CARTESIAN_POINT('',(0.12315,0.0312,-0.0236));
#18055=CARTESIAN_POINT('',(0.12315,0.034825,-0.0246));
#18056=CARTESIAN_POINT('',(0.12315,0.034825,0.0004));
#18057=CARTESIAN_POINT('',(0.12315,0.026825,0.0004));
#18058=CARTESIAN_POINT('',(0.12315,0.028575,-0.0236));
#18059=CARTESIAN_POINT('',(0.1143,0.028575,-0.0236));
#18060=CARTESIAN_POINT('',(0.10306875,-0.0138,-0.0236));
#18061=CARTESIAN_POINT('',(0.10306875,-0.019275,-0.0246));
#18062=CARTESIAN_POINT('',(0.10306875,-0.019275,0.0004));
#18063=CARTESIAN_POINT('',(0.10306875,-0.011275,0.0004));
#18064=CARTESIAN_POINT('',(0.10306875,-0.016075,0.0004));
#18065=CARTESIAN_POINT('',(0.10306875,-0.016075,-0.0236));
#18066=CARTESIAN_POINT('',(0.10306875,-0.011525,-0.0236));
#18067=CARTESIAN_POINT('',(0.10256875,-0.016075,-0.0236));
#18068=CARTESIAN_POINT('',(0.10256875,-0.016075,0.0004));
#18069=CARTESIAN_POINT('',(0.10256875,-0.016575,0.0004));
#18070=CARTESIAN_POINT('',(0.10256875,-0.016575,-0.0236));
#18071=CARTESIAN_POINT('',(0.10199375,-0.016575,-0.0236));
#18072=CARTESIAN_POINT('',(0.10199375,-0.016575,0.0004));
#18073=CARTESIAN_POINT('',(0.10141875,-0.016575,0.0004));
#18074=CARTESIAN_POINT('',(0.10141875,-0.016575,-0.0236));
#18075=CARTESIAN_POINT('',(0.10141875,-0.017075,-0.0236));
#18076=CARTESIAN_POINT('',(0.10141875,-0.017075,0.0004));
#18077=CARTESIAN_POINT('',(0.10091875,-0.017075,0.0004));
#18078=CARTESIAN_POINT('',(0.10091875,-0.017075,-0.0236));
#18079=CARTESIAN_POINT('',(0.10091875,-0.017575,-0.0236));
#18080=CARTESIAN_POINT('',(0.10091875,-0.017575,0.0004));
#18081=CARTESIAN_POINT('',(0.10091875,-0.018075,0.0004));
#18082=CARTESIAN_POINT('',(0.10091875,-0.018075,-0.0236));
#18083=CARTESIAN_POINT('',(0.10041875,-0.018075,-0.0236));
#18084=CARTESIAN_POINT('',(0.10041875,-0.018075,0.0004));
#18085=CARTESIAN_POINT('',(0.10041875,-0.018575,0.0004));
#18086=CARTESIAN_POINT('',(0.10041875,-0.018575,-0.0236));
#18087=CARTESIAN_POINT('',(0.09991875,-0.018575,-0.0236));
#18088=CARTESIAN_POINT('',(0.09991875,-0.018575,0.0004));
#18089=CARTESIAN_POINT('',(0.09941875,-0.018575,0.0004));
#18090=CARTESIAN_POINT('',(0.09941875,-0.018575,-0.0236));
#18091=CARTESIAN_POINT('',(0.09941875,-0.018075,-0.0236));
#18092=CARTESIAN_POINT('',(0.09941875,-0.018075,0.0004));
#18093=CARTESIAN_POINT('',(0.09891875,-0.018075,0.0004));
#18094=CARTESIAN_POINT('',(0.09891875,-0.018075,-0.0236));
#18095=CARTESIAN_POINT('',(0.09891875,-0.017575,-0.0236));
#18096=CARTESIAN_POINT('',(0.09891875,-0.017575,0.0004));
#18097=CARTESIAN_POINT('',(0.09891875,-0.017075,0.0004));
#18098=CARTESIAN_POINT('',(0.09891875,-0.017075,-0.0236));
#18099=CARTESIAN_POINT('',(0.09841875,-0.017075,-0.0236));
#18100=CARTESIAN_POINT('',(0.09841875,-0.017075,0.0004));
#18101=CARTESIAN_POINT('',(0.09841875,-0.016575,0.0004));
#18102=CARTESIAN_POINT('',(0.09841875,-0.016575,-0.0236));
#18103=CARTESIAN_POINT('',(0.09784375,-0.016575,-0.0236));
#18104=CARTESIAN_POINT('',(0.09784375,-0.016575,0.0004));
#18105=CARTESIAN_POINT('',(0.09726875,-0.016575,0.0004));
#18106=CARTESIAN_POINT('',(0.09726875,-0.016575,-0.0236));
#18107=CARTESIAN_POINT('',(0.09726875,-0.016075,-0.0236));
#18108=CARTESIAN_POINT('',(0.09726875,-0.016075,0.0004));
#18109=CARTESIAN_POINT('',(0.09676875,-0.016075,0.0004));
#18110=CARTESIAN_POINT('',(0.09676875,-0.016075,-0.0236));
#18111=CARTESIAN_POINT('',(0.09676875,-0.010175,-0.0236));
#18112=CARTESIAN_POINT('',(0.09676875,-0.003275,-0.0246));
#18113=CARTESIAN_POINT('',(0.09676875,-0.003275,0.0004));
#18114=CARTESIAN_POINT('',(0.09676875,-0.011275,0.0004));
#18115=CARTESIAN_POINT('',(0.09676875,-0.004275,0.0004));
#18116=CARTESIAN_POINT('',(0.09676875,-0.004275,-0.0236));
#18117=CARTESIAN_POINT('',(0.09676875,-0.011275,0.0004));
#18118=CARTESIAN_POINT('',(0.09676875,-0.019275,0.0004));
#18119=CARTESIAN_POINT('',(0.09676875,-0.019275,-0.0246));
#18120=CARTESIAN_POINT('',(0.09726875,-0.004275,-0.0236));
#18121=CARTESIAN_POINT('',(0.09726875,-0.004275,0.0004));
#18122=CARTESIAN_POINT('',(0.09726875,-0.003775,0.0004));
#18123=CARTESIAN_POINT('',(0.09726875,-0.003775,-0.0236));
#18124=CARTESIAN_POINT('',(0.09991875,-0.003775,-0.0236));
#18125=CARTESIAN_POINT('',(0.09991875,-0.003775,0.0004));
#18126=CARTESIAN_POINT('',(0.10256875,-0.003775,0.0004));
#18127=CARTESIAN_POINT('',(0.10256875,-0.003775,-0.0236));
#18128=CARTESIAN_POINT('',(0.10256875,-0.004275,-0.0236));
#18129=CARTESIAN_POINT('',(0.10256875,-0.004275,0.0004));
#18130=CARTESIAN_POINT('',(0.10306875,-0.004275,0.0004));
#18131=CARTESIAN_POINT('',(0.10306875,-0.004275,-0.0236));
#18132=CARTESIAN_POINT('',(0.10306875,-0.0069,-0.0236));
#18133=CARTESIAN_POINT('',(0.10306875,-0.009525,-0.0236));
#18134=CARTESIAN_POINT('',(0.10306875,-0.011275,0.0004));
#18135=CARTESIAN_POINT('',(0.10306875,-0.003275,0.0004));
#18136=CARTESIAN_POINT('',(0.10306875,-0.003275,-0.0246));
#18137=CARTESIAN_POINT('',(0.11191875,-0.009525,-0.0236));
#18138=CARTESIAN_POINT('',(0.11191875,-0.011525,-0.0236));
#18139=CARTESIAN_POINT('',(0.11191875,-0.011525,-0.0236));
#18140=CARTESIAN_POINT('',(0.12076875,-0.011525,-0.0236));
#18141=CARTESIAN_POINT('',(0.12076875,-0.0138,-0.0236));
#18142=CARTESIAN_POINT('',(0.12076875,-0.016075,-0.0236));
#18143=CARTESIAN_POINT('',(0.12076875,-0.016075,0.0004));
#18144=CARTESIAN_POINT('',(0.12076875,-0.011275,0.0004));
#18145=CARTESIAN_POINT('',(0.12076875,-0.019275,0.0004));
#18146=CARTESIAN_POINT('',(0.12076875,-0.019275,-0.0246));
#18147=CARTESIAN_POINT('',(0.12126875,-0.016075,-0.0236));
#18148=CARTESIAN_POINT('',(0.12126875,-0.016075,0.0004));
#18149=CARTESIAN_POINT('',(0.12126875,-0.016575,0.0004));
#18150=CARTESIAN_POINT('',(0.12126875,-0.016575,-0.0236));
#18151=CARTESIAN_POINT('',(0.12184375,-0.016575,-0.0236));
#18152=CARTESIAN_POINT('',(0.12184375,-0.016575,0.0004));
#18153=CARTESIAN_POINT('',(0.12241875,-0.016575,0.0004));
#18154=CARTESIAN_POINT('',(0.12241875,-0.016575,-0.0236));
#18155=CARTESIAN_POINT('',(0.12241875,-0.017075,-0.0236));
#18156=CARTESIAN_POINT('',(0.12291875,-0.017075,-0.0236));
#18157=CARTESIAN_POINT('',(0.12291875,-0.017075,0.0004));
#18158=CARTESIAN_POINT('',(0.12241875,-0.017075,0.0004));
#18159=CARTESIAN_POINT('',(0.12291875,-0.017575,-0.0236));
#18160=CARTESIAN_POINT('',(0.12291875,-0.018075,-0.0236));
#18161=CARTESIAN_POINT('',(0.12291875,-0.018075,0.0004));
#18162=CARTESIAN_POINT('',(0.12291875,-0.017575,0.0004));
#18163=CARTESIAN_POINT('',(0.12341875,-0.018075,-0.0236));
#18164=CARTESIAN_POINT('',(0.12341875,-0.018075,0.0004));
#18165=CARTESIAN_POINT('',(0.12341875,-0.018575,0.0004));
#18166=CARTESIAN_POINT('',(0.12341875,-0.018575,-0.0236));
#18167=CARTESIAN_POINT('',(0.12391875,-0.018575,-0.0236));
#18168=CARTESIAN_POINT('',(0.12391875,-0.018575,0.0004));
#18169=CARTESIAN_POINT('',(0.12441875,-0.018575,0.0004));
#18170=CARTESIAN_POINT('',(0.12441875,-0.018575,-0.0236));
#18171=CARTESIAN_POINT('',(0.12441875,-0.018075,-0.0236));
#18172=CARTESIAN_POINT('',(0.12441875,-0.018075,0.0004));
#18173=CARTESIAN_POINT('',(0.12491875,-0.018075,0.0004));
#18174=CARTESIAN_POINT('',(0.12491875,-0.018075,-0.0236));
#18175=CARTESIAN_POINT('',(0.12491875,-0.017575,-0.0236));
#18176=CARTESIAN_POINT('',(0.12491875,-0.017575,0.0004));
#18177=CARTESIAN_POINT('',(0.12491875,-0.017075,0.0004));
#18178=CARTESIAN_POINT('',(0.12491875,-0.017075,-0.0236));
#18179=CARTESIAN_POINT('',(0.12541875,-0.017075,-0.0236));
#18180=CARTESIAN_POINT('',(0.12541875,-0.016575,-0.0236));
#18181=CARTESIAN_POINT('',(0.12541875,-0.016575,0.0004));
#18182=CARTESIAN_POINT('',(0.12541875,-0.017075,0.0004));
#18183=CARTESIAN_POINT('',(0.12599375,-0.016575,-0.0236));
#18184=CARTESIAN_POINT('',(0.12599375,-0.016575,0.0004));
#18185=CARTESIAN_POINT('',(0.12656875,-0.016575,0.0004));
#18186=CARTESIAN_POINT('',(0.12656875,-0.016575,-0.0236));
#18187=CARTESIAN_POINT('',(0.12656875,-0.016075,-0.0236));
#18188=CARTESIAN_POINT('',(0.12656875,-0.016075,0.0004));
#18189=CARTESIAN_POINT('',(0.12706875,-0.016075,0.0004));
#18190=CARTESIAN_POINT('',(0.12706875,-0.016075,-0.0236));
#18191=CARTESIAN_POINT('',(0.12706875,-0.010175,-0.0236));
#18192=CARTESIAN_POINT('',(0.12706875,-0.019275,-0.0246));
#18193=CARTESIAN_POINT('',(0.12706875,-0.019275,0.0004));
#18194=CARTESIAN_POINT('',(0.12706875,-0.011275,0.0004));
#18195=CARTESIAN_POINT('',(0.12706875,-0.004275,-0.0236));
#18196=CARTESIAN_POINT('',(0.12706875,-0.004275,0.0004));
#18197=CARTESIAN_POINT('',(0.12706875,-0.011275,0.0004));
#18198=CARTESIAN_POINT('',(0.12706875,-0.003275,0.0004));
#18199=CARTESIAN_POINT('',(0.12706875,-0.003275,-0.0246));
#18200=CARTESIAN_POINT('',(0.12656875,-0.004275,-0.0236));
#18201=CARTESIAN_POINT('',(0.12656875,-0.004275,0.0004));
#18202=CARTESIAN_POINT('',(0.12656875,-0.003775,0.0004));
#18203=CARTESIAN_POINT('',(0.12656875,-0.003775,-0.0236));
#18204=CARTESIAN_POINT('',(0.12391875,-0.003775,-0.0236));
#18205=CARTESIAN_POINT('',(0.12126875,-0.003775,-0.0236));
#18206=CARTESIAN_POINT('',(0.12126875,-0.003775,0.0004));
#18207=CARTESIAN_POINT('',(0.12391875,-0.003775,0.0004));
#18208=CARTESIAN_POINT('',(0.12126875,-0.004275,-0.0236));
#18209=CARTESIAN_POINT('',(0.12126875,-0.004275,0.0004));
#18210=CARTESIAN_POINT('',(0.12076875,-0.004275,0.0004));
#18211=CARTESIAN_POINT('',(0.12076875,-0.004275,-0.0236));
#18212=CARTESIAN_POINT('',(0.12076875,-0.0069,-0.0236));
#18213=CARTESIAN_POINT('',(0.12076875,-0.003275,-0.0246));
#18214=CARTESIAN_POINT('',(0.12076875,-0.003275,0.0004));
#18215=CARTESIAN_POINT('',(0.12076875,-0.011275,0.0004));
#18216=CARTESIAN_POINT('',(0.12076875,-0.009525,-0.0236));
#18217=CARTESIAN_POINT('',(0.11191875,-0.009525,-0.0236));
#18218=CARTESIAN_POINT('',(0.02541875,-0.0519,-0.0236));
#18219=CARTESIAN_POINT('',(0.02541875,-0.054175,-0.0236));
#18220=CARTESIAN_POINT('',(0.02541875,-0.054175,0.0004));
#18221=CARTESIAN_POINT('',(0.02541875,-0.049375,0.0004));
#18222=CARTESIAN_POINT('',(0.02541875,-0.05715,0.0004));
#18223=CARTESIAN_POINT('',(0.02541875,-0.05715,0.0014));
#18224=CARTESIAN_POINT('',(0.02591875,-0.054175,-0.0236));
#18225=CARTESIAN_POINT('',(0.02591875,-0.054175,0.0004));
#18226=CARTESIAN_POINT('',(0.02591875,-0.054675,0.0004));
#18227=CARTESIAN_POINT('',(0.02591875,-0.054675,-0.0236));
#18228=CARTESIAN_POINT('',(0.02649375,-0.054675,-0.0236));
#18229=CARTESIAN_POINT('',(0.02649375,-0.054675,0.0004));
#18230=CARTESIAN_POINT('',(0.02706875,-0.054675,0.0004));
#18231=CARTESIAN_POINT('',(0.02706875,-0.054675,-0.0236));
#18232=CARTESIAN_POINT('',(0.02706875,-0.055175,-0.0236));
#18233=CARTESIAN_POINT('',(0.02756875,-0.055175,-0.0236));
#18234=CARTESIAN_POINT('',(0.02756875,-0.055175,0.0004));
#18235=CARTESIAN_POINT('',(0.02706875,-0.055175,0.0004));
#18236=CARTESIAN_POINT('',(0.02756875,-0.055675,-0.0236));
#18237=CARTESIAN_POINT('',(0.02756875,-0.056175,-0.0236));
#18238=CARTESIAN_POINT('',(0.02756875,-0.056175,0.0004));
#18239=CARTESIAN_POINT('',(0.02756875,-0.055675,0.0004));
#18240=CARTESIAN_POINT('',(0.02806875,-0.056175,-0.0236));
#18241=CARTESIAN_POINT('',(0.02806875,-0.056175,0.0004));
#18242=CARTESIAN_POINT('',(0.02806875,-0.056675,0.0004));
#18243=CARTESIAN_POINT('',(0.02806875,-0.056675,-0.0236));
#18244=CARTESIAN_POINT('',(0.02856875,-0.056675,-0.0236));
#18245=CARTESIAN_POINT('',(0.02856875,-0.056675,0.0004));
#18246=CARTESIAN_POINT('',(0.02906875,-0.056675,0.0004));
#18247=CARTESIAN_POINT('',(0.02906875,-0.056675,-0.0236));
#18248=CARTESIAN_POINT('',(0.02906875,-0.056175,-0.0236));
#18249=CARTESIAN_POINT('',(0.02906875,-0.056175,0.0004));
#18250=CARTESIAN_POINT('',(0.02956875,-0.056175,0.0004));
#18251=CARTESIAN_POINT('',(0.02956875,-0.056175,-0.0236));
#18252=CARTESIAN_POINT('',(0.02956875,-0.055675,-0.0236));
#18253=CARTESIAN_POINT('',(0.02956875,-0.055675,0.0004));
#18254=CARTESIAN_POINT('',(0.02956875,-0.055175,0.0004));
#18255=CARTESIAN_POINT('',(0.02956875,-0.055175,-0.0236));
#18256=CARTESIAN_POINT('',(0.03006875,-0.055175,-0.0236));
#18257=CARTESIAN_POINT('',(0.03006875,-0.054675,-0.0236));
#18258=CARTESIAN_POINT('',(0.03006875,-0.054675,0.0004));
#18259=CARTESIAN_POINT('',(0.03006875,-0.055175,0.0004));
#18260=CARTESIAN_POINT('',(0.03064375,-0.054675,-0.0236));
#18261=CARTESIAN_POINT('',(0.03064375,-0.054675,0.0004));
#18262=CARTESIAN_POINT('',(0.03121875,-0.054675,0.0004));
#18263=CARTESIAN_POINT('',(0.03121875,-0.054675,-0.0236));
#18264=CARTESIAN_POINT('',(0.03121875,-0.054175,-0.0236));
#18265=CARTESIAN_POINT('',(0.03121875,-0.054175,0.0004));
#18266=CARTESIAN_POINT('',(0.03171875,-0.054175,0.0004));
#18267=CARTESIAN_POINT('',(0.03171875,-0.054175,-0.0236));
#18268=CARTESIAN_POINT('',(0.03171875,-0.048275,-0.0236));
#18269=CARTESIAN_POINT('',(0.03171875,-0.05715,0.0014));
#18270=CARTESIAN_POINT('',(0.03171875,-0.05715,0.0004));
#18271=CARTESIAN_POINT('',(0.03171875,-0.049375,0.0004));
#18272=CARTESIAN_POINT('',(0.03171875,-0.042375,-0.0236));
#18273=CARTESIAN_POINT('',(0.03171875,-0.042375,0.0004));
#18274=CARTESIAN_POINT('',(0.03171875,-0.049375,0.0004));
#18275=CARTESIAN_POINT('',(0.03171875,-0.041375,0.0004));
#18276=CARTESIAN_POINT('',(0.03171875,-0.041375,-0.0246));
#18277=CARTESIAN_POINT('',(0.03121875,-0.042375,-0.0236));
#18278=CARTESIAN_POINT('',(0.03121875,-0.042375,0.0004));
#18279=CARTESIAN_POINT('',(0.03121875,-0.041875,0.0004));
#18280=CARTESIAN_POINT('',(0.03121875,-0.041875,-0.0236));
#18281=CARTESIAN_POINT('',(0.02856875,-0.041875,-0.0236));
#18282=CARTESIAN_POINT('',(0.02591875,-0.041875,-0.0236));
#18283=CARTESIAN_POINT('',(0.02591875,-0.041875,0.0004));
#18284=CARTESIAN_POINT('',(0.02856875,-0.041875,0.0004));
#18285=CARTESIAN_POINT('',(0.02591875,-0.042375,-0.0236));
#18286=CARTESIAN_POINT('',(0.02591875,-0.042375,0.0004));
#18287=CARTESIAN_POINT('',(0.02541875,-0.042375,0.0004));
#18288=CARTESIAN_POINT('',(0.02541875,-0.042375,-0.0236));
#18289=CARTESIAN_POINT('',(0.02541875,-0.045,-0.0236));
#18290=CARTESIAN_POINT('',(0.02541875,-0.041375,-0.0246));
#18291=CARTESIAN_POINT('',(0.02541875,-0.041375,0.0004));
#18292=CARTESIAN_POINT('',(0.02541875,-0.049375,0.0004));
#18293=CARTESIAN_POINT('',(-0.008334375,-0.0112,0.0004));
#18294=CARTESIAN_POINT('',(0.02591875,-0.041375,0.0004));
#18295=CARTESIAN_POINT('',(0.02591875,-0.040875,0.0004));
#18296=CARTESIAN_POINT('',(0.02856875,-0.040875,0.0004));
#18297=CARTESIAN_POINT('',(0.03121875,-0.040875,0.0004));
#18298=CARTESIAN_POINT('',(0.03121875,-0.041375,0.0004));
#18299=CARTESIAN_POINT('',(0.02591875,-0.041375,-0.0246));
#18300=CARTESIAN_POINT('',(0.02591875,-0.040875,-0.0246));
#18301=CARTESIAN_POINT('',(0.02856875,-0.040875,-0.0246));
#18302=CARTESIAN_POINT('',(0.03121875,-0.040875,-0.0246));
#18303=CARTESIAN_POINT('',(0.03121875,-0.041375,-0.0246));
#18304=CARTESIAN_POINT('',(-0.008334375,-0.0112,0.0004));
#18305=CARTESIAN_POINT('',(0.,-0.05715,0.0004));
#18306=CARTESIAN_POINT('',(-0.008334375,-0.0112,0.0004));
#18307=CARTESIAN_POINT('',(0.12126875,-0.00327499999999996,0.0004));
#18308=CARTESIAN_POINT('',(0.12126875,-0.002775,0.0004));
#18309=CARTESIAN_POINT('',(0.12391875,-0.002775,0.0004));
#18310=CARTESIAN_POINT('',(0.12656875,-0.002775,0.0004));
#18311=CARTESIAN_POINT('',(0.12656875,-0.003275,0.0004));
#18312=CARTESIAN_POINT('',(0.12126875,-0.00327499999999996,-0.0246));
#18313=CARTESIAN_POINT('',(0.12126875,-0.002775,-0.0246));
#18314=CARTESIAN_POINT('',(0.12391875,-0.002775,-0.0246));
#18315=CARTESIAN_POINT('',(0.12656875,-0.002775,-0.0246));
#18316=CARTESIAN_POINT('',(0.12656875,-0.003275,-0.0246));
#18317=CARTESIAN_POINT('',(0.12656875,-0.019275,-0.0246));
#18318=CARTESIAN_POINT('',(0.12656875,-0.019775,-0.0246));
#18319=CARTESIAN_POINT('',(0.12656875,-0.019775,0.0004));
#18320=CARTESIAN_POINT('',(0.12656875,-0.019275,0.0004));
#18321=CARTESIAN_POINT('',(0.12126875,-0.019275,-0.0246));
#18322=CARTESIAN_POINT('',(0.12126875,-0.019275,0.0004));
#18323=CARTESIAN_POINT('',(0.12126875,-0.019775,0.0004));
#18324=CARTESIAN_POINT('',(0.12126875,-0.019775,-0.0246));
#18325=CARTESIAN_POINT('',(0.12391875,-0.019775,-0.0246));
#18326=CARTESIAN_POINT('',(0.12391875,-0.019775,0.0004));
#18327=CARTESIAN_POINT('',(-0.008334375,-0.0112,0.0004));
#18328=CARTESIAN_POINT('',(-0.008334375,-0.0112,0.0004));
#18329=CARTESIAN_POINT('',(0.09726875,-0.00327499999999996,0.0004));
#18330=CARTESIAN_POINT('',(0.09726875,-0.002775,0.0004));
#18331=CARTESIAN_POINT('',(0.09991875,-0.002775,0.0004));
#18332=CARTESIAN_POINT('',(0.10256875,-0.002775,0.0004));
#18333=CARTESIAN_POINT('',(0.10256875,-0.003275,0.0004));
#18334=CARTESIAN_POINT('',(0.09726875,-0.00327499999999996,-0.0246));
#18335=CARTESIAN_POINT('',(0.09726875,-0.002775,-0.0246));
#18336=CARTESIAN_POINT('',(0.09991875,-0.002775,-0.0246));
#18337=CARTESIAN_POINT('',(0.10256875,-0.002775,-0.0246));
#18338=CARTESIAN_POINT('',(0.10256875,-0.003275,-0.0246));
#18339=CARTESIAN_POINT('',(0.09991875,-0.019775,-0.0246));
#18340=CARTESIAN_POINT('',(0.09726875,-0.019775,-0.0246));
#18341=CARTESIAN_POINT('',(0.09726875,-0.019775,0.0004));
#18342=CARTESIAN_POINT('',(0.09991875,-0.019775,0.0004));
#18343=CARTESIAN_POINT('',(0.10256875,-0.019775,0.0004));
#18344=CARTESIAN_POINT('',(0.10256875,-0.019775,-0.0246));
#18345=CARTESIAN_POINT('',(0.10256875,-0.019275,-0.0246));
#18346=CARTESIAN_POINT('',(0.10256875,-0.019275,0.0004));
#18347=CARTESIAN_POINT('',(0.09726875,-0.019275,-0.0246));
#18348=CARTESIAN_POINT('',(0.09726875,-0.019275,0.0004));
#18349=CARTESIAN_POINT('',(-0.008334375,-0.0112,0.0004));
#18350=CARTESIAN_POINT('',(-0.008334375,-0.0112,0.0004));
#18351=CARTESIAN_POINT('',(0.12365,0.034825,0.0004));
#18352=CARTESIAN_POINT('',(0.12365,0.035325,0.0004));
#18353=CARTESIAN_POINT('',(0.1263,0.035325,0.0004));
#18354=CARTESIAN_POINT('',(0.12895,0.035325,0.0004));
#18355=CARTESIAN_POINT('',(0.12895,0.034825,0.0004));
#18356=CARTESIAN_POINT('',(0.12365,0.034825,-0.0246));
#18357=CARTESIAN_POINT('',(0.12365,0.035325,-0.0246));
#18358=CARTESIAN_POINT('',(0.1263,0.035325,-0.0246));
#18359=CARTESIAN_POINT('',(0.12895,0.035325,-0.0246));
#18360=CARTESIAN_POINT('',(0.12895,0.034825,-0.0246));
#18361=CARTESIAN_POINT('',(0.12895,0.018825,-0.0246));
#18362=CARTESIAN_POINT('',(0.12895,0.018325,-0.0246));
#18363=CARTESIAN_POINT('',(0.12895,0.018325,0.0004));
#18364=CARTESIAN_POINT('',(0.12895,0.018825,0.0004));
#18365=CARTESIAN_POINT('',(0.12365,0.018825,-0.0246));
#18366=CARTESIAN_POINT('',(0.12365,0.018825,0.0004));
#18367=CARTESIAN_POINT('',(0.12365,0.018325,0.0004));
#18368=CARTESIAN_POINT('',(0.12365,0.018325,-0.0246));
#18369=CARTESIAN_POINT('',(0.1263,0.018325,-0.0246));
#18370=CARTESIAN_POINT('',(0.1263,0.018325,0.0004));
#18371=CARTESIAN_POINT('',(-0.008334375,-0.0112,0.0004));
#18372=CARTESIAN_POINT('',(-0.008334375,-0.0112,0.0004));
#18373=CARTESIAN_POINT('',(0.09965,0.034825,0.0004));
#18374=CARTESIAN_POINT('',(0.09965,0.035325,0.0004));
#18375=CARTESIAN_POINT('',(0.1023,0.035325,0.0004));
#18376=CARTESIAN_POINT('',(0.10495,0.035325,0.0004));
#18377=CARTESIAN_POINT('',(0.10495,0.034825,0.0004));
#18378=CARTESIAN_POINT('',(0.09965,0.034825,-0.0246));
#18379=CARTESIAN_POINT('',(0.09965,0.035325,-0.0246));
#18380=CARTESIAN_POINT('',(0.1023,0.035325,-0.0246));
#18381=CARTESIAN_POINT('',(0.10495,0.035325,-0.0246));
#18382=CARTESIAN_POINT('',(0.10495,0.034825,-0.0246));
#18383=CARTESIAN_POINT('',(0.1023,0.018325,-0.0246));
#18384=CARTESIAN_POINT('',(0.09965,0.018325,-0.0246));
#18385=CARTESIAN_POINT('',(0.09965,0.018325,0.0004));
#18386=CARTESIAN_POINT('',(0.1023,0.018325,0.0004));
#18387=CARTESIAN_POINT('',(0.10495,0.018325,0.0004));
#18388=CARTESIAN_POINT('',(0.10495,0.018325,-0.0246));
#18389=CARTESIAN_POINT('',(0.10495,0.018825,-0.0246));
#18390=CARTESIAN_POINT('',(0.10495,0.018825,0.0004));
#18391=CARTESIAN_POINT('',(0.09965,0.018825,-0.0246));
#18392=CARTESIAN_POINT('',(0.09965,0.018825,0.0004));
#18393=CARTESIAN_POINT('',(-0.008334375,-0.0112,0.0004));
#18394=CARTESIAN_POINT('',(0.1484,-0.05315,0.0014));
#18395=CARTESIAN_POINT('',(0.04,-0.05715,-2.00000000000005E-6));
#18396=CARTESIAN_POINT('',(0.022,-0.06115,-2.00000000000005E-6));
#18397=CARTESIAN_POINT('',(0.022,-0.06315,-2.00000000000005E-6));
#18398=CARTESIAN_POINT('',(0.02,-0.06115,-2.00000000000005E-6));
#18399=CARTESIAN_POINT('',(0.02,-0.06015,-2.00000000000005E-6));
#18400=CARTESIAN_POINT('',(0.02,-0.05915,-2.00000000000005E-6));
#18401=CARTESIAN_POINT('',(0.018,-0.05915,-2.00000000000005E-6));
#18402=CARTESIAN_POINT('',(0.062,-0.05915,-2.00000000000005E-6));
#18403=CARTESIAN_POINT('',(0.06,-0.05915,-2.00000000000005E-6));
#18404=CARTESIAN_POINT('',(0.06,-0.06015,-2.00000000000005E-6));
#18405=CARTESIAN_POINT('',(0.06,-0.06115,-2.00000000000005E-6));
#18406=CARTESIAN_POINT('',(0.058,-0.06115,-2.00000000000005E-6));
#18407=CARTESIAN_POINT('',(0.058,-0.06315,-2.00000000000005E-6));
#18408=CARTESIAN_POINT('',(0.04,-0.06315,-2.00000000000005E-6));
#18409=CARTESIAN_POINT('',(0.102,-0.06115,-2.00000000000005E-6));
#18410=CARTESIAN_POINT('',(0.102,-0.06315,-2.00000000000005E-6));
#18411=CARTESIAN_POINT('',(0.1,-0.06115,-2.00000000000005E-6));
#18412=CARTESIAN_POINT('',(0.1,-0.06015,-2.00000000000005E-6));
#18413=CARTESIAN_POINT('',(0.1,-0.05915,-2.00000000000005E-6));
#18414=CARTESIAN_POINT('',(0.098,-0.05915,-2.00000000000005E-6));
#18415=CARTESIAN_POINT('',(0.142,-0.05915,-2.00000000000005E-6));
#18416=CARTESIAN_POINT('',(0.14,-0.05915,-2.00000000000005E-6));
#18417=CARTESIAN_POINT('',(0.14,-0.06015,-2.00000000000005E-6));
#18418=CARTESIAN_POINT('',(0.14,-0.06115,-2.00000000000005E-6));
#18419=CARTESIAN_POINT('',(0.138,-0.06115,-2.00000000000005E-6));
#18420=CARTESIAN_POINT('',(0.138,-0.06315,-2.00000000000005E-6));
#18421=CARTESIAN_POINT('',(0.12,-0.06315,-2.00000000000005E-6));
#18422=CARTESIAN_POINT('',(0.138,0.0659125,-2.00000000000005E-6));
#18423=CARTESIAN_POINT('',(0.138,0.0679125,-2.00000000000005E-6));
#18424=CARTESIAN_POINT('',(0.14,0.0659125,-2.00000000000005E-6));
#18425=CARTESIAN_POINT('',(0.14,0.0649125,-2.00000000000005E-6));
#18426=CARTESIAN_POINT('',(0.14,0.0639125,-2.00000000000005E-6));
#18427=CARTESIAN_POINT('',(0.142,0.0639125,-2.00000000000005E-6));
#18428=CARTESIAN_POINT('',(0.098,0.0639125,-2.00000000000005E-6));
#18429=CARTESIAN_POINT('',(0.1,0.0639125,-2.00000000000005E-6));
#18430=CARTESIAN_POINT('',(0.1,0.0649125,-2.00000000000005E-6));
#18431=CARTESIAN_POINT('',(0.1,0.0659125,-2.00000000000005E-6));
#18432=CARTESIAN_POINT('',(0.102,0.0659125,-2.00000000000005E-6));
#18433=CARTESIAN_POINT('',(0.102,0.0679125,-2.00000000000005E-6));
#18434=CARTESIAN_POINT('',(0.12,0.0679125,-2.00000000000005E-6));
#18435=CARTESIAN_POINT('',(0.06,0.0649125,-2.00000000000005E-6));
#18436=CARTESIAN_POINT('',(0.06,0.0659125,-2.00000000000005E-6));
#18437=CARTESIAN_POINT('',(0.06,0.0639125,-2.00000000000005E-6));
#18438=CARTESIAN_POINT('',(0.062,0.0639125,-2.00000000000005E-6));
#18439=CARTESIAN_POINT('',(0.018,0.0639125,-2.00000000000005E-6));
#18440=CARTESIAN_POINT('',(0.02,0.0639125,-2.00000000000005E-6));
#18441=CARTESIAN_POINT('',(0.02,0.0649125,-2.00000000000005E-6));
#18442=CARTESIAN_POINT('',(0.02,0.0659125,-2.00000000000005E-6));
#18443=CARTESIAN_POINT('',(0.022,0.0659125,-2.00000000000005E-6));
#18444=CARTESIAN_POINT('',(0.022,0.0679125,-2.00000000000005E-6));
#18445=CARTESIAN_POINT('',(0.04,0.0679125,-2.00000000000005E-6));
#18446=CARTESIAN_POINT('',(0.058,0.0679125,-2.00000000000005E-6));
#18447=CARTESIAN_POINT('',(0.058,0.0659125,-2.00000000000005E-6));
#18448=CARTESIAN_POINT('',(-0.007525,0.04048125,0.0014));
#18449=CARTESIAN_POINT('',(-0.002,0.04048125,-0.0111));
#18450=CARTESIAN_POINT('',(-0.007525,0.04048125,-0.0111));
#18451=CARTESIAN_POINT('',(0.,0.03848125,0.0014));
#18452=CARTESIAN_POINT('',(-1.53080849893419E-18,0.02105,-0.0111));
#18453=CARTESIAN_POINT('',(-1.53080849893419E-18,0.03848125,-0.0111));
#18454=CARTESIAN_POINT('',(-0.002,0.01905,0.0014));
#18455=CARTESIAN_POINT('',(-0.007525,0.01905,-0.0111));
#18456=CARTESIAN_POINT('',(-0.002,0.01905,-0.0111));
#18457=CARTESIAN_POINT('',(-0.009525,0.01705,0.0014));
#18458=CARTESIAN_POINT('',(-0.009525,0.002,-0.0111));
#18459=CARTESIAN_POINT('',(-0.009525,0.01705,-0.0111));
#18460=CARTESIAN_POINT('',(-0.007525,0.,0.0014));
#18461=CARTESIAN_POINT('',(-0.0067625,-1.53080849893419E-18,-0.0111));
#18462=CARTESIAN_POINT('',(-0.007525,-1.09712762993999E-18,-0.0111));
#18463=CARTESIAN_POINT('',(-0.0047625,-0.002,0.0014));
#18464=CARTESIAN_POINT('',(-0.0047625,-0.01705,-0.0111));
#18465=CARTESIAN_POINT('',(-0.0047625,-0.002,-0.0111));
#18466=CARTESIAN_POINT('',(-0.0027625,-0.01905,0.0014));
#18467=CARTESIAN_POINT('',(0.0027625,-0.01905,-0.0111));
#18468=CARTESIAN_POINT('',(-0.0027625,-0.01905,-0.0111));
#18469=CARTESIAN_POINT('',(0.0047625,-0.02105,0.0014));
#18470=CARTESIAN_POINT('',(0.0047625,-0.02105,-0.0111));
#18471=CARTESIAN_POINT('',(0.00276344091002053,-0.0210502888748669,-0.0036));
#18472=CARTESIAN_POINT('',(-0.0027622111251332,-0.0170509409100206,-0.0036));
#18473=CARTESIAN_POINT('',(-0.00676155908997947,-0.00200028887486691,-0.0036));
#18474=CARTESIAN_POINT('',(-0.00752471112513309,0.00199905908997944,-0.0036));
#18475=CARTESIAN_POINT('',(-0.00752594091002052,0.017049711125133,-0.0036));
#18476=CARTESIAN_POINT('',(-0.00200028887486691,0.0210490590899794,-0.0036));
#18477=CARTESIAN_POINT('',(-0.00199905908997961,0.0384809611251328,-0.0036));
#18478=CARTESIAN_POINT('',(-0.00752471112513316,0.0424803090899794,-0.0036));
#18479=CARTESIAN_POINT('',(-0.009525,0.04248125,-0.0111));
#18480=CARTESIAN_POINT('',(-0.009525,0.0619125,0.0014));
#18481=CARTESIAN_POINT('',(-0.009525,0.0579125,0.));
#18482=CARTESIAN_POINT('',(0.0047625,-0.02105,0.0014));
#18483=CARTESIAN_POINT('',(0.0047625,-0.05315,0.0014));
#18484=CARTESIAN_POINT('',(-0.005525,0.0579125,0.0014));
#18485=CARTESIAN_POINT('',(0.0087625,-0.05315,0.0014));
#18486=MECHANICAL_DESIGN_GEOMETRIC_PRESENTATION_REPRESENTATION('',(#10975),
#18487);
#18487=(
GEOMETRIC_REPRESENTATION_CONTEXT(3)
GLOBAL_UNCERTAINTY_ASSIGNED_CONTEXT((#18488))
GLOBAL_UNIT_ASSIGNED_CONTEXT((#18491,#18490,#18489))
REPRESENTATION_CONTEXT('Plate-R','TOP_LEVEL_ASSEMBLY_PART')
);
#18488=UNCERTAINTY_MEASURE_WITH_UNIT(LENGTH_MEASURE(2.12E-5),#18491,
'DISTANCE_ACCURACY_VALUE','Maximum Tolerance applied to model');
#18489=(
NAMED_UNIT(*)
SI_UNIT($,.STERADIAN.)
SOLID_ANGLE_UNIT()
);
#18490=(
NAMED_UNIT(*)
PLANE_ANGLE_UNIT()
SI_UNIT($,.RADIAN.)
);
#18491=(
LENGTH_UNIT()
NAMED_UNIT(*)
SI_UNIT($,.METRE.)
);
#18492=PRODUCT_DEFINITION_SHAPE('','',#18493);
#18493=PRODUCT_DEFINITION('','',#18495,#18494);
#18494=PRODUCT_DEFINITION_CONTEXT('',#18501,'design');
#18495=PRODUCT_DEFINITION_FORMATION_WITH_SPECIFIED_SOURCE('','',#18497,
 .NOT_KNOWN.);
#18496=PRODUCT_RELATED_PRODUCT_CATEGORY('','',(#18497));
#18497=PRODUCT('Plate-R','Plate-R','Plate-R',(#18499));
#18498=PRODUCT_CATEGORY('','');
#18499=PRODUCT_CONTEXT('',#18501,'mechanical');
#18500=APPLICATION_PROTOCOL_DEFINITION('international standard',
'ap242_managed_model_based_3d_engineering',2020,#18501);
#18501=APPLICATION_CONTEXT('managed model based 3d engineering');
ENDSEC;
END-ISO-10303-21;
